<?xml version='1.0' encoding='UTF-8'?>
<PublicationDelivery xmlns="http://www.netex.org.uk/netex" xmlns:gis="http://www.opengis.net/gml/3.2" xmlns:siri="http://www.siri.org.uk/siri" version="1.1:FR-NETEX_COMMUN-2.2">
  <PublicationTimestamp>2025-09-01T19:06:08Z</PublicationTimestamp>
  <ParticipantRef>CA_BASSIN_DE_BRIVE</ParticipantRef>
  <dataObjects>
    <GeneralFrame version="any" id="CA_BASSIN_DE_BRIVE:GeneralFrame:NETEX_COMMUN-20250901190608Z:LOC">
      <TypeOfFrameRef ref="FR:TypeOfFrame:NETEX_COMMUN:">version="1.1:FR-NETEX_COMMUN-2.2"</TypeOfFrameRef>
      <members>
        <Network version="any" id="CA_BASSIN_DE_BRIVE:Network:1:LOC">
          <Name>Libeo (Brive)</Name>
          <members>
            <LineRef ref="CA_BASSIN_DE_BRIVE:Line:1:LOC"/>
            <LineRef ref="CA_BASSIN_DE_BRIVE:Line:10:LOC"/>
            <LineRef ref="CA_BASSIN_DE_BRIVE:Line:11:LOC"/>
            <LineRef ref="CA_BASSIN_DE_BRIVE:Line:2:LOC"/>
            <LineRef ref="CA_BASSIN_DE_BRIVE:Line:3:LOC"/>
            <LineRef ref="CA_BASSIN_DE_BRIVE:Line:4:LOC"/>
            <LineRef ref="CA_BASSIN_DE_BRIVE:Line:5:LOC"/>
            <LineRef ref="CA_BASSIN_DE_BRIVE:Line:6:LOC"/>
            <LineRef ref="CA_BASSIN_DE_BRIVE:Line:7:LOC"/>
            <LineRef ref="CA_BASSIN_DE_BRIVE:Line:8:LOC"/>
            <LineRef ref="CA_BASSIN_DE_BRIVE:Line:9:LOC"/>
            <LineRef ref="CA_BASSIN_DE_BRIVE:Line:LA_GA:LOC"/>
          </members>
          <AuthorityRef ref="CA_BASSIN_DE_BRIVE:Authority:1:LOC" version="any"/>
        </Network>
        <Line version="any" id="CA_BASSIN_DE_BRIVE:Line:5:LOC">
          <keyList>
            <KeyValue>
              <Key>route_sort_order</Key>
              <Value>9</Value>
            </KeyValue>
          </keyList>
          <Name>P.E. BRIVE LAROCHE - PLACE DU 14 JUILLET</Name>
          <ShortName>P.E. BRIVE LAROCHE - PLACE DU 14 JUILLET</ShortName>
          <TransportMode>bus</TransportMode>
          <PublicCode>5</PublicCode>
          <PrivateCode>5</PrivateCode>
          <OperatorRef ref="CA_BASSIN_DE_BRIVE:Operator:1o:LOC" version="any"/>
          <Presentation>
            <Colour>943A8E</Colour>
            <TextColour>FFFFFF</TextColour>
          </Presentation>
          <AccessibilityAssessment version="any" id="CA_BASSIN_DE_BRIVE:AccessibilityAssessment:line_5:LOC">
            <MobilityImpairedAccess>false</MobilityImpairedAccess>
            <limitations>
              <AccessibilityLimitation version="any" id="CA_BASSIN_DE_BRIVE:AccessibilityLimitation:line_5:LOC">
                <WheelchairAccess>false</WheelchairAccess>
              </AccessibilityLimitation>
            </limitations>
          </AccessibilityAssessment>
        </Line>
        <Line version="any" id="CA_BASSIN_DE_BRIVE:Line:4:LOC">
          <keyList>
            <KeyValue>
              <Key>route_sort_order</Key>
              <Value>2</Value>
            </KeyValue>
          </keyList>
          <Name>BEYLIES HAUTES - CENTRE COMMERCIAL OUEST</Name>
          <ShortName>BEYLIES HAUTES - CENTRE COMMERCIAL OUEST</ShortName>
          <TransportMode>bus</TransportMode>
          <PublicCode>4</PublicCode>
          <PrivateCode>4</PrivateCode>
          <OperatorRef ref="CA_BASSIN_DE_BRIVE:Operator:1o:LOC" version="any"/>
          <Presentation>
            <Colour>F39200</Colour>
            <TextColour>FFFFFF</TextColour>
          </Presentation>
          <AccessibilityAssessment version="any" id="CA_BASSIN_DE_BRIVE:AccessibilityAssessment:line_4:LOC">
            <MobilityImpairedAccess>false</MobilityImpairedAccess>
            <limitations>
              <AccessibilityLimitation version="any" id="CA_BASSIN_DE_BRIVE:AccessibilityLimitation:line_4:LOC">
                <WheelchairAccess>false</WheelchairAccess>
              </AccessibilityLimitation>
            </limitations>
          </AccessibilityAssessment>
        </Line>
        <Line version="any" id="CA_BASSIN_DE_BRIVE:Line:7:LOC">
          <keyList>
            <KeyValue>
              <Key>route_sort_order</Key>
              <Value>5</Value>
            </KeyValue>
          </keyList>
          <Name>CROIX DE L'AIGUILLON USSAC/ZA GARE SUD USSAC - GARE SNCF</Name>
          <ShortName>CROIX DE L'AIGUILLON USSAC/ZA GARE SUD USSAC - GARE SNCF</ShortName>
          <TransportMode>bus</TransportMode>
          <PublicCode>7</PublicCode>
          <PrivateCode>7</PrivateCode>
          <OperatorRef ref="CA_BASSIN_DE_BRIVE:Operator:1o:LOC" version="any"/>
          <Presentation>
            <Colour>00713C</Colour>
            <TextColour>FFFFFF</TextColour>
          </Presentation>
          <AccessibilityAssessment version="any" id="CA_BASSIN_DE_BRIVE:AccessibilityAssessment:line_7:LOC">
            <MobilityImpairedAccess>false</MobilityImpairedAccess>
            <limitations>
              <AccessibilityLimitation version="any" id="CA_BASSIN_DE_BRIVE:AccessibilityLimitation:line_7:LOC">
                <WheelchairAccess>false</WheelchairAccess>
              </AccessibilityLimitation>
            </limitations>
          </AccessibilityAssessment>
        </Line>
        <Line version="any" id="CA_BASSIN_DE_BRIVE:Line:6:LOC">
          <keyList>
            <KeyValue>
              <Key>route_sort_order</Key>
              <Value>7</Value>
            </KeyValue>
          </keyList>
          <Name>LES ESCURES - PLACE DU 14 JUILLET</Name>
          <ShortName>LES ESCURES - PLACE DU 14 JUILLET</ShortName>
          <TransportMode>bus</TransportMode>
          <PublicCode>6</PublicCode>
          <PrivateCode>6</PrivateCode>
          <OperatorRef ref="CA_BASSIN_DE_BRIVE:Operator:1o:LOC" version="any"/>
          <Presentation>
            <Colour>955B29</Colour>
            <TextColour>FFFFFF</TextColour>
          </Presentation>
          <AccessibilityAssessment version="any" id="CA_BASSIN_DE_BRIVE:AccessibilityAssessment:line_6:LOC">
            <MobilityImpairedAccess>false</MobilityImpairedAccess>
            <limitations>
              <AccessibilityLimitation version="any" id="CA_BASSIN_DE_BRIVE:AccessibilityLimitation:line_6:LOC">
                <WheelchairAccess>false</WheelchairAccess>
              </AccessibilityLimitation>
            </limitations>
          </AccessibilityAssessment>
        </Line>
        <Line version="any" id="CA_BASSIN_DE_BRIVE:Line:11:LOC">
          <keyList>
            <KeyValue>
              <Key>route_sort_order</Key>
              <Value>12</Value>
            </KeyValue>
          </keyList>
          <Name>PLACE DU 14 JUILLET - PARC DU MOULIN</Name>
          <ShortName>PLACE DU 14 JUILLET - PARC DU MOULIN</ShortName>
          <TransportMode>bus</TransportMode>
          <PublicCode>11</PublicCode>
          <PrivateCode>11</PrivateCode>
          <OperatorRef ref="CA_BASSIN_DE_BRIVE:Operator:1o:LOC" version="any"/>
          <Presentation>
            <Colour>DD6CA6</Colour>
            <TextColour>FFFFFF</TextColour>
          </Presentation>
          <AccessibilityAssessment version="any" id="CA_BASSIN_DE_BRIVE:AccessibilityAssessment:line_11:LOC">
            <MobilityImpairedAccess>false</MobilityImpairedAccess>
            <limitations>
              <AccessibilityLimitation version="any" id="CA_BASSIN_DE_BRIVE:AccessibilityLimitation:line_11:LOC">
                <WheelchairAccess>false</WheelchairAccess>
              </AccessibilityLimitation>
            </limitations>
          </AccessibilityAssessment>
        </Line>
        <Line version="any" id="CA_BASSIN_DE_BRIVE:Line:1:LOC">
          <keyList>
            <KeyValue>
              <Key>route_sort_order</Key>
              <Value>10</Value>
            </KeyValue>
          </keyList>
          <Name>P.E. BRIVE LAROCHE-CENTRE COMMERCIAL EST</Name>
          <ShortName>P.E. BRIVE LAROCHE-CENTRE COMMERCIAL EST</ShortName>
          <TransportMode>bus</TransportMode>
          <PublicCode>1</PublicCode>
          <PrivateCode>1</PrivateCode>
          <OperatorRef ref="CA_BASSIN_DE_BRIVE:Operator:1o:LOC" version="any"/>
          <Presentation>
            <Colour>0087CC</Colour>
            <TextColour>FFFFFF</TextColour>
          </Presentation>
          <AccessibilityAssessment version="any" id="CA_BASSIN_DE_BRIVE:AccessibilityAssessment:line_1:LOC">
            <MobilityImpairedAccess>false</MobilityImpairedAccess>
            <limitations>
              <AccessibilityLimitation version="any" id="CA_BASSIN_DE_BRIVE:AccessibilityLimitation:line_1:LOC">
                <WheelchairAccess>false</WheelchairAccess>
              </AccessibilityLimitation>
            </limitations>
          </AccessibilityAssessment>
        </Line>
        <Line version="any" id="CA_BASSIN_DE_BRIVE:Line:3:LOC">
          <keyList>
            <KeyValue>
              <Key>route_sort_order</Key>
              <Value>3</Value>
            </KeyValue>
          </keyList>
          <Name>BEYLIES HAUTES - GARE SNCF</Name>
          <ShortName>BEYLIES HAUTES - GARE SNCF</ShortName>
          <TransportMode>bus</TransportMode>
          <PublicCode>3</PublicCode>
          <PrivateCode>3</PrivateCode>
          <OperatorRef ref="CA_BASSIN_DE_BRIVE:Operator:1o:LOC" version="any"/>
          <Presentation>
            <Colour>76B82A</Colour>
            <TextColour>FFFFFF</TextColour>
          </Presentation>
          <AccessibilityAssessment version="any" id="CA_BASSIN_DE_BRIVE:AccessibilityAssessment:line_3:LOC">
            <MobilityImpairedAccess>false</MobilityImpairedAccess>
            <limitations>
              <AccessibilityLimitation version="any" id="CA_BASSIN_DE_BRIVE:AccessibilityLimitation:line_3:LOC">
                <WheelchairAccess>false</WheelchairAccess>
              </AccessibilityLimitation>
            </limitations>
          </AccessibilityAssessment>
        </Line>
        <Line version="any" id="CA_BASSIN_DE_BRIVE:Line:2:LOC">
          <keyList>
            <KeyValue>
              <Key>route_sort_order</Key>
              <Value>8</Value>
            </KeyValue>
          </keyList>
          <Name>P.E. BRIVE LAROCHE - CENTRE COMMERCIAL EST</Name>
          <ShortName>P.E. BRIVE LAROCHE - CENTRE COMMERCIAL EST</ShortName>
          <TransportMode>bus</TransportMode>
          <PublicCode>2</PublicCode>
          <PrivateCode>2</PrivateCode>
          <OperatorRef ref="CA_BASSIN_DE_BRIVE:Operator:1o:LOC" version="any"/>
          <Presentation>
            <Colour>E30613</Colour>
            <TextColour>FFFFFF</TextColour>
          </Presentation>
          <AccessibilityAssessment version="any" id="CA_BASSIN_DE_BRIVE:AccessibilityAssessment:line_2:LOC">
            <MobilityImpairedAccess>false</MobilityImpairedAccess>
            <limitations>
              <AccessibilityLimitation version="any" id="CA_BASSIN_DE_BRIVE:AccessibilityLimitation:line_2:LOC">
                <WheelchairAccess>false</WheelchairAccess>
              </AccessibilityLimitation>
            </limitations>
          </AccessibilityAssessment>
        </Line>
        <Line version="any" id="CA_BASSIN_DE_BRIVE:Line:LA_GA:LOC">
          <keyList>
            <KeyValue>
              <Key>route_sort_order</Key>
              <Value>6</Value>
            </KeyValue>
          </keyList>
          <Name>LA NAVETTE GAILLARDE</Name>
          <ShortName>LA NAVETTE GAILLARDE</ShortName>
          <TransportMode>bus</TransportMode>
          <PublicCode>G</PublicCode>
          <PrivateCode>LA_GA</PrivateCode>
          <OperatorRef ref="CA_BASSIN_DE_BRIVE:Operator:1o:LOC" version="any"/>
          <Presentation>
            <Colour>C83E2E</Colour>
            <TextColour>FFFFFF</TextColour>
          </Presentation>
          <AccessibilityAssessment version="any" id="CA_BASSIN_DE_BRIVE:AccessibilityAssessment:line_LA_GA:LOC">
            <MobilityImpairedAccess>false</MobilityImpairedAccess>
            <limitations>
              <AccessibilityLimitation version="any" id="CA_BASSIN_DE_BRIVE:AccessibilityLimitation:line_LA_GA:LOC">
                <WheelchairAccess>false</WheelchairAccess>
              </AccessibilityLimitation>
            </limitations>
          </AccessibilityAssessment>
        </Line>
        <Line version="any" id="CA_BASSIN_DE_BRIVE:Line:10:LOC">
          <keyList>
            <KeyValue>
              <Key>route_sort_order</Key>
              <Value>4</Value>
            </KeyValue>
          </keyList>
          <Name>CHANT DU MERLE/ST PANTALEON CENTRE - P.E. BRIVE LAROCHE</Name>
          <ShortName>CHANT DU MERLE/ST PANTALEON CENTRE - P.E. BRIVE LAROCHE</ShortName>
          <TransportMode>bus</TransportMode>
          <PublicCode>10</PublicCode>
          <PrivateCode>10</PrivateCode>
          <OperatorRef ref="CA_BASSIN_DE_BRIVE:Operator:1o:LOC" version="any"/>
          <Presentation>
            <Colour>2C93A7</Colour>
            <TextColour>FFFFFF</TextColour>
          </Presentation>
          <AccessibilityAssessment version="any" id="CA_BASSIN_DE_BRIVE:AccessibilityAssessment:line_10:LOC">
            <MobilityImpairedAccess>false</MobilityImpairedAccess>
            <limitations>
              <AccessibilityLimitation version="any" id="CA_BASSIN_DE_BRIVE:AccessibilityLimitation:line_10:LOC">
                <WheelchairAccess>false</WheelchairAccess>
              </AccessibilityLimitation>
            </limitations>
          </AccessibilityAssessment>
        </Line>
        <Line version="any" id="CA_BASSIN_DE_BRIVE:Line:9:LOC">
          <keyList>
            <KeyValue>
              <Key>route_sort_order</Key>
              <Value>13</Value>
            </KeyValue>
          </keyList>
          <Name>PUY TUDOLE - PLACE DU 14 JUILLET</Name>
          <ShortName>PUY TUDOLE - PLACE DU 14 JUILLET</ShortName>
          <TransportMode>bus</TransportMode>
          <PublicCode>9</PublicCode>
          <PrivateCode>9</PrivateCode>
          <OperatorRef ref="CA_BASSIN_DE_BRIVE:Operator:1o:LOC" version="any"/>
          <Presentation>
            <Colour>85CFE8</Colour>
            <TextColour>FFFFFF</TextColour>
          </Presentation>
          <AccessibilityAssessment version="any" id="CA_BASSIN_DE_BRIVE:AccessibilityAssessment:line_9:LOC">
            <MobilityImpairedAccess>false</MobilityImpairedAccess>
            <limitations>
              <AccessibilityLimitation version="any" id="CA_BASSIN_DE_BRIVE:AccessibilityLimitation:line_9:LOC">
                <WheelchairAccess>false</WheelchairAccess>
              </AccessibilityLimitation>
            </limitations>
          </AccessibilityAssessment>
        </Line>
        <Line version="any" id="CA_BASSIN_DE_BRIVE:Line:8:LOC">
          <keyList>
            <KeyValue>
              <Key>route_sort_order</Key>
              <Value>11</Value>
            </KeyValue>
          </keyList>
          <Name>PLACE DU 14 JUILLET - LA NAU</Name>
          <ShortName>PLACE DU 14 JUILLET - LA NAU</ShortName>
          <TransportMode>bus</TransportMode>
          <PublicCode>8</PublicCode>
          <PrivateCode>8</PrivateCode>
          <OperatorRef ref="CA_BASSIN_DE_BRIVE:Operator:1o:LOC" version="any"/>
          <Presentation>
            <Colour>C8BD00</Colour>
            <TextColour>FFFFFF</TextColour>
          </Presentation>
          <AccessibilityAssessment version="any" id="CA_BASSIN_DE_BRIVE:AccessibilityAssessment:line_8:LOC">
            <MobilityImpairedAccess>false</MobilityImpairedAccess>
            <limitations>
              <AccessibilityLimitation version="any" id="CA_BASSIN_DE_BRIVE:AccessibilityLimitation:line_8:LOC">
                <WheelchairAccess>false</WheelchairAccess>
              </AccessibilityLimitation>
            </limitations>
          </AccessibilityAssessment>
        </Line>
        <Operator version="any" id="CA_BASSIN_DE_BRIVE:Operator:1o:LOC">
          <CompanyNumber>1o</CompanyNumber>
          <Name>Libeo (Brive)</Name>
          <ContactDetails>
            <Url>https://www.libeo-brive.fr/</Url>
          </ContactDetails>
          <OrganisationType>operator</OrganisationType>
        </Operator>
        <Authority version="any" id="CA_BASSIN_DE_BRIVE:Authority:1:LOC">
          <CompanyNumber>1</CompanyNumber>
          <Name>Libeo (Brive)</Name>
          <ContactDetails>
            <Url>http://raptdev.com</Url>
          </ContactDetails>
          <OrganisationType>authority</OrganisationType>
        </Authority>
      </members>
    </GeneralFrame>
  </dataObjects>
</PublicationDelivery>