<?xml version='1.0' encoding='UTF-8'?>
<PublicationDelivery xmlns="http://www.netex.org.uk/netex" xmlns:gis="http://www.opengis.net/gml/3.2" xmlns:siri="http://www.siri.org.uk/siri" version="1.1:FR-NETEX_CALENDRIER-2.2">
  <PublicationTimestamp>2025-09-01T19:06:08Z</PublicationTimestamp>
  <ParticipantRef>CA_BASSIN_DE_BRIVE</ParticipantRef>
  <dataObjects>
    <GeneralFrame version="any" id="CA_BASSIN_DE_BRIVE:GeneralFrame:NETEX_CALENDRIER-20250901190608Z:LOC">
      <ValidBetween>
        <FromDate>2025-08-30T00:00:00</FromDate>
        <ToDate>2026-07-04T00:00:00</ToDate>
      </ValidBetween>
      <TypeOfFrameRef ref="FR:TypeOfFrame:NETEX_CALENDRIER:">version="1.1:FR-NETEX_CALENDRIER-2.2"</TypeOfFrameRef>
      <members>
        <DayType version="any" id="CA_BASSIN_DE_BRIVE:DayType:6_PS-Me:LOC"/>
        <DayType version="any" id="CA_BASSIN_DE_BRIVE:DayType:9_PSL10_t_-Me:LOC"/>
        <DayType version="any" id="CA_BASSIN_DE_BRIVE:DayType:8_PVS-LMWJV:LOC"/>
        <DayType version="any" id="CA_BASSIN_DE_BRIVE:DayType:10_PSL10_t_-LM:LOC"/>
        <DayType version="any" id="CA_BASSIN_DE_BRIVE:DayType:7_PS_Samedi:LOC"/>
        <DayType version="any" id="CA_BASSIN_DE_BRIVE:DayType:4_PSL10_t__Sa:LOC"/>
        <DayType version="any" id="CA_BASSIN_DE_BRIVE:DayType:5_PS-LMJV:LOC"/>
        <DayTypeAssignment order="0" version="any" id="CA_BASSIN_DE_BRIVE:DayTypeAssignment:10_PSL10_t_-LM42:LOC">
          <Date>2026-07-02</Date>
          <DayTypeRef ref="CA_BASSIN_DE_BRIVE:DayType:10_PSL10_t_-LM:LOC" version="any"/>
        </DayTypeAssignment>
        <DayTypeAssignment order="0" version="any" id="CA_BASSIN_DE_BRIVE:DayTypeAssignment:10_PSL10_t_-LM43:LOC">
          <Date>2026-07-03</Date>
          <DayTypeRef ref="CA_BASSIN_DE_BRIVE:DayType:10_PSL10_t_-LM:LOC" version="any"/>
        </DayTypeAssignment>
        <DayTypeAssignment order="0" version="any" id="CA_BASSIN_DE_BRIVE:DayTypeAssignment:4_PSL10_t__Sa254:LOC">
          <Date>2025-08-30</Date>
          <DayTypeRef ref="CA_BASSIN_DE_BRIVE:DayType:4_PSL10_t__Sa:LOC" version="any"/>
        </DayTypeAssignment>
        <DayTypeAssignment order="0" version="any" id="CA_BASSIN_DE_BRIVE:DayTypeAssignment:4_PSL10_t__Sa255:LOC">
          <Date>2026-07-04</Date>
          <DayTypeRef ref="CA_BASSIN_DE_BRIVE:DayType:4_PSL10_t__Sa:LOC" version="any"/>
        </DayTypeAssignment>
        <DayTypeAssignment order="0" version="any" id="CA_BASSIN_DE_BRIVE:DayTypeAssignment:5_PS-LMJV100:LOC">
          <Date>2026-01-05</Date>
          <DayTypeRef ref="CA_BASSIN_DE_BRIVE:DayType:5_PS-LMJV:LOC" version="any"/>
        </DayTypeAssignment>
        <DayTypeAssignment order="0" version="any" id="CA_BASSIN_DE_BRIVE:DayTypeAssignment:5_PS-LMJV101:LOC">
          <Date>2026-01-06</Date>
          <DayTypeRef ref="CA_BASSIN_DE_BRIVE:DayType:5_PS-LMJV:LOC" version="any"/>
        </DayTypeAssignment>
        <DayTypeAssignment order="0" version="any" id="CA_BASSIN_DE_BRIVE:DayTypeAssignment:5_PS-LMJV102:LOC">
          <Date>2026-01-08</Date>
          <DayTypeRef ref="CA_BASSIN_DE_BRIVE:DayType:5_PS-LMJV:LOC" version="any"/>
        </DayTypeAssignment>
        <DayTypeAssignment order="0" version="any" id="CA_BASSIN_DE_BRIVE:DayTypeAssignment:5_PS-LMJV103:LOC">
          <Date>2026-01-09</Date>
          <DayTypeRef ref="CA_BASSIN_DE_BRIVE:DayType:5_PS-LMJV:LOC" version="any"/>
        </DayTypeAssignment>
        <DayTypeAssignment order="0" version="any" id="CA_BASSIN_DE_BRIVE:DayTypeAssignment:5_PS-LMJV104:LOC">
          <Date>2026-01-12</Date>
          <DayTypeRef ref="CA_BASSIN_DE_BRIVE:DayType:5_PS-LMJV:LOC" version="any"/>
        </DayTypeAssignment>
        <DayTypeAssignment order="0" version="any" id="CA_BASSIN_DE_BRIVE:DayTypeAssignment:5_PS-LMJV105:LOC">
          <Date>2026-01-13</Date>
          <DayTypeRef ref="CA_BASSIN_DE_BRIVE:DayType:5_PS-LMJV:LOC" version="any"/>
        </DayTypeAssignment>
        <DayTypeAssignment order="0" version="any" id="CA_BASSIN_DE_BRIVE:DayTypeAssignment:5_PS-LMJV106:LOC">
          <Date>2026-01-15</Date>
          <DayTypeRef ref="CA_BASSIN_DE_BRIVE:DayType:5_PS-LMJV:LOC" version="any"/>
        </DayTypeAssignment>
        <DayTypeAssignment order="0" version="any" id="CA_BASSIN_DE_BRIVE:DayTypeAssignment:5_PS-LMJV107:LOC">
          <Date>2026-01-16</Date>
          <DayTypeRef ref="CA_BASSIN_DE_BRIVE:DayType:5_PS-LMJV:LOC" version="any"/>
        </DayTypeAssignment>
        <DayTypeAssignment order="0" version="any" id="CA_BASSIN_DE_BRIVE:DayTypeAssignment:5_PS-LMJV108:LOC">
          <Date>2026-01-19</Date>
          <DayTypeRef ref="CA_BASSIN_DE_BRIVE:DayType:5_PS-LMJV:LOC" version="any"/>
        </DayTypeAssignment>
        <DayTypeAssignment order="0" version="any" id="CA_BASSIN_DE_BRIVE:DayTypeAssignment:5_PS-LMJV109:LOC">
          <Date>2026-01-20</Date>
          <DayTypeRef ref="CA_BASSIN_DE_BRIVE:DayType:5_PS-LMJV:LOC" version="any"/>
        </DayTypeAssignment>
        <DayTypeAssignment order="0" version="any" id="CA_BASSIN_DE_BRIVE:DayTypeAssignment:5_PS-LMJV110:LOC">
          <Date>2026-01-22</Date>
          <DayTypeRef ref="CA_BASSIN_DE_BRIVE:DayType:5_PS-LMJV:LOC" version="any"/>
        </DayTypeAssignment>
        <DayTypeAssignment order="0" version="any" id="CA_BASSIN_DE_BRIVE:DayTypeAssignment:5_PS-LMJV111:LOC">
          <Date>2026-01-23</Date>
          <DayTypeRef ref="CA_BASSIN_DE_BRIVE:DayType:5_PS-LMJV:LOC" version="any"/>
        </DayTypeAssignment>
        <DayTypeAssignment order="0" version="any" id="CA_BASSIN_DE_BRIVE:DayTypeAssignment:5_PS-LMJV112:LOC">
          <Date>2026-01-26</Date>
          <DayTypeRef ref="CA_BASSIN_DE_BRIVE:DayType:5_PS-LMJV:LOC" version="any"/>
        </DayTypeAssignment>
        <DayTypeAssignment order="0" version="any" id="CA_BASSIN_DE_BRIVE:DayTypeAssignment:5_PS-LMJV113:LOC">
          <Date>2026-01-27</Date>
          <DayTypeRef ref="CA_BASSIN_DE_BRIVE:DayType:5_PS-LMJV:LOC" version="any"/>
        </DayTypeAssignment>
        <DayTypeAssignment order="0" version="any" id="CA_BASSIN_DE_BRIVE:DayTypeAssignment:5_PS-LMJV114:LOC">
          <Date>2026-01-29</Date>
          <DayTypeRef ref="CA_BASSIN_DE_BRIVE:DayType:5_PS-LMJV:LOC" version="any"/>
        </DayTypeAssignment>
        <DayTypeAssignment order="0" version="any" id="CA_BASSIN_DE_BRIVE:DayTypeAssignment:5_PS-LMJV115:LOC">
          <Date>2026-01-30</Date>
          <DayTypeRef ref="CA_BASSIN_DE_BRIVE:DayType:5_PS-LMJV:LOC" version="any"/>
        </DayTypeAssignment>
        <DayTypeAssignment order="0" version="any" id="CA_BASSIN_DE_BRIVE:DayTypeAssignment:5_PS-LMJV116:LOC">
          <Date>2026-02-02</Date>
          <DayTypeRef ref="CA_BASSIN_DE_BRIVE:DayType:5_PS-LMJV:LOC" version="any"/>
        </DayTypeAssignment>
        <DayTypeAssignment order="0" version="any" id="CA_BASSIN_DE_BRIVE:DayTypeAssignment:5_PS-LMJV117:LOC">
          <Date>2026-02-03</Date>
          <DayTypeRef ref="CA_BASSIN_DE_BRIVE:DayType:5_PS-LMJV:LOC" version="any"/>
        </DayTypeAssignment>
        <DayTypeAssignment order="0" version="any" id="CA_BASSIN_DE_BRIVE:DayTypeAssignment:5_PS-LMJV118:LOC">
          <Date>2026-02-05</Date>
          <DayTypeRef ref="CA_BASSIN_DE_BRIVE:DayType:5_PS-LMJV:LOC" version="any"/>
        </DayTypeAssignment>
        <DayTypeAssignment order="0" version="any" id="CA_BASSIN_DE_BRIVE:DayTypeAssignment:5_PS-LMJV119:LOC">
          <Date>2026-02-06</Date>
          <DayTypeRef ref="CA_BASSIN_DE_BRIVE:DayType:5_PS-LMJV:LOC" version="any"/>
        </DayTypeAssignment>
        <DayTypeAssignment order="0" version="any" id="CA_BASSIN_DE_BRIVE:DayTypeAssignment:5_PS-LMJV120:LOC">
          <Date>2026-02-23</Date>
          <DayTypeRef ref="CA_BASSIN_DE_BRIVE:DayType:5_PS-LMJV:LOC" version="any"/>
        </DayTypeAssignment>
        <DayTypeAssignment order="0" version="any" id="CA_BASSIN_DE_BRIVE:DayTypeAssignment:5_PS-LMJV121:LOC">
          <Date>2026-02-24</Date>
          <DayTypeRef ref="CA_BASSIN_DE_BRIVE:DayType:5_PS-LMJV:LOC" version="any"/>
        </DayTypeAssignment>
        <DayTypeAssignment order="0" version="any" id="CA_BASSIN_DE_BRIVE:DayTypeAssignment:5_PS-LMJV122:LOC">
          <Date>2026-02-26</Date>
          <DayTypeRef ref="CA_BASSIN_DE_BRIVE:DayType:5_PS-LMJV:LOC" version="any"/>
        </DayTypeAssignment>
        <DayTypeAssignment order="0" version="any" id="CA_BASSIN_DE_BRIVE:DayTypeAssignment:5_PS-LMJV123:LOC">
          <Date>2026-02-27</Date>
          <DayTypeRef ref="CA_BASSIN_DE_BRIVE:DayType:5_PS-LMJV:LOC" version="any"/>
        </DayTypeAssignment>
        <DayTypeAssignment order="0" version="any" id="CA_BASSIN_DE_BRIVE:DayTypeAssignment:5_PS-LMJV124:LOC">
          <Date>2026-03-02</Date>
          <DayTypeRef ref="CA_BASSIN_DE_BRIVE:DayType:5_PS-LMJV:LOC" version="any"/>
        </DayTypeAssignment>
        <DayTypeAssignment order="0" version="any" id="CA_BASSIN_DE_BRIVE:DayTypeAssignment:5_PS-LMJV125:LOC">
          <Date>2026-03-03</Date>
          <DayTypeRef ref="CA_BASSIN_DE_BRIVE:DayType:5_PS-LMJV:LOC" version="any"/>
        </DayTypeAssignment>
        <DayTypeAssignment order="0" version="any" id="CA_BASSIN_DE_BRIVE:DayTypeAssignment:5_PS-LMJV126:LOC">
          <Date>2026-03-05</Date>
          <DayTypeRef ref="CA_BASSIN_DE_BRIVE:DayType:5_PS-LMJV:LOC" version="any"/>
        </DayTypeAssignment>
        <DayTypeAssignment order="0" version="any" id="CA_BASSIN_DE_BRIVE:DayTypeAssignment:5_PS-LMJV127:LOC">
          <Date>2026-03-06</Date>
          <DayTypeRef ref="CA_BASSIN_DE_BRIVE:DayType:5_PS-LMJV:LOC" version="any"/>
        </DayTypeAssignment>
        <DayTypeAssignment order="0" version="any" id="CA_BASSIN_DE_BRIVE:DayTypeAssignment:5_PS-LMJV128:LOC">
          <Date>2026-03-09</Date>
          <DayTypeRef ref="CA_BASSIN_DE_BRIVE:DayType:5_PS-LMJV:LOC" version="any"/>
        </DayTypeAssignment>
        <DayTypeAssignment order="0" version="any" id="CA_BASSIN_DE_BRIVE:DayTypeAssignment:5_PS-LMJV129:LOC">
          <Date>2026-03-10</Date>
          <DayTypeRef ref="CA_BASSIN_DE_BRIVE:DayType:5_PS-LMJV:LOC" version="any"/>
        </DayTypeAssignment>
        <DayTypeAssignment order="0" version="any" id="CA_BASSIN_DE_BRIVE:DayTypeAssignment:5_PS-LMJV130:LOC">
          <Date>2026-03-12</Date>
          <DayTypeRef ref="CA_BASSIN_DE_BRIVE:DayType:5_PS-LMJV:LOC" version="any"/>
        </DayTypeAssignment>
        <DayTypeAssignment order="0" version="any" id="CA_BASSIN_DE_BRIVE:DayTypeAssignment:5_PS-LMJV131:LOC">
          <Date>2026-03-13</Date>
          <DayTypeRef ref="CA_BASSIN_DE_BRIVE:DayType:5_PS-LMJV:LOC" version="any"/>
        </DayTypeAssignment>
        <DayTypeAssignment order="0" version="any" id="CA_BASSIN_DE_BRIVE:DayTypeAssignment:5_PS-LMJV132:LOC">
          <Date>2026-03-16</Date>
          <DayTypeRef ref="CA_BASSIN_DE_BRIVE:DayType:5_PS-LMJV:LOC" version="any"/>
        </DayTypeAssignment>
        <DayTypeAssignment order="0" version="any" id="CA_BASSIN_DE_BRIVE:DayTypeAssignment:5_PS-LMJV133:LOC">
          <Date>2026-03-17</Date>
          <DayTypeRef ref="CA_BASSIN_DE_BRIVE:DayType:5_PS-LMJV:LOC" version="any"/>
        </DayTypeAssignment>
        <DayTypeAssignment order="0" version="any" id="CA_BASSIN_DE_BRIVE:DayTypeAssignment:5_PS-LMJV134:LOC">
          <Date>2026-03-19</Date>
          <DayTypeRef ref="CA_BASSIN_DE_BRIVE:DayType:5_PS-LMJV:LOC" version="any"/>
        </DayTypeAssignment>
        <DayTypeAssignment order="0" version="any" id="CA_BASSIN_DE_BRIVE:DayTypeAssignment:5_PS-LMJV135:LOC">
          <Date>2026-03-20</Date>
          <DayTypeRef ref="CA_BASSIN_DE_BRIVE:DayType:5_PS-LMJV:LOC" version="any"/>
        </DayTypeAssignment>
        <DayTypeAssignment order="0" version="any" id="CA_BASSIN_DE_BRIVE:DayTypeAssignment:5_PS-LMJV136:LOC">
          <Date>2026-03-23</Date>
          <DayTypeRef ref="CA_BASSIN_DE_BRIVE:DayType:5_PS-LMJV:LOC" version="any"/>
        </DayTypeAssignment>
        <DayTypeAssignment order="0" version="any" id="CA_BASSIN_DE_BRIVE:DayTypeAssignment:5_PS-LMJV137:LOC">
          <Date>2026-03-24</Date>
          <DayTypeRef ref="CA_BASSIN_DE_BRIVE:DayType:5_PS-LMJV:LOC" version="any"/>
        </DayTypeAssignment>
        <DayTypeAssignment order="0" version="any" id="CA_BASSIN_DE_BRIVE:DayTypeAssignment:5_PS-LMJV138:LOC">
          <Date>2026-03-26</Date>
          <DayTypeRef ref="CA_BASSIN_DE_BRIVE:DayType:5_PS-LMJV:LOC" version="any"/>
        </DayTypeAssignment>
        <DayTypeAssignment order="0" version="any" id="CA_BASSIN_DE_BRIVE:DayTypeAssignment:5_PS-LMJV139:LOC">
          <Date>2026-03-27</Date>
          <DayTypeRef ref="CA_BASSIN_DE_BRIVE:DayType:5_PS-LMJV:LOC" version="any"/>
        </DayTypeAssignment>
        <DayTypeAssignment order="0" version="any" id="CA_BASSIN_DE_BRIVE:DayTypeAssignment:5_PS-LMJV140:LOC">
          <Date>2026-03-30</Date>
          <DayTypeRef ref="CA_BASSIN_DE_BRIVE:DayType:5_PS-LMJV:LOC" version="any"/>
        </DayTypeAssignment>
        <DayTypeAssignment order="0" version="any" id="CA_BASSIN_DE_BRIVE:DayTypeAssignment:5_PS-LMJV141:LOC">
          <Date>2026-03-31</Date>
          <DayTypeRef ref="CA_BASSIN_DE_BRIVE:DayType:5_PS-LMJV:LOC" version="any"/>
        </DayTypeAssignment>
        <DayTypeAssignment order="0" version="any" id="CA_BASSIN_DE_BRIVE:DayTypeAssignment:5_PS-LMJV142:LOC">
          <Date>2026-04-02</Date>
          <DayTypeRef ref="CA_BASSIN_DE_BRIVE:DayType:5_PS-LMJV:LOC" version="any"/>
        </DayTypeAssignment>
        <DayTypeAssignment order="0" version="any" id="CA_BASSIN_DE_BRIVE:DayTypeAssignment:5_PS-LMJV143:LOC">
          <Date>2026-04-03</Date>
          <DayTypeRef ref="CA_BASSIN_DE_BRIVE:DayType:5_PS-LMJV:LOC" version="any"/>
        </DayTypeAssignment>
        <DayTypeAssignment order="0" version="any" id="CA_BASSIN_DE_BRIVE:DayTypeAssignment:5_PS-LMJV144:LOC">
          <Date>2026-04-20</Date>
          <DayTypeRef ref="CA_BASSIN_DE_BRIVE:DayType:5_PS-LMJV:LOC" version="any"/>
        </DayTypeAssignment>
        <DayTypeAssignment order="0" version="any" id="CA_BASSIN_DE_BRIVE:DayTypeAssignment:5_PS-LMJV145:LOC">
          <Date>2026-04-21</Date>
          <DayTypeRef ref="CA_BASSIN_DE_BRIVE:DayType:5_PS-LMJV:LOC" version="any"/>
        </DayTypeAssignment>
        <DayTypeAssignment order="0" version="any" id="CA_BASSIN_DE_BRIVE:DayTypeAssignment:5_PS-LMJV146:LOC">
          <Date>2026-04-23</Date>
          <DayTypeRef ref="CA_BASSIN_DE_BRIVE:DayType:5_PS-LMJV:LOC" version="any"/>
        </DayTypeAssignment>
        <DayTypeAssignment order="0" version="any" id="CA_BASSIN_DE_BRIVE:DayTypeAssignment:5_PS-LMJV147:LOC">
          <Date>2026-04-24</Date>
          <DayTypeRef ref="CA_BASSIN_DE_BRIVE:DayType:5_PS-LMJV:LOC" version="any"/>
        </DayTypeAssignment>
        <DayTypeAssignment order="0" version="any" id="CA_BASSIN_DE_BRIVE:DayTypeAssignment:5_PS-LMJV148:LOC">
          <Date>2026-04-27</Date>
          <DayTypeRef ref="CA_BASSIN_DE_BRIVE:DayType:5_PS-LMJV:LOC" version="any"/>
        </DayTypeAssignment>
        <DayTypeAssignment order="0" version="any" id="CA_BASSIN_DE_BRIVE:DayTypeAssignment:5_PS-LMJV149:LOC">
          <Date>2026-04-28</Date>
          <DayTypeRef ref="CA_BASSIN_DE_BRIVE:DayType:5_PS-LMJV:LOC" version="any"/>
        </DayTypeAssignment>
        <DayTypeAssignment order="0" version="any" id="CA_BASSIN_DE_BRIVE:DayTypeAssignment:5_PS-LMJV150:LOC">
          <Date>2026-04-30</Date>
          <DayTypeRef ref="CA_BASSIN_DE_BRIVE:DayType:5_PS-LMJV:LOC" version="any"/>
        </DayTypeAssignment>
        <DayTypeAssignment order="0" version="any" id="CA_BASSIN_DE_BRIVE:DayTypeAssignment:5_PS-LMJV151:LOC">
          <Date>2026-05-04</Date>
          <DayTypeRef ref="CA_BASSIN_DE_BRIVE:DayType:5_PS-LMJV:LOC" version="any"/>
        </DayTypeAssignment>
        <DayTypeAssignment order="0" version="any" id="CA_BASSIN_DE_BRIVE:DayTypeAssignment:5_PS-LMJV152:LOC">
          <Date>2026-05-05</Date>
          <DayTypeRef ref="CA_BASSIN_DE_BRIVE:DayType:5_PS-LMJV:LOC" version="any"/>
        </DayTypeAssignment>
        <DayTypeAssignment order="0" version="any" id="CA_BASSIN_DE_BRIVE:DayTypeAssignment:5_PS-LMJV153:LOC">
          <Date>2026-05-07</Date>
          <DayTypeRef ref="CA_BASSIN_DE_BRIVE:DayType:5_PS-LMJV:LOC" version="any"/>
        </DayTypeAssignment>
        <DayTypeAssignment order="0" version="any" id="CA_BASSIN_DE_BRIVE:DayTypeAssignment:5_PS-LMJV154:LOC">
          <Date>2026-05-11</Date>
          <DayTypeRef ref="CA_BASSIN_DE_BRIVE:DayType:5_PS-LMJV:LOC" version="any"/>
        </DayTypeAssignment>
        <DayTypeAssignment order="0" version="any" id="CA_BASSIN_DE_BRIVE:DayTypeAssignment:5_PS-LMJV155:LOC">
          <Date>2026-05-12</Date>
          <DayTypeRef ref="CA_BASSIN_DE_BRIVE:DayType:5_PS-LMJV:LOC" version="any"/>
        </DayTypeAssignment>
        <DayTypeAssignment order="0" version="any" id="CA_BASSIN_DE_BRIVE:DayTypeAssignment:5_PS-LMJV156:LOC">
          <Date>2026-05-18</Date>
          <DayTypeRef ref="CA_BASSIN_DE_BRIVE:DayType:5_PS-LMJV:LOC" version="any"/>
        </DayTypeAssignment>
        <DayTypeAssignment order="0" version="any" id="CA_BASSIN_DE_BRIVE:DayTypeAssignment:5_PS-LMJV157:LOC">
          <Date>2026-05-19</Date>
          <DayTypeRef ref="CA_BASSIN_DE_BRIVE:DayType:5_PS-LMJV:LOC" version="any"/>
        </DayTypeAssignment>
        <DayTypeAssignment order="0" version="any" id="CA_BASSIN_DE_BRIVE:DayTypeAssignment:5_PS-LMJV158:LOC">
          <Date>2026-05-21</Date>
          <DayTypeRef ref="CA_BASSIN_DE_BRIVE:DayType:5_PS-LMJV:LOC" version="any"/>
        </DayTypeAssignment>
        <DayTypeAssignment order="0" version="any" id="CA_BASSIN_DE_BRIVE:DayTypeAssignment:5_PS-LMJV159:LOC">
          <Date>2026-05-22</Date>
          <DayTypeRef ref="CA_BASSIN_DE_BRIVE:DayType:5_PS-LMJV:LOC" version="any"/>
        </DayTypeAssignment>
        <DayTypeAssignment order="0" version="any" id="CA_BASSIN_DE_BRIVE:DayTypeAssignment:5_PS-LMJV160:LOC">
          <Date>2026-05-26</Date>
          <DayTypeRef ref="CA_BASSIN_DE_BRIVE:DayType:5_PS-LMJV:LOC" version="any"/>
        </DayTypeAssignment>
        <DayTypeAssignment order="0" version="any" id="CA_BASSIN_DE_BRIVE:DayTypeAssignment:5_PS-LMJV161:LOC">
          <Date>2026-05-28</Date>
          <DayTypeRef ref="CA_BASSIN_DE_BRIVE:DayType:5_PS-LMJV:LOC" version="any"/>
        </DayTypeAssignment>
        <DayTypeAssignment order="0" version="any" id="CA_BASSIN_DE_BRIVE:DayTypeAssignment:5_PS-LMJV162:LOC">
          <Date>2026-05-29</Date>
          <DayTypeRef ref="CA_BASSIN_DE_BRIVE:DayType:5_PS-LMJV:LOC" version="any"/>
        </DayTypeAssignment>
        <DayTypeAssignment order="0" version="any" id="CA_BASSIN_DE_BRIVE:DayTypeAssignment:5_PS-LMJV163:LOC">
          <Date>2026-06-01</Date>
          <DayTypeRef ref="CA_BASSIN_DE_BRIVE:DayType:5_PS-LMJV:LOC" version="any"/>
        </DayTypeAssignment>
        <DayTypeAssignment order="0" version="any" id="CA_BASSIN_DE_BRIVE:DayTypeAssignment:5_PS-LMJV164:LOC">
          <Date>2026-06-02</Date>
          <DayTypeRef ref="CA_BASSIN_DE_BRIVE:DayType:5_PS-LMJV:LOC" version="any"/>
        </DayTypeAssignment>
        <DayTypeAssignment order="0" version="any" id="CA_BASSIN_DE_BRIVE:DayTypeAssignment:5_PS-LMJV165:LOC">
          <Date>2026-06-04</Date>
          <DayTypeRef ref="CA_BASSIN_DE_BRIVE:DayType:5_PS-LMJV:LOC" version="any"/>
        </DayTypeAssignment>
        <DayTypeAssignment order="0" version="any" id="CA_BASSIN_DE_BRIVE:DayTypeAssignment:5_PS-LMJV166:LOC">
          <Date>2026-06-05</Date>
          <DayTypeRef ref="CA_BASSIN_DE_BRIVE:DayType:5_PS-LMJV:LOC" version="any"/>
        </DayTypeAssignment>
        <DayTypeAssignment order="0" version="any" id="CA_BASSIN_DE_BRIVE:DayTypeAssignment:5_PS-LMJV167:LOC">
          <Date>2026-06-08</Date>
          <DayTypeRef ref="CA_BASSIN_DE_BRIVE:DayType:5_PS-LMJV:LOC" version="any"/>
        </DayTypeAssignment>
        <DayTypeAssignment order="0" version="any" id="CA_BASSIN_DE_BRIVE:DayTypeAssignment:5_PS-LMJV168:LOC">
          <Date>2026-06-09</Date>
          <DayTypeRef ref="CA_BASSIN_DE_BRIVE:DayType:5_PS-LMJV:LOC" version="any"/>
        </DayTypeAssignment>
        <DayTypeAssignment order="0" version="any" id="CA_BASSIN_DE_BRIVE:DayTypeAssignment:5_PS-LMJV169:LOC">
          <Date>2026-06-11</Date>
          <DayTypeRef ref="CA_BASSIN_DE_BRIVE:DayType:5_PS-LMJV:LOC" version="any"/>
        </DayTypeAssignment>
        <DayTypeAssignment order="0" version="any" id="CA_BASSIN_DE_BRIVE:DayTypeAssignment:5_PS-LMJV170:LOC">
          <Date>2026-06-12</Date>
          <DayTypeRef ref="CA_BASSIN_DE_BRIVE:DayType:5_PS-LMJV:LOC" version="any"/>
        </DayTypeAssignment>
        <DayTypeAssignment order="0" version="any" id="CA_BASSIN_DE_BRIVE:DayTypeAssignment:5_PS-LMJV171:LOC">
          <Date>2026-06-15</Date>
          <DayTypeRef ref="CA_BASSIN_DE_BRIVE:DayType:5_PS-LMJV:LOC" version="any"/>
        </DayTypeAssignment>
        <DayTypeAssignment order="0" version="any" id="CA_BASSIN_DE_BRIVE:DayTypeAssignment:5_PS-LMJV172:LOC">
          <Date>2026-06-16</Date>
          <DayTypeRef ref="CA_BASSIN_DE_BRIVE:DayType:5_PS-LMJV:LOC" version="any"/>
        </DayTypeAssignment>
        <DayTypeAssignment order="0" version="any" id="CA_BASSIN_DE_BRIVE:DayTypeAssignment:5_PS-LMJV173:LOC">
          <Date>2026-06-18</Date>
          <DayTypeRef ref="CA_BASSIN_DE_BRIVE:DayType:5_PS-LMJV:LOC" version="any"/>
        </DayTypeAssignment>
        <DayTypeAssignment order="0" version="any" id="CA_BASSIN_DE_BRIVE:DayTypeAssignment:5_PS-LMJV174:LOC">
          <Date>2026-06-19</Date>
          <DayTypeRef ref="CA_BASSIN_DE_BRIVE:DayType:5_PS-LMJV:LOC" version="any"/>
        </DayTypeAssignment>
        <DayTypeAssignment order="0" version="any" id="CA_BASSIN_DE_BRIVE:DayTypeAssignment:5_PS-LMJV175:LOC">
          <Date>2026-06-22</Date>
          <DayTypeRef ref="CA_BASSIN_DE_BRIVE:DayType:5_PS-LMJV:LOC" version="any"/>
        </DayTypeAssignment>
        <DayTypeAssignment order="0" version="any" id="CA_BASSIN_DE_BRIVE:DayTypeAssignment:5_PS-LMJV176:LOC">
          <Date>2026-06-23</Date>
          <DayTypeRef ref="CA_BASSIN_DE_BRIVE:DayType:5_PS-LMJV:LOC" version="any"/>
        </DayTypeAssignment>
        <DayTypeAssignment order="0" version="any" id="CA_BASSIN_DE_BRIVE:DayTypeAssignment:5_PS-LMJV177:LOC">
          <Date>2026-06-25</Date>
          <DayTypeRef ref="CA_BASSIN_DE_BRIVE:DayType:5_PS-LMJV:LOC" version="any"/>
        </DayTypeAssignment>
        <DayTypeAssignment order="0" version="any" id="CA_BASSIN_DE_BRIVE:DayTypeAssignment:5_PS-LMJV178:LOC">
          <Date>2026-06-26</Date>
          <DayTypeRef ref="CA_BASSIN_DE_BRIVE:DayType:5_PS-LMJV:LOC" version="any"/>
        </DayTypeAssignment>
        <DayTypeAssignment order="0" version="any" id="CA_BASSIN_DE_BRIVE:DayTypeAssignment:5_PS-LMJV179:LOC">
          <Date>2026-06-29</Date>
          <DayTypeRef ref="CA_BASSIN_DE_BRIVE:DayType:5_PS-LMJV:LOC" version="any"/>
        </DayTypeAssignment>
        <DayTypeAssignment order="0" version="any" id="CA_BASSIN_DE_BRIVE:DayTypeAssignment:5_PS-LMJV180:LOC">
          <Date>2026-06-30</Date>
          <DayTypeRef ref="CA_BASSIN_DE_BRIVE:DayType:5_PS-LMJV:LOC" version="any"/>
        </DayTypeAssignment>
        <DayTypeAssignment order="0" version="any" id="CA_BASSIN_DE_BRIVE:DayTypeAssignment:5_PS-LMJV45:LOC">
          <Date>2025-09-01</Date>
          <DayTypeRef ref="CA_BASSIN_DE_BRIVE:DayType:5_PS-LMJV:LOC" version="any"/>
        </DayTypeAssignment>
        <DayTypeAssignment order="0" version="any" id="CA_BASSIN_DE_BRIVE:DayTypeAssignment:5_PS-LMJV46:LOC">
          <Date>2025-09-02</Date>
          <DayTypeRef ref="CA_BASSIN_DE_BRIVE:DayType:5_PS-LMJV:LOC" version="any"/>
        </DayTypeAssignment>
        <DayTypeAssignment order="0" version="any" id="CA_BASSIN_DE_BRIVE:DayTypeAssignment:5_PS-LMJV47:LOC">
          <Date>2025-09-04</Date>
          <DayTypeRef ref="CA_BASSIN_DE_BRIVE:DayType:5_PS-LMJV:LOC" version="any"/>
        </DayTypeAssignment>
        <DayTypeAssignment order="0" version="any" id="CA_BASSIN_DE_BRIVE:DayTypeAssignment:5_PS-LMJV48:LOC">
          <Date>2025-09-05</Date>
          <DayTypeRef ref="CA_BASSIN_DE_BRIVE:DayType:5_PS-LMJV:LOC" version="any"/>
        </DayTypeAssignment>
        <DayTypeAssignment order="0" version="any" id="CA_BASSIN_DE_BRIVE:DayTypeAssignment:5_PS-LMJV49:LOC">
          <Date>2025-09-08</Date>
          <DayTypeRef ref="CA_BASSIN_DE_BRIVE:DayType:5_PS-LMJV:LOC" version="any"/>
        </DayTypeAssignment>
        <DayTypeAssignment order="0" version="any" id="CA_BASSIN_DE_BRIVE:DayTypeAssignment:5_PS-LMJV50:LOC">
          <Date>2025-09-09</Date>
          <DayTypeRef ref="CA_BASSIN_DE_BRIVE:DayType:5_PS-LMJV:LOC" version="any"/>
        </DayTypeAssignment>
        <DayTypeAssignment order="0" version="any" id="CA_BASSIN_DE_BRIVE:DayTypeAssignment:5_PS-LMJV51:LOC">
          <Date>2025-09-11</Date>
          <DayTypeRef ref="CA_BASSIN_DE_BRIVE:DayType:5_PS-LMJV:LOC" version="any"/>
        </DayTypeAssignment>
        <DayTypeAssignment order="0" version="any" id="CA_BASSIN_DE_BRIVE:DayTypeAssignment:5_PS-LMJV52:LOC">
          <Date>2025-09-12</Date>
          <DayTypeRef ref="CA_BASSIN_DE_BRIVE:DayType:5_PS-LMJV:LOC" version="any"/>
        </DayTypeAssignment>
        <DayTypeAssignment order="0" version="any" id="CA_BASSIN_DE_BRIVE:DayTypeAssignment:5_PS-LMJV53:LOC">
          <Date>2025-09-15</Date>
          <DayTypeRef ref="CA_BASSIN_DE_BRIVE:DayType:5_PS-LMJV:LOC" version="any"/>
        </DayTypeAssignment>
        <DayTypeAssignment order="0" version="any" id="CA_BASSIN_DE_BRIVE:DayTypeAssignment:5_PS-LMJV54:LOC">
          <Date>2025-09-16</Date>
          <DayTypeRef ref="CA_BASSIN_DE_BRIVE:DayType:5_PS-LMJV:LOC" version="any"/>
        </DayTypeAssignment>
        <DayTypeAssignment order="0" version="any" id="CA_BASSIN_DE_BRIVE:DayTypeAssignment:5_PS-LMJV55:LOC">
          <Date>2025-09-18</Date>
          <DayTypeRef ref="CA_BASSIN_DE_BRIVE:DayType:5_PS-LMJV:LOC" version="any"/>
        </DayTypeAssignment>
        <DayTypeAssignment order="0" version="any" id="CA_BASSIN_DE_BRIVE:DayTypeAssignment:5_PS-LMJV56:LOC">
          <Date>2025-09-19</Date>
          <DayTypeRef ref="CA_BASSIN_DE_BRIVE:DayType:5_PS-LMJV:LOC" version="any"/>
        </DayTypeAssignment>
        <DayTypeAssignment order="0" version="any" id="CA_BASSIN_DE_BRIVE:DayTypeAssignment:5_PS-LMJV57:LOC">
          <Date>2025-09-22</Date>
          <DayTypeRef ref="CA_BASSIN_DE_BRIVE:DayType:5_PS-LMJV:LOC" version="any"/>
        </DayTypeAssignment>
        <DayTypeAssignment order="0" version="any" id="CA_BASSIN_DE_BRIVE:DayTypeAssignment:5_PS-LMJV58:LOC">
          <Date>2025-09-23</Date>
          <DayTypeRef ref="CA_BASSIN_DE_BRIVE:DayType:5_PS-LMJV:LOC" version="any"/>
        </DayTypeAssignment>
        <DayTypeAssignment order="0" version="any" id="CA_BASSIN_DE_BRIVE:DayTypeAssignment:5_PS-LMJV59:LOC">
          <Date>2025-09-25</Date>
          <DayTypeRef ref="CA_BASSIN_DE_BRIVE:DayType:5_PS-LMJV:LOC" version="any"/>
        </DayTypeAssignment>
        <DayTypeAssignment order="0" version="any" id="CA_BASSIN_DE_BRIVE:DayTypeAssignment:5_PS-LMJV60:LOC">
          <Date>2025-09-26</Date>
          <DayTypeRef ref="CA_BASSIN_DE_BRIVE:DayType:5_PS-LMJV:LOC" version="any"/>
        </DayTypeAssignment>
        <DayTypeAssignment order="0" version="any" id="CA_BASSIN_DE_BRIVE:DayTypeAssignment:5_PS-LMJV61:LOC">
          <Date>2025-09-29</Date>
          <DayTypeRef ref="CA_BASSIN_DE_BRIVE:DayType:5_PS-LMJV:LOC" version="any"/>
        </DayTypeAssignment>
        <DayTypeAssignment order="0" version="any" id="CA_BASSIN_DE_BRIVE:DayTypeAssignment:5_PS-LMJV62:LOC">
          <Date>2025-09-30</Date>
          <DayTypeRef ref="CA_BASSIN_DE_BRIVE:DayType:5_PS-LMJV:LOC" version="any"/>
        </DayTypeAssignment>
        <DayTypeAssignment order="0" version="any" id="CA_BASSIN_DE_BRIVE:DayTypeAssignment:5_PS-LMJV63:LOC">
          <Date>2025-10-02</Date>
          <DayTypeRef ref="CA_BASSIN_DE_BRIVE:DayType:5_PS-LMJV:LOC" version="any"/>
        </DayTypeAssignment>
        <DayTypeAssignment order="0" version="any" id="CA_BASSIN_DE_BRIVE:DayTypeAssignment:5_PS-LMJV64:LOC">
          <Date>2025-10-03</Date>
          <DayTypeRef ref="CA_BASSIN_DE_BRIVE:DayType:5_PS-LMJV:LOC" version="any"/>
        </DayTypeAssignment>
        <DayTypeAssignment order="0" version="any" id="CA_BASSIN_DE_BRIVE:DayTypeAssignment:5_PS-LMJV65:LOC">
          <Date>2025-10-06</Date>
          <DayTypeRef ref="CA_BASSIN_DE_BRIVE:DayType:5_PS-LMJV:LOC" version="any"/>
        </DayTypeAssignment>
        <DayTypeAssignment order="0" version="any" id="CA_BASSIN_DE_BRIVE:DayTypeAssignment:5_PS-LMJV66:LOC">
          <Date>2025-10-07</Date>
          <DayTypeRef ref="CA_BASSIN_DE_BRIVE:DayType:5_PS-LMJV:LOC" version="any"/>
        </DayTypeAssignment>
        <DayTypeAssignment order="0" version="any" id="CA_BASSIN_DE_BRIVE:DayTypeAssignment:5_PS-LMJV67:LOC">
          <Date>2025-10-09</Date>
          <DayTypeRef ref="CA_BASSIN_DE_BRIVE:DayType:5_PS-LMJV:LOC" version="any"/>
        </DayTypeAssignment>
        <DayTypeAssignment order="0" version="any" id="CA_BASSIN_DE_BRIVE:DayTypeAssignment:5_PS-LMJV68:LOC">
          <Date>2025-10-10</Date>
          <DayTypeRef ref="CA_BASSIN_DE_BRIVE:DayType:5_PS-LMJV:LOC" version="any"/>
        </DayTypeAssignment>
        <DayTypeAssignment order="0" version="any" id="CA_BASSIN_DE_BRIVE:DayTypeAssignment:5_PS-LMJV69:LOC">
          <Date>2025-10-13</Date>
          <DayTypeRef ref="CA_BASSIN_DE_BRIVE:DayType:5_PS-LMJV:LOC" version="any"/>
        </DayTypeAssignment>
        <DayTypeAssignment order="0" version="any" id="CA_BASSIN_DE_BRIVE:DayTypeAssignment:5_PS-LMJV70:LOC">
          <Date>2025-10-14</Date>
          <DayTypeRef ref="CA_BASSIN_DE_BRIVE:DayType:5_PS-LMJV:LOC" version="any"/>
        </DayTypeAssignment>
        <DayTypeAssignment order="0" version="any" id="CA_BASSIN_DE_BRIVE:DayTypeAssignment:5_PS-LMJV71:LOC">
          <Date>2025-10-16</Date>
          <DayTypeRef ref="CA_BASSIN_DE_BRIVE:DayType:5_PS-LMJV:LOC" version="any"/>
        </DayTypeAssignment>
        <DayTypeAssignment order="0" version="any" id="CA_BASSIN_DE_BRIVE:DayTypeAssignment:5_PS-LMJV72:LOC">
          <Date>2025-10-17</Date>
          <DayTypeRef ref="CA_BASSIN_DE_BRIVE:DayType:5_PS-LMJV:LOC" version="any"/>
        </DayTypeAssignment>
        <DayTypeAssignment order="0" version="any" id="CA_BASSIN_DE_BRIVE:DayTypeAssignment:5_PS-LMJV73:LOC">
          <Date>2025-11-03</Date>
          <DayTypeRef ref="CA_BASSIN_DE_BRIVE:DayType:5_PS-LMJV:LOC" version="any"/>
        </DayTypeAssignment>
        <DayTypeAssignment order="0" version="any" id="CA_BASSIN_DE_BRIVE:DayTypeAssignment:5_PS-LMJV74:LOC">
          <Date>2025-11-04</Date>
          <DayTypeRef ref="CA_BASSIN_DE_BRIVE:DayType:5_PS-LMJV:LOC" version="any"/>
        </DayTypeAssignment>
        <DayTypeAssignment order="0" version="any" id="CA_BASSIN_DE_BRIVE:DayTypeAssignment:5_PS-LMJV75:LOC">
          <Date>2025-11-06</Date>
          <DayTypeRef ref="CA_BASSIN_DE_BRIVE:DayType:5_PS-LMJV:LOC" version="any"/>
        </DayTypeAssignment>
        <DayTypeAssignment order="0" version="any" id="CA_BASSIN_DE_BRIVE:DayTypeAssignment:5_PS-LMJV76:LOC">
          <Date>2025-11-07</Date>
          <DayTypeRef ref="CA_BASSIN_DE_BRIVE:DayType:5_PS-LMJV:LOC" version="any"/>
        </DayTypeAssignment>
        <DayTypeAssignment order="0" version="any" id="CA_BASSIN_DE_BRIVE:DayTypeAssignment:5_PS-LMJV77:LOC">
          <Date>2025-11-10</Date>
          <DayTypeRef ref="CA_BASSIN_DE_BRIVE:DayType:5_PS-LMJV:LOC" version="any"/>
        </DayTypeAssignment>
        <DayTypeAssignment order="0" version="any" id="CA_BASSIN_DE_BRIVE:DayTypeAssignment:5_PS-LMJV78:LOC">
          <Date>2025-11-13</Date>
          <DayTypeRef ref="CA_BASSIN_DE_BRIVE:DayType:5_PS-LMJV:LOC" version="any"/>
        </DayTypeAssignment>
        <DayTypeAssignment order="0" version="any" id="CA_BASSIN_DE_BRIVE:DayTypeAssignment:5_PS-LMJV79:LOC">
          <Date>2025-11-14</Date>
          <DayTypeRef ref="CA_BASSIN_DE_BRIVE:DayType:5_PS-LMJV:LOC" version="any"/>
        </DayTypeAssignment>
        <DayTypeAssignment order="0" version="any" id="CA_BASSIN_DE_BRIVE:DayTypeAssignment:5_PS-LMJV80:LOC">
          <Date>2025-11-17</Date>
          <DayTypeRef ref="CA_BASSIN_DE_BRIVE:DayType:5_PS-LMJV:LOC" version="any"/>
        </DayTypeAssignment>
        <DayTypeAssignment order="0" version="any" id="CA_BASSIN_DE_BRIVE:DayTypeAssignment:5_PS-LMJV81:LOC">
          <Date>2025-11-18</Date>
          <DayTypeRef ref="CA_BASSIN_DE_BRIVE:DayType:5_PS-LMJV:LOC" version="any"/>
        </DayTypeAssignment>
        <DayTypeAssignment order="0" version="any" id="CA_BASSIN_DE_BRIVE:DayTypeAssignment:5_PS-LMJV82:LOC">
          <Date>2025-11-20</Date>
          <DayTypeRef ref="CA_BASSIN_DE_BRIVE:DayType:5_PS-LMJV:LOC" version="any"/>
        </DayTypeAssignment>
        <DayTypeAssignment order="0" version="any" id="CA_BASSIN_DE_BRIVE:DayTypeAssignment:5_PS-LMJV83:LOC">
          <Date>2025-11-21</Date>
          <DayTypeRef ref="CA_BASSIN_DE_BRIVE:DayType:5_PS-LMJV:LOC" version="any"/>
        </DayTypeAssignment>
        <DayTypeAssignment order="0" version="any" id="CA_BASSIN_DE_BRIVE:DayTypeAssignment:5_PS-LMJV84:LOC">
          <Date>2025-11-24</Date>
          <DayTypeRef ref="CA_BASSIN_DE_BRIVE:DayType:5_PS-LMJV:LOC" version="any"/>
        </DayTypeAssignment>
        <DayTypeAssignment order="0" version="any" id="CA_BASSIN_DE_BRIVE:DayTypeAssignment:5_PS-LMJV85:LOC">
          <Date>2025-11-25</Date>
          <DayTypeRef ref="CA_BASSIN_DE_BRIVE:DayType:5_PS-LMJV:LOC" version="any"/>
        </DayTypeAssignment>
        <DayTypeAssignment order="0" version="any" id="CA_BASSIN_DE_BRIVE:DayTypeAssignment:5_PS-LMJV86:LOC">
          <Date>2025-11-27</Date>
          <DayTypeRef ref="CA_BASSIN_DE_BRIVE:DayType:5_PS-LMJV:LOC" version="any"/>
        </DayTypeAssignment>
        <DayTypeAssignment order="0" version="any" id="CA_BASSIN_DE_BRIVE:DayTypeAssignment:5_PS-LMJV87:LOC">
          <Date>2025-11-28</Date>
          <DayTypeRef ref="CA_BASSIN_DE_BRIVE:DayType:5_PS-LMJV:LOC" version="any"/>
        </DayTypeAssignment>
        <DayTypeAssignment order="0" version="any" id="CA_BASSIN_DE_BRIVE:DayTypeAssignment:5_PS-LMJV88:LOC">
          <Date>2025-12-01</Date>
          <DayTypeRef ref="CA_BASSIN_DE_BRIVE:DayType:5_PS-LMJV:LOC" version="any"/>
        </DayTypeAssignment>
        <DayTypeAssignment order="0" version="any" id="CA_BASSIN_DE_BRIVE:DayTypeAssignment:5_PS-LMJV89:LOC">
          <Date>2025-12-02</Date>
          <DayTypeRef ref="CA_BASSIN_DE_BRIVE:DayType:5_PS-LMJV:LOC" version="any"/>
        </DayTypeAssignment>
        <DayTypeAssignment order="0" version="any" id="CA_BASSIN_DE_BRIVE:DayTypeAssignment:5_PS-LMJV90:LOC">
          <Date>2025-12-04</Date>
          <DayTypeRef ref="CA_BASSIN_DE_BRIVE:DayType:5_PS-LMJV:LOC" version="any"/>
        </DayTypeAssignment>
        <DayTypeAssignment order="0" version="any" id="CA_BASSIN_DE_BRIVE:DayTypeAssignment:5_PS-LMJV91:LOC">
          <Date>2025-12-05</Date>
          <DayTypeRef ref="CA_BASSIN_DE_BRIVE:DayType:5_PS-LMJV:LOC" version="any"/>
        </DayTypeAssignment>
        <DayTypeAssignment order="0" version="any" id="CA_BASSIN_DE_BRIVE:DayTypeAssignment:5_PS-LMJV92:LOC">
          <Date>2025-12-08</Date>
          <DayTypeRef ref="CA_BASSIN_DE_BRIVE:DayType:5_PS-LMJV:LOC" version="any"/>
        </DayTypeAssignment>
        <DayTypeAssignment order="0" version="any" id="CA_BASSIN_DE_BRIVE:DayTypeAssignment:5_PS-LMJV93:LOC">
          <Date>2025-12-09</Date>
          <DayTypeRef ref="CA_BASSIN_DE_BRIVE:DayType:5_PS-LMJV:LOC" version="any"/>
        </DayTypeAssignment>
        <DayTypeAssignment order="0" version="any" id="CA_BASSIN_DE_BRIVE:DayTypeAssignment:5_PS-LMJV94:LOC">
          <Date>2025-12-11</Date>
          <DayTypeRef ref="CA_BASSIN_DE_BRIVE:DayType:5_PS-LMJV:LOC" version="any"/>
        </DayTypeAssignment>
        <DayTypeAssignment order="0" version="any" id="CA_BASSIN_DE_BRIVE:DayTypeAssignment:5_PS-LMJV95:LOC">
          <Date>2025-12-12</Date>
          <DayTypeRef ref="CA_BASSIN_DE_BRIVE:DayType:5_PS-LMJV:LOC" version="any"/>
        </DayTypeAssignment>
        <DayTypeAssignment order="0" version="any" id="CA_BASSIN_DE_BRIVE:DayTypeAssignment:5_PS-LMJV96:LOC">
          <Date>2025-12-15</Date>
          <DayTypeRef ref="CA_BASSIN_DE_BRIVE:DayType:5_PS-LMJV:LOC" version="any"/>
        </DayTypeAssignment>
        <DayTypeAssignment order="0" version="any" id="CA_BASSIN_DE_BRIVE:DayTypeAssignment:5_PS-LMJV97:LOC">
          <Date>2025-12-16</Date>
          <DayTypeRef ref="CA_BASSIN_DE_BRIVE:DayType:5_PS-LMJV:LOC" version="any"/>
        </DayTypeAssignment>
        <DayTypeAssignment order="0" version="any" id="CA_BASSIN_DE_BRIVE:DayTypeAssignment:5_PS-LMJV98:LOC">
          <Date>2025-12-18</Date>
          <DayTypeRef ref="CA_BASSIN_DE_BRIVE:DayType:5_PS-LMJV:LOC" version="any"/>
        </DayTypeAssignment>
        <DayTypeAssignment order="0" version="any" id="CA_BASSIN_DE_BRIVE:DayTypeAssignment:5_PS-LMJV99:LOC">
          <Date>2025-12-19</Date>
          <DayTypeRef ref="CA_BASSIN_DE_BRIVE:DayType:5_PS-LMJV:LOC" version="any"/>
        </DayTypeAssignment>
        <DayTypeAssignment order="0" version="any" id="CA_BASSIN_DE_BRIVE:DayTypeAssignment:6_PS-Me181:LOC">
          <Date>2025-09-03</Date>
          <DayTypeRef ref="CA_BASSIN_DE_BRIVE:DayType:6_PS-Me:LOC" version="any"/>
        </DayTypeAssignment>
        <DayTypeAssignment order="0" version="any" id="CA_BASSIN_DE_BRIVE:DayTypeAssignment:6_PS-Me182:LOC">
          <Date>2025-09-10</Date>
          <DayTypeRef ref="CA_BASSIN_DE_BRIVE:DayType:6_PS-Me:LOC" version="any"/>
        </DayTypeAssignment>
        <DayTypeAssignment order="0" version="any" id="CA_BASSIN_DE_BRIVE:DayTypeAssignment:6_PS-Me183:LOC">
          <Date>2025-09-17</Date>
          <DayTypeRef ref="CA_BASSIN_DE_BRIVE:DayType:6_PS-Me:LOC" version="any"/>
        </DayTypeAssignment>
        <DayTypeAssignment order="0" version="any" id="CA_BASSIN_DE_BRIVE:DayTypeAssignment:6_PS-Me184:LOC">
          <Date>2025-09-24</Date>
          <DayTypeRef ref="CA_BASSIN_DE_BRIVE:DayType:6_PS-Me:LOC" version="any"/>
        </DayTypeAssignment>
        <DayTypeAssignment order="0" version="any" id="CA_BASSIN_DE_BRIVE:DayTypeAssignment:6_PS-Me185:LOC">
          <Date>2025-10-01</Date>
          <DayTypeRef ref="CA_BASSIN_DE_BRIVE:DayType:6_PS-Me:LOC" version="any"/>
        </DayTypeAssignment>
        <DayTypeAssignment order="0" version="any" id="CA_BASSIN_DE_BRIVE:DayTypeAssignment:6_PS-Me186:LOC">
          <Date>2025-10-08</Date>
          <DayTypeRef ref="CA_BASSIN_DE_BRIVE:DayType:6_PS-Me:LOC" version="any"/>
        </DayTypeAssignment>
        <DayTypeAssignment order="0" version="any" id="CA_BASSIN_DE_BRIVE:DayTypeAssignment:6_PS-Me187:LOC">
          <Date>2025-10-15</Date>
          <DayTypeRef ref="CA_BASSIN_DE_BRIVE:DayType:6_PS-Me:LOC" version="any"/>
        </DayTypeAssignment>
        <DayTypeAssignment order="0" version="any" id="CA_BASSIN_DE_BRIVE:DayTypeAssignment:6_PS-Me188:LOC">
          <Date>2025-11-05</Date>
          <DayTypeRef ref="CA_BASSIN_DE_BRIVE:DayType:6_PS-Me:LOC" version="any"/>
        </DayTypeAssignment>
        <DayTypeAssignment order="0" version="any" id="CA_BASSIN_DE_BRIVE:DayTypeAssignment:6_PS-Me189:LOC">
          <Date>2025-11-12</Date>
          <DayTypeRef ref="CA_BASSIN_DE_BRIVE:DayType:6_PS-Me:LOC" version="any"/>
        </DayTypeAssignment>
        <DayTypeAssignment order="0" version="any" id="CA_BASSIN_DE_BRIVE:DayTypeAssignment:6_PS-Me190:LOC">
          <Date>2025-11-19</Date>
          <DayTypeRef ref="CA_BASSIN_DE_BRIVE:DayType:6_PS-Me:LOC" version="any"/>
        </DayTypeAssignment>
        <DayTypeAssignment order="0" version="any" id="CA_BASSIN_DE_BRIVE:DayTypeAssignment:6_PS-Me191:LOC">
          <Date>2025-11-26</Date>
          <DayTypeRef ref="CA_BASSIN_DE_BRIVE:DayType:6_PS-Me:LOC" version="any"/>
        </DayTypeAssignment>
        <DayTypeAssignment order="0" version="any" id="CA_BASSIN_DE_BRIVE:DayTypeAssignment:6_PS-Me192:LOC">
          <Date>2025-12-03</Date>
          <DayTypeRef ref="CA_BASSIN_DE_BRIVE:DayType:6_PS-Me:LOC" version="any"/>
        </DayTypeAssignment>
        <DayTypeAssignment order="0" version="any" id="CA_BASSIN_DE_BRIVE:DayTypeAssignment:6_PS-Me193:LOC">
          <Date>2025-12-10</Date>
          <DayTypeRef ref="CA_BASSIN_DE_BRIVE:DayType:6_PS-Me:LOC" version="any"/>
        </DayTypeAssignment>
        <DayTypeAssignment order="0" version="any" id="CA_BASSIN_DE_BRIVE:DayTypeAssignment:6_PS-Me194:LOC">
          <Date>2025-12-17</Date>
          <DayTypeRef ref="CA_BASSIN_DE_BRIVE:DayType:6_PS-Me:LOC" version="any"/>
        </DayTypeAssignment>
        <DayTypeAssignment order="0" version="any" id="CA_BASSIN_DE_BRIVE:DayTypeAssignment:6_PS-Me195:LOC">
          <Date>2026-01-07</Date>
          <DayTypeRef ref="CA_BASSIN_DE_BRIVE:DayType:6_PS-Me:LOC" version="any"/>
        </DayTypeAssignment>
        <DayTypeAssignment order="0" version="any" id="CA_BASSIN_DE_BRIVE:DayTypeAssignment:6_PS-Me196:LOC">
          <Date>2026-01-14</Date>
          <DayTypeRef ref="CA_BASSIN_DE_BRIVE:DayType:6_PS-Me:LOC" version="any"/>
        </DayTypeAssignment>
        <DayTypeAssignment order="0" version="any" id="CA_BASSIN_DE_BRIVE:DayTypeAssignment:6_PS-Me197:LOC">
          <Date>2026-01-21</Date>
          <DayTypeRef ref="CA_BASSIN_DE_BRIVE:DayType:6_PS-Me:LOC" version="any"/>
        </DayTypeAssignment>
        <DayTypeAssignment order="0" version="any" id="CA_BASSIN_DE_BRIVE:DayTypeAssignment:6_PS-Me198:LOC">
          <Date>2026-01-28</Date>
          <DayTypeRef ref="CA_BASSIN_DE_BRIVE:DayType:6_PS-Me:LOC" version="any"/>
        </DayTypeAssignment>
        <DayTypeAssignment order="0" version="any" id="CA_BASSIN_DE_BRIVE:DayTypeAssignment:6_PS-Me199:LOC">
          <Date>2026-02-04</Date>
          <DayTypeRef ref="CA_BASSIN_DE_BRIVE:DayType:6_PS-Me:LOC" version="any"/>
        </DayTypeAssignment>
        <DayTypeAssignment order="0" version="any" id="CA_BASSIN_DE_BRIVE:DayTypeAssignment:6_PS-Me200:LOC">
          <Date>2026-02-25</Date>
          <DayTypeRef ref="CA_BASSIN_DE_BRIVE:DayType:6_PS-Me:LOC" version="any"/>
        </DayTypeAssignment>
        <DayTypeAssignment order="0" version="any" id="CA_BASSIN_DE_BRIVE:DayTypeAssignment:6_PS-Me201:LOC">
          <Date>2026-03-04</Date>
          <DayTypeRef ref="CA_BASSIN_DE_BRIVE:DayType:6_PS-Me:LOC" version="any"/>
        </DayTypeAssignment>
        <DayTypeAssignment order="0" version="any" id="CA_BASSIN_DE_BRIVE:DayTypeAssignment:6_PS-Me202:LOC">
          <Date>2026-03-11</Date>
          <DayTypeRef ref="CA_BASSIN_DE_BRIVE:DayType:6_PS-Me:LOC" version="any"/>
        </DayTypeAssignment>
        <DayTypeAssignment order="0" version="any" id="CA_BASSIN_DE_BRIVE:DayTypeAssignment:6_PS-Me203:LOC">
          <Date>2026-03-18</Date>
          <DayTypeRef ref="CA_BASSIN_DE_BRIVE:DayType:6_PS-Me:LOC" version="any"/>
        </DayTypeAssignment>
        <DayTypeAssignment order="0" version="any" id="CA_BASSIN_DE_BRIVE:DayTypeAssignment:6_PS-Me204:LOC">
          <Date>2026-03-25</Date>
          <DayTypeRef ref="CA_BASSIN_DE_BRIVE:DayType:6_PS-Me:LOC" version="any"/>
        </DayTypeAssignment>
        <DayTypeAssignment order="0" version="any" id="CA_BASSIN_DE_BRIVE:DayTypeAssignment:6_PS-Me205:LOC">
          <Date>2026-04-01</Date>
          <DayTypeRef ref="CA_BASSIN_DE_BRIVE:DayType:6_PS-Me:LOC" version="any"/>
        </DayTypeAssignment>
        <DayTypeAssignment order="0" version="any" id="CA_BASSIN_DE_BRIVE:DayTypeAssignment:6_PS-Me206:LOC">
          <Date>2026-04-22</Date>
          <DayTypeRef ref="CA_BASSIN_DE_BRIVE:DayType:6_PS-Me:LOC" version="any"/>
        </DayTypeAssignment>
        <DayTypeAssignment order="0" version="any" id="CA_BASSIN_DE_BRIVE:DayTypeAssignment:6_PS-Me207:LOC">
          <Date>2026-04-29</Date>
          <DayTypeRef ref="CA_BASSIN_DE_BRIVE:DayType:6_PS-Me:LOC" version="any"/>
        </DayTypeAssignment>
        <DayTypeAssignment order="0" version="any" id="CA_BASSIN_DE_BRIVE:DayTypeAssignment:6_PS-Me208:LOC">
          <Date>2026-05-06</Date>
          <DayTypeRef ref="CA_BASSIN_DE_BRIVE:DayType:6_PS-Me:LOC" version="any"/>
        </DayTypeAssignment>
        <DayTypeAssignment order="0" version="any" id="CA_BASSIN_DE_BRIVE:DayTypeAssignment:6_PS-Me209:LOC">
          <Date>2026-05-13</Date>
          <DayTypeRef ref="CA_BASSIN_DE_BRIVE:DayType:6_PS-Me:LOC" version="any"/>
        </DayTypeAssignment>
        <DayTypeAssignment order="0" version="any" id="CA_BASSIN_DE_BRIVE:DayTypeAssignment:6_PS-Me210:LOC">
          <Date>2026-05-20</Date>
          <DayTypeRef ref="CA_BASSIN_DE_BRIVE:DayType:6_PS-Me:LOC" version="any"/>
        </DayTypeAssignment>
        <DayTypeAssignment order="0" version="any" id="CA_BASSIN_DE_BRIVE:DayTypeAssignment:6_PS-Me211:LOC">
          <Date>2026-05-27</Date>
          <DayTypeRef ref="CA_BASSIN_DE_BRIVE:DayType:6_PS-Me:LOC" version="any"/>
        </DayTypeAssignment>
        <DayTypeAssignment order="0" version="any" id="CA_BASSIN_DE_BRIVE:DayTypeAssignment:6_PS-Me212:LOC">
          <Date>2026-06-03</Date>
          <DayTypeRef ref="CA_BASSIN_DE_BRIVE:DayType:6_PS-Me:LOC" version="any"/>
        </DayTypeAssignment>
        <DayTypeAssignment order="0" version="any" id="CA_BASSIN_DE_BRIVE:DayTypeAssignment:6_PS-Me213:LOC">
          <Date>2026-06-10</Date>
          <DayTypeRef ref="CA_BASSIN_DE_BRIVE:DayType:6_PS-Me:LOC" version="any"/>
        </DayTypeAssignment>
        <DayTypeAssignment order="0" version="any" id="CA_BASSIN_DE_BRIVE:DayTypeAssignment:6_PS-Me214:LOC">
          <Date>2026-06-17</Date>
          <DayTypeRef ref="CA_BASSIN_DE_BRIVE:DayType:6_PS-Me:LOC" version="any"/>
        </DayTypeAssignment>
        <DayTypeAssignment order="0" version="any" id="CA_BASSIN_DE_BRIVE:DayTypeAssignment:6_PS-Me215:LOC">
          <Date>2026-06-24</Date>
          <DayTypeRef ref="CA_BASSIN_DE_BRIVE:DayType:6_PS-Me:LOC" version="any"/>
        </DayTypeAssignment>
        <DayTypeAssignment order="0" version="any" id="CA_BASSIN_DE_BRIVE:DayTypeAssignment:7_PS_Samedi0:LOC">
          <Date>2025-09-06</Date>
          <DayTypeRef ref="CA_BASSIN_DE_BRIVE:DayType:7_PS_Samedi:LOC" version="any"/>
        </DayTypeAssignment>
        <DayTypeAssignment order="0" version="any" id="CA_BASSIN_DE_BRIVE:DayTypeAssignment:7_PS_Samedi10:LOC">
          <Date>2025-11-22</Date>
          <DayTypeRef ref="CA_BASSIN_DE_BRIVE:DayType:7_PS_Samedi:LOC" version="any"/>
        </DayTypeAssignment>
        <DayTypeAssignment order="0" version="any" id="CA_BASSIN_DE_BRIVE:DayTypeAssignment:7_PS_Samedi11:LOC">
          <Date>2025-11-29</Date>
          <DayTypeRef ref="CA_BASSIN_DE_BRIVE:DayType:7_PS_Samedi:LOC" version="any"/>
        </DayTypeAssignment>
        <DayTypeAssignment order="0" version="any" id="CA_BASSIN_DE_BRIVE:DayTypeAssignment:7_PS_Samedi12:LOC">
          <Date>2025-12-06</Date>
          <DayTypeRef ref="CA_BASSIN_DE_BRIVE:DayType:7_PS_Samedi:LOC" version="any"/>
        </DayTypeAssignment>
        <DayTypeAssignment order="0" version="any" id="CA_BASSIN_DE_BRIVE:DayTypeAssignment:7_PS_Samedi13:LOC">
          <Date>2025-12-13</Date>
          <DayTypeRef ref="CA_BASSIN_DE_BRIVE:DayType:7_PS_Samedi:LOC" version="any"/>
        </DayTypeAssignment>
        <DayTypeAssignment order="0" version="any" id="CA_BASSIN_DE_BRIVE:DayTypeAssignment:7_PS_Samedi14:LOC">
          <Date>2025-12-20</Date>
          <DayTypeRef ref="CA_BASSIN_DE_BRIVE:DayType:7_PS_Samedi:LOC" version="any"/>
        </DayTypeAssignment>
        <DayTypeAssignment order="0" version="any" id="CA_BASSIN_DE_BRIVE:DayTypeAssignment:7_PS_Samedi15:LOC">
          <Date>2025-12-27</Date>
          <DayTypeRef ref="CA_BASSIN_DE_BRIVE:DayType:7_PS_Samedi:LOC" version="any"/>
        </DayTypeAssignment>
        <DayTypeAssignment order="0" version="any" id="CA_BASSIN_DE_BRIVE:DayTypeAssignment:7_PS_Samedi16:LOC">
          <Date>2026-01-03</Date>
          <DayTypeRef ref="CA_BASSIN_DE_BRIVE:DayType:7_PS_Samedi:LOC" version="any"/>
        </DayTypeAssignment>
        <DayTypeAssignment order="0" version="any" id="CA_BASSIN_DE_BRIVE:DayTypeAssignment:7_PS_Samedi17:LOC">
          <Date>2026-01-10</Date>
          <DayTypeRef ref="CA_BASSIN_DE_BRIVE:DayType:7_PS_Samedi:LOC" version="any"/>
        </DayTypeAssignment>
        <DayTypeAssignment order="0" version="any" id="CA_BASSIN_DE_BRIVE:DayTypeAssignment:7_PS_Samedi18:LOC">
          <Date>2026-01-17</Date>
          <DayTypeRef ref="CA_BASSIN_DE_BRIVE:DayType:7_PS_Samedi:LOC" version="any"/>
        </DayTypeAssignment>
        <DayTypeAssignment order="0" version="any" id="CA_BASSIN_DE_BRIVE:DayTypeAssignment:7_PS_Samedi19:LOC">
          <Date>2026-01-24</Date>
          <DayTypeRef ref="CA_BASSIN_DE_BRIVE:DayType:7_PS_Samedi:LOC" version="any"/>
        </DayTypeAssignment>
        <DayTypeAssignment order="0" version="any" id="CA_BASSIN_DE_BRIVE:DayTypeAssignment:7_PS_Samedi1:LOC">
          <Date>2025-09-13</Date>
          <DayTypeRef ref="CA_BASSIN_DE_BRIVE:DayType:7_PS_Samedi:LOC" version="any"/>
        </DayTypeAssignment>
        <DayTypeAssignment order="0" version="any" id="CA_BASSIN_DE_BRIVE:DayTypeAssignment:7_PS_Samedi20:LOC">
          <Date>2026-01-31</Date>
          <DayTypeRef ref="CA_BASSIN_DE_BRIVE:DayType:7_PS_Samedi:LOC" version="any"/>
        </DayTypeAssignment>
        <DayTypeAssignment order="0" version="any" id="CA_BASSIN_DE_BRIVE:DayTypeAssignment:7_PS_Samedi21:LOC">
          <Date>2026-02-07</Date>
          <DayTypeRef ref="CA_BASSIN_DE_BRIVE:DayType:7_PS_Samedi:LOC" version="any"/>
        </DayTypeAssignment>
        <DayTypeAssignment order="0" version="any" id="CA_BASSIN_DE_BRIVE:DayTypeAssignment:7_PS_Samedi22:LOC">
          <Date>2026-02-14</Date>
          <DayTypeRef ref="CA_BASSIN_DE_BRIVE:DayType:7_PS_Samedi:LOC" version="any"/>
        </DayTypeAssignment>
        <DayTypeAssignment order="0" version="any" id="CA_BASSIN_DE_BRIVE:DayTypeAssignment:7_PS_Samedi23:LOC">
          <Date>2026-02-21</Date>
          <DayTypeRef ref="CA_BASSIN_DE_BRIVE:DayType:7_PS_Samedi:LOC" version="any"/>
        </DayTypeAssignment>
        <DayTypeAssignment order="0" version="any" id="CA_BASSIN_DE_BRIVE:DayTypeAssignment:7_PS_Samedi24:LOC">
          <Date>2026-02-28</Date>
          <DayTypeRef ref="CA_BASSIN_DE_BRIVE:DayType:7_PS_Samedi:LOC" version="any"/>
        </DayTypeAssignment>
        <DayTypeAssignment order="0" version="any" id="CA_BASSIN_DE_BRIVE:DayTypeAssignment:7_PS_Samedi25:LOC">
          <Date>2026-03-07</Date>
          <DayTypeRef ref="CA_BASSIN_DE_BRIVE:DayType:7_PS_Samedi:LOC" version="any"/>
        </DayTypeAssignment>
        <DayTypeAssignment order="0" version="any" id="CA_BASSIN_DE_BRIVE:DayTypeAssignment:7_PS_Samedi26:LOC">
          <Date>2026-03-14</Date>
          <DayTypeRef ref="CA_BASSIN_DE_BRIVE:DayType:7_PS_Samedi:LOC" version="any"/>
        </DayTypeAssignment>
        <DayTypeAssignment order="0" version="any" id="CA_BASSIN_DE_BRIVE:DayTypeAssignment:7_PS_Samedi27:LOC">
          <Date>2026-03-21</Date>
          <DayTypeRef ref="CA_BASSIN_DE_BRIVE:DayType:7_PS_Samedi:LOC" version="any"/>
        </DayTypeAssignment>
        <DayTypeAssignment order="0" version="any" id="CA_BASSIN_DE_BRIVE:DayTypeAssignment:7_PS_Samedi28:LOC">
          <Date>2026-03-28</Date>
          <DayTypeRef ref="CA_BASSIN_DE_BRIVE:DayType:7_PS_Samedi:LOC" version="any"/>
        </DayTypeAssignment>
        <DayTypeAssignment order="0" version="any" id="CA_BASSIN_DE_BRIVE:DayTypeAssignment:7_PS_Samedi29:LOC">
          <Date>2026-04-04</Date>
          <DayTypeRef ref="CA_BASSIN_DE_BRIVE:DayType:7_PS_Samedi:LOC" version="any"/>
        </DayTypeAssignment>
        <DayTypeAssignment order="0" version="any" id="CA_BASSIN_DE_BRIVE:DayTypeAssignment:7_PS_Samedi2:LOC">
          <Date>2025-09-20</Date>
          <DayTypeRef ref="CA_BASSIN_DE_BRIVE:DayType:7_PS_Samedi:LOC" version="any"/>
        </DayTypeAssignment>
        <DayTypeAssignment order="0" version="any" id="CA_BASSIN_DE_BRIVE:DayTypeAssignment:7_PS_Samedi30:LOC">
          <Date>2026-04-11</Date>
          <DayTypeRef ref="CA_BASSIN_DE_BRIVE:DayType:7_PS_Samedi:LOC" version="any"/>
        </DayTypeAssignment>
        <DayTypeAssignment order="0" version="any" id="CA_BASSIN_DE_BRIVE:DayTypeAssignment:7_PS_Samedi31:LOC">
          <Date>2026-04-18</Date>
          <DayTypeRef ref="CA_BASSIN_DE_BRIVE:DayType:7_PS_Samedi:LOC" version="any"/>
        </DayTypeAssignment>
        <DayTypeAssignment order="0" version="any" id="CA_BASSIN_DE_BRIVE:DayTypeAssignment:7_PS_Samedi32:LOC">
          <Date>2026-04-25</Date>
          <DayTypeRef ref="CA_BASSIN_DE_BRIVE:DayType:7_PS_Samedi:LOC" version="any"/>
        </DayTypeAssignment>
        <DayTypeAssignment order="0" version="any" id="CA_BASSIN_DE_BRIVE:DayTypeAssignment:7_PS_Samedi33:LOC">
          <Date>2026-05-02</Date>
          <DayTypeRef ref="CA_BASSIN_DE_BRIVE:DayType:7_PS_Samedi:LOC" version="any"/>
        </DayTypeAssignment>
        <DayTypeAssignment order="0" version="any" id="CA_BASSIN_DE_BRIVE:DayTypeAssignment:7_PS_Samedi34:LOC">
          <Date>2026-05-09</Date>
          <DayTypeRef ref="CA_BASSIN_DE_BRIVE:DayType:7_PS_Samedi:LOC" version="any"/>
        </DayTypeAssignment>
        <DayTypeAssignment order="0" version="any" id="CA_BASSIN_DE_BRIVE:DayTypeAssignment:7_PS_Samedi35:LOC">
          <Date>2026-05-16</Date>
          <DayTypeRef ref="CA_BASSIN_DE_BRIVE:DayType:7_PS_Samedi:LOC" version="any"/>
        </DayTypeAssignment>
        <DayTypeAssignment order="0" version="any" id="CA_BASSIN_DE_BRIVE:DayTypeAssignment:7_PS_Samedi36:LOC">
          <Date>2026-05-23</Date>
          <DayTypeRef ref="CA_BASSIN_DE_BRIVE:DayType:7_PS_Samedi:LOC" version="any"/>
        </DayTypeAssignment>
        <DayTypeAssignment order="0" version="any" id="CA_BASSIN_DE_BRIVE:DayTypeAssignment:7_PS_Samedi37:LOC">
          <Date>2026-05-30</Date>
          <DayTypeRef ref="CA_BASSIN_DE_BRIVE:DayType:7_PS_Samedi:LOC" version="any"/>
        </DayTypeAssignment>
        <DayTypeAssignment order="0" version="any" id="CA_BASSIN_DE_BRIVE:DayTypeAssignment:7_PS_Samedi38:LOC">
          <Date>2026-06-06</Date>
          <DayTypeRef ref="CA_BASSIN_DE_BRIVE:DayType:7_PS_Samedi:LOC" version="any"/>
        </DayTypeAssignment>
        <DayTypeAssignment order="0" version="any" id="CA_BASSIN_DE_BRIVE:DayTypeAssignment:7_PS_Samedi39:LOC">
          <Date>2026-06-13</Date>
          <DayTypeRef ref="CA_BASSIN_DE_BRIVE:DayType:7_PS_Samedi:LOC" version="any"/>
        </DayTypeAssignment>
        <DayTypeAssignment order="0" version="any" id="CA_BASSIN_DE_BRIVE:DayTypeAssignment:7_PS_Samedi3:LOC">
          <Date>2025-09-27</Date>
          <DayTypeRef ref="CA_BASSIN_DE_BRIVE:DayType:7_PS_Samedi:LOC" version="any"/>
        </DayTypeAssignment>
        <DayTypeAssignment order="0" version="any" id="CA_BASSIN_DE_BRIVE:DayTypeAssignment:7_PS_Samedi40:LOC">
          <Date>2026-06-20</Date>
          <DayTypeRef ref="CA_BASSIN_DE_BRIVE:DayType:7_PS_Samedi:LOC" version="any"/>
        </DayTypeAssignment>
        <DayTypeAssignment order="0" version="any" id="CA_BASSIN_DE_BRIVE:DayTypeAssignment:7_PS_Samedi41:LOC">
          <Date>2026-06-27</Date>
          <DayTypeRef ref="CA_BASSIN_DE_BRIVE:DayType:7_PS_Samedi:LOC" version="any"/>
        </DayTypeAssignment>
        <DayTypeAssignment order="0" version="any" id="CA_BASSIN_DE_BRIVE:DayTypeAssignment:7_PS_Samedi4:LOC">
          <Date>2025-10-04</Date>
          <DayTypeRef ref="CA_BASSIN_DE_BRIVE:DayType:7_PS_Samedi:LOC" version="any"/>
        </DayTypeAssignment>
        <DayTypeAssignment order="0" version="any" id="CA_BASSIN_DE_BRIVE:DayTypeAssignment:7_PS_Samedi5:LOC">
          <Date>2025-10-11</Date>
          <DayTypeRef ref="CA_BASSIN_DE_BRIVE:DayType:7_PS_Samedi:LOC" version="any"/>
        </DayTypeAssignment>
        <DayTypeAssignment order="0" version="any" id="CA_BASSIN_DE_BRIVE:DayTypeAssignment:7_PS_Samedi6:LOC">
          <Date>2025-10-18</Date>
          <DayTypeRef ref="CA_BASSIN_DE_BRIVE:DayType:7_PS_Samedi:LOC" version="any"/>
        </DayTypeAssignment>
        <DayTypeAssignment order="0" version="any" id="CA_BASSIN_DE_BRIVE:DayTypeAssignment:7_PS_Samedi7:LOC">
          <Date>2025-10-25</Date>
          <DayTypeRef ref="CA_BASSIN_DE_BRIVE:DayType:7_PS_Samedi:LOC" version="any"/>
        </DayTypeAssignment>
        <DayTypeAssignment order="0" version="any" id="CA_BASSIN_DE_BRIVE:DayTypeAssignment:7_PS_Samedi8:LOC">
          <Date>2025-11-08</Date>
          <DayTypeRef ref="CA_BASSIN_DE_BRIVE:DayType:7_PS_Samedi:LOC" version="any"/>
        </DayTypeAssignment>
        <DayTypeAssignment order="0" version="any" id="CA_BASSIN_DE_BRIVE:DayTypeAssignment:7_PS_Samedi9:LOC">
          <Date>2025-11-15</Date>
          <DayTypeRef ref="CA_BASSIN_DE_BRIVE:DayType:7_PS_Samedi:LOC" version="any"/>
        </DayTypeAssignment>
        <DayTypeAssignment order="0" version="any" id="CA_BASSIN_DE_BRIVE:DayTypeAssignment:8_PVS-LMWJV216:LOC">
          <Date>2025-10-20</Date>
          <DayTypeRef ref="CA_BASSIN_DE_BRIVE:DayType:8_PVS-LMWJV:LOC" version="any"/>
        </DayTypeAssignment>
        <DayTypeAssignment order="0" version="any" id="CA_BASSIN_DE_BRIVE:DayTypeAssignment:8_PVS-LMWJV217:LOC">
          <Date>2025-10-21</Date>
          <DayTypeRef ref="CA_BASSIN_DE_BRIVE:DayType:8_PVS-LMWJV:LOC" version="any"/>
        </DayTypeAssignment>
        <DayTypeAssignment order="0" version="any" id="CA_BASSIN_DE_BRIVE:DayTypeAssignment:8_PVS-LMWJV218:LOC">
          <Date>2025-10-22</Date>
          <DayTypeRef ref="CA_BASSIN_DE_BRIVE:DayType:8_PVS-LMWJV:LOC" version="any"/>
        </DayTypeAssignment>
        <DayTypeAssignment order="0" version="any" id="CA_BASSIN_DE_BRIVE:DayTypeAssignment:8_PVS-LMWJV219:LOC">
          <Date>2025-10-23</Date>
          <DayTypeRef ref="CA_BASSIN_DE_BRIVE:DayType:8_PVS-LMWJV:LOC" version="any"/>
        </DayTypeAssignment>
        <DayTypeAssignment order="0" version="any" id="CA_BASSIN_DE_BRIVE:DayTypeAssignment:8_PVS-LMWJV220:LOC">
          <Date>2025-10-24</Date>
          <DayTypeRef ref="CA_BASSIN_DE_BRIVE:DayType:8_PVS-LMWJV:LOC" version="any"/>
        </DayTypeAssignment>
        <DayTypeAssignment order="0" version="any" id="CA_BASSIN_DE_BRIVE:DayTypeAssignment:8_PVS-LMWJV221:LOC">
          <Date>2025-10-27</Date>
          <DayTypeRef ref="CA_BASSIN_DE_BRIVE:DayType:8_PVS-LMWJV:LOC" version="any"/>
        </DayTypeAssignment>
        <DayTypeAssignment order="0" version="any" id="CA_BASSIN_DE_BRIVE:DayTypeAssignment:8_PVS-LMWJV222:LOC">
          <Date>2025-10-28</Date>
          <DayTypeRef ref="CA_BASSIN_DE_BRIVE:DayType:8_PVS-LMWJV:LOC" version="any"/>
        </DayTypeAssignment>
        <DayTypeAssignment order="0" version="any" id="CA_BASSIN_DE_BRIVE:DayTypeAssignment:8_PVS-LMWJV223:LOC">
          <Date>2025-10-29</Date>
          <DayTypeRef ref="CA_BASSIN_DE_BRIVE:DayType:8_PVS-LMWJV:LOC" version="any"/>
        </DayTypeAssignment>
        <DayTypeAssignment order="0" version="any" id="CA_BASSIN_DE_BRIVE:DayTypeAssignment:8_PVS-LMWJV224:LOC">
          <Date>2025-10-30</Date>
          <DayTypeRef ref="CA_BASSIN_DE_BRIVE:DayType:8_PVS-LMWJV:LOC" version="any"/>
        </DayTypeAssignment>
        <DayTypeAssignment order="0" version="any" id="CA_BASSIN_DE_BRIVE:DayTypeAssignment:8_PVS-LMWJV225:LOC">
          <Date>2025-10-31</Date>
          <DayTypeRef ref="CA_BASSIN_DE_BRIVE:DayType:8_PVS-LMWJV:LOC" version="any"/>
        </DayTypeAssignment>
        <DayTypeAssignment order="0" version="any" id="CA_BASSIN_DE_BRIVE:DayTypeAssignment:8_PVS-LMWJV226:LOC">
          <Date>2025-12-22</Date>
          <DayTypeRef ref="CA_BASSIN_DE_BRIVE:DayType:8_PVS-LMWJV:LOC" version="any"/>
        </DayTypeAssignment>
        <DayTypeAssignment order="0" version="any" id="CA_BASSIN_DE_BRIVE:DayTypeAssignment:8_PVS-LMWJV227:LOC">
          <Date>2025-12-23</Date>
          <DayTypeRef ref="CA_BASSIN_DE_BRIVE:DayType:8_PVS-LMWJV:LOC" version="any"/>
        </DayTypeAssignment>
        <DayTypeAssignment order="0" version="any" id="CA_BASSIN_DE_BRIVE:DayTypeAssignment:8_PVS-LMWJV228:LOC">
          <Date>2025-12-24</Date>
          <DayTypeRef ref="CA_BASSIN_DE_BRIVE:DayType:8_PVS-LMWJV:LOC" version="any"/>
        </DayTypeAssignment>
        <DayTypeAssignment order="0" version="any" id="CA_BASSIN_DE_BRIVE:DayTypeAssignment:8_PVS-LMWJV229:LOC">
          <Date>2025-12-26</Date>
          <DayTypeRef ref="CA_BASSIN_DE_BRIVE:DayType:8_PVS-LMWJV:LOC" version="any"/>
        </DayTypeAssignment>
        <DayTypeAssignment order="0" version="any" id="CA_BASSIN_DE_BRIVE:DayTypeAssignment:8_PVS-LMWJV230:LOC">
          <Date>2025-12-29</Date>
          <DayTypeRef ref="CA_BASSIN_DE_BRIVE:DayType:8_PVS-LMWJV:LOC" version="any"/>
        </DayTypeAssignment>
        <DayTypeAssignment order="0" version="any" id="CA_BASSIN_DE_BRIVE:DayTypeAssignment:8_PVS-LMWJV231:LOC">
          <Date>2025-12-30</Date>
          <DayTypeRef ref="CA_BASSIN_DE_BRIVE:DayType:8_PVS-LMWJV:LOC" version="any"/>
        </DayTypeAssignment>
        <DayTypeAssignment order="0" version="any" id="CA_BASSIN_DE_BRIVE:DayTypeAssignment:8_PVS-LMWJV232:LOC">
          <Date>2025-12-31</Date>
          <DayTypeRef ref="CA_BASSIN_DE_BRIVE:DayType:8_PVS-LMWJV:LOC" version="any"/>
        </DayTypeAssignment>
        <DayTypeAssignment order="0" version="any" id="CA_BASSIN_DE_BRIVE:DayTypeAssignment:8_PVS-LMWJV233:LOC">
          <Date>2026-01-02</Date>
          <DayTypeRef ref="CA_BASSIN_DE_BRIVE:DayType:8_PVS-LMWJV:LOC" version="any"/>
        </DayTypeAssignment>
        <DayTypeAssignment order="0" version="any" id="CA_BASSIN_DE_BRIVE:DayTypeAssignment:8_PVS-LMWJV234:LOC">
          <Date>2026-02-09</Date>
          <DayTypeRef ref="CA_BASSIN_DE_BRIVE:DayType:8_PVS-LMWJV:LOC" version="any"/>
        </DayTypeAssignment>
        <DayTypeAssignment order="0" version="any" id="CA_BASSIN_DE_BRIVE:DayTypeAssignment:8_PVS-LMWJV235:LOC">
          <Date>2026-02-10</Date>
          <DayTypeRef ref="CA_BASSIN_DE_BRIVE:DayType:8_PVS-LMWJV:LOC" version="any"/>
        </DayTypeAssignment>
        <DayTypeAssignment order="0" version="any" id="CA_BASSIN_DE_BRIVE:DayTypeAssignment:8_PVS-LMWJV236:LOC">
          <Date>2026-02-11</Date>
          <DayTypeRef ref="CA_BASSIN_DE_BRIVE:DayType:8_PVS-LMWJV:LOC" version="any"/>
        </DayTypeAssignment>
        <DayTypeAssignment order="0" version="any" id="CA_BASSIN_DE_BRIVE:DayTypeAssignment:8_PVS-LMWJV237:LOC">
          <Date>2026-02-12</Date>
          <DayTypeRef ref="CA_BASSIN_DE_BRIVE:DayType:8_PVS-LMWJV:LOC" version="any"/>
        </DayTypeAssignment>
        <DayTypeAssignment order="0" version="any" id="CA_BASSIN_DE_BRIVE:DayTypeAssignment:8_PVS-LMWJV238:LOC">
          <Date>2026-02-13</Date>
          <DayTypeRef ref="CA_BASSIN_DE_BRIVE:DayType:8_PVS-LMWJV:LOC" version="any"/>
        </DayTypeAssignment>
        <DayTypeAssignment order="0" version="any" id="CA_BASSIN_DE_BRIVE:DayTypeAssignment:8_PVS-LMWJV239:LOC">
          <Date>2026-02-16</Date>
          <DayTypeRef ref="CA_BASSIN_DE_BRIVE:DayType:8_PVS-LMWJV:LOC" version="any"/>
        </DayTypeAssignment>
        <DayTypeAssignment order="0" version="any" id="CA_BASSIN_DE_BRIVE:DayTypeAssignment:8_PVS-LMWJV240:LOC">
          <Date>2026-02-17</Date>
          <DayTypeRef ref="CA_BASSIN_DE_BRIVE:DayType:8_PVS-LMWJV:LOC" version="any"/>
        </DayTypeAssignment>
        <DayTypeAssignment order="0" version="any" id="CA_BASSIN_DE_BRIVE:DayTypeAssignment:8_PVS-LMWJV241:LOC">
          <Date>2026-02-18</Date>
          <DayTypeRef ref="CA_BASSIN_DE_BRIVE:DayType:8_PVS-LMWJV:LOC" version="any"/>
        </DayTypeAssignment>
        <DayTypeAssignment order="0" version="any" id="CA_BASSIN_DE_BRIVE:DayTypeAssignment:8_PVS-LMWJV242:LOC">
          <Date>2026-02-19</Date>
          <DayTypeRef ref="CA_BASSIN_DE_BRIVE:DayType:8_PVS-LMWJV:LOC" version="any"/>
        </DayTypeAssignment>
        <DayTypeAssignment order="0" version="any" id="CA_BASSIN_DE_BRIVE:DayTypeAssignment:8_PVS-LMWJV243:LOC">
          <Date>2026-02-20</Date>
          <DayTypeRef ref="CA_BASSIN_DE_BRIVE:DayType:8_PVS-LMWJV:LOC" version="any"/>
        </DayTypeAssignment>
        <DayTypeAssignment order="0" version="any" id="CA_BASSIN_DE_BRIVE:DayTypeAssignment:8_PVS-LMWJV244:LOC">
          <Date>2026-04-07</Date>
          <DayTypeRef ref="CA_BASSIN_DE_BRIVE:DayType:8_PVS-LMWJV:LOC" version="any"/>
        </DayTypeAssignment>
        <DayTypeAssignment order="0" version="any" id="CA_BASSIN_DE_BRIVE:DayTypeAssignment:8_PVS-LMWJV245:LOC">
          <Date>2026-04-08</Date>
          <DayTypeRef ref="CA_BASSIN_DE_BRIVE:DayType:8_PVS-LMWJV:LOC" version="any"/>
        </DayTypeAssignment>
        <DayTypeAssignment order="0" version="any" id="CA_BASSIN_DE_BRIVE:DayTypeAssignment:8_PVS-LMWJV246:LOC">
          <Date>2026-04-09</Date>
          <DayTypeRef ref="CA_BASSIN_DE_BRIVE:DayType:8_PVS-LMWJV:LOC" version="any"/>
        </DayTypeAssignment>
        <DayTypeAssignment order="0" version="any" id="CA_BASSIN_DE_BRIVE:DayTypeAssignment:8_PVS-LMWJV247:LOC">
          <Date>2026-04-10</Date>
          <DayTypeRef ref="CA_BASSIN_DE_BRIVE:DayType:8_PVS-LMWJV:LOC" version="any"/>
        </DayTypeAssignment>
        <DayTypeAssignment order="0" version="any" id="CA_BASSIN_DE_BRIVE:DayTypeAssignment:8_PVS-LMWJV248:LOC">
          <Date>2026-04-13</Date>
          <DayTypeRef ref="CA_BASSIN_DE_BRIVE:DayType:8_PVS-LMWJV:LOC" version="any"/>
        </DayTypeAssignment>
        <DayTypeAssignment order="0" version="any" id="CA_BASSIN_DE_BRIVE:DayTypeAssignment:8_PVS-LMWJV249:LOC">
          <Date>2026-04-14</Date>
          <DayTypeRef ref="CA_BASSIN_DE_BRIVE:DayType:8_PVS-LMWJV:LOC" version="any"/>
        </DayTypeAssignment>
        <DayTypeAssignment order="0" version="any" id="CA_BASSIN_DE_BRIVE:DayTypeAssignment:8_PVS-LMWJV250:LOC">
          <Date>2026-04-15</Date>
          <DayTypeRef ref="CA_BASSIN_DE_BRIVE:DayType:8_PVS-LMWJV:LOC" version="any"/>
        </DayTypeAssignment>
        <DayTypeAssignment order="0" version="any" id="CA_BASSIN_DE_BRIVE:DayTypeAssignment:8_PVS-LMWJV251:LOC">
          <Date>2026-04-16</Date>
          <DayTypeRef ref="CA_BASSIN_DE_BRIVE:DayType:8_PVS-LMWJV:LOC" version="any"/>
        </DayTypeAssignment>
        <DayTypeAssignment order="0" version="any" id="CA_BASSIN_DE_BRIVE:DayTypeAssignment:8_PVS-LMWJV252:LOC">
          <Date>2026-04-17</Date>
          <DayTypeRef ref="CA_BASSIN_DE_BRIVE:DayType:8_PVS-LMWJV:LOC" version="any"/>
        </DayTypeAssignment>
        <DayTypeAssignment order="0" version="any" id="CA_BASSIN_DE_BRIVE:DayTypeAssignment:8_PVS-LMWJV253:LOC">
          <Date>2026-05-15</Date>
          <DayTypeRef ref="CA_BASSIN_DE_BRIVE:DayType:8_PVS-LMWJV:LOC" version="any"/>
        </DayTypeAssignment>
        <DayTypeAssignment order="0" version="any" id="CA_BASSIN_DE_BRIVE:DayTypeAssignment:9_PSL10_t_-Me44:LOC">
          <Date>2026-07-01</Date>
          <DayTypeRef ref="CA_BASSIN_DE_BRIVE:DayType:9_PSL10_t_-Me:LOC" version="any"/>
        </DayTypeAssignment>
      </members>
    </GeneralFrame>
  </dataObjects>
</PublicationDelivery>