<?xml version="1.0" encoding="UTF-8"?>
<PublicationDelivery xmlns:xsd="http://www.w3.org/2001/XMLSchema" xmlns:xsi="http://www.w3.org/2001/XMLSchema-instance" xmlns:ifopt="http://www.ifopt.org.uk/ifopt" xmlns:siri="http://www.siri.org.uk/siri" xmlns:acbs="http://www.ifopt.org.uk/acsb" xmlns:gml="http://www.opengis.net/gml/3.2" xmlns="http://www.netex.org.uk/netex" version="1.04:FR1-NETEX-2.0">
   <PublicationTimestamp>2023-11-24T11:46:48Z</PublicationTimestamp>
   <ParticipantRef>109</ParticipantRef>
       <dataObjects>
               <GeneralFrame id="Aerobus:GeneralFrame:NETEX_CALENDRIER-20231124114648Z:LOC" version="any">
                       <ValidBetween>
                               <FromDate>2023-11-24T00:00:00</FromDate>
                               <ToDate>2024-04-28T23:59:59</ToDate>
                       </ValidBetween>
                       <TypeOfFrameRef ref="FR1:TypeOfFrame:NETEX_CALENDRIER:">version="1.04:FR1-NETEX_CALENDRIER-2.1"</TypeOfFrameRef>
                       <members>
                   <DayType id="Aerobus:DayType:1:LOC" version="any">
                            <Name>Day1</Name>
                   </DayType>
                   <DayTypeAssignment id="Aerobus:DayTypeAssignment:1:LOC" version="any" order="0">
                            <Date>2023-11-24</Date>
                            <DayTypeRef ref="Aerobus:DayType:1:LOC" version="any"/>
                   </DayTypeAssignment>
                   <DayType id="Aerobus:DayType:2:LOC" version="any">
                            <Name>Day2</Name>
                   </DayType>
                   <DayTypeAssignment id="Aerobus:DayTypeAssignment:2:LOC" version="any" order="0">
                            <Date>2023-11-25</Date>
                            <DayTypeRef ref="Aerobus:DayType:2:LOC" version="any"/>
                   </DayTypeAssignment>
                   <DayType id="Aerobus:DayType:3:LOC" version="any">
                            <Name>Day3</Name>
                   </DayType>
                   <DayTypeAssignment id="Aerobus:DayTypeAssignment:3:LOC" version="any" order="0">
                            <Date>2023-11-26</Date>
                            <DayTypeRef ref="Aerobus:DayType:3:LOC" version="any"/>
                   </DayTypeAssignment>
                   <DayType id="Aerobus:DayType:4:LOC" version="any">
                            <Name>Day4</Name>
                   </DayType>
                   <DayTypeAssignment id="Aerobus:DayTypeAssignment:4:LOC" version="any" order="0">
                            <Date>2023-11-27</Date>
                            <DayTypeRef ref="Aerobus:DayType:4:LOC" version="any"/>
                   </DayTypeAssignment>
                   <DayType id="Aerobus:DayType:5:LOC" version="any">
                            <Name>Day5</Name>
                   </DayType>
                   <DayTypeAssignment id="Aerobus:DayTypeAssignment:5:LOC" version="any" order="0">
                            <Date>2023-11-28</Date>
                            <DayTypeRef ref="Aerobus:DayType:5:LOC" version="any"/>
                   </DayTypeAssignment>
                   <DayType id="Aerobus:DayType:6:LOC" version="any">
                            <Name>Day6</Name>
                   </DayType>
                   <DayTypeAssignment id="Aerobus:DayTypeAssignment:6:LOC" version="any" order="0">
                            <Date>2023-11-29</Date>
                            <DayTypeRef ref="Aerobus:DayType:6:LOC" version="any"/>
                   </DayTypeAssignment>
                   <DayType id="Aerobus:DayType:7:LOC" version="any">
                            <Name>Day7</Name>
                   </DayType>
                   <DayTypeAssignment id="Aerobus:DayTypeAssignment:7:LOC" version="any" order="0">
                            <Date>2023-11-30</Date>
                            <DayTypeRef ref="Aerobus:DayType:7:LOC" version="any"/>
                   </DayTypeAssignment>
                   <DayType id="Aerobus:DayType:8:LOC" version="any">
                            <Name>Day8</Name>
                   </DayType>
                   <DayTypeAssignment id="Aerobus:DayTypeAssignment:8:LOC" version="any" order="0">
                            <Date>2023-12-01</Date>
                            <DayTypeRef ref="Aerobus:DayType:8:LOC" version="any"/>
                   </DayTypeAssignment>
                   <DayType id="Aerobus:DayType:9:LOC" version="any">
                            <Name>Day9</Name>
                   </DayType>
                   <DayTypeAssignment id="Aerobus:DayTypeAssignment:9:LOC" version="any" order="0">
                            <Date>2023-12-02</Date>
                            <DayTypeRef ref="Aerobus:DayType:9:LOC" version="any"/>
                   </DayTypeAssignment>
                   <DayType id="Aerobus:DayType:10:LOC" version="any">
                            <Name>Day10</Name>
                   </DayType>
                   <DayTypeAssignment id="Aerobus:DayTypeAssignment:10:LOC" version="any" order="0">
                            <Date>2023-12-03</Date>
                            <DayTypeRef ref="Aerobus:DayType:10:LOC" version="any"/>
                   </DayTypeAssignment>
                   <DayType id="Aerobus:DayType:11:LOC" version="any">
                            <Name>Day11</Name>
                   </DayType>
                   <DayTypeAssignment id="Aerobus:DayTypeAssignment:11:LOC" version="any" order="0">
                            <Date>2023-12-04</Date>
                            <DayTypeRef ref="Aerobus:DayType:11:LOC" version="any"/>
                   </DayTypeAssignment>
                   <DayType id="Aerobus:DayType:12:LOC" version="any">
                            <Name>Day12</Name>
                   </DayType>
                   <DayTypeAssignment id="Aerobus:DayTypeAssignment:12:LOC" version="any" order="0">
                            <Date>2023-12-05</Date>
                            <DayTypeRef ref="Aerobus:DayType:12:LOC" version="any"/>
                   </DayTypeAssignment>
                   <DayType id="Aerobus:DayType:13:LOC" version="any">
                            <Name>Day13</Name>
                   </DayType>
                   <DayTypeAssignment id="Aerobus:DayTypeAssignment:13:LOC" version="any" order="0">
                            <Date>2023-12-06</Date>
                            <DayTypeRef ref="Aerobus:DayType:13:LOC" version="any"/>
                   </DayTypeAssignment>
                   <DayType id="Aerobus:DayType:14:LOC" version="any">
                            <Name>Day14</Name>
                   </DayType>
                   <DayTypeAssignment id="Aerobus:DayTypeAssignment:14:LOC" version="any" order="0">
                            <Date>2023-12-07</Date>
                            <DayTypeRef ref="Aerobus:DayType:14:LOC" version="any"/>
                   </DayTypeAssignment>
                   <DayType id="Aerobus:DayType:15:LOC" version="any">
                            <Name>Day15</Name>
                   </DayType>
                   <DayTypeAssignment id="Aerobus:DayTypeAssignment:15:LOC" version="any" order="0">
                            <Date>2023-12-08</Date>
                            <DayTypeRef ref="Aerobus:DayType:15:LOC" version="any"/>
                   </DayTypeAssignment>
                   <DayType id="Aerobus:DayType:16:LOC" version="any">
                            <Name>Day16</Name>
                   </DayType>
                   <DayTypeAssignment id="Aerobus:DayTypeAssignment:16:LOC" version="any" order="0">
                            <Date>2023-12-09</Date>
                            <DayTypeRef ref="Aerobus:DayType:16:LOC" version="any"/>
                   </DayTypeAssignment>
                   <DayType id="Aerobus:DayType:17:LOC" version="any">
                            <Name>Day17</Name>
                   </DayType>
                   <DayTypeAssignment id="Aerobus:DayTypeAssignment:17:LOC" version="any" order="0">
                            <Date>2023-12-10</Date>
                            <DayTypeRef ref="Aerobus:DayType:17:LOC" version="any"/>
                   </DayTypeAssignment>
                   <DayType id="Aerobus:DayType:18:LOC" version="any">
                            <Name>Day18</Name>
                   </DayType>
                   <DayTypeAssignment id="Aerobus:DayTypeAssignment:18:LOC" version="any" order="0">
                            <Date>2023-12-11</Date>
                            <DayTypeRef ref="Aerobus:DayType:18:LOC" version="any"/>
                   </DayTypeAssignment>
                   <DayType id="Aerobus:DayType:19:LOC" version="any">
                            <Name>Day19</Name>
                   </DayType>
                   <DayTypeAssignment id="Aerobus:DayTypeAssignment:19:LOC" version="any" order="0">
                            <Date>2023-12-12</Date>
                            <DayTypeRef ref="Aerobus:DayType:19:LOC" version="any"/>
                   </DayTypeAssignment>
                   <DayType id="Aerobus:DayType:20:LOC" version="any">
                            <Name>Day20</Name>
                   </DayType>
                   <DayTypeAssignment id="Aerobus:DayTypeAssignment:20:LOC" version="any" order="0">
                            <Date>2023-12-13</Date>
                            <DayTypeRef ref="Aerobus:DayType:20:LOC" version="any"/>
                   </DayTypeAssignment>
                   <DayType id="Aerobus:DayType:21:LOC" version="any">
                            <Name>Day21</Name>
                   </DayType>
                   <DayTypeAssignment id="Aerobus:DayTypeAssignment:21:LOC" version="any" order="0">
                            <Date>2023-12-14</Date>
                            <DayTypeRef ref="Aerobus:DayType:21:LOC" version="any"/>
                   </DayTypeAssignment>
                   <DayType id="Aerobus:DayType:22:LOC" version="any">
                            <Name>Day22</Name>
                   </DayType>
                   <DayTypeAssignment id="Aerobus:DayTypeAssignment:22:LOC" version="any" order="0">
                            <Date>2023-12-15</Date>
                            <DayTypeRef ref="Aerobus:DayType:22:LOC" version="any"/>
                   </DayTypeAssignment>
                   <DayType id="Aerobus:DayType:23:LOC" version="any">
                            <Name>Day23</Name>
                   </DayType>
                   <DayTypeAssignment id="Aerobus:DayTypeAssignment:23:LOC" version="any" order="0">
                            <Date>2023-12-16</Date>
                            <DayTypeRef ref="Aerobus:DayType:23:LOC" version="any"/>
                   </DayTypeAssignment>
                   <DayType id="Aerobus:DayType:24:LOC" version="any">
                            <Name>Day24</Name>
                   </DayType>
                   <DayTypeAssignment id="Aerobus:DayTypeAssignment:24:LOC" version="any" order="0">
                            <Date>2023-12-17</Date>
                            <DayTypeRef ref="Aerobus:DayType:24:LOC" version="any"/>
                   </DayTypeAssignment>
                   <DayType id="Aerobus:DayType:25:LOC" version="any">
                            <Name>Day25</Name>
                   </DayType>
                   <DayTypeAssignment id="Aerobus:DayTypeAssignment:25:LOC" version="any" order="0">
                            <Date>2023-12-18</Date>
                            <DayTypeRef ref="Aerobus:DayType:25:LOC" version="any"/>
                   </DayTypeAssignment>
                   <DayType id="Aerobus:DayType:26:LOC" version="any">
                            <Name>Day26</Name>
                   </DayType>
                   <DayTypeAssignment id="Aerobus:DayTypeAssignment:26:LOC" version="any" order="0">
                            <Date>2023-12-19</Date>
                            <DayTypeRef ref="Aerobus:DayType:26:LOC" version="any"/>
                   </DayTypeAssignment>
                   <DayType id="Aerobus:DayType:27:LOC" version="any">
                            <Name>Day27</Name>
                   </DayType>
                   <DayTypeAssignment id="Aerobus:DayTypeAssignment:27:LOC" version="any" order="0">
                            <Date>2023-12-20</Date>
                            <DayTypeRef ref="Aerobus:DayType:27:LOC" version="any"/>
                   </DayTypeAssignment>
                   <DayType id="Aerobus:DayType:28:LOC" version="any">
                            <Name>Day28</Name>
                   </DayType>
                   <DayTypeAssignment id="Aerobus:DayTypeAssignment:28:LOC" version="any" order="0">
                            <Date>2023-12-21</Date>
                            <DayTypeRef ref="Aerobus:DayType:28:LOC" version="any"/>
                   </DayTypeAssignment>
                   <DayType id="Aerobus:DayType:29:LOC" version="any">
                            <Name>Day29</Name>
                   </DayType>
                   <DayTypeAssignment id="Aerobus:DayTypeAssignment:29:LOC" version="any" order="0">
                            <Date>2023-12-22</Date>
                            <DayTypeRef ref="Aerobus:DayType:29:LOC" version="any"/>
                   </DayTypeAssignment>
                   <DayType id="Aerobus:DayType:30:LOC" version="any">
                            <Name>Day30</Name>
                   </DayType>
                   <DayTypeAssignment id="Aerobus:DayTypeAssignment:30:LOC" version="any" order="0">
                            <Date>2023-12-23</Date>
                            <DayTypeRef ref="Aerobus:DayType:30:LOC" version="any"/>
                   </DayTypeAssignment>
                   <DayType id="Aerobus:DayType:31:LOC" version="any">
                            <Name>Day31</Name>
                   </DayType>
                   <DayTypeAssignment id="Aerobus:DayTypeAssignment:31:LOC" version="any" order="0">
                            <Date>2023-12-24</Date>
                            <DayTypeRef ref="Aerobus:DayType:31:LOC" version="any"/>
                   </DayTypeAssignment>
                   <DayType id="Aerobus:DayType:32:LOC" version="any">
                            <Name>Day32</Name>
                   </DayType>
                   <DayTypeAssignment id="Aerobus:DayTypeAssignment:32:LOC" version="any" order="0">
                            <Date>2023-12-25</Date>
                            <DayTypeRef ref="Aerobus:DayType:32:LOC" version="any"/>
                   </DayTypeAssignment>
                   <DayType id="Aerobus:DayType:33:LOC" version="any">
                            <Name>Day33</Name>
                   </DayType>
                   <DayTypeAssignment id="Aerobus:DayTypeAssignment:33:LOC" version="any" order="0">
                            <Date>2023-12-26</Date>
                            <DayTypeRef ref="Aerobus:DayType:33:LOC" version="any"/>
                   </DayTypeAssignment>
                   <DayType id="Aerobus:DayType:34:LOC" version="any">
                            <Name>Day34</Name>
                   </DayType>
                   <DayTypeAssignment id="Aerobus:DayTypeAssignment:34:LOC" version="any" order="0">
                            <Date>2023-12-27</Date>
                            <DayTypeRef ref="Aerobus:DayType:34:LOC" version="any"/>
                   </DayTypeAssignment>
                   <DayType id="Aerobus:DayType:35:LOC" version="any">
                            <Name>Day35</Name>
                   </DayType>
                   <DayTypeAssignment id="Aerobus:DayTypeAssignment:35:LOC" version="any" order="0">
                            <Date>2023-12-28</Date>
                            <DayTypeRef ref="Aerobus:DayType:35:LOC" version="any"/>
                   </DayTypeAssignment>
                   <DayType id="Aerobus:DayType:36:LOC" version="any">
                            <Name>Day36</Name>
                   </DayType>
                   <DayTypeAssignment id="Aerobus:DayTypeAssignment:36:LOC" version="any" order="0">
                            <Date>2023-12-29</Date>
                            <DayTypeRef ref="Aerobus:DayType:36:LOC" version="any"/>
                   </DayTypeAssignment>
                   <DayType id="Aerobus:DayType:37:LOC" version="any">
                            <Name>Day37</Name>
                   </DayType>
                   <DayTypeAssignment id="Aerobus:DayTypeAssignment:37:LOC" version="any" order="0">
                            <Date>2023-12-30</Date>
                            <DayTypeRef ref="Aerobus:DayType:37:LOC" version="any"/>
                   </DayTypeAssignment>
                   <DayType id="Aerobus:DayType:38:LOC" version="any">
                            <Name>Day38</Name>
                   </DayType>
                   <DayTypeAssignment id="Aerobus:DayTypeAssignment:38:LOC" version="any" order="0">
                            <Date>2023-12-31</Date>
                            <DayTypeRef ref="Aerobus:DayType:38:LOC" version="any"/>
                   </DayTypeAssignment>
                   <DayType id="Aerobus:DayType:39:LOC" version="any">
                            <Name>Day39</Name>
                   </DayType>
                   <DayTypeAssignment id="Aerobus:DayTypeAssignment:39:LOC" version="any" order="0">
                            <Date>2024-01-01</Date>
                            <DayTypeRef ref="Aerobus:DayType:39:LOC" version="any"/>
                   </DayTypeAssignment>
                   <DayType id="Aerobus:DayType:40:LOC" version="any">
                            <Name>Day40</Name>
                   </DayType>
                   <DayTypeAssignment id="Aerobus:DayTypeAssignment:40:LOC" version="any" order="0">
                            <Date>2024-01-02</Date>
                            <DayTypeRef ref="Aerobus:DayType:40:LOC" version="any"/>
                   </DayTypeAssignment>
                   <DayType id="Aerobus:DayType:41:LOC" version="any">
                            <Name>Day41</Name>
                   </DayType>
                   <DayTypeAssignment id="Aerobus:DayTypeAssignment:41:LOC" version="any" order="0">
                            <Date>2024-01-03</Date>
                            <DayTypeRef ref="Aerobus:DayType:41:LOC" version="any"/>
                   </DayTypeAssignment>
                   <DayType id="Aerobus:DayType:42:LOC" version="any">
                            <Name>Day42</Name>
                   </DayType>
                   <DayTypeAssignment id="Aerobus:DayTypeAssignment:42:LOC" version="any" order="0">
                            <Date>2024-01-04</Date>
                            <DayTypeRef ref="Aerobus:DayType:42:LOC" version="any"/>
                   </DayTypeAssignment>
                   <DayType id="Aerobus:DayType:43:LOC" version="any">
                            <Name>Day43</Name>
                   </DayType>
                   <DayTypeAssignment id="Aerobus:DayTypeAssignment:43:LOC" version="any" order="0">
                            <Date>2024-01-05</Date>
                            <DayTypeRef ref="Aerobus:DayType:43:LOC" version="any"/>
                   </DayTypeAssignment>
                   <DayType id="Aerobus:DayType:44:LOC" version="any">
                            <Name>Day44</Name>
                   </DayType>
                   <DayTypeAssignment id="Aerobus:DayTypeAssignment:44:LOC" version="any" order="0">
                            <Date>2024-01-06</Date>
                            <DayTypeRef ref="Aerobus:DayType:44:LOC" version="any"/>
                   </DayTypeAssignment>
                   <DayType id="Aerobus:DayType:45:LOC" version="any">
                            <Name>Day45</Name>
                   </DayType>
                   <DayTypeAssignment id="Aerobus:DayTypeAssignment:45:LOC" version="any" order="0">
                            <Date>2024-01-07</Date>
                            <DayTypeRef ref="Aerobus:DayType:45:LOC" version="any"/>
                   </DayTypeAssignment>
                   <DayType id="Aerobus:DayType:46:LOC" version="any">
                            <Name>Day46</Name>
                   </DayType>
                   <DayTypeAssignment id="Aerobus:DayTypeAssignment:46:LOC" version="any" order="0">
                            <Date>2024-01-08</Date>
                            <DayTypeRef ref="Aerobus:DayType:46:LOC" version="any"/>
                   </DayTypeAssignment>
                   <DayType id="Aerobus:DayType:47:LOC" version="any">
                            <Name>Day47</Name>
                   </DayType>
                   <DayTypeAssignment id="Aerobus:DayTypeAssignment:47:LOC" version="any" order="0">
                            <Date>2024-01-09</Date>
                            <DayTypeRef ref="Aerobus:DayType:47:LOC" version="any"/>
                   </DayTypeAssignment>
                   <DayType id="Aerobus:DayType:48:LOC" version="any">
                            <Name>Day48</Name>
                   </DayType>
                   <DayTypeAssignment id="Aerobus:DayTypeAssignment:48:LOC" version="any" order="0">
                            <Date>2024-01-10</Date>
                            <DayTypeRef ref="Aerobus:DayType:48:LOC" version="any"/>
                   </DayTypeAssignment>
                   <DayType id="Aerobus:DayType:49:LOC" version="any">
                            <Name>Day49</Name>
                   </DayType>
                   <DayTypeAssignment id="Aerobus:DayTypeAssignment:49:LOC" version="any" order="0">
                            <Date>2024-01-11</Date>
                            <DayTypeRef ref="Aerobus:DayType:49:LOC" version="any"/>
                   </DayTypeAssignment>
                   <DayType id="Aerobus:DayType:50:LOC" version="any">
                            <Name>Day50</Name>
                   </DayType>
                   <DayTypeAssignment id="Aerobus:DayTypeAssignment:50:LOC" version="any" order="0">
                            <Date>2024-01-12</Date>
                            <DayTypeRef ref="Aerobus:DayType:50:LOC" version="any"/>
                   </DayTypeAssignment>
                   <DayType id="Aerobus:DayType:51:LOC" version="any">
                            <Name>Day51</Name>
                   </DayType>
                   <DayTypeAssignment id="Aerobus:DayTypeAssignment:51:LOC" version="any" order="0">
                            <Date>2024-01-13</Date>
                            <DayTypeRef ref="Aerobus:DayType:51:LOC" version="any"/>
                   </DayTypeAssignment>
                   <DayType id="Aerobus:DayType:52:LOC" version="any">
                            <Name>Day52</Name>
                   </DayType>
                   <DayTypeAssignment id="Aerobus:DayTypeAssignment:52:LOC" version="any" order="0">
                            <Date>2024-01-14</Date>
                            <DayTypeRef ref="Aerobus:DayType:52:LOC" version="any"/>
                   </DayTypeAssignment>
                   <DayType id="Aerobus:DayType:53:LOC" version="any">
                            <Name>Day53</Name>
                   </DayType>
                   <DayTypeAssignment id="Aerobus:DayTypeAssignment:53:LOC" version="any" order="0">
                            <Date>2024-01-15</Date>
                            <DayTypeRef ref="Aerobus:DayType:53:LOC" version="any"/>
                   </DayTypeAssignment>
                   <DayType id="Aerobus:DayType:54:LOC" version="any">
                            <Name>Day54</Name>
                   </DayType>
                   <DayTypeAssignment id="Aerobus:DayTypeAssignment:54:LOC" version="any" order="0">
                            <Date>2024-01-16</Date>
                            <DayTypeRef ref="Aerobus:DayType:54:LOC" version="any"/>
                   </DayTypeAssignment>
                   <DayType id="Aerobus:DayType:55:LOC" version="any">
                            <Name>Day55</Name>
                   </DayType>
                   <DayTypeAssignment id="Aerobus:DayTypeAssignment:55:LOC" version="any" order="0">
                            <Date>2024-01-17</Date>
                            <DayTypeRef ref="Aerobus:DayType:55:LOC" version="any"/>
                   </DayTypeAssignment>
                   <DayType id="Aerobus:DayType:56:LOC" version="any">
                            <Name>Day56</Name>
                   </DayType>
                   <DayTypeAssignment id="Aerobus:DayTypeAssignment:56:LOC" version="any" order="0">
                            <Date>2024-01-18</Date>
                            <DayTypeRef ref="Aerobus:DayType:56:LOC" version="any"/>
                   </DayTypeAssignment>
                   <DayType id="Aerobus:DayType:57:LOC" version="any">
                            <Name>Day57</Name>
                   </DayType>
                   <DayTypeAssignment id="Aerobus:DayTypeAssignment:57:LOC" version="any" order="0">
                            <Date>2024-01-19</Date>
                            <DayTypeRef ref="Aerobus:DayType:57:LOC" version="any"/>
                   </DayTypeAssignment>
                   <DayType id="Aerobus:DayType:58:LOC" version="any">
                            <Name>Day58</Name>
                   </DayType>
                   <DayTypeAssignment id="Aerobus:DayTypeAssignment:58:LOC" version="any" order="0">
                            <Date>2024-01-20</Date>
                            <DayTypeRef ref="Aerobus:DayType:58:LOC" version="any"/>
                   </DayTypeAssignment>
                   <DayType id="Aerobus:DayType:59:LOC" version="any">
                            <Name>Day59</Name>
                   </DayType>
                   <DayTypeAssignment id="Aerobus:DayTypeAssignment:59:LOC" version="any" order="0">
                            <Date>2024-01-21</Date>
                            <DayTypeRef ref="Aerobus:DayType:59:LOC" version="any"/>
                   </DayTypeAssignment>
                   <DayType id="Aerobus:DayType:60:LOC" version="any">
                            <Name>Day60</Name>
                   </DayType>
                   <DayTypeAssignment id="Aerobus:DayTypeAssignment:60:LOC" version="any" order="0">
                            <Date>2024-01-22</Date>
                            <DayTypeRef ref="Aerobus:DayType:60:LOC" version="any"/>
                   </DayTypeAssignment>
                   <DayType id="Aerobus:DayType:61:LOC" version="any">
                            <Name>Day61</Name>
                   </DayType>
                   <DayTypeAssignment id="Aerobus:DayTypeAssignment:61:LOC" version="any" order="0">
                            <Date>2024-01-23</Date>
                            <DayTypeRef ref="Aerobus:DayType:61:LOC" version="any"/>
                   </DayTypeAssignment>
                   <DayType id="Aerobus:DayType:62:LOC" version="any">
                            <Name>Day62</Name>
                   </DayType>
                   <DayTypeAssignment id="Aerobus:DayTypeAssignment:62:LOC" version="any" order="0">
                            <Date>2024-01-24</Date>
                            <DayTypeRef ref="Aerobus:DayType:62:LOC" version="any"/>
                   </DayTypeAssignment>
                   <DayType id="Aerobus:DayType:63:LOC" version="any">
                            <Name>Day63</Name>
                   </DayType>
                   <DayTypeAssignment id="Aerobus:DayTypeAssignment:63:LOC" version="any" order="0">
                            <Date>2024-01-25</Date>
                            <DayTypeRef ref="Aerobus:DayType:63:LOC" version="any"/>
                   </DayTypeAssignment>
                   <DayType id="Aerobus:DayType:64:LOC" version="any">
                            <Name>Day64</Name>
                   </DayType>
                   <DayTypeAssignment id="Aerobus:DayTypeAssignment:64:LOC" version="any" order="0">
                            <Date>2024-01-26</Date>
                            <DayTypeRef ref="Aerobus:DayType:64:LOC" version="any"/>
                   </DayTypeAssignment>
                   <DayType id="Aerobus:DayType:65:LOC" version="any">
                            <Name>Day65</Name>
                   </DayType>
                   <DayTypeAssignment id="Aerobus:DayTypeAssignment:65:LOC" version="any" order="0">
                            <Date>2024-01-27</Date>
                            <DayTypeRef ref="Aerobus:DayType:65:LOC" version="any"/>
                   </DayTypeAssignment>
                   <DayType id="Aerobus:DayType:66:LOC" version="any">
                            <Name>Day66</Name>
                   </DayType>
                   <DayTypeAssignment id="Aerobus:DayTypeAssignment:66:LOC" version="any" order="0">
                            <Date>2024-01-28</Date>
                            <DayTypeRef ref="Aerobus:DayType:66:LOC" version="any"/>
                   </DayTypeAssignment>
                   <DayType id="Aerobus:DayType:67:LOC" version="any">
                            <Name>Day67</Name>
                   </DayType>
                   <DayTypeAssignment id="Aerobus:DayTypeAssignment:67:LOC" version="any" order="0">
                            <Date>2024-01-29</Date>
                            <DayTypeRef ref="Aerobus:DayType:67:LOC" version="any"/>
                   </DayTypeAssignment>
                   <DayType id="Aerobus:DayType:68:LOC" version="any">
                            <Name>Day68</Name>
                   </DayType>
                   <DayTypeAssignment id="Aerobus:DayTypeAssignment:68:LOC" version="any" order="0">
                            <Date>2024-01-30</Date>
                            <DayTypeRef ref="Aerobus:DayType:68:LOC" version="any"/>
                   </DayTypeAssignment>
                   <DayType id="Aerobus:DayType:69:LOC" version="any">
                            <Name>Day69</Name>
                   </DayType>
                   <DayTypeAssignment id="Aerobus:DayTypeAssignment:69:LOC" version="any" order="0">
                            <Date>2024-01-31</Date>
                            <DayTypeRef ref="Aerobus:DayType:69:LOC" version="any"/>
                   </DayTypeAssignment>
                   <DayType id="Aerobus:DayType:70:LOC" version="any">
                            <Name>Day70</Name>
                   </DayType>
                   <DayTypeAssignment id="Aerobus:DayTypeAssignment:70:LOC" version="any" order="0">
                            <Date>2024-02-01</Date>
                            <DayTypeRef ref="Aerobus:DayType:70:LOC" version="any"/>
                   </DayTypeAssignment>
                   <DayType id="Aerobus:DayType:71:LOC" version="any">
                            <Name>Day71</Name>
                   </DayType>
                   <DayTypeAssignment id="Aerobus:DayTypeAssignment:71:LOC" version="any" order="0">
                            <Date>2024-02-02</Date>
                            <DayTypeRef ref="Aerobus:DayType:71:LOC" version="any"/>
                   </DayTypeAssignment>
                   <DayType id="Aerobus:DayType:72:LOC" version="any">
                            <Name>Day72</Name>
                   </DayType>
                   <DayTypeAssignment id="Aerobus:DayTypeAssignment:72:LOC" version="any" order="0">
                            <Date>2024-02-03</Date>
                            <DayTypeRef ref="Aerobus:DayType:72:LOC" version="any"/>
                   </DayTypeAssignment>
                   <DayType id="Aerobus:DayType:73:LOC" version="any">
                            <Name>Day73</Name>
                   </DayType>
                   <DayTypeAssignment id="Aerobus:DayTypeAssignment:73:LOC" version="any" order="0">
                            <Date>2024-02-04</Date>
                            <DayTypeRef ref="Aerobus:DayType:73:LOC" version="any"/>
                   </DayTypeAssignment>
                   <DayType id="Aerobus:DayType:74:LOC" version="any">
                            <Name>Day74</Name>
                   </DayType>
                   <DayTypeAssignment id="Aerobus:DayTypeAssignment:74:LOC" version="any" order="0">
                            <Date>2024-02-05</Date>
                            <DayTypeRef ref="Aerobus:DayType:74:LOC" version="any"/>
                   </DayTypeAssignment>
                   <DayType id="Aerobus:DayType:75:LOC" version="any">
                            <Name>Day75</Name>
                   </DayType>
                   <DayTypeAssignment id="Aerobus:DayTypeAssignment:75:LOC" version="any" order="0">
                            <Date>2024-02-06</Date>
                            <DayTypeRef ref="Aerobus:DayType:75:LOC" version="any"/>
                   </DayTypeAssignment>
                   <DayType id="Aerobus:DayType:76:LOC" version="any">
                            <Name>Day76</Name>
                   </DayType>
                   <DayTypeAssignment id="Aerobus:DayTypeAssignment:76:LOC" version="any" order="0">
                            <Date>2024-02-07</Date>
                            <DayTypeRef ref="Aerobus:DayType:76:LOC" version="any"/>
                   </DayTypeAssignment>
                   <DayType id="Aerobus:DayType:77:LOC" version="any">
                            <Name>Day77</Name>
                   </DayType>
                   <DayTypeAssignment id="Aerobus:DayTypeAssignment:77:LOC" version="any" order="0">
                            <Date>2024-02-08</Date>
                            <DayTypeRef ref="Aerobus:DayType:77:LOC" version="any"/>
                   </DayTypeAssignment>
                   <DayType id="Aerobus:DayType:78:LOC" version="any">
                            <Name>Day78</Name>
                   </DayType>
                   <DayTypeAssignment id="Aerobus:DayTypeAssignment:78:LOC" version="any" order="0">
                            <Date>2024-02-09</Date>
                            <DayTypeRef ref="Aerobus:DayType:78:LOC" version="any"/>
                   </DayTypeAssignment>
                   <DayType id="Aerobus:DayType:79:LOC" version="any">
                            <Name>Day79</Name>
                   </DayType>
                   <DayTypeAssignment id="Aerobus:DayTypeAssignment:79:LOC" version="any" order="0">
                            <Date>2024-02-10</Date>
                            <DayTypeRef ref="Aerobus:DayType:79:LOC" version="any"/>
                   </DayTypeAssignment>
                   <DayType id="Aerobus:DayType:80:LOC" version="any">
                            <Name>Day80</Name>
                   </DayType>
                   <DayTypeAssignment id="Aerobus:DayTypeAssignment:80:LOC" version="any" order="0">
                            <Date>2024-02-11</Date>
                            <DayTypeRef ref="Aerobus:DayType:80:LOC" version="any"/>
                   </DayTypeAssignment>
                   <DayType id="Aerobus:DayType:81:LOC" version="any">
                            <Name>Day81</Name>
                   </DayType>
                   <DayTypeAssignment id="Aerobus:DayTypeAssignment:81:LOC" version="any" order="0">
                            <Date>2024-02-12</Date>
                            <DayTypeRef ref="Aerobus:DayType:81:LOC" version="any"/>
                   </DayTypeAssignment>
                   <DayType id="Aerobus:DayType:82:LOC" version="any">
                            <Name>Day82</Name>
                   </DayType>
                   <DayTypeAssignment id="Aerobus:DayTypeAssignment:82:LOC" version="any" order="0">
                            <Date>2024-02-13</Date>
                            <DayTypeRef ref="Aerobus:DayType:82:LOC" version="any"/>
                   </DayTypeAssignment>
                   <DayType id="Aerobus:DayType:83:LOC" version="any">
                            <Name>Day83</Name>
                   </DayType>
                   <DayTypeAssignment id="Aerobus:DayTypeAssignment:83:LOC" version="any" order="0">
                            <Date>2024-02-14</Date>
                            <DayTypeRef ref="Aerobus:DayType:83:LOC" version="any"/>
                   </DayTypeAssignment>
                   <DayType id="Aerobus:DayType:84:LOC" version="any">
                            <Name>Day84</Name>
                   </DayType>
                   <DayTypeAssignment id="Aerobus:DayTypeAssignment:84:LOC" version="any" order="0">
                            <Date>2024-02-15</Date>
                            <DayTypeRef ref="Aerobus:DayType:84:LOC" version="any"/>
                   </DayTypeAssignment>
                   <DayType id="Aerobus:DayType:85:LOC" version="any">
                            <Name>Day85</Name>
                   </DayType>
                   <DayTypeAssignment id="Aerobus:DayTypeAssignment:85:LOC" version="any" order="0">
                            <Date>2024-02-16</Date>
                            <DayTypeRef ref="Aerobus:DayType:85:LOC" version="any"/>
                   </DayTypeAssignment>
                   <DayType id="Aerobus:DayType:86:LOC" version="any">
                            <Name>Day86</Name>
                   </DayType>
                   <DayTypeAssignment id="Aerobus:DayTypeAssignment:86:LOC" version="any" order="0">
                            <Date>2024-02-17</Date>
                            <DayTypeRef ref="Aerobus:DayType:86:LOC" version="any"/>
                   </DayTypeAssignment>
                   <DayType id="Aerobus:DayType:87:LOC" version="any">
                            <Name>Day87</Name>
                   </DayType>
                   <DayTypeAssignment id="Aerobus:DayTypeAssignment:87:LOC" version="any" order="0">
                            <Date>2024-02-18</Date>
                            <DayTypeRef ref="Aerobus:DayType:87:LOC" version="any"/>
                   </DayTypeAssignment>
                   <DayType id="Aerobus:DayType:88:LOC" version="any">
                            <Name>Day88</Name>
                   </DayType>
                   <DayTypeAssignment id="Aerobus:DayTypeAssignment:88:LOC" version="any" order="0">
                            <Date>2024-02-19</Date>
                            <DayTypeRef ref="Aerobus:DayType:88:LOC" version="any"/>
                   </DayTypeAssignment>
                   <DayType id="Aerobus:DayType:89:LOC" version="any">
                            <Name>Day89</Name>
                   </DayType>
                   <DayTypeAssignment id="Aerobus:DayTypeAssignment:89:LOC" version="any" order="0">
                            <Date>2024-02-20</Date>
                            <DayTypeRef ref="Aerobus:DayType:89:LOC" version="any"/>
                   </DayTypeAssignment>
                   <DayType id="Aerobus:DayType:90:LOC" version="any">
                            <Name>Day90</Name>
                   </DayType>
                   <DayTypeAssignment id="Aerobus:DayTypeAssignment:90:LOC" version="any" order="0">
                            <Date>2024-02-21</Date>
                            <DayTypeRef ref="Aerobus:DayType:90:LOC" version="any"/>
                   </DayTypeAssignment>
                   <DayType id="Aerobus:DayType:91:LOC" version="any">
                            <Name>Day91</Name>
                   </DayType>
                   <DayTypeAssignment id="Aerobus:DayTypeAssignment:91:LOC" version="any" order="0">
                            <Date>2024-02-22</Date>
                            <DayTypeRef ref="Aerobus:DayType:91:LOC" version="any"/>
                   </DayTypeAssignment>
                   <DayType id="Aerobus:DayType:92:LOC" version="any">
                            <Name>Day92</Name>
                   </DayType>
                   <DayTypeAssignment id="Aerobus:DayTypeAssignment:92:LOC" version="any" order="0">
                            <Date>2024-02-23</Date>
                            <DayTypeRef ref="Aerobus:DayType:92:LOC" version="any"/>
                   </DayTypeAssignment>
                   <DayType id="Aerobus:DayType:93:LOC" version="any">
                            <Name>Day93</Name>
                   </DayType>
                   <DayTypeAssignment id="Aerobus:DayTypeAssignment:93:LOC" version="any" order="0">
                            <Date>2024-02-24</Date>
                            <DayTypeRef ref="Aerobus:DayType:93:LOC" version="any"/>
                   </DayTypeAssignment>
                   <DayType id="Aerobus:DayType:94:LOC" version="any">
                            <Name>Day94</Name>
                   </DayType>
                   <DayTypeAssignment id="Aerobus:DayTypeAssignment:94:LOC" version="any" order="0">
                            <Date>2024-02-25</Date>
                            <DayTypeRef ref="Aerobus:DayType:94:LOC" version="any"/>
                   </DayTypeAssignment>
                   <DayType id="Aerobus:DayType:95:LOC" version="any">
                            <Name>Day95</Name>
                   </DayType>
                   <DayTypeAssignment id="Aerobus:DayTypeAssignment:95:LOC" version="any" order="0">
                            <Date>2024-02-26</Date>
                            <DayTypeRef ref="Aerobus:DayType:95:LOC" version="any"/>
                   </DayTypeAssignment>
                   <DayType id="Aerobus:DayType:96:LOC" version="any">
                            <Name>Day96</Name>
                   </DayType>
                   <DayTypeAssignment id="Aerobus:DayTypeAssignment:96:LOC" version="any" order="0">
                            <Date>2024-02-27</Date>
                            <DayTypeRef ref="Aerobus:DayType:96:LOC" version="any"/>
                   </DayTypeAssignment>
                   <DayType id="Aerobus:DayType:97:LOC" version="any">
                            <Name>Day97</Name>
                   </DayType>
                   <DayTypeAssignment id="Aerobus:DayTypeAssignment:97:LOC" version="any" order="0">
                            <Date>2024-02-28</Date>
                            <DayTypeRef ref="Aerobus:DayType:97:LOC" version="any"/>
                   </DayTypeAssignment>
                   <DayType id="Aerobus:DayType:98:LOC" version="any">
                            <Name>Day98</Name>
                   </DayType>
                   <DayTypeAssignment id="Aerobus:DayTypeAssignment:98:LOC" version="any" order="0">
                            <Date>2024-02-29</Date>
                            <DayTypeRef ref="Aerobus:DayType:98:LOC" version="any"/>
                   </DayTypeAssignment>
                   <DayType id="Aerobus:DayType:99:LOC" version="any">
                            <Name>Day99</Name>
                   </DayType>
                   <DayTypeAssignment id="Aerobus:DayTypeAssignment:99:LOC" version="any" order="0">
                            <Date>2024-03-01</Date>
                            <DayTypeRef ref="Aerobus:DayType:99:LOC" version="any"/>
                   </DayTypeAssignment>
                   <DayType id="Aerobus:DayType:100:LOC" version="any">
                            <Name>Day100</Name>
                   </DayType>
                   <DayTypeAssignment id="Aerobus:DayTypeAssignment:100:LOC" version="any" order="0">
                            <Date>2024-03-02</Date>
                            <DayTypeRef ref="Aerobus:DayType:100:LOC" version="any"/>
                   </DayTypeAssignment>
                   <DayType id="Aerobus:DayType:101:LOC" version="any">
                            <Name>Day101</Name>
                   </DayType>
                   <DayTypeAssignment id="Aerobus:DayTypeAssignment:101:LOC" version="any" order="0">
                            <Date>2024-03-03</Date>
                            <DayTypeRef ref="Aerobus:DayType:101:LOC" version="any"/>
                   </DayTypeAssignment>
                   <DayType id="Aerobus:DayType:102:LOC" version="any">
                            <Name>Day102</Name>
                   </DayType>
                   <DayTypeAssignment id="Aerobus:DayTypeAssignment:102:LOC" version="any" order="0">
                            <Date>2024-03-04</Date>
                            <DayTypeRef ref="Aerobus:DayType:102:LOC" version="any"/>
                   </DayTypeAssignment>
                   <DayType id="Aerobus:DayType:103:LOC" version="any">
                            <Name>Day103</Name>
                   </DayType>
                   <DayTypeAssignment id="Aerobus:DayTypeAssignment:103:LOC" version="any" order="0">
                            <Date>2024-03-05</Date>
                            <DayTypeRef ref="Aerobus:DayType:103:LOC" version="any"/>
                   </DayTypeAssignment>
                   <DayType id="Aerobus:DayType:104:LOC" version="any">
                            <Name>Day104</Name>
                   </DayType>
                   <DayTypeAssignment id="Aerobus:DayTypeAssignment:104:LOC" version="any" order="0">
                            <Date>2024-03-06</Date>
                            <DayTypeRef ref="Aerobus:DayType:104:LOC" version="any"/>
                   </DayTypeAssignment>
                   <DayType id="Aerobus:DayType:105:LOC" version="any">
                            <Name>Day105</Name>
                   </DayType>
                   <DayTypeAssignment id="Aerobus:DayTypeAssignment:105:LOC" version="any" order="0">
                            <Date>2024-03-07</Date>
                            <DayTypeRef ref="Aerobus:DayType:105:LOC" version="any"/>
                   </DayTypeAssignment>
                   <DayType id="Aerobus:DayType:106:LOC" version="any">
                            <Name>Day106</Name>
                   </DayType>
                   <DayTypeAssignment id="Aerobus:DayTypeAssignment:106:LOC" version="any" order="0">
                            <Date>2024-03-08</Date>
                            <DayTypeRef ref="Aerobus:DayType:106:LOC" version="any"/>
                   </DayTypeAssignment>
                   <DayType id="Aerobus:DayType:107:LOC" version="any">
                            <Name>Day107</Name>
                   </DayType>
                   <DayTypeAssignment id="Aerobus:DayTypeAssignment:107:LOC" version="any" order="0">
                            <Date>2024-03-09</Date>
                            <DayTypeRef ref="Aerobus:DayType:107:LOC" version="any"/>
                   </DayTypeAssignment>
                   <DayType id="Aerobus:DayType:108:LOC" version="any">
                            <Name>Day108</Name>
                   </DayType>
                   <DayTypeAssignment id="Aerobus:DayTypeAssignment:108:LOC" version="any" order="0">
                            <Date>2024-03-10</Date>
                            <DayTypeRef ref="Aerobus:DayType:108:LOC" version="any"/>
                   </DayTypeAssignment>
                   <DayType id="Aerobus:DayType:109:LOC" version="any">
                            <Name>Day109</Name>
                   </DayType>
                   <DayTypeAssignment id="Aerobus:DayTypeAssignment:109:LOC" version="any" order="0">
                            <Date>2024-03-11</Date>
                            <DayTypeRef ref="Aerobus:DayType:109:LOC" version="any"/>
                   </DayTypeAssignment>
                   <DayType id="Aerobus:DayType:110:LOC" version="any">
                            <Name>Day110</Name>
                   </DayType>
                   <DayTypeAssignment id="Aerobus:DayTypeAssignment:110:LOC" version="any" order="0">
                            <Date>2024-03-12</Date>
                            <DayTypeRef ref="Aerobus:DayType:110:LOC" version="any"/>
                   </DayTypeAssignment>
                   <DayType id="Aerobus:DayType:111:LOC" version="any">
                            <Name>Day111</Name>
                   </DayType>
                   <DayTypeAssignment id="Aerobus:DayTypeAssignment:111:LOC" version="any" order="0">
                            <Date>2024-03-13</Date>
                            <DayTypeRef ref="Aerobus:DayType:111:LOC" version="any"/>
                   </DayTypeAssignment>
                   <DayType id="Aerobus:DayType:112:LOC" version="any">
                            <Name>Day112</Name>
                   </DayType>
                   <DayTypeAssignment id="Aerobus:DayTypeAssignment:112:LOC" version="any" order="0">
                            <Date>2024-03-14</Date>
                            <DayTypeRef ref="Aerobus:DayType:112:LOC" version="any"/>
                   </DayTypeAssignment>
                   <DayType id="Aerobus:DayType:113:LOC" version="any">
                            <Name>Day113</Name>
                   </DayType>
                   <DayTypeAssignment id="Aerobus:DayTypeAssignment:113:LOC" version="any" order="0">
                            <Date>2024-03-15</Date>
                            <DayTypeRef ref="Aerobus:DayType:113:LOC" version="any"/>
                   </DayTypeAssignment>
                   <DayType id="Aerobus:DayType:114:LOC" version="any">
                            <Name>Day114</Name>
                   </DayType>
                   <DayTypeAssignment id="Aerobus:DayTypeAssignment:114:LOC" version="any" order="0">
                            <Date>2024-03-16</Date>
                            <DayTypeRef ref="Aerobus:DayType:114:LOC" version="any"/>
                   </DayTypeAssignment>
                   <DayType id="Aerobus:DayType:115:LOC" version="any">
                            <Name>Day115</Name>
                   </DayType>
                   <DayTypeAssignment id="Aerobus:DayTypeAssignment:115:LOC" version="any" order="0">
                            <Date>2024-03-17</Date>
                            <DayTypeRef ref="Aerobus:DayType:115:LOC" version="any"/>
                   </DayTypeAssignment>
                   <DayType id="Aerobus:DayType:116:LOC" version="any">
                            <Name>Day116</Name>
                   </DayType>
                   <DayTypeAssignment id="Aerobus:DayTypeAssignment:116:LOC" version="any" order="0">
                            <Date>2024-03-18</Date>
                            <DayTypeRef ref="Aerobus:DayType:116:LOC" version="any"/>
                   </DayTypeAssignment>
                   <DayType id="Aerobus:DayType:117:LOC" version="any">
                            <Name>Day117</Name>
                   </DayType>
                   <DayTypeAssignment id="Aerobus:DayTypeAssignment:117:LOC" version="any" order="0">
                            <Date>2024-03-19</Date>
                            <DayTypeRef ref="Aerobus:DayType:117:LOC" version="any"/>
                   </DayTypeAssignment>
                   <DayType id="Aerobus:DayType:118:LOC" version="any">
                            <Name>Day118</Name>
                   </DayType>
                   <DayTypeAssignment id="Aerobus:DayTypeAssignment:118:LOC" version="any" order="0">
                            <Date>2024-03-20</Date>
                            <DayTypeRef ref="Aerobus:DayType:118:LOC" version="any"/>
                   </DayTypeAssignment>
                   <DayType id="Aerobus:DayType:119:LOC" version="any">
                            <Name>Day119</Name>
                   </DayType>
                   <DayTypeAssignment id="Aerobus:DayTypeAssignment:119:LOC" version="any" order="0">
                            <Date>2024-03-21</Date>
                            <DayTypeRef ref="Aerobus:DayType:119:LOC" version="any"/>
                   </DayTypeAssignment>
                   <DayType id="Aerobus:DayType:120:LOC" version="any">
                            <Name>Day120</Name>
                   </DayType>
                   <DayTypeAssignment id="Aerobus:DayTypeAssignment:120:LOC" version="any" order="0">
                            <Date>2024-03-22</Date>
                            <DayTypeRef ref="Aerobus:DayType:120:LOC" version="any"/>
                   </DayTypeAssignment>
                   <DayType id="Aerobus:DayType:121:LOC" version="any">
                            <Name>Day121</Name>
                   </DayType>
                   <DayTypeAssignment id="Aerobus:DayTypeAssignment:121:LOC" version="any" order="0">
                            <Date>2024-03-23</Date>
                            <DayTypeRef ref="Aerobus:DayType:121:LOC" version="any"/>
                   </DayTypeAssignment>
                   <DayType id="Aerobus:DayType:122:LOC" version="any">
                            <Name>Day122</Name>
                   </DayType>
                   <DayTypeAssignment id="Aerobus:DayTypeAssignment:122:LOC" version="any" order="0">
                            <Date>2024-03-24</Date>
                            <DayTypeRef ref="Aerobus:DayType:122:LOC" version="any"/>
                   </DayTypeAssignment>
                   <DayType id="Aerobus:DayType:123:LOC" version="any">
                            <Name>Day123</Name>
                   </DayType>
                   <DayTypeAssignment id="Aerobus:DayTypeAssignment:123:LOC" version="any" order="0">
                            <Date>2024-03-25</Date>
                            <DayTypeRef ref="Aerobus:DayType:123:LOC" version="any"/>
                   </DayTypeAssignment>
                   <DayType id="Aerobus:DayType:124:LOC" version="any">
                            <Name>Day124</Name>
                   </DayType>
                   <DayTypeAssignment id="Aerobus:DayTypeAssignment:124:LOC" version="any" order="0">
                            <Date>2024-03-26</Date>
                            <DayTypeRef ref="Aerobus:DayType:124:LOC" version="any"/>
                   </DayTypeAssignment>
                   <DayType id="Aerobus:DayType:125:LOC" version="any">
                            <Name>Day125</Name>
                   </DayType>
                   <DayTypeAssignment id="Aerobus:DayTypeAssignment:125:LOC" version="any" order="0">
                            <Date>2024-03-27</Date>
                            <DayTypeRef ref="Aerobus:DayType:125:LOC" version="any"/>
                   </DayTypeAssignment>
                   <DayType id="Aerobus:DayType:126:LOC" version="any">
                            <Name>Day126</Name>
                   </DayType>
                   <DayTypeAssignment id="Aerobus:DayTypeAssignment:126:LOC" version="any" order="0">
                            <Date>2024-03-28</Date>
                            <DayTypeRef ref="Aerobus:DayType:126:LOC" version="any"/>
                   </DayTypeAssignment>
                   <DayType id="Aerobus:DayType:127:LOC" version="any">
                            <Name>Day127</Name>
                   </DayType>
                   <DayTypeAssignment id="Aerobus:DayTypeAssignment:127:LOC" version="any" order="0">
                            <Date>2024-03-29</Date>
                            <DayTypeRef ref="Aerobus:DayType:127:LOC" version="any"/>
                   </DayTypeAssignment>
                   <DayType id="Aerobus:DayType:128:LOC" version="any">
                            <Name>Day128</Name>
                   </DayType>
                   <DayTypeAssignment id="Aerobus:DayTypeAssignment:128:LOC" version="any" order="0">
                            <Date>2024-03-30</Date>
                            <DayTypeRef ref="Aerobus:DayType:128:LOC" version="any"/>
                   </DayTypeAssignment>
                   <DayType id="Aerobus:DayType:129:LOC" version="any">
                            <Name>Day129</Name>
                   </DayType>
                   <DayTypeAssignment id="Aerobus:DayTypeAssignment:129:LOC" version="any" order="0">
                            <Date>2024-03-31</Date>
                            <DayTypeRef ref="Aerobus:DayType:129:LOC" version="any"/>
                   </DayTypeAssignment>
                   <DayType id="Aerobus:DayType:130:LOC" version="any">
                            <Name>Day130</Name>
                   </DayType>
                   <DayTypeAssignment id="Aerobus:DayTypeAssignment:130:LOC" version="any" order="0">
                            <Date>2024-03-31</Date>
                            <DayTypeRef ref="Aerobus:DayType:130:LOC" version="any"/>
                   </DayTypeAssignment>
                   <DayType id="Aerobus:DayType:131:LOC" version="any">
                            <Name>Day131</Name>
                   </DayType>
                   <DayTypeAssignment id="Aerobus:DayTypeAssignment:131:LOC" version="any" order="0">
                            <Date>2024-04-01</Date>
                            <DayTypeRef ref="Aerobus:DayType:131:LOC" version="any"/>
                   </DayTypeAssignment>
                   <DayType id="Aerobus:DayType:132:LOC" version="any">
                            <Name>Day132</Name>
                   </DayType>
                   <DayTypeAssignment id="Aerobus:DayTypeAssignment:132:LOC" version="any" order="0">
                            <Date>2024-04-02</Date>
                            <DayTypeRef ref="Aerobus:DayType:132:LOC" version="any"/>
                   </DayTypeAssignment>
                   <DayType id="Aerobus:DayType:133:LOC" version="any">
                            <Name>Day133</Name>
                   </DayType>
                   <DayTypeAssignment id="Aerobus:DayTypeAssignment:133:LOC" version="any" order="0">
                            <Date>2024-04-04</Date>
                            <DayTypeRef ref="Aerobus:DayType:133:LOC" version="any"/>
                   </DayTypeAssignment>
                   <DayType id="Aerobus:DayType:134:LOC" version="any">
                            <Name>Day134</Name>
                   </DayType>
                   <DayTypeAssignment id="Aerobus:DayTypeAssignment:134:LOC" version="any" order="0">
                            <Date>2024-04-04</Date>
                            <DayTypeRef ref="Aerobus:DayType:134:LOC" version="any"/>
                   </DayTypeAssignment>
                   <DayType id="Aerobus:DayType:135:LOC" version="any">
                            <Name>Day135</Name>
                   </DayType>
                   <DayTypeAssignment id="Aerobus:DayTypeAssignment:135:LOC" version="any" order="0">
                            <Date>2024-04-05</Date>
                            <DayTypeRef ref="Aerobus:DayType:135:LOC" version="any"/>
                   </DayTypeAssignment>
                   <DayType id="Aerobus:DayType:136:LOC" version="any">
                            <Name>Day136</Name>
                   </DayType>
                   <DayTypeAssignment id="Aerobus:DayTypeAssignment:136:LOC" version="any" order="0">
                            <Date>2024-04-07</Date>
                            <DayTypeRef ref="Aerobus:DayType:136:LOC" version="any"/>
                   </DayTypeAssignment>
                   <DayType id="Aerobus:DayType:137:LOC" version="any">
                            <Name>Day137</Name>
                   </DayType>
                   <DayTypeAssignment id="Aerobus:DayTypeAssignment:137:LOC" version="any" order="0">
                            <Date>2024-04-07</Date>
                            <DayTypeRef ref="Aerobus:DayType:137:LOC" version="any"/>
                   </DayTypeAssignment>
                   <DayType id="Aerobus:DayType:138:LOC" version="any">
                            <Name>Day138</Name>
                   </DayType>
                   <DayTypeAssignment id="Aerobus:DayTypeAssignment:138:LOC" version="any" order="0">
                            <Date>2024-04-08</Date>
                            <DayTypeRef ref="Aerobus:DayType:138:LOC" version="any"/>
                   </DayTypeAssignment>
                   <DayType id="Aerobus:DayType:139:LOC" version="any">
                            <Name>Day139</Name>
                   </DayType>
                   <DayTypeAssignment id="Aerobus:DayTypeAssignment:139:LOC" version="any" order="0">
                            <Date>2024-04-09</Date>
                            <DayTypeRef ref="Aerobus:DayType:139:LOC" version="any"/>
                   </DayTypeAssignment>
                   <DayType id="Aerobus:DayType:140:LOC" version="any">
                            <Name>Day140</Name>
                   </DayType>
                   <DayTypeAssignment id="Aerobus:DayTypeAssignment:140:LOC" version="any" order="0">
                            <Date>2024-04-11</Date>
                            <DayTypeRef ref="Aerobus:DayType:140:LOC" version="any"/>
                   </DayTypeAssignment>
                   <DayType id="Aerobus:DayType:141:LOC" version="any">
                            <Name>Day141</Name>
                   </DayType>
                   <DayTypeAssignment id="Aerobus:DayTypeAssignment:141:LOC" version="any" order="0">
                            <Date>2024-04-11</Date>
                            <DayTypeRef ref="Aerobus:DayType:141:LOC" version="any"/>
                   </DayTypeAssignment>
                   <DayType id="Aerobus:DayType:142:LOC" version="any">
                            <Name>Day142</Name>
                   </DayType>
                   <DayTypeAssignment id="Aerobus:DayTypeAssignment:142:LOC" version="any" order="0">
                            <Date>2024-04-12</Date>
                            <DayTypeRef ref="Aerobus:DayType:142:LOC" version="any"/>
                   </DayTypeAssignment>
                   <DayType id="Aerobus:DayType:143:LOC" version="any">
                            <Name>Day143</Name>
                   </DayType>
                   <DayTypeAssignment id="Aerobus:DayTypeAssignment:143:LOC" version="any" order="0">
                            <Date>2024-04-14</Date>
                            <DayTypeRef ref="Aerobus:DayType:143:LOC" version="any"/>
                   </DayTypeAssignment>
                   <DayType id="Aerobus:DayType:144:LOC" version="any">
                            <Name>Day144</Name>
                   </DayType>
                   <DayTypeAssignment id="Aerobus:DayTypeAssignment:144:LOC" version="any" order="0">
                            <Date>2024-04-14</Date>
                            <DayTypeRef ref="Aerobus:DayType:144:LOC" version="any"/>
                   </DayTypeAssignment>
                   <DayType id="Aerobus:DayType:145:LOC" version="any">
                            <Name>Day145</Name>
                   </DayType>
                   <DayTypeAssignment id="Aerobus:DayTypeAssignment:145:LOC" version="any" order="0">
                            <Date>2024-04-15</Date>
                            <DayTypeRef ref="Aerobus:DayType:145:LOC" version="any"/>
                   </DayTypeAssignment>
                   <DayType id="Aerobus:DayType:146:LOC" version="any">
                            <Name>Day146</Name>
                   </DayType>
                   <DayTypeAssignment id="Aerobus:DayTypeAssignment:146:LOC" version="any" order="0">
                            <Date>2024-04-16</Date>
                            <DayTypeRef ref="Aerobus:DayType:146:LOC" version="any"/>
                   </DayTypeAssignment>
                   <DayType id="Aerobus:DayType:147:LOC" version="any">
                            <Name>Day147</Name>
                   </DayType>
                   <DayTypeAssignment id="Aerobus:DayTypeAssignment:147:LOC" version="any" order="0">
                            <Date>2024-04-18</Date>
                            <DayTypeRef ref="Aerobus:DayType:147:LOC" version="any"/>
                   </DayTypeAssignment>
                   <DayType id="Aerobus:DayType:148:LOC" version="any">
                            <Name>Day148</Name>
                   </DayType>
                   <DayTypeAssignment id="Aerobus:DayTypeAssignment:148:LOC" version="any" order="0">
                            <Date>2024-04-18</Date>
                            <DayTypeRef ref="Aerobus:DayType:148:LOC" version="any"/>
                   </DayTypeAssignment>
                   <DayType id="Aerobus:DayType:149:LOC" version="any">
                            <Name>Day149</Name>
                   </DayType>
                   <DayTypeAssignment id="Aerobus:DayTypeAssignment:149:LOC" version="any" order="0">
                            <Date>2024-04-19</Date>
                            <DayTypeRef ref="Aerobus:DayType:149:LOC" version="any"/>
                   </DayTypeAssignment>
                   <DayType id="Aerobus:DayType:150:LOC" version="any">
                            <Name>Day150</Name>
                   </DayType>
                   <DayTypeAssignment id="Aerobus:DayTypeAssignment:150:LOC" version="any" order="0">
                            <Date>2024-04-21</Date>
                            <DayTypeRef ref="Aerobus:DayType:150:LOC" version="any"/>
                   </DayTypeAssignment>
                   <DayType id="Aerobus:DayType:151:LOC" version="any">
                            <Name>Day151</Name>
                   </DayType>
                   <DayTypeAssignment id="Aerobus:DayTypeAssignment:151:LOC" version="any" order="0">
                            <Date>2024-04-21</Date>
                            <DayTypeRef ref="Aerobus:DayType:151:LOC" version="any"/>
                   </DayTypeAssignment>
                   <DayType id="Aerobus:DayType:152:LOC" version="any">
                            <Name>Day152</Name>
                   </DayType>
                   <DayTypeAssignment id="Aerobus:DayTypeAssignment:152:LOC" version="any" order="0">
                            <Date>2024-04-22</Date>
                            <DayTypeRef ref="Aerobus:DayType:152:LOC" version="any"/>
                   </DayTypeAssignment>
                   <DayType id="Aerobus:DayType:153:LOC" version="any">
                            <Name>Day153</Name>
                   </DayType>
                   <DayTypeAssignment id="Aerobus:DayTypeAssignment:153:LOC" version="any" order="0">
                            <Date>2024-04-23</Date>
                            <DayTypeRef ref="Aerobus:DayType:153:LOC" version="any"/>
                   </DayTypeAssignment>
                   <DayType id="Aerobus:DayType:154:LOC" version="any">
                            <Name>Day154</Name>
                   </DayType>
                   <DayTypeAssignment id="Aerobus:DayTypeAssignment:154:LOC" version="any" order="0">
                            <Date>2024-04-25</Date>
                            <DayTypeRef ref="Aerobus:DayType:154:LOC" version="any"/>
                   </DayTypeAssignment>
                   <DayType id="Aerobus:DayType:155:LOC" version="any">
                            <Name>Day155</Name>
                   </DayType>
                   <DayTypeAssignment id="Aerobus:DayTypeAssignment:155:LOC" version="any" order="0">
                            <Date>2024-04-25</Date>
                            <DayTypeRef ref="Aerobus:DayType:155:LOC" version="any"/>
                   </DayTypeAssignment>
                   <DayType id="Aerobus:DayType:156:LOC" version="any">
                            <Name>Day156</Name>
                   </DayType>
                   <DayTypeAssignment id="Aerobus:DayTypeAssignment:156:LOC" version="any" order="0">
                            <Date>2024-04-26</Date>
                            <DayTypeRef ref="Aerobus:DayType:156:LOC" version="any"/>
                   </DayTypeAssignment>
                   <DayType id="Aerobus:DayType:157:LOC" version="any">
                            <Name>Day157</Name>
                   </DayType>
                   <DayTypeAssignment id="Aerobus:DayTypeAssignment:157:LOC" version="any" order="0">
                            <Date>2024-04-28</Date>
                            <DayTypeRef ref="Aerobus:DayType:157:LOC" version="any"/>
                   </DayTypeAssignment>
                       </members>
               </GeneralFrame>
       </dataObjects>
</PublicationDelivery>