<?xml version='1.0' encoding='UTF-8'?>
<PublicationDelivery xmlns="http://www.netex.org.uk/netex" xmlns:gis="http://www.opengis.net/gml/3.2" xmlns:siri="http://www.siri.org.uk/siri" version="1.1:FR-NETEX_COMMUN-2.2">
  <PublicationTimestamp>2025-08-28T07:34:26Z</PublicationTimestamp>
  <ParticipantRef>CA_GRAND_COGNAC</ParticipantRef>
  <dataObjects>
    <GeneralFrame version="any" id="CA_GRAND_COGNAC:GeneralFrame:NETEX_COMMUN-20250828073426Z:LOC">
      <TypeOfFrameRef ref="FR:TypeOfFrame:NETEX_COMMUN:">version="1.1:FR-NETEX_COMMUN-2.2"</TypeOfFrameRef>
      <members>
        <Network version="any" id="CA_GRAND_COGNAC:Network:1:LOC">
          <Name>Transcom (Grand Cognac)</Name>
          <members>
            <LineRef ref="CA_GRAND_COGNAC:Line:157:LOC"/>
            <LineRef ref="CA_GRAND_COGNAC:Line:158:LOC"/>
            <LineRef ref="CA_GRAND_COGNAC:Line:159:LOC"/>
            <LineRef ref="CA_GRAND_COGNAC:Line:160:LOC"/>
            <LineRef ref="CA_GRAND_COGNAC:Line:168:LOC"/>
            <LineRef ref="CA_GRAND_COGNAC:Line:30:LOC"/>
            <LineRef ref="CA_GRAND_COGNAC:Line:31:LOC"/>
          </members>
          <AuthorityRef ref="CA_GRAND_COGNAC:Authority:1:LOC" version="any"/>
        </Network>
        <Line version="any" id="CA_GRAND_COGNAC:Line:159:LOC">
          <keyList>
            <KeyValue>
              <Key>route_sort_order</Key>
              <Value>5</Value>
            </KeyValue>
          </keyList>
          <Name>Ligne 4</Name>
          <ShortName>Ligne 4</ShortName>
          <TransportMode>bus</TransportMode>
          <PublicCode>4</PublicCode>
          <PrivateCode>159</PrivateCode>
          <OperatorRef ref="CA_GRAND_COGNAC:Operator:1o:LOC" version="any"/>
          <Presentation>
            <Colour>EF78C8</Colour>
            <TextColour>000000</TextColour>
          </Presentation>
          <AccessibilityAssessment version="any" id="CA_GRAND_COGNAC:AccessibilityAssessment:line_159:LOC">
            <MobilityImpairedAccess>false</MobilityImpairedAccess>
            <limitations>
              <AccessibilityLimitation version="any" id="CA_GRAND_COGNAC:AccessibilityLimitation:line_159:LOC">
                <WheelchairAccess>false</WheelchairAccess>
              </AccessibilityLimitation>
            </limitations>
          </AccessibilityAssessment>
        </Line>
        <Line version="any" id="CA_GRAND_COGNAC:Line:30:LOC">
          <keyList>
            <KeyValue>
              <Key>route_sort_order</Key>
              <Value>4</Value>
            </KeyValue>
          </keyList>
          <Name>Ligne 3</Name>
          <ShortName>Ligne 3</ShortName>
          <TransportMode>bus</TransportMode>
          <PublicCode>3</PublicCode>
          <PrivateCode>30</PrivateCode>
          <OperatorRef ref="CA_GRAND_COGNAC:Operator:1o:LOC" version="any"/>
          <Presentation>
            <Colour>FFFB00</Colour>
            <TextColour>000000</TextColour>
          </Presentation>
          <AccessibilityAssessment version="any" id="CA_GRAND_COGNAC:AccessibilityAssessment:line_30:LOC">
            <MobilityImpairedAccess>false</MobilityImpairedAccess>
            <limitations>
              <AccessibilityLimitation version="any" id="CA_GRAND_COGNAC:AccessibilityLimitation:line_30:LOC">
                <WheelchairAccess>false</WheelchairAccess>
              </AccessibilityLimitation>
            </limitations>
          </AccessibilityAssessment>
        </Line>
        <Line version="any" id="CA_GRAND_COGNAC:Line:160:LOC">
          <keyList>
            <KeyValue>
              <Key>route_sort_order</Key>
              <Value>6</Value>
            </KeyValue>
          </keyList>
          <Name>Ligne 5</Name>
          <ShortName>Ligne 5</ShortName>
          <TransportMode>bus</TransportMode>
          <PublicCode>5</PublicCode>
          <PrivateCode>160</PrivateCode>
          <OperatorRef ref="CA_GRAND_COGNAC:Operator:1o:LOC" version="any"/>
          <Presentation>
            <Colour>0CAE2F</Colour>
            <TextColour>FFFFFF</TextColour>
          </Presentation>
          <AccessibilityAssessment version="any" id="CA_GRAND_COGNAC:AccessibilityAssessment:line_160:LOC">
            <MobilityImpairedAccess>false</MobilityImpairedAccess>
            <limitations>
              <AccessibilityLimitation version="any" id="CA_GRAND_COGNAC:AccessibilityLimitation:line_160:LOC">
                <WheelchairAccess>false</WheelchairAccess>
              </AccessibilityLimitation>
            </limitations>
          </AccessibilityAssessment>
        </Line>
        <Line version="any" id="CA_GRAND_COGNAC:Line:31:LOC">
          <keyList>
            <KeyValue>
              <Key>route_sort_order</Key>
              <Value>8</Value>
            </KeyValue>
          </keyList>
          <Name>Ligne 7</Name>
          <ShortName>Ligne 7</ShortName>
          <TransportMode>bus</TransportMode>
          <PublicCode>7</PublicCode>
          <PrivateCode>31</PrivateCode>
          <OperatorRef ref="CA_GRAND_COGNAC:Operator:1o:LOC" version="any"/>
          <Presentation>
            <Colour>EAA346</Colour>
            <TextColour>000000</TextColour>
          </Presentation>
          <AccessibilityAssessment version="any" id="CA_GRAND_COGNAC:AccessibilityAssessment:line_31:LOC">
            <MobilityImpairedAccess>false</MobilityImpairedAccess>
            <limitations>
              <AccessibilityLimitation version="any" id="CA_GRAND_COGNAC:AccessibilityLimitation:line_31:LOC">
                <WheelchairAccess>false</WheelchairAccess>
              </AccessibilityLimitation>
            </limitations>
          </AccessibilityAssessment>
        </Line>
        <Line version="any" id="CA_GRAND_COGNAC:Line:157:LOC">
          <keyList>
            <KeyValue>
              <Key>route_sort_order</Key>
              <Value>2</Value>
            </KeyValue>
          </keyList>
          <Name>Ligne 1</Name>
          <ShortName>Ligne 1</ShortName>
          <TransportMode>bus</TransportMode>
          <PublicCode>1</PublicCode>
          <PrivateCode>157</PrivateCode>
          <OperatorRef ref="CA_GRAND_COGNAC:Operator:1o:LOC" version="any"/>
          <Presentation>
            <Colour>0A26FE</Colour>
            <TextColour>FFFFFF</TextColour>
          </Presentation>
          <AccessibilityAssessment version="any" id="CA_GRAND_COGNAC:AccessibilityAssessment:line_157:LOC">
            <MobilityImpairedAccess>false</MobilityImpairedAccess>
            <limitations>
              <AccessibilityLimitation version="any" id="CA_GRAND_COGNAC:AccessibilityLimitation:line_157:LOC">
                <WheelchairAccess>false</WheelchairAccess>
              </AccessibilityLimitation>
            </limitations>
          </AccessibilityAssessment>
        </Line>
        <Line version="any" id="CA_GRAND_COGNAC:Line:168:LOC">
          <keyList>
            <KeyValue>
              <Key>route_sort_order</Key>
              <Value>7</Value>
            </KeyValue>
          </keyList>
          <Name>Ligne 6</Name>
          <ShortName>Ligne 6</ShortName>
          <TransportMode>bus</TransportMode>
          <PublicCode>6</PublicCode>
          <PrivateCode>168</PrivateCode>
          <OperatorRef ref="CA_GRAND_COGNAC:Operator:1o:LOC" version="any"/>
          <Presentation>
            <Colour>8C2D73</Colour>
            <TextColour>FFFFFF</TextColour>
          </Presentation>
          <AccessibilityAssessment version="any" id="CA_GRAND_COGNAC:AccessibilityAssessment:line_168:LOC">
            <MobilityImpairedAccess>false</MobilityImpairedAccess>
            <limitations>
              <AccessibilityLimitation version="any" id="CA_GRAND_COGNAC:AccessibilityLimitation:line_168:LOC">
                <WheelchairAccess>false</WheelchairAccess>
              </AccessibilityLimitation>
            </limitations>
          </AccessibilityAssessment>
        </Line>
        <Line version="any" id="CA_GRAND_COGNAC:Line:158:LOC">
          <keyList>
            <KeyValue>
              <Key>route_sort_order</Key>
              <Value>3</Value>
            </KeyValue>
          </keyList>
          <Name>Ligne 2</Name>
          <ShortName>Ligne 2</ShortName>
          <TransportMode>bus</TransportMode>
          <PublicCode>2</PublicCode>
          <PrivateCode>158</PrivateCode>
          <OperatorRef ref="CA_GRAND_COGNAC:Operator:1o:LOC" version="any"/>
          <Presentation>
            <Colour>F01414</Colour>
            <TextColour>FFFFFF</TextColour>
          </Presentation>
          <AccessibilityAssessment version="any" id="CA_GRAND_COGNAC:AccessibilityAssessment:line_158:LOC">
            <MobilityImpairedAccess>false</MobilityImpairedAccess>
            <limitations>
              <AccessibilityLimitation version="any" id="CA_GRAND_COGNAC:AccessibilityLimitation:line_158:LOC">
                <WheelchairAccess>false</WheelchairAccess>
              </AccessibilityLimitation>
            </limitations>
          </AccessibilityAssessment>
        </Line>
        <Operator version="any" id="CA_GRAND_COGNAC:Operator:1o:LOC">
          <CompanyNumber>1o</CompanyNumber>
          <Name>Transcom (Grand Cognac)</Name>
          <ContactDetails>
            <Phone>+33(0)800881691</Phone>
            <Url>https://www.transcom.fr</Url>
          </ContactDetails>
          <OrganisationType>operator</OrganisationType>
        </Operator>
        <Authority version="any" id="CA_GRAND_COGNAC:Authority:1:LOC">
          <CompanyNumber>1</CompanyNumber>
          <Name>Transcom (Grand Cognac)</Name>
          <ContactDetails>
            <Phone>+33(0)800881691</Phone>
            <Url>https://www.transcom.fr</Url>
          </ContactDetails>
          <OrganisationType>authority</OrganisationType>
        </Authority>
      </members>
    </GeneralFrame>
  </dataObjects>
</PublicationDelivery>