<?xml version="1.0" encoding="UTF-8"?>
<PublicationDelivery xmlns:xsi="http://www.w3.org/2001/XMLSchema-instance"
                     xsi:schemaLocation="http://www.netex.org.uk/netex"
                     xmlns="http://www.netex.org.uk/netex"
                     xmlns:xlink="http://www.w3.org/1999/xlink"
                     xmlns:ifopt="http://www.ifopt.org.uk/ifopt"
                     xmlns:gml="http://www.opengis.net/gml/3.2"
                     xmlns:core="http://www.govtalk.gov.uk/core"
                     xmlns:siri="http://www.siri.org.uk/siri"
                     version="1.10:FR-NETEX-2.2">
   <PublicationTimestamp>2025-09-04T01:32:22+02:00</PublicationTimestamp>
   <ParticipantRef>EPY</ParticipantRef>
   <Description>Offre sur la période du 04/09/2025 au 04/07/2026</Description>
   <dataObjects>
      <CompositeFrame id="FR:CompositeFrame:NETEX_LIGNE-20250904T013222:LOC" version="1.0">
         <Name>Epernay Gare Routière via Quai de la Marne</Name>
         <FrameDefaults>
            <DefaultLocale>
               <TimeZone>Europe/Paris</TimeZone>
               <DefaultLanguage>fr</DefaultLanguage>
            </DefaultLocale>
            <DefaultLocationSystem>WGS84</DefaultLocationSystem>
            <DefaultSystemOfUnits>SiMetres</DefaultSystemOfUnits>
         </FrameDefaults>
         <frames>
            <ResourceFrame id="FR:ResourceFrame:1" version="any">
               <typesOfValue>
                  <ValueSet id="FR:ValueSet:TypeOfFrame" nameOfClass="TypeOfFrame" version="any">
                     <Name>TypeOfFrame</Name>
                     <values>
                        <TypeOfFrame id="FR:TypeOfFrame:NETEX_RESEAU" version="any">
                           <Name>NETEX_RESEAU</Name>
                        </TypeOfFrame>
                        <TypeOfFrame id="FR:TypeOfFrame:NETEX_HORAIRE" version="any">
                           <Name>NETEX_HORAIRE</Name>
                        </TypeOfFrame>
                     </values>
                  </ValueSet>
               </typesOfValue>
            </ResourceFrame>
            <GeneralFrame id="FR:GeneralFrame:NETEX_RESEAU-20250904T013222:LOC" version="1.0" dataSourceRef="EPY">
               <TypeOfFrameRef ref="FR:TypeOfFrame:NETEX_RESEAU"/>
               <members>
                  <Route id="EPY:Route:8-A:LOC" version="1">
                     <Name>Epernay Gare Routière via Quai de la Marne - Aller</Name>
                     <LineRef ref="EPY:Line:8:LOC" versionRef="1"/>
                     <DirectionType>outbound</DirectionType>
                     <DirectionRef ref="EPY:Direction:8-A:LOC" versionRef="1"/>
                  </Route>
                  <Direction id="EPY:Direction:8-A:LOC" version="1">
                     <Name>Epernay Gare Routière via Quai de la Marne - Aller</Name>
                     <DirectionType>outbound</DirectionType>
                  </Direction>
                  <ServiceJourneyPattern id="EPY:ServiceJourneyPattern:20:LOC" version="1">
                     <Name>Epernay Gare Routière - Épernay</Name>
                     <PrivateCode>14974009</PrivateCode>
                     <RouteRef ref="EPY:Route:8-A:LOC" versionRef="1"/>
                     <DestinationDisplayRef ref="EPY:DestinationDisplay:20:LOC" versionRef="1"/>
                     <pointsInSequence>
                        <StopPointInJourneyPattern id="EPY:StopPointInJourneyPattern:20x1:LOC" version="any" order="1">
                           <ScheduledStopPointRef ref="EPY:ScheduledStopPoint:237:LOC" versionRef="1"/>
                           <ForAlighting>false</ForAlighting>
                           <ForBoarding>true</ForBoarding>
                           <RequestStop>false</RequestStop>
                        </StopPointInJourneyPattern>
                        <StopPointInJourneyPattern id="EPY:StopPointInJourneyPattern:20x2:LOC" version="any" order="2">
                           <ScheduledStopPointRef ref="EPY:ScheduledStopPoint:238:LOC" versionRef="1"/>
                           <ForAlighting>true</ForAlighting>
                           <ForBoarding>true</ForBoarding>
                           <RequestStop>false</RequestStop>
                        </StopPointInJourneyPattern>
                        <StopPointInJourneyPattern id="EPY:StopPointInJourneyPattern:20x3:LOC" version="any" order="3">
                           <ScheduledStopPointRef ref="EPY:ScheduledStopPoint:239:LOC" versionRef="1"/>
                           <ForAlighting>true</ForAlighting>
                           <ForBoarding>true</ForBoarding>
                           <RequestStop>false</RequestStop>
                        </StopPointInJourneyPattern>
                        <StopPointInJourneyPattern id="EPY:StopPointInJourneyPattern:20x4:LOC" version="any" order="4">
                           <ScheduledStopPointRef ref="EPY:ScheduledStopPoint:240:LOC" versionRef="1"/>
                           <ForAlighting>true</ForAlighting>
                           <ForBoarding>true</ForBoarding>
                           <RequestStop>false</RequestStop>
                        </StopPointInJourneyPattern>
                        <StopPointInJourneyPattern id="EPY:StopPointInJourneyPattern:20x5:LOC" version="any" order="5">
                           <ScheduledStopPointRef ref="EPY:ScheduledStopPoint:241:LOC" versionRef="1"/>
                           <ForAlighting>true</ForAlighting>
                           <ForBoarding>true</ForBoarding>
                           <RequestStop>false</RequestStop>
                        </StopPointInJourneyPattern>
                        <StopPointInJourneyPattern id="EPY:StopPointInJourneyPattern:20x6:LOC" version="any" order="6">
                           <ScheduledStopPointRef ref="EPY:ScheduledStopPoint:242:LOC" versionRef="1"/>
                           <ForAlighting>true</ForAlighting>
                           <ForBoarding>true</ForBoarding>
                           <RequestStop>false</RequestStop>
                        </StopPointInJourneyPattern>
                        <StopPointInJourneyPattern id="EPY:StopPointInJourneyPattern:20x7:LOC" version="any" order="7">
                           <ScheduledStopPointRef ref="EPY:ScheduledStopPoint:243:LOC" versionRef="1"/>
                           <ForAlighting>true</ForAlighting>
                           <ForBoarding>true</ForBoarding>
                           <RequestStop>false</RequestStop>
                        </StopPointInJourneyPattern>
                        <StopPointInJourneyPattern id="EPY:StopPointInJourneyPattern:20x8:LOC" version="any" order="8">
                           <ScheduledStopPointRef ref="EPY:ScheduledStopPoint:244:LOC" versionRef="1"/>
                           <ForAlighting>true</ForAlighting>
                           <ForBoarding>true</ForBoarding>
                           <RequestStop>false</RequestStop>
                        </StopPointInJourneyPattern>
                        <StopPointInJourneyPattern id="EPY:StopPointInJourneyPattern:20x9:LOC" version="any" order="9">
                           <ScheduledStopPointRef ref="EPY:ScheduledStopPoint:245:LOC" versionRef="1"/>
                           <ForAlighting>true</ForAlighting>
                           <ForBoarding>true</ForBoarding>
                           <RequestStop>false</RequestStop>
                        </StopPointInJourneyPattern>
                        <StopPointInJourneyPattern id="EPY:StopPointInJourneyPattern:20x10:LOC" version="any" order="10">
                           <ScheduledStopPointRef ref="EPY:ScheduledStopPoint:246:LOC" versionRef="1"/>
                           <ForAlighting>true</ForAlighting>
                           <ForBoarding>true</ForBoarding>
                           <RequestStop>false</RequestStop>
                        </StopPointInJourneyPattern>
                        <StopPointInJourneyPattern id="EPY:StopPointInJourneyPattern:20x11:LOC" version="any" order="11">
                           <ScheduledStopPointRef ref="EPY:ScheduledStopPoint:247:LOC" versionRef="1"/>
                           <ForAlighting>true</ForAlighting>
                           <ForBoarding>false</ForBoarding>
                           <RequestStop>false</RequestStop>
                        </StopPointInJourneyPattern>
                     </pointsInSequence>
                     <ServiceJourneyPatternType>passenger</ServiceJourneyPatternType>
                  </ServiceJourneyPattern>
                  <DestinationDisplay id="EPY:DestinationDisplay:20:LOC" version="1">
                     <FrontText>Epernay Gare Routière</FrontText>
                  </DestinationDisplay>
                  <ScheduledStopPoint id="EPY:ScheduledStopPoint:237:LOC" version="1">
                     <Name>Epernay Gare Routière</Name>
                     <Location id="EPY:Location:404b244485de4bbbbc94fee942362f26:LOC">
                        <Longitude>3.9560891</Longitude>
                        <Latitude>49.0459372</Latitude>
                        <gml:pos srsName="EPSG:27572">718468.965549777 2450983.65185081</gml:pos>
                     </Location>
                  </ScheduledStopPoint>
                  <ScheduledStopPoint id="EPY:ScheduledStopPoint:238:LOC" version="1">
                     <Name>Ernest Vallé</Name>
                     <Location id="EPY:Location:2682e118f3d2498dba24c5f182e87b5c:LOC">
                        <Longitude>3.9534131</Longitude>
                        <Latitude>49.0479652</Latitude>
                        <gml:pos srsName="EPSG:27572">718268.609762576 2451205.26034736</gml:pos>
                     </Location>
                  </ScheduledStopPoint>
                  <ScheduledStopPoint id="EPY:ScheduledStopPoint:239:LOC" version="1">
                     <Name>Henry Dunant</Name>
                     <Location id="EPY:Location:f80c7a55f4c74b1c93b2db84f636e681:LOC">
                        <Longitude>3.9511651</Longitude>
                        <Latitude>49.0499302</Latitude>
                        <gml:pos srsName="EPSG:27572">718099.713501521 2451420.50948969</gml:pos>
                     </Location>
                  </ScheduledStopPoint>
                  <ScheduledStopPoint id="EPY:ScheduledStopPoint:240:LOC" version="1">
                     <Name>Côte Legris</Name>
                     <Location id="EPY:Location:ffa39ec7be344ef8abc599cfb5d51c7b:LOC">
                        <Longitude>3.9501511</Longitude>
                        <Latitude>49.0527912</Latitude>
                        <gml:pos srsName="EPSG:27572">718019.02483772 2451737.30549676</gml:pos>
                     </Location>
                  </ScheduledStopPoint>
                  <ScheduledStopPoint id="EPY:ScheduledStopPoint:241:LOC" version="1">
                     <Name>Thiercelin</Name>
                     <Location id="EPY:Location:f9910c6bcb2b4a8ba1d161106220baae:LOC">
                        <Longitude>3.9499991</Longitude>
                        <Latitude>49.0496072</Latitude>
                        <gml:pos srsName="EPSG:27572">718015.179350065 2451382.82160422</gml:pos>
                     </Location>
                  </ScheduledStopPoint>
                  <ScheduledStopPoint id="EPY:ScheduledStopPoint:242:LOC" version="1">
                     <Name>Saint-Vincent</Name>
                     <Location id="EPY:Location:626aef69417c462c8bc707c87ccc9dc8:LOC">
                        <Longitude>3.9510061</Longitude>
                        <Latitude>49.0489892</Latitude>
                        <gml:pos srsName="EPSG:27572">718090.235445274 2451315.57406736</gml:pos>
                     </Location>
                  </ScheduledStopPoint>
                  <ScheduledStopPoint id="EPY:ScheduledStopPoint:243:LOC" version="1">
                     <Name>Joffre</Name>
                     <Location id="EPY:Location:1ec5c251e2f846c9b98997307ae33ade:LOC">
                        <Longitude>3.9557421</Longitude>
                        <Latitude>49.0538002</Latitude>
                        <gml:pos srsName="EPSG:27572">718425.56965469 2451857.97389339</gml:pos>
                     </Location>
                  </ScheduledStopPoint>
                  <ScheduledStopPoint id="EPY:ScheduledStopPoint:244:LOC" version="1">
                     <Name>Marcel Paul</Name>
                     <Location id="EPY:Location:3fae468a79f3402782ee37c3088f4a4f:LOC">
                        <Longitude>3.9586061</Longitude>
                        <Latitude>49.0504272</Latitude>
                        <gml:pos srsName="EPSG:27572">718642.745566382 2451487.00734435</gml:pos>
                     </Location>
                  </ScheduledStopPoint>
                  <ScheduledStopPoint id="EPY:ScheduledStopPoint:245:LOC" version="1">
                     <Name>Quai de Marne</Name>
                     <Location id="EPY:Location:820233cdfd194f3a916b0e6ca43d858f:LOC">
                        <Longitude>3.9631281</Longitude>
                        <Latitude>49.0484552</Latitude>
                        <gml:pos srsName="EPSG:27572">718977.982615676 2451274.43350375</gml:pos>
                     </Location>
                  </ScheduledStopPoint>
                  <ScheduledStopPoint id="EPY:ScheduledStopPoint:246:LOC" version="1">
                     <Name>Abelé</Name>
                     <Location id="EPY:Location:e97a60f334ba4ef9a44f1f123bcaaa97:LOC">
                        <Longitude>3.9631571</Longitude>
                        <Latitude>49.0459712</Latitude>
                        <gml:pos srsName="EPSG:27572">718985.821377394 2450998.10638784</gml:pos>
                     </Location>
                  </ScheduledStopPoint>
                  <ScheduledStopPoint id="EPY:ScheduledStopPoint:247:LOC" version="1">
                     <Name>Epernay Gare Routière</Name>
                     <Location id="EPY:Location:eb9587386ca94fdaa2fea791eb9c6e5c:LOC">
                        <Longitude>3.9560891</Longitude>
                        <Latitude>49.0459372</Latitude>
                        <gml:pos srsName="EPSG:27572">718468.965549777 2450983.65185081</gml:pos>
                     </Location>
                  </ScheduledStopPoint>
                  <PassengerStopAssignment id="EPY:PassengerStopAssignment:237:LOC" version="1" order="0">
                     <ScheduledStopPointRef ref="EPY:ScheduledStopPoint:237:LOC" versionRef="1"/>
                     <StopPlaceRef ref="FR:51230:StopPlace:genAUTO$568658377:EPY" versionRef="1"/>
                     <QuayRef ref="FR:51230:Quay:naygar56:EPY" versionRef="1"/>
                  </PassengerStopAssignment>
                  <PassengerStopAssignment id="EPY:PassengerStopAssignment:238:LOC" version="1" order="0">
                     <ScheduledStopPointRef ref="EPY:ScheduledStopPoint:238:LOC" versionRef="1"/>
                     <StopPlaceRef ref="FR:51230:StopPlace:genAUTO$2115754858:EPY" versionRef="1"/>
                     <QuayRef ref="FR:51230:Quay:nayerne2:EPY" versionRef="1"/>
                  </PassengerStopAssignment>
                  <PassengerStopAssignment id="EPY:PassengerStopAssignment:239:LOC" version="1" order="0">
                     <ScheduledStopPointRef ref="EPY:ScheduledStopPoint:239:LOC" versionRef="1"/>
                     <StopPlaceRef ref="FR:51230:StopPlace:genAUTO$1631399807:EPY" versionRef="1"/>
                     <QuayRef ref="FR:51230:Quay:nayduna1:EPY" versionRef="1"/>
                  </PassengerStopAssignment>
                  <PassengerStopAssignment id="EPY:PassengerStopAssignment:240:LOC" version="1" order="0">
                     <ScheduledStopPointRef ref="EPY:ScheduledStopPoint:240:LOC" versionRef="1"/>
                     <StopPlaceRef ref="FR:51230:StopPlace:genAUTO$2096145085:EPY" versionRef="1"/>
                     <QuayRef ref="FR:51230:Quay:naycote2:EPY" versionRef="1"/>
                  </PassengerStopAssignment>
                  <PassengerStopAssignment id="EPY:PassengerStopAssignment:241:LOC" version="1" order="0">
                     <ScheduledStopPointRef ref="EPY:ScheduledStopPoint:241:LOC" versionRef="1"/>
                     <StopPlaceRef ref="FR:51230:StopPlace:genAUTO$324741319:EPY" versionRef="1"/>
                     <QuayRef ref="FR:51230:Quay:naythie1:EPY" versionRef="1"/>
                  </PassengerStopAssignment>
                  <PassengerStopAssignment id="EPY:PassengerStopAssignment:242:LOC" version="1" order="0">
                     <ScheduledStopPointRef ref="EPY:ScheduledStopPoint:242:LOC" versionRef="1"/>
                     <StopPlaceRef ref="FR:51230:StopPlace:genAUTO$586088313:EPY" versionRef="1"/>
                     <QuayRef ref="FR:51230:Quay:nayvinc1:EPY" versionRef="1"/>
                  </PassengerStopAssignment>
                  <PassengerStopAssignment id="EPY:PassengerStopAssignment:243:LOC" version="1" order="0">
                     <ScheduledStopPointRef ref="EPY:ScheduledStopPoint:243:LOC" versionRef="1"/>
                     <StopPlaceRef ref="FR:51230:StopPlace:genAUTO$256046600:EPY" versionRef="1"/>
                     <QuayRef ref="FR:51230:Quay:nayjoff1:EPY" versionRef="1"/>
                  </PassengerStopAssignment>
                  <PassengerStopAssignment id="EPY:PassengerStopAssignment:244:LOC" version="1" order="0">
                     <ScheduledStopPointRef ref="EPY:ScheduledStopPoint:244:LOC" versionRef="1"/>
                     <StopPlaceRef ref="FR:51230:StopPlace:genAUTO$695817807:EPY" versionRef="1"/>
                     <QuayRef ref="FR:51230:Quay:naypaul1:EPY" versionRef="1"/>
                  </PassengerStopAssignment>
                  <PassengerStopAssignment id="EPY:PassengerStopAssignment:245:LOC" version="1" order="0">
                     <ScheduledStopPointRef ref="EPY:ScheduledStopPoint:245:LOC" versionRef="1"/>
                     <StopPlaceRef ref="FR:51230:StopPlace:genAUTO$312522524:EPY" versionRef="1"/>
                     <QuayRef ref="FR:51230:Quay:nayqdma1:EPY" versionRef="1"/>
                  </PassengerStopAssignment>
                  <PassengerStopAssignment id="EPY:PassengerStopAssignment:246:LOC" version="1" order="0">
                     <ScheduledStopPointRef ref="EPY:ScheduledStopPoint:246:LOC" versionRef="1"/>
                     <StopPlaceRef ref="FR:51230:StopPlace:genAUTO$1474950454:EPY" versionRef="1"/>
                     <QuayRef ref="FR:51230:Quay:nayabel2:EPY" versionRef="1"/>
                  </PassengerStopAssignment>
                  <PassengerStopAssignment id="EPY:PassengerStopAssignment:247:LOC" version="1" order="0">
                     <ScheduledStopPointRef ref="EPY:ScheduledStopPoint:247:LOC" versionRef="1"/>
                     <StopPlaceRef ref="FR:51230:StopPlace:genAUTO$568658377:EPY" versionRef="1"/>
                     <QuayRef ref="FR:51230:Quay:naygar56:EPY" versionRef="1"/>
                  </PassengerStopAssignment>
               </members>
            </GeneralFrame>
            <GeneralFrame id="FR:GeneralFrame:NETEX_HORAIRE-20250904T013222:LOC" version="1.0" dataSourceRef="EPY">
               <TypeOfFrameRef ref="FR:TypeOfFrame:NETEX_HORAIRE"/>
               <members>
                  <ServiceJourney id="EPY:ServiceJourney:13217067:LOC" version="1">
                     <PrivateCode>Quai de Marne</PrivateCode>
                     <TransportMode>bus</TransportMode>
                     <dayTypes>
                        <DayTypeRef ref="EPY:Timetable:DayType:3931:LOC" versionRef="1"/>
                     </dayTypes>
                     <JourneyPatternRef ref="EPY:ServiceJourneyPattern:20:LOC" versionRef="1"/>
                     <passingTimes>
                        <TimetabledPassingTime version="any">
                           <ArrivalTime>07:40:00</ArrivalTime>
                           <ArrivalDayOffset>0</ArrivalDayOffset>
                           <DepartureTime>07:40:00</DepartureTime>
                           <DepartureDayOffset>0</DepartureDayOffset>
                        </TimetabledPassingTime>
                        <TimetabledPassingTime version="any">
                           <ArrivalTime>07:42:00</ArrivalTime>
                           <ArrivalDayOffset>0</ArrivalDayOffset>
                           <DepartureTime>07:42:00</DepartureTime>
                           <DepartureDayOffset>0</DepartureDayOffset>
                        </TimetabledPassingTime>
                        <TimetabledPassingTime version="any">
                           <ArrivalTime>07:43:00</ArrivalTime>
                           <ArrivalDayOffset>0</ArrivalDayOffset>
                           <DepartureTime>07:43:00</DepartureTime>
                           <DepartureDayOffset>0</DepartureDayOffset>
                        </TimetabledPassingTime>
                        <TimetabledPassingTime version="any">
                           <ArrivalTime>07:45:00</ArrivalTime>
                           <ArrivalDayOffset>0</ArrivalDayOffset>
                           <DepartureTime>07:45:00</DepartureTime>
                           <DepartureDayOffset>0</DepartureDayOffset>
                        </TimetabledPassingTime>
                        <TimetabledPassingTime version="any">
                           <ArrivalTime>07:46:00</ArrivalTime>
                           <ArrivalDayOffset>0</ArrivalDayOffset>
                           <DepartureTime>07:46:00</DepartureTime>
                           <DepartureDayOffset>0</DepartureDayOffset>
                        </TimetabledPassingTime>
                        <TimetabledPassingTime version="any">
                           <ArrivalTime>07:47:00</ArrivalTime>
                           <ArrivalDayOffset>0</ArrivalDayOffset>
                           <DepartureTime>07:47:00</DepartureTime>
                           <DepartureDayOffset>0</DepartureDayOffset>
                        </TimetabledPassingTime>
                        <TimetabledPassingTime version="any">
                           <ArrivalTime>07:49:00</ArrivalTime>
                           <ArrivalDayOffset>0</ArrivalDayOffset>
                           <DepartureTime>07:49:00</DepartureTime>
                           <DepartureDayOffset>0</DepartureDayOffset>
                        </TimetabledPassingTime>
                        <TimetabledPassingTime version="any">
                           <ArrivalTime>07:50:00</ArrivalTime>
                           <ArrivalDayOffset>0</ArrivalDayOffset>
                           <DepartureTime>07:50:00</DepartureTime>
                           <DepartureDayOffset>0</DepartureDayOffset>
                        </TimetabledPassingTime>
                        <TimetabledPassingTime version="any">
                           <ArrivalTime>07:52:00</ArrivalTime>
                           <ArrivalDayOffset>0</ArrivalDayOffset>
                           <DepartureTime>07:52:00</DepartureTime>
                           <DepartureDayOffset>0</DepartureDayOffset>
                        </TimetabledPassingTime>
                        <TimetabledPassingTime version="any">
                           <ArrivalTime>07:53:00</ArrivalTime>
                           <ArrivalDayOffset>0</ArrivalDayOffset>
                           <DepartureTime>07:53:00</DepartureTime>
                           <DepartureDayOffset>0</DepartureDayOffset>
                        </TimetabledPassingTime>
                        <TimetabledPassingTime version="any">
                           <ArrivalTime>07:56:00</ArrivalTime>
                           <ArrivalDayOffset>0</ArrivalDayOffset>
                           <DepartureTime>07:56:00</DepartureTime>
                           <DepartureDayOffset>0</DepartureDayOffset>
                        </TimetabledPassingTime>
                     </passingTimes>
                  </ServiceJourney>
                  <ServiceJourney id="EPY:ServiceJourney:13217068:LOC" version="1">
                     <PrivateCode>Quai de Marne</PrivateCode>
                     <TransportMode>bus</TransportMode>
                     <dayTypes>
                        <DayTypeRef ref="EPY:Timetable:DayType:4063:LOC" versionRef="1"/>
                     </dayTypes>
                     <JourneyPatternRef ref="EPY:ServiceJourneyPattern:20:LOC" versionRef="1"/>
                     <passingTimes>
                        <TimetabledPassingTime version="any">
                           <ArrivalTime>09:00:00</ArrivalTime>
                           <ArrivalDayOffset>0</ArrivalDayOffset>
                           <DepartureTime>09:00:00</DepartureTime>
                           <DepartureDayOffset>0</DepartureDayOffset>
                        </TimetabledPassingTime>
                        <TimetabledPassingTime version="any">
                           <ArrivalTime>09:02:00</ArrivalTime>
                           <ArrivalDayOffset>0</ArrivalDayOffset>
                           <DepartureTime>09:02:00</DepartureTime>
                           <DepartureDayOffset>0</DepartureDayOffset>
                        </TimetabledPassingTime>
                        <TimetabledPassingTime version="any">
                           <ArrivalTime>09:03:00</ArrivalTime>
                           <ArrivalDayOffset>0</ArrivalDayOffset>
                           <DepartureTime>09:03:00</DepartureTime>
                           <DepartureDayOffset>0</DepartureDayOffset>
                        </TimetabledPassingTime>
                        <TimetabledPassingTime version="any">
                           <ArrivalTime>09:05:00</ArrivalTime>
                           <ArrivalDayOffset>0</ArrivalDayOffset>
                           <DepartureTime>09:05:00</DepartureTime>
                           <DepartureDayOffset>0</DepartureDayOffset>
                        </TimetabledPassingTime>
                        <TimetabledPassingTime version="any">
                           <ArrivalTime>09:06:00</ArrivalTime>
                           <ArrivalDayOffset>0</ArrivalDayOffset>
                           <DepartureTime>09:06:00</DepartureTime>
                           <DepartureDayOffset>0</DepartureDayOffset>
                        </TimetabledPassingTime>
                        <TimetabledPassingTime version="any">
                           <ArrivalTime>09:07:00</ArrivalTime>
                           <ArrivalDayOffset>0</ArrivalDayOffset>
                           <DepartureTime>09:07:00</DepartureTime>
                           <DepartureDayOffset>0</DepartureDayOffset>
                        </TimetabledPassingTime>
                        <TimetabledPassingTime version="any">
                           <ArrivalTime>09:09:00</ArrivalTime>
                           <ArrivalDayOffset>0</ArrivalDayOffset>
                           <DepartureTime>09:09:00</DepartureTime>
                           <DepartureDayOffset>0</DepartureDayOffset>
                        </TimetabledPassingTime>
                        <TimetabledPassingTime version="any">
                           <ArrivalTime>09:10:00</ArrivalTime>
                           <ArrivalDayOffset>0</ArrivalDayOffset>
                           <DepartureTime>09:10:00</DepartureTime>
                           <DepartureDayOffset>0</DepartureDayOffset>
                        </TimetabledPassingTime>
                        <TimetabledPassingTime version="any">
                           <ArrivalTime>09:12:00</ArrivalTime>
                           <ArrivalDayOffset>0</ArrivalDayOffset>
                           <DepartureTime>09:12:00</DepartureTime>
                           <DepartureDayOffset>0</DepartureDayOffset>
                        </TimetabledPassingTime>
                        <TimetabledPassingTime version="any">
                           <ArrivalTime>09:13:00</ArrivalTime>
                           <ArrivalDayOffset>0</ArrivalDayOffset>
                           <DepartureTime>09:13:00</DepartureTime>
                           <DepartureDayOffset>0</DepartureDayOffset>
                        </TimetabledPassingTime>
                        <TimetabledPassingTime version="any">
                           <ArrivalTime>09:16:00</ArrivalTime>
                           <ArrivalDayOffset>0</ArrivalDayOffset>
                           <DepartureTime>09:16:00</DepartureTime>
                           <DepartureDayOffset>0</DepartureDayOffset>
                        </TimetabledPassingTime>
                     </passingTimes>
                  </ServiceJourney>
                  <ServiceJourney id="EPY:ServiceJourney:13217069:LOC" version="1">
                     <PrivateCode>Quai de Marne</PrivateCode>
                     <TransportMode>bus</TransportMode>
                     <dayTypes>
                        <DayTypeRef ref="EPY:Timetable:DayType:4063:LOC" versionRef="1"/>
                     </dayTypes>
                     <JourneyPatternRef ref="EPY:ServiceJourneyPattern:20:LOC" versionRef="1"/>
                     <passingTimes>
                        <TimetabledPassingTime version="any">
                           <ArrivalTime>10:00:00</ArrivalTime>
                           <ArrivalDayOffset>0</ArrivalDayOffset>
                           <DepartureTime>10:00:00</DepartureTime>
                           <DepartureDayOffset>0</DepartureDayOffset>
                        </TimetabledPassingTime>
                        <TimetabledPassingTime version="any">
                           <ArrivalTime>10:02:00</ArrivalTime>
                           <ArrivalDayOffset>0</ArrivalDayOffset>
                           <DepartureTime>10:02:00</DepartureTime>
                           <DepartureDayOffset>0</DepartureDayOffset>
                        </TimetabledPassingTime>
                        <TimetabledPassingTime version="any">
                           <ArrivalTime>10:03:00</ArrivalTime>
                           <ArrivalDayOffset>0</ArrivalDayOffset>
                           <DepartureTime>10:03:00</DepartureTime>
                           <DepartureDayOffset>0</DepartureDayOffset>
                        </TimetabledPassingTime>
                        <TimetabledPassingTime version="any">
                           <ArrivalTime>10:05:00</ArrivalTime>
                           <ArrivalDayOffset>0</ArrivalDayOffset>
                           <DepartureTime>10:05:00</DepartureTime>
                           <DepartureDayOffset>0</DepartureDayOffset>
                        </TimetabledPassingTime>
                        <TimetabledPassingTime version="any">
                           <ArrivalTime>10:06:00</ArrivalTime>
                           <ArrivalDayOffset>0</ArrivalDayOffset>
                           <DepartureTime>10:06:00</DepartureTime>
                           <DepartureDayOffset>0</DepartureDayOffset>
                        </TimetabledPassingTime>
                        <TimetabledPassingTime version="any">
                           <ArrivalTime>10:07:00</ArrivalTime>
                           <ArrivalDayOffset>0</ArrivalDayOffset>
                           <DepartureTime>10:07:00</DepartureTime>
                           <DepartureDayOffset>0</DepartureDayOffset>
                        </TimetabledPassingTime>
                        <TimetabledPassingTime version="any">
                           <ArrivalTime>10:09:00</ArrivalTime>
                           <ArrivalDayOffset>0</ArrivalDayOffset>
                           <DepartureTime>10:09:00</DepartureTime>
                           <DepartureDayOffset>0</DepartureDayOffset>
                        </TimetabledPassingTime>
                        <TimetabledPassingTime version="any">
                           <ArrivalTime>10:10:00</ArrivalTime>
                           <ArrivalDayOffset>0</ArrivalDayOffset>
                           <DepartureTime>10:10:00</DepartureTime>
                           <DepartureDayOffset>0</DepartureDayOffset>
                        </TimetabledPassingTime>
                        <TimetabledPassingTime version="any">
                           <ArrivalTime>10:12:00</ArrivalTime>
                           <ArrivalDayOffset>0</ArrivalDayOffset>
                           <DepartureTime>10:12:00</DepartureTime>
                           <DepartureDayOffset>0</DepartureDayOffset>
                        </TimetabledPassingTime>
                        <TimetabledPassingTime version="any">
                           <ArrivalTime>10:13:00</ArrivalTime>
                           <ArrivalDayOffset>0</ArrivalDayOffset>
                           <DepartureTime>10:13:00</DepartureTime>
                           <DepartureDayOffset>0</DepartureDayOffset>
                        </TimetabledPassingTime>
                        <TimetabledPassingTime version="any">
                           <ArrivalTime>10:16:00</ArrivalTime>
                           <ArrivalDayOffset>0</ArrivalDayOffset>
                           <DepartureTime>10:16:00</DepartureTime>
                           <DepartureDayOffset>0</DepartureDayOffset>
                        </TimetabledPassingTime>
                     </passingTimes>
                  </ServiceJourney>
                  <ServiceJourney id="EPY:ServiceJourney:13217070:LOC" version="1">
                     <PrivateCode>Quai de Marne</PrivateCode>
                     <TransportMode>bus</TransportMode>
                     <dayTypes>
                        <DayTypeRef ref="EPY:Timetable:DayType:4063:LOC" versionRef="1"/>
                     </dayTypes>
                     <JourneyPatternRef ref="EPY:ServiceJourneyPattern:20:LOC" versionRef="1"/>
                     <passingTimes>
                        <TimetabledPassingTime version="any">
                           <ArrivalTime>11:00:00</ArrivalTime>
                           <ArrivalDayOffset>0</ArrivalDayOffset>
                           <DepartureTime>11:00:00</DepartureTime>
                           <DepartureDayOffset>0</DepartureDayOffset>
                        </TimetabledPassingTime>
                        <TimetabledPassingTime version="any">
                           <ArrivalTime>11:02:00</ArrivalTime>
                           <ArrivalDayOffset>0</ArrivalDayOffset>
                           <DepartureTime>11:02:00</DepartureTime>
                           <DepartureDayOffset>0</DepartureDayOffset>
                        </TimetabledPassingTime>
                        <TimetabledPassingTime version="any">
                           <ArrivalTime>11:03:00</ArrivalTime>
                           <ArrivalDayOffset>0</ArrivalDayOffset>
                           <DepartureTime>11:03:00</DepartureTime>
                           <DepartureDayOffset>0</DepartureDayOffset>
                        </TimetabledPassingTime>
                        <TimetabledPassingTime version="any">
                           <ArrivalTime>11:05:00</ArrivalTime>
                           <ArrivalDayOffset>0</ArrivalDayOffset>
                           <DepartureTime>11:05:00</DepartureTime>
                           <DepartureDayOffset>0</DepartureDayOffset>
                        </TimetabledPassingTime>
                        <TimetabledPassingTime version="any">
                           <ArrivalTime>11:06:00</ArrivalTime>
                           <ArrivalDayOffset>0</ArrivalDayOffset>
                           <DepartureTime>11:06:00</DepartureTime>
                           <DepartureDayOffset>0</DepartureDayOffset>
                        </TimetabledPassingTime>
                        <TimetabledPassingTime version="any">
                           <ArrivalTime>11:07:00</ArrivalTime>
                           <ArrivalDayOffset>0</ArrivalDayOffset>
                           <DepartureTime>11:07:00</DepartureTime>
                           <DepartureDayOffset>0</DepartureDayOffset>
                        </TimetabledPassingTime>
                        <TimetabledPassingTime version="any">
                           <ArrivalTime>11:09:00</ArrivalTime>
                           <ArrivalDayOffset>0</ArrivalDayOffset>
                           <DepartureTime>11:09:00</DepartureTime>
                           <DepartureDayOffset>0</DepartureDayOffset>
                        </TimetabledPassingTime>
                        <TimetabledPassingTime version="any">
                           <ArrivalTime>11:10:00</ArrivalTime>
                           <ArrivalDayOffset>0</ArrivalDayOffset>
                           <DepartureTime>11:10:00</DepartureTime>
                           <DepartureDayOffset>0</DepartureDayOffset>
                        </TimetabledPassingTime>
                        <TimetabledPassingTime version="any">
                           <ArrivalTime>11:12:00</ArrivalTime>
                           <ArrivalDayOffset>0</ArrivalDayOffset>
                           <DepartureTime>11:12:00</DepartureTime>
                           <DepartureDayOffset>0</DepartureDayOffset>
                        </TimetabledPassingTime>
                        <TimetabledPassingTime version="any">
                           <ArrivalTime>11:13:00</ArrivalTime>
                           <ArrivalDayOffset>0</ArrivalDayOffset>
                           <DepartureTime>11:13:00</DepartureTime>
                           <DepartureDayOffset>0</DepartureDayOffset>
                        </TimetabledPassingTime>
                        <TimetabledPassingTime version="any">
                           <ArrivalTime>11:16:00</ArrivalTime>
                           <ArrivalDayOffset>0</ArrivalDayOffset>
                           <DepartureTime>11:16:00</DepartureTime>
                           <DepartureDayOffset>0</DepartureDayOffset>
                        </TimetabledPassingTime>
                     </passingTimes>
                  </ServiceJourney>
                  <ServiceJourney id="EPY:ServiceJourney:13217071:LOC" version="1">
                     <PrivateCode>Quai de Marne</PrivateCode>
                     <TransportMode>bus</TransportMode>
                     <dayTypes>
                        <DayTypeRef ref="EPY:Timetable:DayType:4063:LOC" versionRef="1"/>
                     </dayTypes>
                     <JourneyPatternRef ref="EPY:ServiceJourneyPattern:20:LOC" versionRef="1"/>
                     <passingTimes>
                        <TimetabledPassingTime version="any">
                           <ArrivalTime>11:50:00</ArrivalTime>
                           <ArrivalDayOffset>0</ArrivalDayOffset>
                           <DepartureTime>11:50:00</DepartureTime>
                           <DepartureDayOffset>0</DepartureDayOffset>
                        </TimetabledPassingTime>
                        <TimetabledPassingTime version="any">
                           <ArrivalTime>11:52:00</ArrivalTime>
                           <ArrivalDayOffset>0</ArrivalDayOffset>
                           <DepartureTime>11:52:00</DepartureTime>
                           <DepartureDayOffset>0</DepartureDayOffset>
                        </TimetabledPassingTime>
                        <TimetabledPassingTime version="any">
                           <ArrivalTime>11:53:00</ArrivalTime>
                           <ArrivalDayOffset>0</ArrivalDayOffset>
                           <DepartureTime>11:53:00</DepartureTime>
                           <DepartureDayOffset>0</DepartureDayOffset>
                        </TimetabledPassingTime>
                        <TimetabledPassingTime version="any">
                           <ArrivalTime>11:55:00</ArrivalTime>
                           <ArrivalDayOffset>0</ArrivalDayOffset>
                           <DepartureTime>11:55:00</DepartureTime>
                           <DepartureDayOffset>0</DepartureDayOffset>
                        </TimetabledPassingTime>
                        <TimetabledPassingTime version="any">
                           <ArrivalTime>11:56:00</ArrivalTime>
                           <ArrivalDayOffset>0</ArrivalDayOffset>
                           <DepartureTime>11:56:00</DepartureTime>
                           <DepartureDayOffset>0</DepartureDayOffset>
                        </TimetabledPassingTime>
                        <TimetabledPassingTime version="any">
                           <ArrivalTime>11:57:00</ArrivalTime>
                           <ArrivalDayOffset>0</ArrivalDayOffset>
                           <DepartureTime>11:57:00</DepartureTime>
                           <DepartureDayOffset>0</DepartureDayOffset>
                        </TimetabledPassingTime>
                        <TimetabledPassingTime version="any">
                           <ArrivalTime>11:59:00</ArrivalTime>
                           <ArrivalDayOffset>0</ArrivalDayOffset>
                           <DepartureTime>11:59:00</DepartureTime>
                           <DepartureDayOffset>0</DepartureDayOffset>
                        </TimetabledPassingTime>
                        <TimetabledPassingTime version="any">
                           <ArrivalTime>12:00:00</ArrivalTime>
                           <ArrivalDayOffset>0</ArrivalDayOffset>
                           <DepartureTime>12:00:00</DepartureTime>
                           <DepartureDayOffset>0</DepartureDayOffset>
                        </TimetabledPassingTime>
                        <TimetabledPassingTime version="any">
                           <ArrivalTime>12:02:00</ArrivalTime>
                           <ArrivalDayOffset>0</ArrivalDayOffset>
                           <DepartureTime>12:02:00</DepartureTime>
                           <DepartureDayOffset>0</DepartureDayOffset>
                        </TimetabledPassingTime>
                        <TimetabledPassingTime version="any">
                           <ArrivalTime>12:03:00</ArrivalTime>
                           <ArrivalDayOffset>0</ArrivalDayOffset>
                           <DepartureTime>12:03:00</DepartureTime>
                           <DepartureDayOffset>0</DepartureDayOffset>
                        </TimetabledPassingTime>
                        <TimetabledPassingTime version="any">
                           <ArrivalTime>12:06:00</ArrivalTime>
                           <ArrivalDayOffset>0</ArrivalDayOffset>
                           <DepartureTime>12:06:00</DepartureTime>
                           <DepartureDayOffset>0</DepartureDayOffset>
                        </TimetabledPassingTime>
                     </passingTimes>
                  </ServiceJourney>
                  <ServiceJourney id="EPY:ServiceJourney:13217072:LOC" version="1">
                     <PrivateCode>Quai de Marne</PrivateCode>
                     <TransportMode>bus</TransportMode>
                     <dayTypes>
                        <DayTypeRef ref="EPY:Timetable:DayType:4063:LOC" versionRef="1"/>
                     </dayTypes>
                     <JourneyPatternRef ref="EPY:ServiceJourneyPattern:20:LOC" versionRef="1"/>
                     <passingTimes>
                        <TimetabledPassingTime version="any">
                           <ArrivalTime>13:00:00</ArrivalTime>
                           <ArrivalDayOffset>0</ArrivalDayOffset>
                           <DepartureTime>13:00:00</DepartureTime>
                           <DepartureDayOffset>0</DepartureDayOffset>
                        </TimetabledPassingTime>
                        <TimetabledPassingTime version="any">
                           <ArrivalTime>13:02:00</ArrivalTime>
                           <ArrivalDayOffset>0</ArrivalDayOffset>
                           <DepartureTime>13:02:00</DepartureTime>
                           <DepartureDayOffset>0</DepartureDayOffset>
                        </TimetabledPassingTime>
                        <TimetabledPassingTime version="any">
                           <ArrivalTime>13:03:00</ArrivalTime>
                           <ArrivalDayOffset>0</ArrivalDayOffset>
                           <DepartureTime>13:03:00</DepartureTime>
                           <DepartureDayOffset>0</DepartureDayOffset>
                        </TimetabledPassingTime>
                        <TimetabledPassingTime version="any">
                           <ArrivalTime>13:05:00</ArrivalTime>
                           <ArrivalDayOffset>0</ArrivalDayOffset>
                           <DepartureTime>13:05:00</DepartureTime>
                           <DepartureDayOffset>0</DepartureDayOffset>
                        </TimetabledPassingTime>
                        <TimetabledPassingTime version="any">
                           <ArrivalTime>13:06:00</ArrivalTime>
                           <ArrivalDayOffset>0</ArrivalDayOffset>
                           <DepartureTime>13:06:00</DepartureTime>
                           <DepartureDayOffset>0</DepartureDayOffset>
                        </TimetabledPassingTime>
                        <TimetabledPassingTime version="any">
                           <ArrivalTime>13:07:00</ArrivalTime>
                           <ArrivalDayOffset>0</ArrivalDayOffset>
                           <DepartureTime>13:07:00</DepartureTime>
                           <DepartureDayOffset>0</DepartureDayOffset>
                        </TimetabledPassingTime>
                        <TimetabledPassingTime version="any">
                           <ArrivalTime>13:09:00</ArrivalTime>
                           <ArrivalDayOffset>0</ArrivalDayOffset>
                           <DepartureTime>13:09:00</DepartureTime>
                           <DepartureDayOffset>0</DepartureDayOffset>
                        </TimetabledPassingTime>
                        <TimetabledPassingTime version="any">
                           <ArrivalTime>13:10:00</ArrivalTime>
                           <ArrivalDayOffset>0</ArrivalDayOffset>
                           <DepartureTime>13:10:00</DepartureTime>
                           <DepartureDayOffset>0</DepartureDayOffset>
                        </TimetabledPassingTime>
                        <TimetabledPassingTime version="any">
                           <ArrivalTime>13:12:00</ArrivalTime>
                           <ArrivalDayOffset>0</ArrivalDayOffset>
                           <DepartureTime>13:12:00</DepartureTime>
                           <DepartureDayOffset>0</DepartureDayOffset>
                        </TimetabledPassingTime>
                        <TimetabledPassingTime version="any">
                           <ArrivalTime>13:13:00</ArrivalTime>
                           <ArrivalDayOffset>0</ArrivalDayOffset>
                           <DepartureTime>13:13:00</DepartureTime>
                           <DepartureDayOffset>0</DepartureDayOffset>
                        </TimetabledPassingTime>
                        <TimetabledPassingTime version="any">
                           <ArrivalTime>13:16:00</ArrivalTime>
                           <ArrivalDayOffset>0</ArrivalDayOffset>
                           <DepartureTime>13:16:00</DepartureTime>
                           <DepartureDayOffset>0</DepartureDayOffset>
                        </TimetabledPassingTime>
                     </passingTimes>
                  </ServiceJourney>
                  <ServiceJourney id="EPY:ServiceJourney:13217073:LOC" version="1">
                     <PrivateCode>Quai de Marne</PrivateCode>
                     <TransportMode>bus</TransportMode>
                     <dayTypes>
                        <DayTypeRef ref="EPY:Timetable:DayType:4063:LOC" versionRef="1"/>
                     </dayTypes>
                     <JourneyPatternRef ref="EPY:ServiceJourneyPattern:20:LOC" versionRef="1"/>
                     <passingTimes>
                        <TimetabledPassingTime version="any">
                           <ArrivalTime>14:00:00</ArrivalTime>
                           <ArrivalDayOffset>0</ArrivalDayOffset>
                           <DepartureTime>14:00:00</DepartureTime>
                           <DepartureDayOffset>0</DepartureDayOffset>
                        </TimetabledPassingTime>
                        <TimetabledPassingTime version="any">
                           <ArrivalTime>14:02:00</ArrivalTime>
                           <ArrivalDayOffset>0</ArrivalDayOffset>
                           <DepartureTime>14:02:00</DepartureTime>
                           <DepartureDayOffset>0</DepartureDayOffset>
                        </TimetabledPassingTime>
                        <TimetabledPassingTime version="any">
                           <ArrivalTime>14:03:00</ArrivalTime>
                           <ArrivalDayOffset>0</ArrivalDayOffset>
                           <DepartureTime>14:03:00</DepartureTime>
                           <DepartureDayOffset>0</DepartureDayOffset>
                        </TimetabledPassingTime>
                        <TimetabledPassingTime version="any">
                           <ArrivalTime>14:05:00</ArrivalTime>
                           <ArrivalDayOffset>0</ArrivalDayOffset>
                           <DepartureTime>14:05:00</DepartureTime>
                           <DepartureDayOffset>0</DepartureDayOffset>
                        </TimetabledPassingTime>
                        <TimetabledPassingTime version="any">
                           <ArrivalTime>14:06:00</ArrivalTime>
                           <ArrivalDayOffset>0</ArrivalDayOffset>
                           <DepartureTime>14:06:00</DepartureTime>
                           <DepartureDayOffset>0</DepartureDayOffset>
                        </TimetabledPassingTime>
                        <TimetabledPassingTime version="any">
                           <ArrivalTime>14:07:00</ArrivalTime>
                           <ArrivalDayOffset>0</ArrivalDayOffset>
                           <DepartureTime>14:07:00</DepartureTime>
                           <DepartureDayOffset>0</DepartureDayOffset>
                        </TimetabledPassingTime>
                        <TimetabledPassingTime version="any">
                           <ArrivalTime>14:09:00</ArrivalTime>
                           <ArrivalDayOffset>0</ArrivalDayOffset>
                           <DepartureTime>14:09:00</DepartureTime>
                           <DepartureDayOffset>0</DepartureDayOffset>
                        </TimetabledPassingTime>
                        <TimetabledPassingTime version="any">
                           <ArrivalTime>14:10:00</ArrivalTime>
                           <ArrivalDayOffset>0</ArrivalDayOffset>
                           <DepartureTime>14:10:00</DepartureTime>
                           <DepartureDayOffset>0</DepartureDayOffset>
                        </TimetabledPassingTime>
                        <TimetabledPassingTime version="any">
                           <ArrivalTime>14:12:00</ArrivalTime>
                           <ArrivalDayOffset>0</ArrivalDayOffset>
                           <DepartureTime>14:12:00</DepartureTime>
                           <DepartureDayOffset>0</DepartureDayOffset>
                        </TimetabledPassingTime>
                        <TimetabledPassingTime version="any">
                           <ArrivalTime>14:13:00</ArrivalTime>
                           <ArrivalDayOffset>0</ArrivalDayOffset>
                           <DepartureTime>14:13:00</DepartureTime>
                           <DepartureDayOffset>0</DepartureDayOffset>
                        </TimetabledPassingTime>
                        <TimetabledPassingTime version="any">
                           <ArrivalTime>14:16:00</ArrivalTime>
                           <ArrivalDayOffset>0</ArrivalDayOffset>
                           <DepartureTime>14:16:00</DepartureTime>
                           <DepartureDayOffset>0</DepartureDayOffset>
                        </TimetabledPassingTime>
                     </passingTimes>
                  </ServiceJourney>
                  <ServiceJourney id="EPY:ServiceJourney:13217074:LOC" version="1">
                     <PrivateCode>Quai de Marne</PrivateCode>
                     <TransportMode>bus</TransportMode>
                     <dayTypes>
                        <DayTypeRef ref="EPY:Timetable:DayType:4063:LOC" versionRef="1"/>
                     </dayTypes>
                     <JourneyPatternRef ref="EPY:ServiceJourneyPattern:20:LOC" versionRef="1"/>
                     <passingTimes>
                        <TimetabledPassingTime version="any">
                           <ArrivalTime>15:00:00</ArrivalTime>
                           <ArrivalDayOffset>0</ArrivalDayOffset>
                           <DepartureTime>15:00:00</DepartureTime>
                           <DepartureDayOffset>0</DepartureDayOffset>
                        </TimetabledPassingTime>
                        <TimetabledPassingTime version="any">
                           <ArrivalTime>15:02:00</ArrivalTime>
                           <ArrivalDayOffset>0</ArrivalDayOffset>
                           <DepartureTime>15:02:00</DepartureTime>
                           <DepartureDayOffset>0</DepartureDayOffset>
                        </TimetabledPassingTime>
                        <TimetabledPassingTime version="any">
                           <ArrivalTime>15:03:00</ArrivalTime>
                           <ArrivalDayOffset>0</ArrivalDayOffset>
                           <DepartureTime>15:03:00</DepartureTime>
                           <DepartureDayOffset>0</DepartureDayOffset>
                        </TimetabledPassingTime>
                        <TimetabledPassingTime version="any">
                           <ArrivalTime>15:05:00</ArrivalTime>
                           <ArrivalDayOffset>0</ArrivalDayOffset>
                           <DepartureTime>15:05:00</DepartureTime>
                           <DepartureDayOffset>0</DepartureDayOffset>
                        </TimetabledPassingTime>
                        <TimetabledPassingTime version="any">
                           <ArrivalTime>15:06:00</ArrivalTime>
                           <ArrivalDayOffset>0</ArrivalDayOffset>
                           <DepartureTime>15:06:00</DepartureTime>
                           <DepartureDayOffset>0</DepartureDayOffset>
                        </TimetabledPassingTime>
                        <TimetabledPassingTime version="any">
                           <ArrivalTime>15:07:00</ArrivalTime>
                           <ArrivalDayOffset>0</ArrivalDayOffset>
                           <DepartureTime>15:07:00</DepartureTime>
                           <DepartureDayOffset>0</DepartureDayOffset>
                        </TimetabledPassingTime>
                        <TimetabledPassingTime version="any">
                           <ArrivalTime>15:09:00</ArrivalTime>
                           <ArrivalDayOffset>0</ArrivalDayOffset>
                           <DepartureTime>15:09:00</DepartureTime>
                           <DepartureDayOffset>0</DepartureDayOffset>
                        </TimetabledPassingTime>
                        <TimetabledPassingTime version="any">
                           <ArrivalTime>15:10:00</ArrivalTime>
                           <ArrivalDayOffset>0</ArrivalDayOffset>
                           <DepartureTime>15:10:00</DepartureTime>
                           <DepartureDayOffset>0</DepartureDayOffset>
                        </TimetabledPassingTime>
                        <TimetabledPassingTime version="any">
                           <ArrivalTime>15:12:00</ArrivalTime>
                           <ArrivalDayOffset>0</ArrivalDayOffset>
                           <DepartureTime>15:12:00</DepartureTime>
                           <DepartureDayOffset>0</DepartureDayOffset>
                        </TimetabledPassingTime>
                        <TimetabledPassingTime version="any">
                           <ArrivalTime>15:13:00</ArrivalTime>
                           <ArrivalDayOffset>0</ArrivalDayOffset>
                           <DepartureTime>15:13:00</DepartureTime>
                           <DepartureDayOffset>0</DepartureDayOffset>
                        </TimetabledPassingTime>
                        <TimetabledPassingTime version="any">
                           <ArrivalTime>15:16:00</ArrivalTime>
                           <ArrivalDayOffset>0</ArrivalDayOffset>
                           <DepartureTime>15:16:00</DepartureTime>
                           <DepartureDayOffset>0</DepartureDayOffset>
                        </TimetabledPassingTime>
                     </passingTimes>
                  </ServiceJourney>
                  <ServiceJourney id="EPY:ServiceJourney:13217075:LOC" version="1">
                     <PrivateCode>Quai de Marne</PrivateCode>
                     <TransportMode>bus</TransportMode>
                     <dayTypes>
                        <DayTypeRef ref="EPY:Timetable:DayType:4063:LOC" versionRef="1"/>
                     </dayTypes>
                     <JourneyPatternRef ref="EPY:ServiceJourneyPattern:20:LOC" versionRef="1"/>
                     <passingTimes>
                        <TimetabledPassingTime version="any">
                           <ArrivalTime>16:00:00</ArrivalTime>
                           <ArrivalDayOffset>0</ArrivalDayOffset>
                           <DepartureTime>16:00:00</DepartureTime>
                           <DepartureDayOffset>0</DepartureDayOffset>
                        </TimetabledPassingTime>
                        <TimetabledPassingTime version="any">
                           <ArrivalTime>16:02:00</ArrivalTime>
                           <ArrivalDayOffset>0</ArrivalDayOffset>
                           <DepartureTime>16:02:00</DepartureTime>
                           <DepartureDayOffset>0</DepartureDayOffset>
                        </TimetabledPassingTime>
                        <TimetabledPassingTime version="any">
                           <ArrivalTime>16:03:00</ArrivalTime>
                           <ArrivalDayOffset>0</ArrivalDayOffset>
                           <DepartureTime>16:03:00</DepartureTime>
                           <DepartureDayOffset>0</DepartureDayOffset>
                        </TimetabledPassingTime>
                        <TimetabledPassingTime version="any">
                           <ArrivalTime>16:05:00</ArrivalTime>
                           <ArrivalDayOffset>0</ArrivalDayOffset>
                           <DepartureTime>16:05:00</DepartureTime>
                           <DepartureDayOffset>0</DepartureDayOffset>
                        </TimetabledPassingTime>
                        <TimetabledPassingTime version="any">
                           <ArrivalTime>16:06:00</ArrivalTime>
                           <ArrivalDayOffset>0</ArrivalDayOffset>
                           <DepartureTime>16:06:00</DepartureTime>
                           <DepartureDayOffset>0</DepartureDayOffset>
                        </TimetabledPassingTime>
                        <TimetabledPassingTime version="any">
                           <ArrivalTime>16:07:00</ArrivalTime>
                           <ArrivalDayOffset>0</ArrivalDayOffset>
                           <DepartureTime>16:07:00</DepartureTime>
                           <DepartureDayOffset>0</DepartureDayOffset>
                        </TimetabledPassingTime>
                        <TimetabledPassingTime version="any">
                           <ArrivalTime>16:09:00</ArrivalTime>
                           <ArrivalDayOffset>0</ArrivalDayOffset>
                           <DepartureTime>16:09:00</DepartureTime>
                           <DepartureDayOffset>0</DepartureDayOffset>
                        </TimetabledPassingTime>
                        <TimetabledPassingTime version="any">
                           <ArrivalTime>16:10:00</ArrivalTime>
                           <ArrivalDayOffset>0</ArrivalDayOffset>
                           <DepartureTime>16:10:00</DepartureTime>
                           <DepartureDayOffset>0</DepartureDayOffset>
                        </TimetabledPassingTime>
                        <TimetabledPassingTime version="any">
                           <ArrivalTime>16:12:00</ArrivalTime>
                           <ArrivalDayOffset>0</ArrivalDayOffset>
                           <DepartureTime>16:12:00</DepartureTime>
                           <DepartureDayOffset>0</DepartureDayOffset>
                        </TimetabledPassingTime>
                        <TimetabledPassingTime version="any">
                           <ArrivalTime>16:13:00</ArrivalTime>
                           <ArrivalDayOffset>0</ArrivalDayOffset>
                           <DepartureTime>16:13:00</DepartureTime>
                           <DepartureDayOffset>0</DepartureDayOffset>
                        </TimetabledPassingTime>
                        <TimetabledPassingTime version="any">
                           <ArrivalTime>16:16:00</ArrivalTime>
                           <ArrivalDayOffset>0</ArrivalDayOffset>
                           <DepartureTime>16:16:00</DepartureTime>
                           <DepartureDayOffset>0</DepartureDayOffset>
                        </TimetabledPassingTime>
                     </passingTimes>
                  </ServiceJourney>
                  <ServiceJourney id="EPY:ServiceJourney:13217076:LOC" version="1">
                     <PrivateCode>Quai de Marne</PrivateCode>
                     <TransportMode>bus</TransportMode>
                     <dayTypes>
                        <DayTypeRef ref="EPY:Timetable:DayType:4063:LOC" versionRef="1"/>
                     </dayTypes>
                     <JourneyPatternRef ref="EPY:ServiceJourneyPattern:20:LOC" versionRef="1"/>
                     <passingTimes>
                        <TimetabledPassingTime version="any">
                           <ArrivalTime>17:00:00</ArrivalTime>
                           <ArrivalDayOffset>0</ArrivalDayOffset>
                           <DepartureTime>17:00:00</DepartureTime>
                           <DepartureDayOffset>0</DepartureDayOffset>
                        </TimetabledPassingTime>
                        <TimetabledPassingTime version="any">
                           <ArrivalTime>17:02:00</ArrivalTime>
                           <ArrivalDayOffset>0</ArrivalDayOffset>
                           <DepartureTime>17:02:00</DepartureTime>
                           <DepartureDayOffset>0</DepartureDayOffset>
                        </TimetabledPassingTime>
                        <TimetabledPassingTime version="any">
                           <ArrivalTime>17:03:00</ArrivalTime>
                           <ArrivalDayOffset>0</ArrivalDayOffset>
                           <DepartureTime>17:03:00</DepartureTime>
                           <DepartureDayOffset>0</DepartureDayOffset>
                        </TimetabledPassingTime>
                        <TimetabledPassingTime version="any">
                           <ArrivalTime>17:05:00</ArrivalTime>
                           <ArrivalDayOffset>0</ArrivalDayOffset>
                           <DepartureTime>17:05:00</DepartureTime>
                           <DepartureDayOffset>0</DepartureDayOffset>
                        </TimetabledPassingTime>
                        <TimetabledPassingTime version="any">
                           <ArrivalTime>17:06:00</ArrivalTime>
                           <ArrivalDayOffset>0</ArrivalDayOffset>
                           <DepartureTime>17:06:00</DepartureTime>
                           <DepartureDayOffset>0</DepartureDayOffset>
                        </TimetabledPassingTime>
                        <TimetabledPassingTime version="any">
                           <ArrivalTime>17:07:00</ArrivalTime>
                           <ArrivalDayOffset>0</ArrivalDayOffset>
                           <DepartureTime>17:07:00</DepartureTime>
                           <DepartureDayOffset>0</DepartureDayOffset>
                        </TimetabledPassingTime>
                        <TimetabledPassingTime version="any">
                           <ArrivalTime>17:09:00</ArrivalTime>
                           <ArrivalDayOffset>0</ArrivalDayOffset>
                           <DepartureTime>17:09:00</DepartureTime>
                           <DepartureDayOffset>0</DepartureDayOffset>
                        </TimetabledPassingTime>
                        <TimetabledPassingTime version="any">
                           <ArrivalTime>17:10:00</ArrivalTime>
                           <ArrivalDayOffset>0</ArrivalDayOffset>
                           <DepartureTime>17:10:00</DepartureTime>
                           <DepartureDayOffset>0</DepartureDayOffset>
                        </TimetabledPassingTime>
                        <TimetabledPassingTime version="any">
                           <ArrivalTime>17:12:00</ArrivalTime>
                           <ArrivalDayOffset>0</ArrivalDayOffset>
                           <DepartureTime>17:12:00</DepartureTime>
                           <DepartureDayOffset>0</DepartureDayOffset>
                        </TimetabledPassingTime>
                        <TimetabledPassingTime version="any">
                           <ArrivalTime>17:13:00</ArrivalTime>
                           <ArrivalDayOffset>0</ArrivalDayOffset>
                           <DepartureTime>17:13:00</DepartureTime>
                           <DepartureDayOffset>0</DepartureDayOffset>
                        </TimetabledPassingTime>
                        <TimetabledPassingTime version="any">
                           <ArrivalTime>17:16:00</ArrivalTime>
                           <ArrivalDayOffset>0</ArrivalDayOffset>
                           <DepartureTime>17:16:00</DepartureTime>
                           <DepartureDayOffset>0</DepartureDayOffset>
                        </TimetabledPassingTime>
                     </passingTimes>
                  </ServiceJourney>
                  <ServiceJourney id="EPY:ServiceJourney:13217077:LOC" version="1">
                     <PrivateCode>Quai de Marne</PrivateCode>
                     <TransportMode>bus</TransportMode>
                     <dayTypes>
                        <DayTypeRef ref="EPY:Timetable:DayType:4063:LOC" versionRef="1"/>
                     </dayTypes>
                     <JourneyPatternRef ref="EPY:ServiceJourneyPattern:20:LOC" versionRef="1"/>
                     <passingTimes>
                        <TimetabledPassingTime version="any">
                           <ArrivalTime>18:00:00</ArrivalTime>
                           <ArrivalDayOffset>0</ArrivalDayOffset>
                           <DepartureTime>18:00:00</DepartureTime>
                           <DepartureDayOffset>0</DepartureDayOffset>
                        </TimetabledPassingTime>
                        <TimetabledPassingTime version="any">
                           <ArrivalTime>18:02:00</ArrivalTime>
                           <ArrivalDayOffset>0</ArrivalDayOffset>
                           <DepartureTime>18:02:00</DepartureTime>
                           <DepartureDayOffset>0</DepartureDayOffset>
                        </TimetabledPassingTime>
                        <TimetabledPassingTime version="any">
                           <ArrivalTime>18:03:00</ArrivalTime>
                           <ArrivalDayOffset>0</ArrivalDayOffset>
                           <DepartureTime>18:03:00</DepartureTime>
                           <DepartureDayOffset>0</DepartureDayOffset>
                        </TimetabledPassingTime>
                        <TimetabledPassingTime version="any">
                           <ArrivalTime>18:05:00</ArrivalTime>
                           <ArrivalDayOffset>0</ArrivalDayOffset>
                           <DepartureTime>18:05:00</DepartureTime>
                           <DepartureDayOffset>0</DepartureDayOffset>
                        </TimetabledPassingTime>
                        <TimetabledPassingTime version="any">
                           <ArrivalTime>18:06:00</ArrivalTime>
                           <ArrivalDayOffset>0</ArrivalDayOffset>
                           <DepartureTime>18:06:00</DepartureTime>
                           <DepartureDayOffset>0</DepartureDayOffset>
                        </TimetabledPassingTime>
                        <TimetabledPassingTime version="any">
                           <ArrivalTime>18:07:00</ArrivalTime>
                           <ArrivalDayOffset>0</ArrivalDayOffset>
                           <DepartureTime>18:07:00</DepartureTime>
                           <DepartureDayOffset>0</DepartureDayOffset>
                        </TimetabledPassingTime>
                        <TimetabledPassingTime version="any">
                           <ArrivalTime>18:09:00</ArrivalTime>
                           <ArrivalDayOffset>0</ArrivalDayOffset>
                           <DepartureTime>18:09:00</DepartureTime>
                           <DepartureDayOffset>0</DepartureDayOffset>
                        </TimetabledPassingTime>
                        <TimetabledPassingTime version="any">
                           <ArrivalTime>18:10:00</ArrivalTime>
                           <ArrivalDayOffset>0</ArrivalDayOffset>
                           <DepartureTime>18:10:00</DepartureTime>
                           <DepartureDayOffset>0</DepartureDayOffset>
                        </TimetabledPassingTime>
                        <TimetabledPassingTime version="any">
                           <ArrivalTime>18:12:00</ArrivalTime>
                           <ArrivalDayOffset>0</ArrivalDayOffset>
                           <DepartureTime>18:12:00</DepartureTime>
                           <DepartureDayOffset>0</DepartureDayOffset>
                        </TimetabledPassingTime>
                        <TimetabledPassingTime version="any">
                           <ArrivalTime>18:13:00</ArrivalTime>
                           <ArrivalDayOffset>0</ArrivalDayOffset>
                           <DepartureTime>18:13:00</DepartureTime>
                           <DepartureDayOffset>0</DepartureDayOffset>
                        </TimetabledPassingTime>
                        <TimetabledPassingTime version="any">
                           <ArrivalTime>18:16:00</ArrivalTime>
                           <ArrivalDayOffset>0</ArrivalDayOffset>
                           <DepartureTime>18:16:00</DepartureTime>
                           <DepartureDayOffset>0</DepartureDayOffset>
                        </TimetabledPassingTime>
                     </passingTimes>
                  </ServiceJourney>
                  <ServiceJourney id="EPY:ServiceJourney:13217078:LOC" version="1">
                     <PrivateCode>Quai de Marne</PrivateCode>
                     <TransportMode>bus</TransportMode>
                     <dayTypes>
                        <DayTypeRef ref="EPY:Timetable:DayType:4063:LOC" versionRef="1"/>
                     </dayTypes>
                     <JourneyPatternRef ref="EPY:ServiceJourneyPattern:20:LOC" versionRef="1"/>
                     <passingTimes>
                        <TimetabledPassingTime version="any">
                           <ArrivalTime>19:05:00</ArrivalTime>
                           <ArrivalDayOffset>0</ArrivalDayOffset>
                           <DepartureTime>19:05:00</DepartureTime>
                           <DepartureDayOffset>0</DepartureDayOffset>
                        </TimetabledPassingTime>
                        <TimetabledPassingTime version="any">
                           <ArrivalTime>19:07:00</ArrivalTime>
                           <ArrivalDayOffset>0</ArrivalDayOffset>
                           <DepartureTime>19:07:00</DepartureTime>
                           <DepartureDayOffset>0</DepartureDayOffset>
                        </TimetabledPassingTime>
                        <TimetabledPassingTime version="any">
                           <ArrivalTime>19:08:00</ArrivalTime>
                           <ArrivalDayOffset>0</ArrivalDayOffset>
                           <DepartureTime>19:08:00</DepartureTime>
                           <DepartureDayOffset>0</DepartureDayOffset>
                        </TimetabledPassingTime>
                        <TimetabledPassingTime version="any">
                           <ArrivalTime>19:10:00</ArrivalTime>
                           <ArrivalDayOffset>0</ArrivalDayOffset>
                           <DepartureTime>19:10:00</DepartureTime>
                           <DepartureDayOffset>0</DepartureDayOffset>
                        </TimetabledPassingTime>
                        <TimetabledPassingTime version="any">
                           <ArrivalTime>19:11:00</ArrivalTime>
                           <ArrivalDayOffset>0</ArrivalDayOffset>
                           <DepartureTime>19:11:00</DepartureTime>
                           <DepartureDayOffset>0</DepartureDayOffset>
                        </TimetabledPassingTime>
                        <TimetabledPassingTime version="any">
                           <ArrivalTime>19:12:00</ArrivalTime>
                           <ArrivalDayOffset>0</ArrivalDayOffset>
                           <DepartureTime>19:12:00</DepartureTime>
                           <DepartureDayOffset>0</DepartureDayOffset>
                        </TimetabledPassingTime>
                        <TimetabledPassingTime version="any">
                           <ArrivalTime>19:14:00</ArrivalTime>
                           <ArrivalDayOffset>0</ArrivalDayOffset>
                           <DepartureTime>19:14:00</DepartureTime>
                           <DepartureDayOffset>0</DepartureDayOffset>
                        </TimetabledPassingTime>
                        <TimetabledPassingTime version="any">
                           <ArrivalTime>19:15:00</ArrivalTime>
                           <ArrivalDayOffset>0</ArrivalDayOffset>
                           <DepartureTime>19:15:00</DepartureTime>
                           <DepartureDayOffset>0</DepartureDayOffset>
                        </TimetabledPassingTime>
                        <TimetabledPassingTime version="any">
                           <ArrivalTime>19:17:00</ArrivalTime>
                           <ArrivalDayOffset>0</ArrivalDayOffset>
                           <DepartureTime>19:17:00</DepartureTime>
                           <DepartureDayOffset>0</DepartureDayOffset>
                        </TimetabledPassingTime>
                        <TimetabledPassingTime version="any">
                           <ArrivalTime>19:18:00</ArrivalTime>
                           <ArrivalDayOffset>0</ArrivalDayOffset>
                           <DepartureTime>19:18:00</DepartureTime>
                           <DepartureDayOffset>0</DepartureDayOffset>
                        </TimetabledPassingTime>
                        <TimetabledPassingTime version="any">
                           <ArrivalTime>19:21:00</ArrivalTime>
                           <ArrivalDayOffset>0</ArrivalDayOffset>
                           <DepartureTime>19:21:00</DepartureTime>
                           <DepartureDayOffset>0</DepartureDayOffset>
                        </TimetabledPassingTime>
                     </passingTimes>
                  </ServiceJourney>
               </members>
            </GeneralFrame>
         </frames>
      </CompositeFrame>
   </dataObjects>
</PublicationDelivery>
