<?xml version="1.0" encoding="UTF-8"?>
<PublicationDelivery xmlns:xsi="http://www.w3.org/2001/XMLSchema-instance"
                     xsi:schemaLocation="http://www.netex.org.uk/netex"
                     xmlns="http://www.netex.org.uk/netex"
                     xmlns:xlink="http://www.w3.org/1999/xlink"
                     xmlns:ifopt="http://www.ifopt.org.uk/ifopt"
                     xmlns:gml="http://www.opengis.net/gml/3.2"
                     xmlns:core="http://www.govtalk.gov.uk/core"
                     xmlns:siri="http://www.siri.org.uk/siri"
                     version="1.10:FR-NETEX-2.2">
   <PublicationTimestamp>2025-09-04T01:32:22+02:00</PublicationTimestamp>
   <ParticipantRef>EPY</ParticipantRef>
   <Description>Offre sur la période du 04/09/2025 au 04/07/2026</Description>
   <dataObjects>
      <CompositeFrame id="FR:CompositeFrame:NETEX_LIGNE-20250904T013222:LOC" version="1.0">
         <Name>Epernay Gare Routière / Chouilly La Haute Borne</Name>
         <FrameDefaults>
            <DefaultLocale>
               <TimeZone>Europe/Paris</TimeZone>
               <DefaultLanguage>fr</DefaultLanguage>
            </DefaultLocale>
            <DefaultLocationSystem>WGS84</DefaultLocationSystem>
            <DefaultSystemOfUnits>SiMetres</DefaultSystemOfUnits>
         </FrameDefaults>
         <frames>
            <ResourceFrame id="FR:ResourceFrame:1" version="any">
               <typesOfValue>
                  <ValueSet id="FR:ValueSet:TypeOfFrame" nameOfClass="TypeOfFrame" version="any">
                     <Name>TypeOfFrame</Name>
                     <values>
                        <TypeOfFrame id="FR:TypeOfFrame:NETEX_RESEAU" version="any">
                           <Name>NETEX_RESEAU</Name>
                        </TypeOfFrame>
                        <TypeOfFrame id="FR:TypeOfFrame:NETEX_HORAIRE" version="any">
                           <Name>NETEX_HORAIRE</Name>
                        </TypeOfFrame>
                     </values>
                  </ValueSet>
               </typesOfValue>
            </ResourceFrame>
            <GeneralFrame id="FR:GeneralFrame:NETEX_RESEAU-20250904T013222:LOC" version="1.0" dataSourceRef="EPY">
               <TypeOfFrameRef ref="FR:TypeOfFrame:NETEX_RESEAU"/>
               <members>
                  <Route id="EPY:Route:4-A:LOC" version="1">
                     <Name>Epernay Gare Routière / Chouilly La Haute Borne - Aller</Name>
                     <LineRef ref="EPY:Line:4:LOC" versionRef="1"/>
                     <DirectionType>outbound</DirectionType>
                     <DirectionRef ref="EPY:Direction:4-A:LOC" versionRef="1"/>
                     <InverseRouteRef ref="EPY:Route:4-R:LOC" versionRef="1"/>
                  </Route>
                  <Direction id="EPY:Direction:4-A:LOC" version="1">
                     <Name>Epernay Gare Routière / Chouilly La Haute Borne - Aller</Name>
                     <DirectionType>outbound</DirectionType>
                  </Direction>
                  <Route id="EPY:Route:4-R:LOC" version="1">
                     <Name>Epernay Gare Routière / Chouilly La Haute Borne - Retour</Name>
                     <LineRef ref="EPY:Line:4:LOC" versionRef="1"/>
                     <DirectionType>inbound</DirectionType>
                     <DirectionRef ref="EPY:Direction:4-R:LOC" versionRef="1"/>
                     <InverseRouteRef ref="EPY:Route:4-A:LOC" versionRef="1"/>
                  </Route>
                  <Direction id="EPY:Direction:4-R:LOC" version="1">
                     <Name>Epernay Gare Routière / Chouilly La Haute Borne - Retour</Name>
                     <DirectionType>inbound</DirectionType>
                  </Direction>
                  <ServiceJourneyPattern id="EPY:ServiceJourneyPattern:12:LOC" version="1">
                     <Name>Belle Noue - Épernay</Name>
                     <PrivateCode>14973994</PrivateCode>
                     <RouteRef ref="EPY:Route:4-A:LOC" versionRef="1"/>
                     <DestinationDisplayRef ref="EPY:DestinationDisplay:12:LOC" versionRef="1"/>
                     <pointsInSequence>
                        <StopPointInJourneyPattern id="EPY:StopPointInJourneyPattern:12x1:LOC" version="any" order="1">
                           <ScheduledStopPointRef ref="EPY:ScheduledStopPoint:147:LOC" versionRef="1"/>
                           <ForAlighting>false</ForAlighting>
                           <ForBoarding>true</ForBoarding>
                           <RequestStop>false</RequestStop>
                        </StopPointInJourneyPattern>
                        <StopPointInJourneyPattern id="EPY:StopPointInJourneyPattern:12x2:LOC" version="any" order="2">
                           <ScheduledStopPointRef ref="EPY:ScheduledStopPoint:148:LOC" versionRef="1"/>
                           <ForAlighting>true</ForAlighting>
                           <ForBoarding>true</ForBoarding>
                           <RequestStop>false</RequestStop>
                        </StopPointInJourneyPattern>
                        <StopPointInJourneyPattern id="EPY:StopPointInJourneyPattern:12x3:LOC" version="any" order="3">
                           <ScheduledStopPointRef ref="EPY:ScheduledStopPoint:149:LOC" versionRef="1"/>
                           <ForAlighting>true</ForAlighting>
                           <ForBoarding>true</ForBoarding>
                           <RequestStop>false</RequestStop>
                        </StopPointInJourneyPattern>
                        <StopPointInJourneyPattern id="EPY:StopPointInJourneyPattern:12x4:LOC" version="any" order="4">
                           <ScheduledStopPointRef ref="EPY:ScheduledStopPoint:150:LOC" versionRef="1"/>
                           <ForAlighting>true</ForAlighting>
                           <ForBoarding>true</ForBoarding>
                           <RequestStop>false</RequestStop>
                        </StopPointInJourneyPattern>
                        <StopPointInJourneyPattern id="EPY:StopPointInJourneyPattern:12x5:LOC" version="any" order="5">
                           <ScheduledStopPointRef ref="EPY:ScheduledStopPoint:151:LOC" versionRef="1"/>
                           <ForAlighting>true</ForAlighting>
                           <ForBoarding>true</ForBoarding>
                           <RequestStop>false</RequestStop>
                        </StopPointInJourneyPattern>
                        <StopPointInJourneyPattern id="EPY:StopPointInJourneyPattern:12x6:LOC" version="any" order="6">
                           <ScheduledStopPointRef ref="EPY:ScheduledStopPoint:152:LOC" versionRef="1"/>
                           <ForAlighting>true</ForAlighting>
                           <ForBoarding>false</ForBoarding>
                           <RequestStop>false</RequestStop>
                        </StopPointInJourneyPattern>
                     </pointsInSequence>
                     <ServiceJourneyPatternType>passenger</ServiceJourneyPatternType>
                  </ServiceJourneyPattern>
                  <ServiceJourneyPattern id="EPY:ServiceJourneyPattern:13:LOC" version="1">
                     <Name>Epernay Gare Routière - Épernay</Name>
                     <PrivateCode>14973995</PrivateCode>
                     <RouteRef ref="EPY:Route:4-A:LOC" versionRef="1"/>
                     <DestinationDisplayRef ref="EPY:DestinationDisplay:13:LOC" versionRef="1"/>
                     <pointsInSequence>
                        <StopPointInJourneyPattern id="EPY:StopPointInJourneyPattern:13x1:LOC" version="any" order="4">
                           <ScheduledStopPointRef ref="EPY:ScheduledStopPoint:150:LOC" versionRef="1"/>
                           <ForAlighting>false</ForAlighting>
                           <ForBoarding>true</ForBoarding>
                           <RequestStop>false</RequestStop>
                        </StopPointInJourneyPattern>
                        <StopPointInJourneyPattern id="EPY:StopPointInJourneyPattern:13x2:LOC" version="any" order="5">
                           <ScheduledStopPointRef ref="EPY:ScheduledStopPoint:151:LOC" versionRef="1"/>
                           <ForAlighting>true</ForAlighting>
                           <ForBoarding>true</ForBoarding>
                           <RequestStop>false</RequestStop>
                        </StopPointInJourneyPattern>
                        <StopPointInJourneyPattern id="EPY:StopPointInJourneyPattern:13x3:LOC" version="any" order="7">
                           <ScheduledStopPointRef ref="EPY:ScheduledStopPoint:153:LOC" versionRef="1"/>
                           <ForAlighting>true</ForAlighting>
                           <ForBoarding>true</ForBoarding>
                           <RequestStop>false</RequestStop>
                        </StopPointInJourneyPattern>
                        <StopPointInJourneyPattern id="EPY:StopPointInJourneyPattern:13x4:LOC" version="any" order="8">
                           <ScheduledStopPointRef ref="EPY:ScheduledStopPoint:154:LOC" versionRef="1"/>
                           <ForAlighting>true</ForAlighting>
                           <ForBoarding>true</ForBoarding>
                           <RequestStop>false</RequestStop>
                        </StopPointInJourneyPattern>
                        <StopPointInJourneyPattern id="EPY:StopPointInJourneyPattern:13x5:LOC" version="any" order="9">
                           <ScheduledStopPointRef ref="EPY:ScheduledStopPoint:155:LOC" versionRef="1"/>
                           <ForAlighting>true</ForAlighting>
                           <ForBoarding>true</ForBoarding>
                           <RequestStop>false</RequestStop>
                        </StopPointInJourneyPattern>
                        <StopPointInJourneyPattern id="EPY:StopPointInJourneyPattern:13x6:LOC" version="any" order="10">
                           <ScheduledStopPointRef ref="EPY:ScheduledStopPoint:156:LOC" versionRef="1"/>
                           <ForAlighting>true</ForAlighting>
                           <ForBoarding>true</ForBoarding>
                           <RequestStop>false</RequestStop>
                        </StopPointInJourneyPattern>
                        <StopPointInJourneyPattern id="EPY:StopPointInJourneyPattern:13x7:LOC" version="any" order="11">
                           <ScheduledStopPointRef ref="EPY:ScheduledStopPoint:157:LOC" versionRef="1"/>
                           <ForAlighting>true</ForAlighting>
                           <ForBoarding>false</ForBoarding>
                           <RequestStop>false</RequestStop>
                        </StopPointInJourneyPattern>
                     </pointsInSequence>
                     <ServiceJourneyPatternType>passenger</ServiceJourneyPatternType>
                  </ServiceJourneyPattern>
                  <ServiceJourneyPattern id="EPY:ServiceJourneyPattern:14:LOC" version="1">
                     <Name>Epernay Gare Routière - Épernay</Name>
                     <PrivateCode>14973996</PrivateCode>
                     <RouteRef ref="EPY:Route:4-A:LOC" versionRef="1"/>
                     <DestinationDisplayRef ref="EPY:DestinationDisplay:14:LOC" versionRef="1"/>
                     <pointsInSequence>
                        <StopPointInJourneyPattern id="EPY:StopPointInJourneyPattern:14x1:LOC" version="any" order="4">
                           <ScheduledStopPointRef ref="EPY:ScheduledStopPoint:150:LOC" versionRef="1"/>
                           <ForAlighting>false</ForAlighting>
                           <ForBoarding>true</ForBoarding>
                           <RequestStop>false</RequestStop>
                        </StopPointInJourneyPattern>
                        <StopPointInJourneyPattern id="EPY:StopPointInJourneyPattern:14x2:LOC" version="any" order="5">
                           <ScheduledStopPointRef ref="EPY:ScheduledStopPoint:151:LOC" versionRef="1"/>
                           <ForAlighting>true</ForAlighting>
                           <ForBoarding>true</ForBoarding>
                           <RequestStop>false</RequestStop>
                        </StopPointInJourneyPattern>
                        <StopPointInJourneyPattern id="EPY:StopPointInJourneyPattern:14x3:LOC" version="any" order="8">
                           <ScheduledStopPointRef ref="EPY:ScheduledStopPoint:154:LOC" versionRef="1"/>
                           <ForAlighting>true</ForAlighting>
                           <ForBoarding>true</ForBoarding>
                           <RequestStop>false</RequestStop>
                        </StopPointInJourneyPattern>
                        <StopPointInJourneyPattern id="EPY:StopPointInJourneyPattern:14x4:LOC" version="any" order="9">
                           <ScheduledStopPointRef ref="EPY:ScheduledStopPoint:155:LOC" versionRef="1"/>
                           <ForAlighting>true</ForAlighting>
                           <ForBoarding>true</ForBoarding>
                           <RequestStop>false</RequestStop>
                        </StopPointInJourneyPattern>
                        <StopPointInJourneyPattern id="EPY:StopPointInJourneyPattern:14x5:LOC" version="any" order="10">
                           <ScheduledStopPointRef ref="EPY:ScheduledStopPoint:156:LOC" versionRef="1"/>
                           <ForAlighting>true</ForAlighting>
                           <ForBoarding>true</ForBoarding>
                           <RequestStop>false</RequestStop>
                        </StopPointInJourneyPattern>
                        <StopPointInJourneyPattern id="EPY:StopPointInJourneyPattern:14x6:LOC" version="any" order="11">
                           <ScheduledStopPointRef ref="EPY:ScheduledStopPoint:157:LOC" versionRef="1"/>
                           <ForAlighting>true</ForAlighting>
                           <ForBoarding>false</ForBoarding>
                           <RequestStop>false</RequestStop>
                        </StopPointInJourneyPattern>
                     </pointsInSequence>
                     <ServiceJourneyPatternType>passenger</ServiceJourneyPatternType>
                  </ServiceJourneyPattern>
                  <ServiceJourneyPattern id="EPY:ServiceJourneyPattern:33:LOC" version="1">
                     <Name>Chouilly La Haute Borne - Chouilly</Name>
                     <PrivateCode>14973997</PrivateCode>
                     <RouteRef ref="EPY:Route:4-R:LOC" versionRef="1"/>
                     <DestinationDisplayRef ref="EPY:DestinationDisplay:33:LOC" versionRef="1"/>
                     <pointsInSequence>
                        <StopPointInJourneyPattern id="EPY:StopPointInJourneyPattern:33x1:LOC" version="any" order="7">
                           <ScheduledStopPointRef ref="EPY:ScheduledStopPoint:164:LOC" versionRef="1"/>
                           <ForAlighting>false</ForAlighting>
                           <ForBoarding>true</ForBoarding>
                           <RequestStop>false</RequestStop>
                        </StopPointInJourneyPattern>
                        <StopPointInJourneyPattern id="EPY:StopPointInJourneyPattern:33x2:LOC" version="any" order="8">
                           <ScheduledStopPointRef ref="EPY:ScheduledStopPoint:165:LOC" versionRef="1"/>
                           <ForAlighting>true</ForAlighting>
                           <ForBoarding>true</ForBoarding>
                           <RequestStop>false</RequestStop>
                        </StopPointInJourneyPattern>
                        <StopPointInJourneyPattern id="EPY:StopPointInJourneyPattern:33x3:LOC" version="any" order="9">
                           <ScheduledStopPointRef ref="EPY:ScheduledStopPoint:166:LOC" versionRef="1"/>
                           <ForAlighting>true</ForAlighting>
                           <ForBoarding>false</ForBoarding>
                           <RequestStop>false</RequestStop>
                        </StopPointInJourneyPattern>
                     </pointsInSequence>
                     <ServiceJourneyPatternType>passenger</ServiceJourneyPatternType>
                  </ServiceJourneyPattern>
                  <ServiceJourneyPattern id="EPY:ServiceJourneyPattern:34:LOC" version="1">
                     <Name>Chouilly La Haute Borne - Chouilly</Name>
                     <PrivateCode>14973998</PrivateCode>
                     <RouteRef ref="EPY:Route:4-R:LOC" versionRef="1"/>
                     <DestinationDisplayRef ref="EPY:DestinationDisplay:34:LOC" versionRef="1"/>
                     <pointsInSequence>
                        <StopPointInJourneyPattern id="EPY:StopPointInJourneyPattern:34x1:LOC" version="any" order="1">
                           <ScheduledStopPointRef ref="EPY:ScheduledStopPoint:158:LOC" versionRef="1"/>
                           <ForAlighting>false</ForAlighting>
                           <ForBoarding>true</ForBoarding>
                           <RequestStop>false</RequestStop>
                        </StopPointInJourneyPattern>
                        <StopPointInJourneyPattern id="EPY:StopPointInJourneyPattern:34x2:LOC" version="any" order="2">
                           <ScheduledStopPointRef ref="EPY:ScheduledStopPoint:159:LOC" versionRef="1"/>
                           <ForAlighting>true</ForAlighting>
                           <ForBoarding>true</ForBoarding>
                           <RequestStop>false</RequestStop>
                        </StopPointInJourneyPattern>
                        <StopPointInJourneyPattern id="EPY:StopPointInJourneyPattern:34x3:LOC" version="any" order="3">
                           <ScheduledStopPointRef ref="EPY:ScheduledStopPoint:160:LOC" versionRef="1"/>
                           <ForAlighting>true</ForAlighting>
                           <ForBoarding>true</ForBoarding>
                           <RequestStop>false</RequestStop>
                        </StopPointInJourneyPattern>
                        <StopPointInJourneyPattern id="EPY:StopPointInJourneyPattern:34x4:LOC" version="any" order="4">
                           <ScheduledStopPointRef ref="EPY:ScheduledStopPoint:161:LOC" versionRef="1"/>
                           <ForAlighting>true</ForAlighting>
                           <ForBoarding>true</ForBoarding>
                           <RequestStop>false</RequestStop>
                        </StopPointInJourneyPattern>
                        <StopPointInJourneyPattern id="EPY:StopPointInJourneyPattern:34x5:LOC" version="any" order="5">
                           <ScheduledStopPointRef ref="EPY:ScheduledStopPoint:162:LOC" versionRef="1"/>
                           <ForAlighting>true</ForAlighting>
                           <ForBoarding>true</ForBoarding>
                           <RequestStop>false</RequestStop>
                        </StopPointInJourneyPattern>
                        <StopPointInJourneyPattern id="EPY:StopPointInJourneyPattern:34x6:LOC" version="any" order="6">
                           <ScheduledStopPointRef ref="EPY:ScheduledStopPoint:163:LOC" versionRef="1"/>
                           <ForAlighting>true</ForAlighting>
                           <ForBoarding>true</ForBoarding>
                           <RequestStop>false</RequestStop>
                        </StopPointInJourneyPattern>
                        <StopPointInJourneyPattern id="EPY:StopPointInJourneyPattern:34x7:LOC" version="any" order="8">
                           <ScheduledStopPointRef ref="EPY:ScheduledStopPoint:165:LOC" versionRef="1"/>
                           <ForAlighting>true</ForAlighting>
                           <ForBoarding>true</ForBoarding>
                           <RequestStop>false</RequestStop>
                        </StopPointInJourneyPattern>
                        <StopPointInJourneyPattern id="EPY:StopPointInJourneyPattern:34x8:LOC" version="any" order="9">
                           <ScheduledStopPointRef ref="EPY:ScheduledStopPoint:166:LOC" versionRef="1"/>
                           <ForAlighting>true</ForAlighting>
                           <ForBoarding>false</ForBoarding>
                           <RequestStop>false</RequestStop>
                        </StopPointInJourneyPattern>
                     </pointsInSequence>
                     <ServiceJourneyPatternType>passenger</ServiceJourneyPatternType>
                  </ServiceJourneyPattern>
                  <ServiceJourneyPattern id="EPY:ServiceJourneyPattern:35:LOC" version="1">
                     <Name>Chouilly La Haute Borne - Chouilly</Name>
                     <PrivateCode>14973993</PrivateCode>
                     <RouteRef ref="EPY:Route:4-R:LOC" versionRef="1"/>
                     <DestinationDisplayRef ref="EPY:DestinationDisplay:35:LOC" versionRef="1"/>
                     <pointsInSequence>
                        <StopPointInJourneyPattern id="EPY:StopPointInJourneyPattern:35x1:LOC" version="any" order="1">
                           <ScheduledStopPointRef ref="EPY:ScheduledStopPoint:158:LOC" versionRef="1"/>
                           <ForAlighting>false</ForAlighting>
                           <ForBoarding>true</ForBoarding>
                           <RequestStop>false</RequestStop>
                        </StopPointInJourneyPattern>
                        <StopPointInJourneyPattern id="EPY:StopPointInJourneyPattern:35x2:LOC" version="any" order="2">
                           <ScheduledStopPointRef ref="EPY:ScheduledStopPoint:159:LOC" versionRef="1"/>
                           <ForAlighting>true</ForAlighting>
                           <ForBoarding>true</ForBoarding>
                           <RequestStop>false</RequestStop>
                        </StopPointInJourneyPattern>
                        <StopPointInJourneyPattern id="EPY:StopPointInJourneyPattern:35x3:LOC" version="any" order="3">
                           <ScheduledStopPointRef ref="EPY:ScheduledStopPoint:160:LOC" versionRef="1"/>
                           <ForAlighting>true</ForAlighting>
                           <ForBoarding>true</ForBoarding>
                           <RequestStop>false</RequestStop>
                        </StopPointInJourneyPattern>
                        <StopPointInJourneyPattern id="EPY:StopPointInJourneyPattern:35x4:LOC" version="any" order="4">
                           <ScheduledStopPointRef ref="EPY:ScheduledStopPoint:161:LOC" versionRef="1"/>
                           <ForAlighting>true</ForAlighting>
                           <ForBoarding>true</ForBoarding>
                           <RequestStop>false</RequestStop>
                        </StopPointInJourneyPattern>
                        <StopPointInJourneyPattern id="EPY:StopPointInJourneyPattern:35x5:LOC" version="any" order="5">
                           <ScheduledStopPointRef ref="EPY:ScheduledStopPoint:162:LOC" versionRef="1"/>
                           <ForAlighting>true</ForAlighting>
                           <ForBoarding>true</ForBoarding>
                           <RequestStop>false</RequestStop>
                        </StopPointInJourneyPattern>
                        <StopPointInJourneyPattern id="EPY:StopPointInJourneyPattern:35x6:LOC" version="any" order="8">
                           <ScheduledStopPointRef ref="EPY:ScheduledStopPoint:165:LOC" versionRef="1"/>
                           <ForAlighting>true</ForAlighting>
                           <ForBoarding>true</ForBoarding>
                           <RequestStop>false</RequestStop>
                        </StopPointInJourneyPattern>
                        <StopPointInJourneyPattern id="EPY:StopPointInJourneyPattern:35x7:LOC" version="any" order="9">
                           <ScheduledStopPointRef ref="EPY:ScheduledStopPoint:166:LOC" versionRef="1"/>
                           <ForAlighting>true</ForAlighting>
                           <ForBoarding>false</ForBoarding>
                           <RequestStop>false</RequestStop>
                        </StopPointInJourneyPattern>
                     </pointsInSequence>
                     <ServiceJourneyPatternType>passenger</ServiceJourneyPatternType>
                  </ServiceJourneyPattern>
                  <DestinationDisplay id="EPY:DestinationDisplay:12:LOC" version="1">
                     <FrontText>Belle Noue</FrontText>
                  </DestinationDisplay>
                  <DestinationDisplay id="EPY:DestinationDisplay:13:LOC" version="1">
                     <FrontText>Epernay Gare Routière</FrontText>
                  </DestinationDisplay>
                  <DestinationDisplay id="EPY:DestinationDisplay:14:LOC" version="1">
                     <FrontText>Epernay Gare Routière</FrontText>
                  </DestinationDisplay>
                  <DestinationDisplay id="EPY:DestinationDisplay:33:LOC" version="1">
                     <FrontText>Chouilly La Haute Borne</FrontText>
                  </DestinationDisplay>
                  <DestinationDisplay id="EPY:DestinationDisplay:34:LOC" version="1">
                     <FrontText>Chouilly La Haute Borne</FrontText>
                  </DestinationDisplay>
                  <DestinationDisplay id="EPY:DestinationDisplay:35:LOC" version="1">
                     <FrontText>Chouilly La Haute Borne</FrontText>
                  </DestinationDisplay>
                  <ScheduledStopPoint id="EPY:ScheduledStopPoint:147:LOC" version="1">
                     <Name>Oiry Allée du Parc</Name>
                     <Location id="EPY:Location:07c9bef85e294ff686adaae50130b413:LOC">
                        <Longitude>4.0524241</Longitude>
                        <Latitude>49.0221832</Latitude>
                        <gml:pos srsName="EPSG:27572">725572.238391427 2448490.31809218</gml:pos>
                     </Location>
                  </ScheduledStopPoint>
                  <ScheduledStopPoint id="EPY:ScheduledStopPoint:148:LOC" version="1">
                     <Name>Oiry Mairie</Name>
                     <Location id="EPY:Location:d9cc68e5a0664cd5818ea80ef11d72c1:LOC">
                        <Longitude>4.0505251</Longitude>
                        <Latitude>49.0243582</Latitude>
                        <gml:pos srsName="EPSG:27572">725428.014862351 2448729.26793583</gml:pos>
                     </Location>
                  </ScheduledStopPoint>
                  <ScheduledStopPoint id="EPY:ScheduledStopPoint:149:LOC" version="1">
                     <Name>Collerette</Name>
                     <Location id="EPY:Location:bfe2160a15a048d98b1e6dc5eeee38b2:LOC">
                        <Longitude>4.0414571</Longitude>
                        <Latitude>49.0238812</Latitude>
                        <gml:pos srsName="EPSG:27572">724765.695580143 2448661.77268987</gml:pos>
                     </Location>
                  </ScheduledStopPoint>
                  <ScheduledStopPoint id="EPY:ScheduledStopPoint:150:LOC" version="1">
                     <Name>Chouilly La Haute Borne</Name>
                     <Location id="EPY:Location:d50c8d3877e24e8fa01292930b5a32a3:LOC">
                        <Longitude>4.0228581</Longitude>
                        <Latitude>49.0237172</Latitude>
                        <gml:pos srsName="EPSG:27572">723405.253039334 2448614.17691345</gml:pos>
                     </Location>
                  </ScheduledStopPoint>
                  <ScheduledStopPoint id="EPY:ScheduledStopPoint:151:LOC" version="1">
                     <Name>Chouilly Centre</Name>
                     <Location id="EPY:Location:d3fc8bd381764fdfb41334ba37c6c26f:LOC">
                        <Longitude>4.0122281</Longitude>
                        <Latitude>49.0255312</Latitude>
                        <gml:pos srsName="EPSG:27572">722623.180213572 2448799.36692861</gml:pos>
                     </Location>
                  </ScheduledStopPoint>
                  <ScheduledStopPoint id="EPY:ScheduledStopPoint:152:LOC" version="1">
                     <Name>Belle Noue</Name>
                     <Location id="EPY:Location:c3a062854e0e40e986064fa7e53bcae8:LOC">
                        <Longitude>3.9822331</Longitude>
                        <Latitude>49.0334132</Latitude>
                        <gml:pos srsName="EPSG:27572">720410.227858916 2449629.947769</gml:pos>
                     </Location>
                  </ScheduledStopPoint>
                  <ScheduledStopPoint id="EPY:ScheduledStopPoint:153:LOC" version="1">
                     <Name>Collège Terres Rouges</Name>
                     <Location id="EPY:Location:6ed22cf964b549d2a465f84adb44daf7:LOC">
                        <Longitude>3.9579911</Longitude>
                        <Latitude>49.0267352</Latitude>
                        <gml:pos srsName="EPSG:27572">718652.132692351 2448850.11289647</gml:pos>
                     </Location>
                  </ScheduledStopPoint>
                  <ScheduledStopPoint id="EPY:ScheduledStopPoint:154:LOC" version="1">
                     <Name>Godart-Roger</Name>
                     <Location id="EPY:Location:fcc42c9816f047168c007e735f34727d:LOC">
                        <Longitude>3.9652401</Longitude>
                        <Latitude>49.0390562</Latitude>
                        <gml:pos srsName="EPSG:27572">719154.103860043 2450231.89774866</gml:pos>
                     </Location>
                  </ScheduledStopPoint>
                  <ScheduledStopPoint id="EPY:ScheduledStopPoint:155:LOC" version="1">
                     <Name>Alsace</Name>
                     <Location id="EPY:Location:33f8555b4afe4dafa0129f61ba401791:LOC">
                        <Longitude>3.9630421</Longitude>
                        <Latitude>49.0426062</Latitude>
                        <gml:pos srsName="EPSG:27572">718985.155888366 2450623.54186077</gml:pos>
                     </Location>
                  </ScheduledStopPoint>
                  <ScheduledStopPoint id="EPY:ScheduledStopPoint:156:LOC" version="1">
                     <Name>Hôtel de Ville</Name>
                     <Location id="EPY:Location:abb38d16f185442eaf34ce7b0fa6bdd4:LOC">
                        <Longitude>3.9591231</Longitude>
                        <Latitude>49.0433282</Latitude>
                        <gml:pos srsName="EPSG:27572">718696.854798488 2450697.94886159</gml:pos>
                     </Location>
                  </ScheduledStopPoint>
                  <ScheduledStopPoint id="EPY:ScheduledStopPoint:157:LOC" version="1">
                     <Name>Epernay Gare Routière</Name>
                     <Location id="EPY:Location:794fb8fcdcd7433784a07ef03e756174:LOC">
                        <Longitude>3.9562481</Longitude>
                        <Latitude>49.0459172</Latitude>
                        <gml:pos srsName="EPSG:27572">718480.640225352 2450981.66619649</gml:pos>
                     </Location>
                  </ScheduledStopPoint>
                  <ScheduledStopPoint id="EPY:ScheduledStopPoint:158:LOC" version="1">
                     <Name>Epernay Gare Routière</Name>
                     <Location id="EPY:Location:1942b65f7c9c4254b363d3fd9b970d1f:LOC">
                        <Longitude>3.9562481</Longitude>
                        <Latitude>49.0459172</Latitude>
                        <gml:pos srsName="EPSG:27572">718480.640225352 2450981.66619649</gml:pos>
                     </Location>
                  </ScheduledStopPoint>
                  <ScheduledStopPoint id="EPY:ScheduledStopPoint:159:LOC" version="1">
                     <Name>Gambetta</Name>
                     <Location id="EPY:Location:a210bcbe58c84c518b583b112c45c0f4:LOC">
                        <Longitude>3.9568691</Longitude>
                        <Latitude>49.0440672</Latitude>
                        <gml:pos srsName="EPSG:27572">718530.300527975 2450776.770247</gml:pos>
                     </Location>
                  </ScheduledStopPoint>
                  <ScheduledStopPoint id="EPY:ScheduledStopPoint:160:LOC" version="1">
                     <Name>Hôtel de Ville</Name>
                     <Location id="EPY:Location:71feeb0120224747b453cb11386c414e:LOC">
                        <Longitude>3.9590941</Longitude>
                        <Latitude>49.0431842</Latitude>
                        <gml:pos srsName="EPSG:27572">718695.064353174 2450681.88361853</gml:pos>
                     </Location>
                  </ScheduledStopPoint>
                  <ScheduledStopPoint id="EPY:ScheduledStopPoint:161:LOC" version="1">
                     <Name>Alsace</Name>
                     <Location id="EPY:Location:0a63fff3a3804fdfa3fc0e9cd94b127e:LOC">
                        <Longitude>3.9646361</Longitude>
                        <Latitude>49.0421582</Latitude>
                        <gml:pos srsName="EPSG:27572">719102.776232503 2450576.11052641</gml:pos>
                     </Location>
                  </ScheduledStopPoint>
                  <ScheduledStopPoint id="EPY:ScheduledStopPoint:162:LOC" version="1">
                     <Name>Godart-Roger</Name>
                     <Location id="EPY:Location:c3a4e23bcbba4d0aa1d973eab3336e55:LOC">
                        <Longitude>3.9649861</Longitude>
                        <Latitude>49.0387812</Latitude>
                        <gml:pos srsName="EPSG:27572">719136.158277316 2450200.91650344</gml:pos>
                     </Location>
                  </ScheduledStopPoint>
                  <ScheduledStopPoint id="EPY:ScheduledStopPoint:163:LOC" version="1">
                     <Name>Collège Terres Rouges</Name>
                     <Location id="EPY:Location:2328b29645ca41f492059fba96ae730d:LOC">
                        <Longitude>3.9579911</Longitude>
                        <Latitude>49.0267352</Latitude>
                        <gml:pos srsName="EPSG:27572">718652.132692351 2448850.11289647</gml:pos>
                     </Location>
                  </ScheduledStopPoint>
                  <ScheduledStopPoint id="EPY:ScheduledStopPoint:164:LOC" version="1">
                     <Name>Belle Noue</Name>
                     <Location id="EPY:Location:937df46625c1471c886a7fa654814d49:LOC">
                        <Longitude>3.9822331</Longitude>
                        <Latitude>49.0334132</Latitude>
                        <gml:pos srsName="EPSG:27572">720410.227858916 2449629.947769</gml:pos>
                     </Location>
                  </ScheduledStopPoint>
                  <ScheduledStopPoint id="EPY:ScheduledStopPoint:165:LOC" version="1">
                     <Name>Chouilly Centre</Name>
                     <Location id="EPY:Location:282f3cbc339d4432a06e6c1a457ee9ee:LOC">
                        <Longitude>4.0121351</Longitude>
                        <Latitude>49.0254592</Latitude>
                        <gml:pos srsName="EPSG:27572">722616.546582796 2448791.21140863</gml:pos>
                     </Location>
                  </ScheduledStopPoint>
                  <ScheduledStopPoint id="EPY:ScheduledStopPoint:166:LOC" version="1">
                     <Name>Chouilly La Haute Borne</Name>
                     <Location id="EPY:Location:85ac15e4029a4f51a676012e472ca981:LOC">
                        <Longitude>4.0230091</Longitude>
                        <Latitude>49.0236162</Latitude>
                        <gml:pos srsName="EPSG:27572">723416.542369092 2448603.17700283</gml:pos>
                     </Location>
                  </ScheduledStopPoint>
                  <PassengerStopAssignment id="EPY:PassengerStopAssignment:147:LOC" version="1" order="0">
                     <ScheduledStopPointRef ref="EPY:ScheduledStopPoint:147:LOC" versionRef="1"/>
                     <StopPlaceRef ref="FR:51413:StopPlace:genAUTO$1163914827:EPY" versionRef="1"/>
                     <QuayRef ref="FR:51413:Quay:oirparc1:EPY" versionRef="1"/>
                  </PassengerStopAssignment>
                  <PassengerStopAssignment id="EPY:PassengerStopAssignment:148:LOC" version="1" order="0">
                     <ScheduledStopPointRef ref="EPY:ScheduledStopPoint:148:LOC" versionRef="1"/>
                     <StopPlaceRef ref="FR:51413:StopPlace:genAUTO$1310829016:EPY" versionRef="1"/>
                     <QuayRef ref="FR:51413:Quay:oirmair1:EPY" versionRef="1"/>
                  </PassengerStopAssignment>
                  <PassengerStopAssignment id="EPY:PassengerStopAssignment:149:LOC" version="1" order="0">
                     <ScheduledStopPointRef ref="EPY:ScheduledStopPoint:149:LOC" versionRef="1"/>
                     <StopPlaceRef ref="FR:51413:StopPlace:genAUTO$296504085:EPY" versionRef="1"/>
                     <QuayRef ref="FR:51413:Quay:oircoll1:EPY" versionRef="1"/>
                  </PassengerStopAssignment>
                  <PassengerStopAssignment id="EPY:PassengerStopAssignment:150:LOC" version="1" order="0">
                     <ScheduledStopPointRef ref="EPY:ScheduledStopPoint:150:LOC" versionRef="1"/>
                     <StopPlaceRef ref="FR:51153:StopPlace:genAUTO$983050721:EPY" versionRef="1"/>
                     <QuayRef ref="FR:51153:Quay:chohaut1:EPY" versionRef="1"/>
                  </PassengerStopAssignment>
                  <PassengerStopAssignment id="EPY:PassengerStopAssignment:151:LOC" version="1" order="0">
                     <ScheduledStopPointRef ref="EPY:ScheduledStopPoint:151:LOC" versionRef="1"/>
                     <StopPlaceRef ref="FR:51153:StopPlace:genAUTO$1705001421:EPY" versionRef="1"/>
                     <QuayRef ref="FR:51153:Quay:chocent1:EPY" versionRef="1"/>
                  </PassengerStopAssignment>
                  <PassengerStopAssignment id="EPY:PassengerStopAssignment:152:LOC" version="1" order="0">
                     <ScheduledStopPointRef ref="EPY:ScheduledStopPoint:152:LOC" versionRef="1"/>
                     <StopPlaceRef ref="FR:51230:StopPlace:genAUTO$2140098963:EPY" versionRef="1"/>
                     <QuayRef ref="FR:51230:Quay:naybell2:EPY" versionRef="1"/>
                  </PassengerStopAssignment>
                  <PassengerStopAssignment id="EPY:PassengerStopAssignment:153:LOC" version="1" order="0">
                     <ScheduledStopPointRef ref="EPY:ScheduledStopPoint:153:LOC" versionRef="1"/>
                     <StopPlaceRef ref="FR:51230:StopPlace:genAUTO$1195467356:EPY" versionRef="1"/>
                     <QuayRef ref="FR:51230:Quay:naycest1:EPY" versionRef="1"/>
                  </PassengerStopAssignment>
                  <PassengerStopAssignment id="EPY:PassengerStopAssignment:154:LOC" version="1" order="0">
                     <ScheduledStopPointRef ref="EPY:ScheduledStopPoint:154:LOC" versionRef="1"/>
                     <StopPlaceRef ref="FR:51230:StopPlace:genAUTO$1911657307:EPY" versionRef="1"/>
                     <QuayRef ref="FR:51230:Quay:naygoda2:EPY" versionRef="1"/>
                  </PassengerStopAssignment>
                  <PassengerStopAssignment id="EPY:PassengerStopAssignment:155:LOC" version="1" order="0">
                     <ScheduledStopPointRef ref="EPY:ScheduledStopPoint:155:LOC" versionRef="1"/>
                     <StopPlaceRef ref="FR:51230:StopPlace:genAUTO$258888269:EPY" versionRef="1"/>
                     <QuayRef ref="FR:51230:Quay:nayalsa2:EPY" versionRef="1"/>
                  </PassengerStopAssignment>
                  <PassengerStopAssignment id="EPY:PassengerStopAssignment:156:LOC" version="1" order="0">
                     <ScheduledStopPointRef ref="EPY:ScheduledStopPoint:156:LOC" versionRef="1"/>
                     <StopPlaceRef ref="FR:51230:StopPlace:genAUTO$1143056970:EPY" versionRef="1"/>
                     <QuayRef ref="FR:51230:Quay:nayhote2:EPY" versionRef="1"/>
                  </PassengerStopAssignment>
                  <PassengerStopAssignment id="EPY:PassengerStopAssignment:157:LOC" version="1" order="0">
                     <ScheduledStopPointRef ref="EPY:ScheduledStopPoint:157:LOC" versionRef="1"/>
                     <StopPlaceRef ref="FR:51230:StopPlace:genAUTO$2125820804:EPY" versionRef="1"/>
                     <QuayRef ref="FR:51230:Quay:naygar4:EPY" versionRef="1"/>
                  </PassengerStopAssignment>
                  <PassengerStopAssignment id="EPY:PassengerStopAssignment:158:LOC" version="1" order="0">
                     <ScheduledStopPointRef ref="EPY:ScheduledStopPoint:158:LOC" versionRef="1"/>
                     <StopPlaceRef ref="FR:51230:StopPlace:genAUTO$2125820804:EPY" versionRef="1"/>
                     <QuayRef ref="FR:51230:Quay:naygar4:EPY" versionRef="1"/>
                  </PassengerStopAssignment>
                  <PassengerStopAssignment id="EPY:PassengerStopAssignment:159:LOC" version="1" order="0">
                     <ScheduledStopPointRef ref="EPY:ScheduledStopPoint:159:LOC" versionRef="1"/>
                     <StopPlaceRef ref="FR:51230:StopPlace:genAUTO$1965360148:EPY" versionRef="1"/>
                     <QuayRef ref="FR:51230:Quay:naygamb1:EPY" versionRef="1"/>
                  </PassengerStopAssignment>
                  <PassengerStopAssignment id="EPY:PassengerStopAssignment:160:LOC" version="1" order="0">
                     <ScheduledStopPointRef ref="EPY:ScheduledStopPoint:160:LOC" versionRef="1"/>
                     <StopPlaceRef ref="FR:51230:StopPlace:genAUTO$423026971:EPY" versionRef="1"/>
                     <QuayRef ref="FR:51230:Quay:nayhote1:EPY" versionRef="1"/>
                  </PassengerStopAssignment>
                  <PassengerStopAssignment id="EPY:PassengerStopAssignment:161:LOC" version="1" order="0">
                     <ScheduledStopPointRef ref="EPY:ScheduledStopPoint:161:LOC" versionRef="1"/>
                     <StopPlaceRef ref="FR:51230:StopPlace:genAUTO$144396258:EPY" versionRef="1"/>
                     <QuayRef ref="FR:51230:Quay:nayalsa1:EPY" versionRef="1"/>
                  </PassengerStopAssignment>
                  <PassengerStopAssignment id="EPY:PassengerStopAssignment:162:LOC" version="1" order="0">
                     <ScheduledStopPointRef ref="EPY:ScheduledStopPoint:162:LOC" versionRef="1"/>
                     <StopPlaceRef ref="FR:51230:StopPlace:genAUTO$345573366:EPY" versionRef="1"/>
                     <QuayRef ref="FR:51230:Quay:naygoda1:EPY" versionRef="1"/>
                  </PassengerStopAssignment>
                  <PassengerStopAssignment id="EPY:PassengerStopAssignment:163:LOC" version="1" order="0">
                     <ScheduledStopPointRef ref="EPY:ScheduledStopPoint:163:LOC" versionRef="1"/>
                     <StopPlaceRef ref="FR:51230:StopPlace:genAUTO$1533415999:EPY" versionRef="1"/>
                     <QuayRef ref="FR:51230:Quay:naycest2:EPY" versionRef="1"/>
                  </PassengerStopAssignment>
                  <PassengerStopAssignment id="EPY:PassengerStopAssignment:164:LOC" version="1" order="0">
                     <ScheduledStopPointRef ref="EPY:ScheduledStopPoint:164:LOC" versionRef="1"/>
                     <StopPlaceRef ref="FR:51230:StopPlace:genAUTO$2140098963:EPY" versionRef="1"/>
                     <QuayRef ref="FR:51230:Quay:naybell2:EPY" versionRef="1"/>
                  </PassengerStopAssignment>
                  <PassengerStopAssignment id="EPY:PassengerStopAssignment:165:LOC" version="1" order="0">
                     <ScheduledStopPointRef ref="EPY:ScheduledStopPoint:165:LOC" versionRef="1"/>
                     <StopPlaceRef ref="FR:51153:StopPlace:genAUTO$1023881934:EPY" versionRef="1"/>
                     <QuayRef ref="FR:51153:Quay:chocent2:EPY" versionRef="1"/>
                  </PassengerStopAssignment>
                  <PassengerStopAssignment id="EPY:PassengerStopAssignment:166:LOC" version="1" order="0">
                     <ScheduledStopPointRef ref="EPY:ScheduledStopPoint:166:LOC" versionRef="1"/>
                     <StopPlaceRef ref="FR:51153:StopPlace:genAUTO$1745832634:EPY" versionRef="1"/>
                     <QuayRef ref="FR:51153:Quay:chohaut2:EPY" versionRef="1"/>
                  </PassengerStopAssignment>
               </members>
            </GeneralFrame>
            <GeneralFrame id="FR:GeneralFrame:NETEX_HORAIRE-20250904T013222:LOC" version="1.0" dataSourceRef="EPY">
               <TypeOfFrameRef ref="FR:TypeOfFrame:NETEX_HORAIRE"/>
               <members>
                  <ServiceJourney id="EPY:ServiceJourney:21466324:LOC" version="1">
                     <PrivateCode>Gare Routière</PrivateCode>
                     <TransportMode>bus</TransportMode>
                     <dayTypes>
                        <DayTypeRef ref="EPY:Timetable:DayType:2663:LOC" versionRef="1"/>
                     </dayTypes>
                     <JourneyPatternRef ref="EPY:ServiceJourneyPattern:12:LOC" versionRef="1"/>
                     <passingTimes>
                        <TimetabledPassingTime version="any">
                           <ArrivalTime>07:15:00</ArrivalTime>
                           <ArrivalDayOffset>0</ArrivalDayOffset>
                           <DepartureTime>07:15:00</DepartureTime>
                           <DepartureDayOffset>0</DepartureDayOffset>
                        </TimetabledPassingTime>
                        <TimetabledPassingTime version="any">
                           <ArrivalTime>07:17:00</ArrivalTime>
                           <ArrivalDayOffset>0</ArrivalDayOffset>
                           <DepartureTime>07:17:00</DepartureTime>
                           <DepartureDayOffset>0</DepartureDayOffset>
                        </TimetabledPassingTime>
                        <TimetabledPassingTime version="any">
                           <ArrivalTime>07:20:00</ArrivalTime>
                           <ArrivalDayOffset>0</ArrivalDayOffset>
                           <DepartureTime>07:20:00</DepartureTime>
                           <DepartureDayOffset>0</DepartureDayOffset>
                        </TimetabledPassingTime>
                        <TimetabledPassingTime version="any">
                           <ArrivalTime>07:25:00</ArrivalTime>
                           <ArrivalDayOffset>0</ArrivalDayOffset>
                           <DepartureTime>07:25:00</DepartureTime>
                           <DepartureDayOffset>0</DepartureDayOffset>
                        </TimetabledPassingTime>
                        <TimetabledPassingTime version="any">
                           <ArrivalTime>07:30:00</ArrivalTime>
                           <ArrivalDayOffset>0</ArrivalDayOffset>
                           <DepartureTime>07:30:00</DepartureTime>
                           <DepartureDayOffset>0</DepartureDayOffset>
                        </TimetabledPassingTime>
                        <TimetabledPassingTime version="any">
                           <ArrivalTime>07:35:00</ArrivalTime>
                           <ArrivalDayOffset>0</ArrivalDayOffset>
                           <DepartureTime>07:35:00</DepartureTime>
                           <DepartureDayOffset>0</DepartureDayOffset>
                        </TimetabledPassingTime>
                     </passingTimes>
                  </ServiceJourney>
                  <ServiceJourney id="EPY:ServiceJourney:21466328:LOC" version="1">
                     <PrivateCode>Gare Routière</PrivateCode>
                     <TransportMode>bus</TransportMode>
                     <dayTypes>
                        <DayTypeRef ref="EPY:Timetable:DayType:2663:LOC" versionRef="1"/>
                     </dayTypes>
                     <JourneyPatternRef ref="EPY:ServiceJourneyPattern:14:LOC" versionRef="1"/>
                     <passingTimes>
                        <TimetabledPassingTime version="any">
                           <ArrivalTime>10:00:00</ArrivalTime>
                           <ArrivalDayOffset>0</ArrivalDayOffset>
                           <DepartureTime>10:00:00</DepartureTime>
                           <DepartureDayOffset>0</DepartureDayOffset>
                        </TimetabledPassingTime>
                        <TimetabledPassingTime version="any">
                           <ArrivalTime>10:05:00</ArrivalTime>
                           <ArrivalDayOffset>0</ArrivalDayOffset>
                           <DepartureTime>10:05:00</DepartureTime>
                           <DepartureDayOffset>0</DepartureDayOffset>
                        </TimetabledPassingTime>
                        <TimetabledPassingTime version="any">
                           <ArrivalTime>10:16:00</ArrivalTime>
                           <ArrivalDayOffset>0</ArrivalDayOffset>
                           <DepartureTime>10:16:00</DepartureTime>
                           <DepartureDayOffset>0</DepartureDayOffset>
                        </TimetabledPassingTime>
                        <TimetabledPassingTime version="any">
                           <ArrivalTime>10:21:00</ArrivalTime>
                           <ArrivalDayOffset>0</ArrivalDayOffset>
                           <DepartureTime>10:21:00</DepartureTime>
                           <DepartureDayOffset>0</DepartureDayOffset>
                        </TimetabledPassingTime>
                        <TimetabledPassingTime version="any">
                           <ArrivalTime>10:23:00</ArrivalTime>
                           <ArrivalDayOffset>0</ArrivalDayOffset>
                           <DepartureTime>10:23:00</DepartureTime>
                           <DepartureDayOffset>0</DepartureDayOffset>
                        </TimetabledPassingTime>
                        <TimetabledPassingTime version="any">
                           <ArrivalTime>10:26:00</ArrivalTime>
                           <ArrivalDayOffset>0</ArrivalDayOffset>
                           <DepartureTime>10:26:00</DepartureTime>
                           <DepartureDayOffset>0</DepartureDayOffset>
                        </TimetabledPassingTime>
                     </passingTimes>
                  </ServiceJourney>
                  <ServiceJourney id="EPY:ServiceJourney:21466326:LOC" version="1">
                     <PrivateCode>Chouilly</PrivateCode>
                     <TransportMode>bus</TransportMode>
                     <dayTypes>
                        <DayTypeRef ref="EPY:Timetable:DayType:2663:LOC" versionRef="1"/>
                     </dayTypes>
                     <JourneyPatternRef ref="EPY:ServiceJourneyPattern:33:LOC" versionRef="1"/>
                     <passingTimes>
                        <TimetabledPassingTime version="any">
                           <ArrivalTime>12:17:00</ArrivalTime>
                           <ArrivalDayOffset>0</ArrivalDayOffset>
                           <DepartureTime>12:17:00</DepartureTime>
                           <DepartureDayOffset>0</DepartureDayOffset>
                        </TimetabledPassingTime>
                        <TimetabledPassingTime version="any">
                           <ArrivalTime>12:22:00</ArrivalTime>
                           <ArrivalDayOffset>0</ArrivalDayOffset>
                           <DepartureTime>12:22:00</DepartureTime>
                           <DepartureDayOffset>0</DepartureDayOffset>
                        </TimetabledPassingTime>
                        <TimetabledPassingTime version="any">
                           <ArrivalTime>12:24:00</ArrivalTime>
                           <ArrivalDayOffset>0</ArrivalDayOffset>
                           <DepartureTime>12:24:00</DepartureTime>
                           <DepartureDayOffset>0</DepartureDayOffset>
                        </TimetabledPassingTime>
                     </passingTimes>
                  </ServiceJourney>
                  <ServiceJourney id="EPY:ServiceJourney:21466327:LOC" version="1">
                     <PrivateCode>Chouilly</PrivateCode>
                     <TransportMode>bus</TransportMode>
                     <dayTypes>
                        <DayTypeRef ref="EPY:Timetable:DayType:2663:LOC" versionRef="1"/>
                     </dayTypes>
                     <JourneyPatternRef ref="EPY:ServiceJourneyPattern:34:LOC" versionRef="1"/>
                     <passingTimes>
                        <TimetabledPassingTime version="any">
                           <ArrivalTime>17:03:00</ArrivalTime>
                           <ArrivalDayOffset>0</ArrivalDayOffset>
                           <DepartureTime>17:03:00</DepartureTime>
                           <DepartureDayOffset>0</DepartureDayOffset>
                        </TimetabledPassingTime>
                        <TimetabledPassingTime version="any">
                           <ArrivalTime>17:04:00</ArrivalTime>
                           <ArrivalDayOffset>0</ArrivalDayOffset>
                           <DepartureTime>17:04:00</DepartureTime>
                           <DepartureDayOffset>0</DepartureDayOffset>
                        </TimetabledPassingTime>
                        <TimetabledPassingTime version="any">
                           <ArrivalTime>17:05:00</ArrivalTime>
                           <ArrivalDayOffset>0</ArrivalDayOffset>
                           <DepartureTime>17:05:00</DepartureTime>
                           <DepartureDayOffset>0</DepartureDayOffset>
                        </TimetabledPassingTime>
                        <TimetabledPassingTime version="any">
                           <ArrivalTime>17:10:00</ArrivalTime>
                           <ArrivalDayOffset>0</ArrivalDayOffset>
                           <DepartureTime>17:10:00</DepartureTime>
                           <DepartureDayOffset>0</DepartureDayOffset>
                        </TimetabledPassingTime>
                        <TimetabledPassingTime version="any">
                           <ArrivalTime>17:12:00</ArrivalTime>
                           <ArrivalDayOffset>0</ArrivalDayOffset>
                           <DepartureTime>17:12:00</DepartureTime>
                           <DepartureDayOffset>0</DepartureDayOffset>
                        </TimetabledPassingTime>
                        <TimetabledPassingTime version="any">
                           <ArrivalTime>17:13:00</ArrivalTime>
                           <ArrivalDayOffset>0</ArrivalDayOffset>
                           <DepartureTime>17:13:00</DepartureTime>
                           <DepartureDayOffset>0</DepartureDayOffset>
                        </TimetabledPassingTime>
                        <TimetabledPassingTime version="any">
                           <ArrivalTime>17:20:00</ArrivalTime>
                           <ArrivalDayOffset>0</ArrivalDayOffset>
                           <DepartureTime>17:20:00</DepartureTime>
                           <DepartureDayOffset>0</DepartureDayOffset>
                        </TimetabledPassingTime>
                        <TimetabledPassingTime version="any">
                           <ArrivalTime>17:22:00</ArrivalTime>
                           <ArrivalDayOffset>0</ArrivalDayOffset>
                           <DepartureTime>17:22:00</DepartureTime>
                           <DepartureDayOffset>0</DepartureDayOffset>
                        </TimetabledPassingTime>
                     </passingTimes>
                  </ServiceJourney>
                  <ServiceJourney id="EPY:ServiceJourney:21466331:LOC" version="1">
                     <PrivateCode>Chouilly</PrivateCode>
                     <TransportMode>bus</TransportMode>
                     <dayTypes>
                        <DayTypeRef ref="EPY:Timetable:DayType:2663:LOC" versionRef="1"/>
                     </dayTypes>
                     <JourneyPatternRef ref="EPY:ServiceJourneyPattern:35:LOC" versionRef="1"/>
                     <passingTimes>
                        <TimetabledPassingTime version="any">
                           <ArrivalTime>18:03:00</ArrivalTime>
                           <ArrivalDayOffset>0</ArrivalDayOffset>
                           <DepartureTime>18:03:00</DepartureTime>
                           <DepartureDayOffset>0</DepartureDayOffset>
                        </TimetabledPassingTime>
                        <TimetabledPassingTime version="any">
                           <ArrivalTime>18:04:00</ArrivalTime>
                           <ArrivalDayOffset>0</ArrivalDayOffset>
                           <DepartureTime>18:04:00</DepartureTime>
                           <DepartureDayOffset>0</DepartureDayOffset>
                        </TimetabledPassingTime>
                        <TimetabledPassingTime version="any">
                           <ArrivalTime>18:05:00</ArrivalTime>
                           <ArrivalDayOffset>0</ArrivalDayOffset>
                           <DepartureTime>18:05:00</DepartureTime>
                           <DepartureDayOffset>0</DepartureDayOffset>
                        </TimetabledPassingTime>
                        <TimetabledPassingTime version="any">
                           <ArrivalTime>18:08:00</ArrivalTime>
                           <ArrivalDayOffset>0</ArrivalDayOffset>
                           <DepartureTime>18:08:00</DepartureTime>
                           <DepartureDayOffset>0</DepartureDayOffset>
                        </TimetabledPassingTime>
                        <TimetabledPassingTime version="any">
                           <ArrivalTime>18:10:00</ArrivalTime>
                           <ArrivalDayOffset>0</ArrivalDayOffset>
                           <DepartureTime>18:10:00</DepartureTime>
                           <DepartureDayOffset>0</DepartureDayOffset>
                        </TimetabledPassingTime>
                        <TimetabledPassingTime version="any">
                           <ArrivalTime>18:23:00</ArrivalTime>
                           <ArrivalDayOffset>0</ArrivalDayOffset>
                           <DepartureTime>18:23:00</DepartureTime>
                           <DepartureDayOffset>0</DepartureDayOffset>
                        </TimetabledPassingTime>
                        <TimetabledPassingTime version="any">
                           <ArrivalTime>18:25:00</ArrivalTime>
                           <ArrivalDayOffset>0</ArrivalDayOffset>
                           <DepartureTime>18:25:00</DepartureTime>
                           <DepartureDayOffset>0</DepartureDayOffset>
                        </TimetabledPassingTime>
                     </passingTimes>
                  </ServiceJourney>
                  <ServiceJourney id="EPY:ServiceJourney:21673199:LOC" version="1">
                     <PrivateCode>Gare Routière</PrivateCode>
                     <TransportMode>bus</TransportMode>
                     <dayTypes>
                        <DayTypeRef ref="EPY:Timetable:DayType:2863:LOC" versionRef="1"/>
                     </dayTypes>
                     <JourneyPatternRef ref="EPY:ServiceJourneyPattern:12:LOC" versionRef="1"/>
                     <passingTimes>
                        <TimetabledPassingTime version="any">
                           <ArrivalTime>07:15:00</ArrivalTime>
                           <ArrivalDayOffset>0</ArrivalDayOffset>
                           <DepartureTime>07:15:00</DepartureTime>
                           <DepartureDayOffset>0</DepartureDayOffset>
                        </TimetabledPassingTime>
                        <TimetabledPassingTime version="any">
                           <ArrivalTime>07:17:00</ArrivalTime>
                           <ArrivalDayOffset>0</ArrivalDayOffset>
                           <DepartureTime>07:17:00</DepartureTime>
                           <DepartureDayOffset>0</DepartureDayOffset>
                        </TimetabledPassingTime>
                        <TimetabledPassingTime version="any">
                           <ArrivalTime>07:20:00</ArrivalTime>
                           <ArrivalDayOffset>0</ArrivalDayOffset>
                           <DepartureTime>07:20:00</DepartureTime>
                           <DepartureDayOffset>0</DepartureDayOffset>
                        </TimetabledPassingTime>
                        <TimetabledPassingTime version="any">
                           <ArrivalTime>07:25:00</ArrivalTime>
                           <ArrivalDayOffset>0</ArrivalDayOffset>
                           <DepartureTime>07:25:00</DepartureTime>
                           <DepartureDayOffset>0</DepartureDayOffset>
                        </TimetabledPassingTime>
                        <TimetabledPassingTime version="any">
                           <ArrivalTime>07:30:00</ArrivalTime>
                           <ArrivalDayOffset>0</ArrivalDayOffset>
                           <DepartureTime>07:30:00</DepartureTime>
                           <DepartureDayOffset>0</DepartureDayOffset>
                        </TimetabledPassingTime>
                        <TimetabledPassingTime version="any">
                           <ArrivalTime>07:35:00</ArrivalTime>
                           <ArrivalDayOffset>0</ArrivalDayOffset>
                           <DepartureTime>07:35:00</DepartureTime>
                           <DepartureDayOffset>0</DepartureDayOffset>
                        </TimetabledPassingTime>
                     </passingTimes>
                  </ServiceJourney>
                  <ServiceJourney id="EPY:ServiceJourney:21673200:LOC" version="1">
                     <PrivateCode>Gare Routière</PrivateCode>
                     <TransportMode>bus</TransportMode>
                     <dayTypes>
                        <DayTypeRef ref="EPY:Timetable:DayType:2863:LOC" versionRef="1"/>
                     </dayTypes>
                     <JourneyPatternRef ref="EPY:ServiceJourneyPattern:14:LOC" versionRef="1"/>
                     <passingTimes>
                        <TimetabledPassingTime version="any">
                           <ArrivalTime>13:30:00</ArrivalTime>
                           <ArrivalDayOffset>0</ArrivalDayOffset>
                           <DepartureTime>13:30:00</DepartureTime>
                           <DepartureDayOffset>0</DepartureDayOffset>
                        </TimetabledPassingTime>
                        <TimetabledPassingTime version="any">
                           <ArrivalTime>13:35:00</ArrivalTime>
                           <ArrivalDayOffset>0</ArrivalDayOffset>
                           <DepartureTime>13:35:00</DepartureTime>
                           <DepartureDayOffset>0</DepartureDayOffset>
                        </TimetabledPassingTime>
                        <TimetabledPassingTime version="any">
                           <ArrivalTime>13:46:00</ArrivalTime>
                           <ArrivalDayOffset>0</ArrivalDayOffset>
                           <DepartureTime>13:46:00</DepartureTime>
                           <DepartureDayOffset>0</DepartureDayOffset>
                        </TimetabledPassingTime>
                        <TimetabledPassingTime version="any">
                           <ArrivalTime>13:51:00</ArrivalTime>
                           <ArrivalDayOffset>0</ArrivalDayOffset>
                           <DepartureTime>13:51:00</DepartureTime>
                           <DepartureDayOffset>0</DepartureDayOffset>
                        </TimetabledPassingTime>
                        <TimetabledPassingTime version="any">
                           <ArrivalTime>13:53:00</ArrivalTime>
                           <ArrivalDayOffset>0</ArrivalDayOffset>
                           <DepartureTime>13:53:00</DepartureTime>
                           <DepartureDayOffset>0</DepartureDayOffset>
                        </TimetabledPassingTime>
                        <TimetabledPassingTime version="any">
                           <ArrivalTime>13:56:00</ArrivalTime>
                           <ArrivalDayOffset>0</ArrivalDayOffset>
                           <DepartureTime>13:56:00</DepartureTime>
                           <DepartureDayOffset>0</DepartureDayOffset>
                        </TimetabledPassingTime>
                     </passingTimes>
                  </ServiceJourney>
                  <ServiceJourney id="EPY:ServiceJourney:21673203:LOC" version="1">
                     <PrivateCode>Gare Routière</PrivateCode>
                     <TransportMode>bus</TransportMode>
                     <dayTypes>
                        <DayTypeRef ref="EPY:Timetable:DayType:2863:LOC" versionRef="1"/>
                     </dayTypes>
                     <JourneyPatternRef ref="EPY:ServiceJourneyPattern:14:LOC" versionRef="1"/>
                     <passingTimes>
                        <TimetabledPassingTime version="any">
                           <ArrivalTime>10:00:00</ArrivalTime>
                           <ArrivalDayOffset>0</ArrivalDayOffset>
                           <DepartureTime>10:00:00</DepartureTime>
                           <DepartureDayOffset>0</DepartureDayOffset>
                        </TimetabledPassingTime>
                        <TimetabledPassingTime version="any">
                           <ArrivalTime>10:05:00</ArrivalTime>
                           <ArrivalDayOffset>0</ArrivalDayOffset>
                           <DepartureTime>10:05:00</DepartureTime>
                           <DepartureDayOffset>0</DepartureDayOffset>
                        </TimetabledPassingTime>
                        <TimetabledPassingTime version="any">
                           <ArrivalTime>10:16:00</ArrivalTime>
                           <ArrivalDayOffset>0</ArrivalDayOffset>
                           <DepartureTime>10:16:00</DepartureTime>
                           <DepartureDayOffset>0</DepartureDayOffset>
                        </TimetabledPassingTime>
                        <TimetabledPassingTime version="any">
                           <ArrivalTime>10:21:00</ArrivalTime>
                           <ArrivalDayOffset>0</ArrivalDayOffset>
                           <DepartureTime>10:21:00</DepartureTime>
                           <DepartureDayOffset>0</DepartureDayOffset>
                        </TimetabledPassingTime>
                        <TimetabledPassingTime version="any">
                           <ArrivalTime>10:23:00</ArrivalTime>
                           <ArrivalDayOffset>0</ArrivalDayOffset>
                           <DepartureTime>10:23:00</DepartureTime>
                           <DepartureDayOffset>0</DepartureDayOffset>
                        </TimetabledPassingTime>
                        <TimetabledPassingTime version="any">
                           <ArrivalTime>10:26:00</ArrivalTime>
                           <ArrivalDayOffset>0</ArrivalDayOffset>
                           <DepartureTime>10:26:00</DepartureTime>
                           <DepartureDayOffset>0</DepartureDayOffset>
                        </TimetabledPassingTime>
                     </passingTimes>
                  </ServiceJourney>
                  <ServiceJourney id="EPY:ServiceJourney:21673201:LOC" version="1">
                     <PrivateCode>Chouilly</PrivateCode>
                     <TransportMode>bus</TransportMode>
                     <dayTypes>
                        <DayTypeRef ref="EPY:Timetable:DayType:2863:LOC" versionRef="1"/>
                     </dayTypes>
                     <JourneyPatternRef ref="EPY:ServiceJourneyPattern:33:LOC" versionRef="1"/>
                     <passingTimes>
                        <TimetabledPassingTime version="any">
                           <ArrivalTime>12:17:00</ArrivalTime>
                           <ArrivalDayOffset>0</ArrivalDayOffset>
                           <DepartureTime>12:17:00</DepartureTime>
                           <DepartureDayOffset>0</DepartureDayOffset>
                        </TimetabledPassingTime>
                        <TimetabledPassingTime version="any">
                           <ArrivalTime>12:22:00</ArrivalTime>
                           <ArrivalDayOffset>0</ArrivalDayOffset>
                           <DepartureTime>12:22:00</DepartureTime>
                           <DepartureDayOffset>0</DepartureDayOffset>
                        </TimetabledPassingTime>
                        <TimetabledPassingTime version="any">
                           <ArrivalTime>12:24:00</ArrivalTime>
                           <ArrivalDayOffset>0</ArrivalDayOffset>
                           <DepartureTime>12:24:00</DepartureTime>
                           <DepartureDayOffset>0</DepartureDayOffset>
                        </TimetabledPassingTime>
                     </passingTimes>
                  </ServiceJourney>
                  <ServiceJourney id="EPY:ServiceJourney:21673202:LOC" version="1">
                     <PrivateCode>Chouilly</PrivateCode>
                     <TransportMode>bus</TransportMode>
                     <dayTypes>
                        <DayTypeRef ref="EPY:Timetable:DayType:2863:LOC" versionRef="1"/>
                     </dayTypes>
                     <JourneyPatternRef ref="EPY:ServiceJourneyPattern:34:LOC" versionRef="1"/>
                     <passingTimes>
                        <TimetabledPassingTime version="any">
                           <ArrivalTime>17:03:00</ArrivalTime>
                           <ArrivalDayOffset>0</ArrivalDayOffset>
                           <DepartureTime>17:03:00</DepartureTime>
                           <DepartureDayOffset>0</DepartureDayOffset>
                        </TimetabledPassingTime>
                        <TimetabledPassingTime version="any">
                           <ArrivalTime>17:04:00</ArrivalTime>
                           <ArrivalDayOffset>0</ArrivalDayOffset>
                           <DepartureTime>17:04:00</DepartureTime>
                           <DepartureDayOffset>0</DepartureDayOffset>
                        </TimetabledPassingTime>
                        <TimetabledPassingTime version="any">
                           <ArrivalTime>17:05:00</ArrivalTime>
                           <ArrivalDayOffset>0</ArrivalDayOffset>
                           <DepartureTime>17:05:00</DepartureTime>
                           <DepartureDayOffset>0</DepartureDayOffset>
                        </TimetabledPassingTime>
                        <TimetabledPassingTime version="any">
                           <ArrivalTime>17:10:00</ArrivalTime>
                           <ArrivalDayOffset>0</ArrivalDayOffset>
                           <DepartureTime>17:10:00</DepartureTime>
                           <DepartureDayOffset>0</DepartureDayOffset>
                        </TimetabledPassingTime>
                        <TimetabledPassingTime version="any">
                           <ArrivalTime>17:12:00</ArrivalTime>
                           <ArrivalDayOffset>0</ArrivalDayOffset>
                           <DepartureTime>17:12:00</DepartureTime>
                           <DepartureDayOffset>0</DepartureDayOffset>
                        </TimetabledPassingTime>
                        <TimetabledPassingTime version="any">
                           <ArrivalTime>17:13:00</ArrivalTime>
                           <ArrivalDayOffset>0</ArrivalDayOffset>
                           <DepartureTime>17:13:00</DepartureTime>
                           <DepartureDayOffset>0</DepartureDayOffset>
                        </TimetabledPassingTime>
                        <TimetabledPassingTime version="any">
                           <ArrivalTime>17:20:00</ArrivalTime>
                           <ArrivalDayOffset>0</ArrivalDayOffset>
                           <DepartureTime>17:20:00</DepartureTime>
                           <DepartureDayOffset>0</DepartureDayOffset>
                        </TimetabledPassingTime>
                        <TimetabledPassingTime version="any">
                           <ArrivalTime>17:22:00</ArrivalTime>
                           <ArrivalDayOffset>0</ArrivalDayOffset>
                           <DepartureTime>17:22:00</DepartureTime>
                           <DepartureDayOffset>0</DepartureDayOffset>
                        </TimetabledPassingTime>
                     </passingTimes>
                  </ServiceJourney>
                  <ServiceJourney id="EPY:ServiceJourney:21673206:LOC" version="1">
                     <PrivateCode>Chouilly</PrivateCode>
                     <TransportMode>bus</TransportMode>
                     <dayTypes>
                        <DayTypeRef ref="EPY:Timetable:DayType:2863:LOC" versionRef="1"/>
                     </dayTypes>
                     <JourneyPatternRef ref="EPY:ServiceJourneyPattern:35:LOC" versionRef="1"/>
                     <passingTimes>
                        <TimetabledPassingTime version="any">
                           <ArrivalTime>18:03:00</ArrivalTime>
                           <ArrivalDayOffset>0</ArrivalDayOffset>
                           <DepartureTime>18:03:00</DepartureTime>
                           <DepartureDayOffset>0</DepartureDayOffset>
                        </TimetabledPassingTime>
                        <TimetabledPassingTime version="any">
                           <ArrivalTime>18:04:00</ArrivalTime>
                           <ArrivalDayOffset>0</ArrivalDayOffset>
                           <DepartureTime>18:04:00</DepartureTime>
                           <DepartureDayOffset>0</DepartureDayOffset>
                        </TimetabledPassingTime>
                        <TimetabledPassingTime version="any">
                           <ArrivalTime>18:05:00</ArrivalTime>
                           <ArrivalDayOffset>0</ArrivalDayOffset>
                           <DepartureTime>18:05:00</DepartureTime>
                           <DepartureDayOffset>0</DepartureDayOffset>
                        </TimetabledPassingTime>
                        <TimetabledPassingTime version="any">
                           <ArrivalTime>18:08:00</ArrivalTime>
                           <ArrivalDayOffset>0</ArrivalDayOffset>
                           <DepartureTime>18:08:00</DepartureTime>
                           <DepartureDayOffset>0</DepartureDayOffset>
                        </TimetabledPassingTime>
                        <TimetabledPassingTime version="any">
                           <ArrivalTime>18:10:00</ArrivalTime>
                           <ArrivalDayOffset>0</ArrivalDayOffset>
                           <DepartureTime>18:10:00</DepartureTime>
                           <DepartureDayOffset>0</DepartureDayOffset>
                        </TimetabledPassingTime>
                        <TimetabledPassingTime version="any">
                           <ArrivalTime>18:23:00</ArrivalTime>
                           <ArrivalDayOffset>0</ArrivalDayOffset>
                           <DepartureTime>18:23:00</DepartureTime>
                           <DepartureDayOffset>0</DepartureDayOffset>
                        </TimetabledPassingTime>
                        <TimetabledPassingTime version="any">
                           <ArrivalTime>18:25:00</ArrivalTime>
                           <ArrivalDayOffset>0</ArrivalDayOffset>
                           <DepartureTime>18:25:00</DepartureTime>
                           <DepartureDayOffset>0</DepartureDayOffset>
                        </TimetabledPassingTime>
                     </passingTimes>
                  </ServiceJourney>
                  <ServiceJourney id="EPY:ServiceJourney:21466325:LOC" version="1">
                     <PrivateCode>Gare Routière</PrivateCode>
                     <TransportMode>bus</TransportMode>
                     <dayTypes>
                        <DayTypeRef ref="EPY:Timetable:DayType:2527:LOC" versionRef="1"/>
                     </dayTypes>
                     <JourneyPatternRef ref="EPY:ServiceJourneyPattern:13:LOC" versionRef="1"/>
                     <passingTimes>
                        <TimetabledPassingTime version="any">
                           <ArrivalTime>13:30:00</ArrivalTime>
                           <ArrivalDayOffset>0</ArrivalDayOffset>
                           <DepartureTime>13:30:00</DepartureTime>
                           <DepartureDayOffset>0</DepartureDayOffset>
                        </TimetabledPassingTime>
                        <TimetabledPassingTime version="any">
                           <ArrivalTime>13:35:00</ArrivalTime>
                           <ArrivalDayOffset>0</ArrivalDayOffset>
                           <DepartureTime>13:35:00</DepartureTime>
                           <DepartureDayOffset>0</DepartureDayOffset>
                        </TimetabledPassingTime>
                        <TimetabledPassingTime version="any">
                           <ArrivalTime>13:42:00</ArrivalTime>
                           <ArrivalDayOffset>0</ArrivalDayOffset>
                           <DepartureTime>13:42:00</DepartureTime>
                           <DepartureDayOffset>0</DepartureDayOffset>
                        </TimetabledPassingTime>
                        <TimetabledPassingTime version="any">
                           <ArrivalTime>13:46:00</ArrivalTime>
                           <ArrivalDayOffset>0</ArrivalDayOffset>
                           <DepartureTime>13:46:00</DepartureTime>
                           <DepartureDayOffset>0</DepartureDayOffset>
                        </TimetabledPassingTime>
                        <TimetabledPassingTime version="any">
                           <ArrivalTime>13:51:00</ArrivalTime>
                           <ArrivalDayOffset>0</ArrivalDayOffset>
                           <DepartureTime>13:51:00</DepartureTime>
                           <DepartureDayOffset>0</DepartureDayOffset>
                        </TimetabledPassingTime>
                        <TimetabledPassingTime version="any">
                           <ArrivalTime>13:53:00</ArrivalTime>
                           <ArrivalDayOffset>0</ArrivalDayOffset>
                           <DepartureTime>13:53:00</DepartureTime>
                           <DepartureDayOffset>0</DepartureDayOffset>
                        </TimetabledPassingTime>
                        <TimetabledPassingTime version="any">
                           <ArrivalTime>13:56:00</ArrivalTime>
                           <ArrivalDayOffset>0</ArrivalDayOffset>
                           <DepartureTime>13:56:00</DepartureTime>
                           <DepartureDayOffset>0</DepartureDayOffset>
                        </TimetabledPassingTime>
                     </passingTimes>
                  </ServiceJourney>
                  <ServiceJourney id="EPY:ServiceJourney:21673207:LOC" version="1">
                     <PrivateCode>Gare Routière</PrivateCode>
                     <TransportMode>bus</TransportMode>
                     <dayTypes>
                        <DayTypeRef ref="EPY:Timetable:DayType:2436:LOC" versionRef="1"/>
                     </dayTypes>
                     <JourneyPatternRef ref="EPY:ServiceJourneyPattern:14:LOC" versionRef="1"/>
                     <passingTimes>
                        <TimetabledPassingTime version="any">
                           <ArrivalTime>13:30:00</ArrivalTime>
                           <ArrivalDayOffset>0</ArrivalDayOffset>
                           <DepartureTime>13:30:00</DepartureTime>
                           <DepartureDayOffset>0</DepartureDayOffset>
                        </TimetabledPassingTime>
                        <TimetabledPassingTime version="any">
                           <ArrivalTime>13:35:00</ArrivalTime>
                           <ArrivalDayOffset>0</ArrivalDayOffset>
                           <DepartureTime>13:35:00</DepartureTime>
                           <DepartureDayOffset>0</DepartureDayOffset>
                        </TimetabledPassingTime>
                        <TimetabledPassingTime version="any">
                           <ArrivalTime>13:46:00</ArrivalTime>
                           <ArrivalDayOffset>0</ArrivalDayOffset>
                           <DepartureTime>13:46:00</DepartureTime>
                           <DepartureDayOffset>0</DepartureDayOffset>
                        </TimetabledPassingTime>
                        <TimetabledPassingTime version="any">
                           <ArrivalTime>13:51:00</ArrivalTime>
                           <ArrivalDayOffset>0</ArrivalDayOffset>
                           <DepartureTime>13:51:00</DepartureTime>
                           <DepartureDayOffset>0</DepartureDayOffset>
                        </TimetabledPassingTime>
                        <TimetabledPassingTime version="any">
                           <ArrivalTime>13:53:00</ArrivalTime>
                           <ArrivalDayOffset>0</ArrivalDayOffset>
                           <DepartureTime>13:53:00</DepartureTime>
                           <DepartureDayOffset>0</DepartureDayOffset>
                        </TimetabledPassingTime>
                        <TimetabledPassingTime version="any">
                           <ArrivalTime>13:56:00</ArrivalTime>
                           <ArrivalDayOffset>0</ArrivalDayOffset>
                           <DepartureTime>13:56:00</DepartureTime>
                           <DepartureDayOffset>0</DepartureDayOffset>
                        </TimetabledPassingTime>
                     </passingTimes>
                  </ServiceJourney>
                  <ServiceJourney id="EPY:ServiceJourney:21466329:LOC" version="1">
                     <PrivateCode>Chouilly</PrivateCode>
                     <TransportMode>bus</TransportMode>
                     <dayTypes>
                        <DayTypeRef ref="EPY:Timetable:DayType:234:LOC" versionRef="1"/>
                     </dayTypes>
                     <JourneyPatternRef ref="EPY:ServiceJourneyPattern:35:LOC" versionRef="1"/>
                     <passingTimes>
                        <TimetabledPassingTime version="any">
                           <ArrivalTime>14:05:00</ArrivalTime>
                           <ArrivalDayOffset>0</ArrivalDayOffset>
                           <DepartureTime>14:05:00</DepartureTime>
                           <DepartureDayOffset>0</DepartureDayOffset>
                        </TimetabledPassingTime>
                        <TimetabledPassingTime version="any">
                           <ArrivalTime>14:06:00</ArrivalTime>
                           <ArrivalDayOffset>0</ArrivalDayOffset>
                           <DepartureTime>14:06:00</DepartureTime>
                           <DepartureDayOffset>0</DepartureDayOffset>
                        </TimetabledPassingTime>
                        <TimetabledPassingTime version="any">
                           <ArrivalTime>14:07:00</ArrivalTime>
                           <ArrivalDayOffset>0</ArrivalDayOffset>
                           <DepartureTime>14:07:00</DepartureTime>
                           <DepartureDayOffset>0</DepartureDayOffset>
                        </TimetabledPassingTime>
                        <TimetabledPassingTime version="any">
                           <ArrivalTime>14:10:00</ArrivalTime>
                           <ArrivalDayOffset>0</ArrivalDayOffset>
                           <DepartureTime>14:10:00</DepartureTime>
                           <DepartureDayOffset>0</DepartureDayOffset>
                        </TimetabledPassingTime>
                        <TimetabledPassingTime version="any">
                           <ArrivalTime>14:12:00</ArrivalTime>
                           <ArrivalDayOffset>0</ArrivalDayOffset>
                           <DepartureTime>14:12:00</DepartureTime>
                           <DepartureDayOffset>0</DepartureDayOffset>
                        </TimetabledPassingTime>
                        <TimetabledPassingTime version="any">
                           <ArrivalTime>14:25:00</ArrivalTime>
                           <ArrivalDayOffset>0</ArrivalDayOffset>
                           <DepartureTime>14:25:00</DepartureTime>
                           <DepartureDayOffset>0</DepartureDayOffset>
                        </TimetabledPassingTime>
                        <TimetabledPassingTime version="any">
                           <ArrivalTime>14:27:00</ArrivalTime>
                           <ArrivalDayOffset>0</ArrivalDayOffset>
                           <DepartureTime>14:27:00</DepartureTime>
                           <DepartureDayOffset>0</DepartureDayOffset>
                        </TimetabledPassingTime>
                     </passingTimes>
                  </ServiceJourney>
                  <ServiceJourney id="EPY:ServiceJourney:21466330:LOC" version="1">
                     <PrivateCode>Chouilly</PrivateCode>
                     <TransportMode>bus</TransportMode>
                     <dayTypes>
                        <DayTypeRef ref="EPY:Timetable:DayType:234:LOC" versionRef="1"/>
                     </dayTypes>
                     <JourneyPatternRef ref="EPY:ServiceJourneyPattern:35:LOC" versionRef="1"/>
                     <passingTimes>
                        <TimetabledPassingTime version="any">
                           <ArrivalTime>13:05:00</ArrivalTime>
                           <ArrivalDayOffset>0</ArrivalDayOffset>
                           <DepartureTime>13:05:00</DepartureTime>
                           <DepartureDayOffset>0</DepartureDayOffset>
                        </TimetabledPassingTime>
                        <TimetabledPassingTime version="any">
                           <ArrivalTime>13:06:00</ArrivalTime>
                           <ArrivalDayOffset>0</ArrivalDayOffset>
                           <DepartureTime>13:06:00</DepartureTime>
                           <DepartureDayOffset>0</DepartureDayOffset>
                        </TimetabledPassingTime>
                        <TimetabledPassingTime version="any">
                           <ArrivalTime>13:07:00</ArrivalTime>
                           <ArrivalDayOffset>0</ArrivalDayOffset>
                           <DepartureTime>13:07:00</DepartureTime>
                           <DepartureDayOffset>0</DepartureDayOffset>
                        </TimetabledPassingTime>
                        <TimetabledPassingTime version="any">
                           <ArrivalTime>13:10:00</ArrivalTime>
                           <ArrivalDayOffset>0</ArrivalDayOffset>
                           <DepartureTime>13:10:00</DepartureTime>
                           <DepartureDayOffset>0</DepartureDayOffset>
                        </TimetabledPassingTime>
                        <TimetabledPassingTime version="any">
                           <ArrivalTime>13:12:00</ArrivalTime>
                           <ArrivalDayOffset>0</ArrivalDayOffset>
                           <DepartureTime>13:12:00</DepartureTime>
                           <DepartureDayOffset>0</DepartureDayOffset>
                        </TimetabledPassingTime>
                        <TimetabledPassingTime version="any">
                           <ArrivalTime>13:25:00</ArrivalTime>
                           <ArrivalDayOffset>0</ArrivalDayOffset>
                           <DepartureTime>13:25:00</DepartureTime>
                           <DepartureDayOffset>0</DepartureDayOffset>
                        </TimetabledPassingTime>
                        <TimetabledPassingTime version="any">
                           <ArrivalTime>13:27:00</ArrivalTime>
                           <ArrivalDayOffset>0</ArrivalDayOffset>
                           <DepartureTime>13:27:00</DepartureTime>
                           <DepartureDayOffset>0</DepartureDayOffset>
                        </TimetabledPassingTime>
                     </passingTimes>
                  </ServiceJourney>
                  <ServiceJourney id="EPY:ServiceJourney:21673204:LOC" version="1">
                     <PrivateCode>Chouilly</PrivateCode>
                     <TransportMode>bus</TransportMode>
                     <dayTypes>
                        <DayTypeRef ref="EPY:Timetable:DayType:274:LOC" versionRef="1"/>
                     </dayTypes>
                     <JourneyPatternRef ref="EPY:ServiceJourneyPattern:35:LOC" versionRef="1"/>
                     <passingTimes>
                        <TimetabledPassingTime version="any">
                           <ArrivalTime>14:05:00</ArrivalTime>
                           <ArrivalDayOffset>0</ArrivalDayOffset>
                           <DepartureTime>14:05:00</DepartureTime>
                           <DepartureDayOffset>0</DepartureDayOffset>
                        </TimetabledPassingTime>
                        <TimetabledPassingTime version="any">
                           <ArrivalTime>14:06:00</ArrivalTime>
                           <ArrivalDayOffset>0</ArrivalDayOffset>
                           <DepartureTime>14:06:00</DepartureTime>
                           <DepartureDayOffset>0</DepartureDayOffset>
                        </TimetabledPassingTime>
                        <TimetabledPassingTime version="any">
                           <ArrivalTime>14:07:00</ArrivalTime>
                           <ArrivalDayOffset>0</ArrivalDayOffset>
                           <DepartureTime>14:07:00</DepartureTime>
                           <DepartureDayOffset>0</DepartureDayOffset>
                        </TimetabledPassingTime>
                        <TimetabledPassingTime version="any">
                           <ArrivalTime>14:10:00</ArrivalTime>
                           <ArrivalDayOffset>0</ArrivalDayOffset>
                           <DepartureTime>14:10:00</DepartureTime>
                           <DepartureDayOffset>0</DepartureDayOffset>
                        </TimetabledPassingTime>
                        <TimetabledPassingTime version="any">
                           <ArrivalTime>14:12:00</ArrivalTime>
                           <ArrivalDayOffset>0</ArrivalDayOffset>
                           <DepartureTime>14:12:00</DepartureTime>
                           <DepartureDayOffset>0</DepartureDayOffset>
                        </TimetabledPassingTime>
                        <TimetabledPassingTime version="any">
                           <ArrivalTime>14:25:00</ArrivalTime>
                           <ArrivalDayOffset>0</ArrivalDayOffset>
                           <DepartureTime>14:25:00</DepartureTime>
                           <DepartureDayOffset>0</DepartureDayOffset>
                        </TimetabledPassingTime>
                        <TimetabledPassingTime version="any">
                           <ArrivalTime>14:27:00</ArrivalTime>
                           <ArrivalDayOffset>0</ArrivalDayOffset>
                           <DepartureTime>14:27:00</DepartureTime>
                           <DepartureDayOffset>0</DepartureDayOffset>
                        </TimetabledPassingTime>
                     </passingTimes>
                  </ServiceJourney>
                  <ServiceJourney id="EPY:ServiceJourney:21673205:LOC" version="1">
                     <PrivateCode>Chouilly</PrivateCode>
                     <TransportMode>bus</TransportMode>
                     <dayTypes>
                        <DayTypeRef ref="EPY:Timetable:DayType:274:LOC" versionRef="1"/>
                     </dayTypes>
                     <JourneyPatternRef ref="EPY:ServiceJourneyPattern:35:LOC" versionRef="1"/>
                     <passingTimes>
                        <TimetabledPassingTime version="any">
                           <ArrivalTime>13:05:00</ArrivalTime>
                           <ArrivalDayOffset>0</ArrivalDayOffset>
                           <DepartureTime>13:05:00</DepartureTime>
                           <DepartureDayOffset>0</DepartureDayOffset>
                        </TimetabledPassingTime>
                        <TimetabledPassingTime version="any">
                           <ArrivalTime>13:06:00</ArrivalTime>
                           <ArrivalDayOffset>0</ArrivalDayOffset>
                           <DepartureTime>13:06:00</DepartureTime>
                           <DepartureDayOffset>0</DepartureDayOffset>
                        </TimetabledPassingTime>
                        <TimetabledPassingTime version="any">
                           <ArrivalTime>13:07:00</ArrivalTime>
                           <ArrivalDayOffset>0</ArrivalDayOffset>
                           <DepartureTime>13:07:00</DepartureTime>
                           <DepartureDayOffset>0</DepartureDayOffset>
                        </TimetabledPassingTime>
                        <TimetabledPassingTime version="any">
                           <ArrivalTime>13:10:00</ArrivalTime>
                           <ArrivalDayOffset>0</ArrivalDayOffset>
                           <DepartureTime>13:10:00</DepartureTime>
                           <DepartureDayOffset>0</DepartureDayOffset>
                        </TimetabledPassingTime>
                        <TimetabledPassingTime version="any">
                           <ArrivalTime>13:12:00</ArrivalTime>
                           <ArrivalDayOffset>0</ArrivalDayOffset>
                           <DepartureTime>13:12:00</DepartureTime>
                           <DepartureDayOffset>0</DepartureDayOffset>
                        </TimetabledPassingTime>
                        <TimetabledPassingTime version="any">
                           <ArrivalTime>13:25:00</ArrivalTime>
                           <ArrivalDayOffset>0</ArrivalDayOffset>
                           <DepartureTime>13:25:00</DepartureTime>
                           <DepartureDayOffset>0</DepartureDayOffset>
                        </TimetabledPassingTime>
                        <TimetabledPassingTime version="any">
                           <ArrivalTime>13:27:00</ArrivalTime>
                           <ArrivalDayOffset>0</ArrivalDayOffset>
                           <DepartureTime>13:27:00</DepartureTime>
                           <DepartureDayOffset>0</DepartureDayOffset>
                        </TimetabledPassingTime>
                     </passingTimes>
                  </ServiceJourney>
               </members>
            </GeneralFrame>
         </frames>
      </CompositeFrame>
   </dataObjects>
</PublicationDelivery>
