<?xml version="1.0" encoding="UTF-8"?>
<PublicationDelivery xmlns:xsi="http://www.w3.org/2001/XMLSchema-instance"
                     xsi:schemaLocation="http://www.netex.org.uk/netex"
                     xmlns="http://www.netex.org.uk/netex"
                     xmlns:xlink="http://www.w3.org/1999/xlink"
                     xmlns:ifopt="http://www.ifopt.org.uk/ifopt"
                     xmlns:gml="http://www.opengis.net/gml/3.2"
                     xmlns:core="http://www.govtalk.gov.uk/core"
                     xmlns:siri="http://www.siri.org.uk/siri"
                     version="1.10:FR-NETEX-2.2">
   <PublicationTimestamp>2025-09-04T01:32:22+02:00</PublicationTimestamp>
   <ParticipantRef>EPY</ParticipantRef>
   <Description>Offre sur la période du 04/09/2025 au 04/07/2026</Description>
   <dataObjects>
      <CompositeFrame id="FR:CompositeFrame:NETEX_LIGNE-20250904T013222:LOC" version="1.0">
         <Name>Epernay Gare Routière / Z.I. Mardeuil</Name>
         <FrameDefaults>
            <DefaultLocale>
               <TimeZone>Europe/Paris</TimeZone>
               <DefaultLanguage>fr</DefaultLanguage>
            </DefaultLocale>
            <DefaultLocationSystem>WGS84</DefaultLocationSystem>
            <DefaultSystemOfUnits>SiMetres</DefaultSystemOfUnits>
         </FrameDefaults>
         <frames>
            <ResourceFrame id="FR:ResourceFrame:1" version="any">
               <typesOfValue>
                  <ValueSet id="FR:ValueSet:TypeOfFrame" nameOfClass="TypeOfFrame" version="any">
                     <Name>TypeOfFrame</Name>
                     <values>
                        <TypeOfFrame id="FR:TypeOfFrame:NETEX_RESEAU" version="any">
                           <Name>NETEX_RESEAU</Name>
                        </TypeOfFrame>
                        <TypeOfFrame id="FR:TypeOfFrame:NETEX_HORAIRE" version="any">
                           <Name>NETEX_HORAIRE</Name>
                        </TypeOfFrame>
                     </values>
                  </ValueSet>
               </typesOfValue>
            </ResourceFrame>
            <GeneralFrame id="FR:GeneralFrame:NETEX_RESEAU-20250904T013222:LOC" version="1.0" dataSourceRef="EPY">
               <TypeOfFrameRef ref="FR:TypeOfFrame:NETEX_RESEAU"/>
               <members>
                  <Route id="EPY:Route:9-A:LOC" version="1">
                     <Name>Epernay Gare Routière / Z.I. Mardeuil - Aller</Name>
                     <LineRef ref="EPY:Line:9:LOC" versionRef="1"/>
                     <DirectionType>outbound</DirectionType>
                     <DirectionRef ref="EPY:Direction:9-A:LOC" versionRef="1"/>
                     <InverseRouteRef ref="EPY:Route:9-R:LOC" versionRef="1"/>
                  </Route>
                  <Direction id="EPY:Direction:9-A:LOC" version="1">
                     <Name>Epernay Gare Routière / Z.I. Mardeuil - Aller</Name>
                     <DirectionType>outbound</DirectionType>
                  </Direction>
                  <Route id="EPY:Route:9-R:LOC" version="1">
                     <Name>Epernay Gare Routière / Z.I. Mardeuil - Retour</Name>
                     <LineRef ref="EPY:Line:9:LOC" versionRef="1"/>
                     <DirectionType>inbound</DirectionType>
                     <DirectionRef ref="EPY:Direction:9-R:LOC" versionRef="1"/>
                     <InverseRouteRef ref="EPY:Route:9-A:LOC" versionRef="1"/>
                  </Route>
                  <Direction id="EPY:Direction:9-R:LOC" version="1">
                     <Name>Epernay Gare Routière / Z.I. Mardeuil - Retour</Name>
                     <DirectionType>inbound</DirectionType>
                  </Direction>
                  <ServiceJourneyPattern id="EPY:ServiceJourneyPattern:21:LOC" version="1">
                     <Name>Z.I. Mardeuil - Mardeuil</Name>
                     <PrivateCode>14974011</PrivateCode>
                     <RouteRef ref="EPY:Route:9-A:LOC" versionRef="1"/>
                     <DestinationDisplayRef ref="EPY:DestinationDisplay:21:LOC" versionRef="1"/>
                     <pointsInSequence>
                        <StopPointInJourneyPattern id="EPY:StopPointInJourneyPattern:21x1:LOC" version="any" order="1">
                           <ScheduledStopPointRef ref="EPY:ScheduledStopPoint:248:LOC" versionRef="1"/>
                           <ForAlighting>false</ForAlighting>
                           <ForBoarding>true</ForBoarding>
                           <RequestStop>false</RequestStop>
                        </StopPointInJourneyPattern>
                        <StopPointInJourneyPattern id="EPY:StopPointInJourneyPattern:21x2:LOC" version="any" order="2">
                           <ScheduledStopPointRef ref="EPY:ScheduledStopPoint:249:LOC" versionRef="1"/>
                           <ForAlighting>true</ForAlighting>
                           <ForBoarding>true</ForBoarding>
                           <RequestStop>false</RequestStop>
                        </StopPointInJourneyPattern>
                        <StopPointInJourneyPattern id="EPY:StopPointInJourneyPattern:21x3:LOC" version="any" order="3">
                           <ScheduledStopPointRef ref="EPY:ScheduledStopPoint:250:LOC" versionRef="1"/>
                           <ForAlighting>true</ForAlighting>
                           <ForBoarding>true</ForBoarding>
                           <RequestStop>false</RequestStop>
                        </StopPointInJourneyPattern>
                        <StopPointInJourneyPattern id="EPY:StopPointInJourneyPattern:21x4:LOC" version="any" order="4">
                           <ScheduledStopPointRef ref="EPY:ScheduledStopPoint:251:LOC" versionRef="1"/>
                           <ForAlighting>true</ForAlighting>
                           <ForBoarding>true</ForBoarding>
                           <RequestStop>false</RequestStop>
                        </StopPointInJourneyPattern>
                        <StopPointInJourneyPattern id="EPY:StopPointInJourneyPattern:21x5:LOC" version="any" order="5">
                           <ScheduledStopPointRef ref="EPY:ScheduledStopPoint:252:LOC" versionRef="1"/>
                           <ForAlighting>true</ForAlighting>
                           <ForBoarding>false</ForBoarding>
                           <RequestStop>false</RequestStop>
                        </StopPointInJourneyPattern>
                     </pointsInSequence>
                     <ServiceJourneyPatternType>passenger</ServiceJourneyPatternType>
                  </ServiceJourneyPattern>
                  <ServiceJourneyPattern id="EPY:ServiceJourneyPattern:41:LOC" version="1">
                     <Name>Epernay Gare Routière - Épernay</Name>
                     <PrivateCode>14974012</PrivateCode>
                     <RouteRef ref="EPY:Route:9-R:LOC" versionRef="1"/>
                     <DestinationDisplayRef ref="EPY:DestinationDisplay:41:LOC" versionRef="1"/>
                     <pointsInSequence>
                        <StopPointInJourneyPattern id="EPY:StopPointInJourneyPattern:41x1:LOC" version="any" order="1">
                           <ScheduledStopPointRef ref="EPY:ScheduledStopPoint:253:LOC" versionRef="1"/>
                           <ForAlighting>false</ForAlighting>
                           <ForBoarding>true</ForBoarding>
                           <RequestStop>false</RequestStop>
                        </StopPointInJourneyPattern>
                        <StopPointInJourneyPattern id="EPY:StopPointInJourneyPattern:41x2:LOC" version="any" order="2">
                           <ScheduledStopPointRef ref="EPY:ScheduledStopPoint:254:LOC" versionRef="1"/>
                           <ForAlighting>true</ForAlighting>
                           <ForBoarding>true</ForBoarding>
                           <RequestStop>false</RequestStop>
                        </StopPointInJourneyPattern>
                        <StopPointInJourneyPattern id="EPY:StopPointInJourneyPattern:41x3:LOC" version="any" order="4">
                           <ScheduledStopPointRef ref="EPY:ScheduledStopPoint:256:LOC" versionRef="1"/>
                           <ForAlighting>true</ForAlighting>
                           <ForBoarding>true</ForBoarding>
                           <RequestStop>false</RequestStop>
                        </StopPointInJourneyPattern>
                        <StopPointInJourneyPattern id="EPY:StopPointInJourneyPattern:41x4:LOC" version="any" order="5">
                           <ScheduledStopPointRef ref="EPY:ScheduledStopPoint:257:LOC" versionRef="1"/>
                           <ForAlighting>true</ForAlighting>
                           <ForBoarding>false</ForBoarding>
                           <RequestStop>false</RequestStop>
                        </StopPointInJourneyPattern>
                     </pointsInSequence>
                     <ServiceJourneyPatternType>passenger</ServiceJourneyPatternType>
                  </ServiceJourneyPattern>
                  <ServiceJourneyPattern id="EPY:ServiceJourneyPattern:42:LOC" version="1">
                     <Name>Epernay Gare Routière - Épernay</Name>
                     <PrivateCode>14974010</PrivateCode>
                     <RouteRef ref="EPY:Route:9-R:LOC" versionRef="1"/>
                     <DestinationDisplayRef ref="EPY:DestinationDisplay:42:LOC" versionRef="1"/>
                     <pointsInSequence>
                        <StopPointInJourneyPattern id="EPY:StopPointInJourneyPattern:42x1:LOC" version="any" order="1">
                           <ScheduledStopPointRef ref="EPY:ScheduledStopPoint:253:LOC" versionRef="1"/>
                           <ForAlighting>false</ForAlighting>
                           <ForBoarding>true</ForBoarding>
                           <RequestStop>false</RequestStop>
                        </StopPointInJourneyPattern>
                        <StopPointInJourneyPattern id="EPY:StopPointInJourneyPattern:42x2:LOC" version="any" order="2">
                           <ScheduledStopPointRef ref="EPY:ScheduledStopPoint:254:LOC" versionRef="1"/>
                           <ForAlighting>true</ForAlighting>
                           <ForBoarding>true</ForBoarding>
                           <RequestStop>false</RequestStop>
                        </StopPointInJourneyPattern>
                        <StopPointInJourneyPattern id="EPY:StopPointInJourneyPattern:42x3:LOC" version="any" order="3">
                           <ScheduledStopPointRef ref="EPY:ScheduledStopPoint:255:LOC" versionRef="1"/>
                           <ForAlighting>true</ForAlighting>
                           <ForBoarding>true</ForBoarding>
                           <RequestStop>false</RequestStop>
                        </StopPointInJourneyPattern>
                        <StopPointInJourneyPattern id="EPY:StopPointInJourneyPattern:42x4:LOC" version="any" order="5">
                           <ScheduledStopPointRef ref="EPY:ScheduledStopPoint:257:LOC" versionRef="1"/>
                           <ForAlighting>true</ForAlighting>
                           <ForBoarding>false</ForBoarding>
                           <RequestStop>false</RequestStop>
                        </StopPointInJourneyPattern>
                     </pointsInSequence>
                     <ServiceJourneyPatternType>passenger</ServiceJourneyPatternType>
                  </ServiceJourneyPattern>
                  <DestinationDisplay id="EPY:DestinationDisplay:21:LOC" version="1">
                     <FrontText>Z.I. Mardeuil</FrontText>
                  </DestinationDisplay>
                  <DestinationDisplay id="EPY:DestinationDisplay:41:LOC" version="1">
                     <FrontText>Epernay Gare Routière</FrontText>
                  </DestinationDisplay>
                  <DestinationDisplay id="EPY:DestinationDisplay:42:LOC" version="1">
                     <FrontText>Epernay Gare Routière</FrontText>
                  </DestinationDisplay>
                  <ScheduledStopPoint id="EPY:ScheduledStopPoint:248:LOC" version="1">
                     <Name>Epernay Gare Routière</Name>
                     <Location id="EPY:Location:f6e44d4f22a549e985fd44c8d3777e6c:LOC">
                        <Longitude>3.9564381</Longitude>
                        <Latitude>49.0458482</Latitude>
                        <gml:pos srsName="EPSG:27572">718494.69449417 2450974.27551324</gml:pos>
                     </Location>
                  </ScheduledStopPoint>
                  <ScheduledStopPoint id="EPY:ScheduledStopPoint:249:LOC" version="1">
                     <Name>Ernest Vallé</Name>
                     <Location id="EPY:Location:042b991d715c42539e89392dc6e76e38:LOC">
                        <Longitude>3.9534131</Longitude>
                        <Latitude>49.0479652</Latitude>
                        <gml:pos srsName="EPSG:27572">718268.609762576 2451205.26034736</gml:pos>
                     </Location>
                  </ScheduledStopPoint>
                  <ScheduledStopPoint id="EPY:ScheduledStopPoint:250:LOC" version="1">
                     <Name>Joffre</Name>
                     <Location id="EPY:Location:ed59512b88154f6a94ac9c46a91e8a07:LOC">
                        <Longitude>3.9557421</Longitude>
                        <Latitude>49.0538002</Latitude>
                        <gml:pos srsName="EPSG:27572">718425.56965469 2451857.97389339</gml:pos>
                     </Location>
                  </ScheduledStopPoint>
                  <ScheduledStopPoint id="EPY:ScheduledStopPoint:251:LOC" version="1">
                     <Name>Stade Paul Chandon</Name>
                     <Location id="EPY:Location:551a76a66a7d4911a3a6ffc29679e30c:LOC">
                        <Longitude>3.9493101</Longitude>
                        <Latitude>49.0579132</Latitude>
                        <gml:pos srsName="EPSG:27572">717945.834460805 2452305.92583463</gml:pos>
                     </Location>
                  </ScheduledStopPoint>
                  <ScheduledStopPoint id="EPY:ScheduledStopPoint:252:LOC" version="1">
                     <Name>Z.I. Mardeuil</Name>
                     <Location id="EPY:Location:d6a66a88853940668d0821cc27ee978f:LOC">
                        <Longitude>3.9393541</Longitude>
                        <Latitude>49.0607592</Latitude>
                        <gml:pos srsName="EPSG:27572">717211.390516252 2452607.6913961</gml:pos>
                     </Location>
                  </ScheduledStopPoint>
                  <ScheduledStopPoint id="EPY:ScheduledStopPoint:253:LOC" version="1">
                     <Name>Z.I. Mardeuil</Name>
                     <Location id="EPY:Location:d45896d7f75848efad5ec29c3153533b:LOC">
                        <Longitude>3.9393541</Longitude>
                        <Latitude>49.0607592</Latitude>
                        <gml:pos srsName="EPSG:27572">717211.390516252 2452607.6913961</gml:pos>
                     </Location>
                  </ScheduledStopPoint>
                  <ScheduledStopPoint id="EPY:ScheduledStopPoint:254:LOC" version="1">
                     <Name>Stade Paul Chandon</Name>
                     <Location id="EPY:Location:9dcb9c9f3c284b849a261e5f407d3930:LOC">
                        <Longitude>3.9491391</Longitude>
                        <Latitude>49.0576052</Latitude>
                        <gml:pos srsName="EPSG:27572">717934.033731528 2452271.40069793</gml:pos>
                     </Location>
                  </ScheduledStopPoint>
                  <ScheduledStopPoint id="EPY:ScheduledStopPoint:255:LOC" version="1">
                     <Name>Marcel Paul</Name>
                     <Location id="EPY:Location:aed81b9f45134aabab977aa824f5a713:LOC">
                        <Longitude>3.9586061</Longitude>
                        <Latitude>49.0504272</Latitude>
                        <gml:pos srsName="EPSG:27572">718642.745566382 2451487.00734435</gml:pos>
                     </Location>
                  </ScheduledStopPoint>
                  <ScheduledStopPoint id="EPY:ScheduledStopPoint:256:LOC" version="1">
                     <Name>Ernest Vallé</Name>
                     <Location id="EPY:Location:e194a34e21fd414aa6bf54d143950c16:LOC">
                        <Longitude>3.9546341</Longitude>
                        <Latitude>49.0482012</Latitude>
                        <gml:pos srsName="EPSG:27572">718357.366573924 2451233.35499984</gml:pos>
                     </Location>
                  </ScheduledStopPoint>
                  <ScheduledStopPoint id="EPY:ScheduledStopPoint:257:LOC" version="1">
                     <Name>Epernay Gare Routière</Name>
                     <Location id="EPY:Location:bca83e9836d04e14a94b0f791cffba96:LOC">
                        <Longitude>3.9564381</Longitude>
                        <Latitude>49.0458482</Latitude>
                        <gml:pos srsName="EPSG:27572">718494.69449417 2450974.27551324</gml:pos>
                     </Location>
                  </ScheduledStopPoint>
                  <PassengerStopAssignment id="EPY:PassengerStopAssignment:248:LOC" version="1" order="0">
                     <ScheduledStopPointRef ref="EPY:ScheduledStopPoint:248:LOC" versionRef="1"/>
                     <StopPlaceRef ref="FR:51230:StopPlace:genAUTO$2125820811:EPY" versionRef="1"/>
                     <QuayRef ref="FR:51230:Quay:naygar3:EPY" versionRef="1"/>
                  </PassengerStopAssignment>
                  <PassengerStopAssignment id="EPY:PassengerStopAssignment:249:LOC" version="1" order="0">
                     <ScheduledStopPointRef ref="EPY:ScheduledStopPoint:249:LOC" versionRef="1"/>
                     <StopPlaceRef ref="FR:51230:StopPlace:genAUTO$2115754858:EPY" versionRef="1"/>
                     <QuayRef ref="FR:51230:Quay:nayerne2:EPY" versionRef="1"/>
                  </PassengerStopAssignment>
                  <PassengerStopAssignment id="EPY:PassengerStopAssignment:250:LOC" version="1" order="0">
                     <ScheduledStopPointRef ref="EPY:ScheduledStopPoint:250:LOC" versionRef="1"/>
                     <StopPlaceRef ref="FR:51230:StopPlace:genAUTO$256046600:EPY" versionRef="1"/>
                     <QuayRef ref="FR:51230:Quay:nayjoff1:EPY" versionRef="1"/>
                  </PassengerStopAssignment>
                  <PassengerStopAssignment id="EPY:PassengerStopAssignment:251:LOC" version="1" order="0">
                     <ScheduledStopPointRef ref="EPY:ScheduledStopPoint:251:LOC" versionRef="1"/>
                     <StopPlaceRef ref="FR:51230:StopPlace:genAUTO$456223235:EPY" versionRef="1"/>
                     <QuayRef ref="FR:51230:Quay:nayspch1:EPY" versionRef="1"/>
                  </PassengerStopAssignment>
                  <PassengerStopAssignment id="EPY:PassengerStopAssignment:252:LOC" version="1" order="0">
                     <ScheduledStopPointRef ref="EPY:ScheduledStopPoint:252:LOC" versionRef="1"/>
                     <StopPlaceRef ref="FR:51344:StopPlace:genAUTO$133837239:EPY" versionRef="1"/>
                     <QuayRef ref="FR:51344:Quay:marzima2:EPY" versionRef="1"/>
                  </PassengerStopAssignment>
                  <PassengerStopAssignment id="EPY:PassengerStopAssignment:253:LOC" version="1" order="0">
                     <ScheduledStopPointRef ref="EPY:ScheduledStopPoint:253:LOC" versionRef="1"/>
                     <StopPlaceRef ref="FR:51344:StopPlace:genAUTO$133837239:EPY" versionRef="1"/>
                     <QuayRef ref="FR:51344:Quay:marzima2:EPY" versionRef="1"/>
                  </PassengerStopAssignment>
                  <PassengerStopAssignment id="EPY:PassengerStopAssignment:254:LOC" version="1" order="0">
                     <ScheduledStopPointRef ref="EPY:ScheduledStopPoint:254:LOC" versionRef="1"/>
                     <StopPlaceRef ref="FR:51230:StopPlace:genAUTO$2022307176:EPY" versionRef="1"/>
                     <QuayRef ref="FR:51230:Quay:nayspch2:EPY" versionRef="1"/>
                  </PassengerStopAssignment>
                  <PassengerStopAssignment id="EPY:PassengerStopAssignment:255:LOC" version="1" order="0">
                     <ScheduledStopPointRef ref="EPY:ScheduledStopPoint:255:LOC" versionRef="1"/>
                     <StopPlaceRef ref="FR:51230:StopPlace:genAUTO$695817807:EPY" versionRef="1"/>
                     <QuayRef ref="FR:51230:Quay:naypaul1:EPY" versionRef="1"/>
                  </PassengerStopAssignment>
                  <PassengerStopAssignment id="EPY:PassengerStopAssignment:256:LOC" version="1" order="0">
                     <ScheduledStopPointRef ref="EPY:ScheduledStopPoint:256:LOC" versionRef="1"/>
                     <StopPlaceRef ref="FR:51230:StopPlace:genAUTO$549670917:EPY" versionRef="1"/>
                     <QuayRef ref="FR:51230:Quay:nayerne1:EPY" versionRef="1"/>
                  </PassengerStopAssignment>
                  <PassengerStopAssignment id="EPY:PassengerStopAssignment:257:LOC" version="1" order="0">
                     <ScheduledStopPointRef ref="EPY:ScheduledStopPoint:257:LOC" versionRef="1"/>
                     <StopPlaceRef ref="FR:51230:StopPlace:genAUTO$2125820811:EPY" versionRef="1"/>
                     <QuayRef ref="FR:51230:Quay:naygar3:EPY" versionRef="1"/>
                  </PassengerStopAssignment>
               </members>
            </GeneralFrame>
            <GeneralFrame id="FR:GeneralFrame:NETEX_HORAIRE-20250904T013222:LOC" version="1.0" dataSourceRef="EPY">
               <TypeOfFrameRef ref="FR:TypeOfFrame:NETEX_HORAIRE"/>
               <members>
                  <ServiceJourney id="EPY:ServiceJourney:21461884:LOC" version="1">
                     <PrivateCode>Z.I. Mardeuil</PrivateCode>
                     <TransportMode>bus</TransportMode>
                     <dayTypes>
                        <DayTypeRef ref="EPY:Timetable:DayType:4231:LOC" versionRef="1"/>
                     </dayTypes>
                     <JourneyPatternRef ref="EPY:ServiceJourneyPattern:21:LOC" versionRef="1"/>
                     <passingTimes>
                        <TimetabledPassingTime version="any">
                           <ArrivalTime>06:45:00</ArrivalTime>
                           <ArrivalDayOffset>0</ArrivalDayOffset>
                           <DepartureTime>06:45:00</DepartureTime>
                           <DepartureDayOffset>0</DepartureDayOffset>
                        </TimetabledPassingTime>
                        <TimetabledPassingTime version="any">
                           <ArrivalTime>06:47:00</ArrivalTime>
                           <ArrivalDayOffset>0</ArrivalDayOffset>
                           <DepartureTime>06:47:00</DepartureTime>
                           <DepartureDayOffset>0</DepartureDayOffset>
                        </TimetabledPassingTime>
                        <TimetabledPassingTime version="any">
                           <ArrivalTime>06:49:00</ArrivalTime>
                           <ArrivalDayOffset>0</ArrivalDayOffset>
                           <DepartureTime>06:49:00</DepartureTime>
                           <DepartureDayOffset>0</DepartureDayOffset>
                        </TimetabledPassingTime>
                        <TimetabledPassingTime version="any">
                           <ArrivalTime>06:52:00</ArrivalTime>
                           <ArrivalDayOffset>0</ArrivalDayOffset>
                           <DepartureTime>06:52:00</DepartureTime>
                           <DepartureDayOffset>0</DepartureDayOffset>
                        </TimetabledPassingTime>
                        <TimetabledPassingTime version="any">
                           <ArrivalTime>06:55:00</ArrivalTime>
                           <ArrivalDayOffset>0</ArrivalDayOffset>
                           <DepartureTime>06:55:00</DepartureTime>
                           <DepartureDayOffset>0</DepartureDayOffset>
                        </TimetabledPassingTime>
                     </passingTimes>
                  </ServiceJourney>
                  <ServiceJourney id="EPY:ServiceJourney:21461885:LOC" version="1">
                     <PrivateCode>Z.I. Mardeuil</PrivateCode>
                     <TransportMode>bus</TransportMode>
                     <dayTypes>
                        <DayTypeRef ref="EPY:Timetable:DayType:4231:LOC" versionRef="1"/>
                     </dayTypes>
                     <JourneyPatternRef ref="EPY:ServiceJourneyPattern:21:LOC" versionRef="1"/>
                     <passingTimes>
                        <TimetabledPassingTime version="any">
                           <ArrivalTime>07:40:00</ArrivalTime>
                           <ArrivalDayOffset>0</ArrivalDayOffset>
                           <DepartureTime>07:40:00</DepartureTime>
                           <DepartureDayOffset>0</DepartureDayOffset>
                        </TimetabledPassingTime>
                        <TimetabledPassingTime version="any">
                           <ArrivalTime>07:42:00</ArrivalTime>
                           <ArrivalDayOffset>0</ArrivalDayOffset>
                           <DepartureTime>07:42:00</DepartureTime>
                           <DepartureDayOffset>0</DepartureDayOffset>
                        </TimetabledPassingTime>
                        <TimetabledPassingTime version="any">
                           <ArrivalTime>07:44:00</ArrivalTime>
                           <ArrivalDayOffset>0</ArrivalDayOffset>
                           <DepartureTime>07:44:00</DepartureTime>
                           <DepartureDayOffset>0</DepartureDayOffset>
                        </TimetabledPassingTime>
                        <TimetabledPassingTime version="any">
                           <ArrivalTime>07:47:00</ArrivalTime>
                           <ArrivalDayOffset>0</ArrivalDayOffset>
                           <DepartureTime>07:47:00</DepartureTime>
                           <DepartureDayOffset>0</DepartureDayOffset>
                        </TimetabledPassingTime>
                        <TimetabledPassingTime version="any">
                           <ArrivalTime>07:50:00</ArrivalTime>
                           <ArrivalDayOffset>0</ArrivalDayOffset>
                           <DepartureTime>07:50:00</DepartureTime>
                           <DepartureDayOffset>0</DepartureDayOffset>
                        </TimetabledPassingTime>
                     </passingTimes>
                  </ServiceJourney>
                  <ServiceJourney id="EPY:ServiceJourney:21461886:LOC" version="1">
                     <PrivateCode>Gare Routière</PrivateCode>
                     <TransportMode>bus</TransportMode>
                     <dayTypes>
                        <DayTypeRef ref="EPY:Timetable:DayType:4231:LOC" versionRef="1"/>
                     </dayTypes>
                     <JourneyPatternRef ref="EPY:ServiceJourneyPattern:41:LOC" versionRef="1"/>
                     <passingTimes>
                        <TimetabledPassingTime version="any">
                           <ArrivalTime>16:40:00</ArrivalTime>
                           <ArrivalDayOffset>0</ArrivalDayOffset>
                           <DepartureTime>16:40:00</DepartureTime>
                           <DepartureDayOffset>0</DepartureDayOffset>
                        </TimetabledPassingTime>
                        <TimetabledPassingTime version="any">
                           <ArrivalTime>16:43:00</ArrivalTime>
                           <ArrivalDayOffset>0</ArrivalDayOffset>
                           <DepartureTime>16:43:00</DepartureTime>
                           <DepartureDayOffset>0</DepartureDayOffset>
                        </TimetabledPassingTime>
                        <TimetabledPassingTime version="any">
                           <ArrivalTime>16:49:00</ArrivalTime>
                           <ArrivalDayOffset>0</ArrivalDayOffset>
                           <DepartureTime>16:49:00</DepartureTime>
                           <DepartureDayOffset>0</DepartureDayOffset>
                        </TimetabledPassingTime>
                        <TimetabledPassingTime version="any">
                           <ArrivalTime>16:50:00</ArrivalTime>
                           <ArrivalDayOffset>0</ArrivalDayOffset>
                           <DepartureTime>16:50:00</DepartureTime>
                           <DepartureDayOffset>0</DepartureDayOffset>
                        </TimetabledPassingTime>
                     </passingTimes>
                  </ServiceJourney>
                  <ServiceJourney id="EPY:ServiceJourney:21461887:LOC" version="1">
                     <PrivateCode>Gare Routière</PrivateCode>
                     <TransportMode>bus</TransportMode>
                     <dayTypes>
                        <DayTypeRef ref="EPY:Timetable:DayType:4231:LOC" versionRef="1"/>
                     </dayTypes>
                     <JourneyPatternRef ref="EPY:ServiceJourneyPattern:42:LOC" versionRef="1"/>
                     <passingTimes>
                        <TimetabledPassingTime version="any">
                           <ArrivalTime>06:55:00</ArrivalTime>
                           <ArrivalDayOffset>0</ArrivalDayOffset>
                           <DepartureTime>06:55:00</DepartureTime>
                           <DepartureDayOffset>0</DepartureDayOffset>
                        </TimetabledPassingTime>
                        <TimetabledPassingTime version="any">
                           <ArrivalTime>06:58:00</ArrivalTime>
                           <ArrivalDayOffset>0</ArrivalDayOffset>
                           <DepartureTime>06:58:00</DepartureTime>
                           <DepartureDayOffset>0</DepartureDayOffset>
                        </TimetabledPassingTime>
                        <TimetabledPassingTime version="any">
                           <ArrivalTime>07:02:00</ArrivalTime>
                           <ArrivalDayOffset>0</ArrivalDayOffset>
                           <DepartureTime>07:02:00</DepartureTime>
                           <DepartureDayOffset>0</DepartureDayOffset>
                        </TimetabledPassingTime>
                        <TimetabledPassingTime version="any">
                           <ArrivalTime>07:05:00</ArrivalTime>
                           <ArrivalDayOffset>0</ArrivalDayOffset>
                           <DepartureTime>07:05:00</DepartureTime>
                           <DepartureDayOffset>0</DepartureDayOffset>
                        </TimetabledPassingTime>
                     </passingTimes>
                  </ServiceJourney>
                  <ServiceJourney id="EPY:ServiceJourney:21461889:LOC" version="1">
                     <PrivateCode>Gare Routière</PrivateCode>
                     <TransportMode>bus</TransportMode>
                     <dayTypes>
                        <DayTypeRef ref="EPY:Timetable:DayType:4231:LOC" versionRef="1"/>
                     </dayTypes>
                     <JourneyPatternRef ref="EPY:ServiceJourneyPattern:42:LOC" versionRef="1"/>
                     <passingTimes>
                        <TimetabledPassingTime version="any">
                           <ArrivalTime>07:50:00</ArrivalTime>
                           <ArrivalDayOffset>0</ArrivalDayOffset>
                           <DepartureTime>07:50:00</DepartureTime>
                           <DepartureDayOffset>0</DepartureDayOffset>
                        </TimetabledPassingTime>
                        <TimetabledPassingTime version="any">
                           <ArrivalTime>07:53:00</ArrivalTime>
                           <ArrivalDayOffset>0</ArrivalDayOffset>
                           <DepartureTime>07:53:00</DepartureTime>
                           <DepartureDayOffset>0</DepartureDayOffset>
                        </TimetabledPassingTime>
                        <TimetabledPassingTime version="any">
                           <ArrivalTime>07:57:00</ArrivalTime>
                           <ArrivalDayOffset>0</ArrivalDayOffset>
                           <DepartureTime>07:57:00</DepartureTime>
                           <DepartureDayOffset>0</DepartureDayOffset>
                        </TimetabledPassingTime>
                        <TimetabledPassingTime version="any">
                           <ArrivalTime>08:00:00</ArrivalTime>
                           <ArrivalDayOffset>0</ArrivalDayOffset>
                           <DepartureTime>08:00:00</DepartureTime>
                           <DepartureDayOffset>0</DepartureDayOffset>
                        </TimetabledPassingTime>
                     </passingTimes>
                  </ServiceJourney>
                  <ServiceJourney id="EPY:ServiceJourney:21461888:LOC" version="1">
                     <PrivateCode>Gare Routière</PrivateCode>
                     <TransportMode>bus</TransportMode>
                     <dayTypes>
                        <DayTypeRef ref="EPY:Timetable:DayType:4116:LOC" versionRef="1"/>
                     </dayTypes>
                     <JourneyPatternRef ref="EPY:ServiceJourneyPattern:42:LOC" versionRef="1"/>
                     <passingTimes>
                        <TimetabledPassingTime version="any">
                           <ArrivalTime>13:25:00</ArrivalTime>
                           <ArrivalDayOffset>0</ArrivalDayOffset>
                           <DepartureTime>13:25:00</DepartureTime>
                           <DepartureDayOffset>0</DepartureDayOffset>
                        </TimetabledPassingTime>
                        <TimetabledPassingTime version="any">
                           <ArrivalTime>13:28:00</ArrivalTime>
                           <ArrivalDayOffset>0</ArrivalDayOffset>
                           <DepartureTime>13:28:00</DepartureTime>
                           <DepartureDayOffset>0</DepartureDayOffset>
                        </TimetabledPassingTime>
                        <TimetabledPassingTime version="any">
                           <ArrivalTime>13:32:00</ArrivalTime>
                           <ArrivalDayOffset>0</ArrivalDayOffset>
                           <DepartureTime>13:32:00</DepartureTime>
                           <DepartureDayOffset>0</DepartureDayOffset>
                        </TimetabledPassingTime>
                        <TimetabledPassingTime version="any">
                           <ArrivalTime>13:35:00</ArrivalTime>
                           <ArrivalDayOffset>0</ArrivalDayOffset>
                           <DepartureTime>13:35:00</DepartureTime>
                           <DepartureDayOffset>0</DepartureDayOffset>
                        </TimetabledPassingTime>
                     </passingTimes>
                  </ServiceJourney>
               </members>
            </GeneralFrame>
         </frames>
      </CompositeFrame>
   </dataObjects>
</PublicationDelivery>
