<?xml version='1.0' encoding='UTF-8'?>
<PublicationDelivery xmlns="http://www.netex.org.uk/netex" xmlns:gis="http://www.opengis.net/gml/3.2" xmlns:siri="http://www.siri.org.uk/siri" version="1.1:FR-NETEX_RESEAU-2.2">
  <PublicationTimestamp>2025-09-02T15:06:47Z</PublicationTimestamp>
  <ParticipantRef>CA_LA_ROCHELLE</ParticipantRef>
  <dataObjects>
    <CompositeFrame version="any" id="CA_LA_ROCHELLE:CompositeFrame:NETEX_RESEAUX-LOC">
      <Name>Collège A. Camus &lt;&gt; Les Minimes</Name>
      <TypeOfFrameRef ref="FR:TypeOfFrame:NETEX_RESEAUX:">version="1.1:FR-NETEX_RESEAUX-2.2"</TypeOfFrameRef>
      <frames>
        <GeneralFrame version="any" id="CA_LA_ROCHELLE:NETEX_LIGNE-20250902150647Z:LOC">
          <TypeOfFrameRef ref="FR:TypeOfFrame:NETEX_LIGNE:">version="1.1:FR-NETEX_LIGNE-2.2"</TypeOfFrameRef>
          <members>
            <RouteLink version="any" id="CA_LA_ROCHELLE:RouteLink:232_B72780B86C2953637F3CF2BCCA93F9C9_Y38431_2501501_2502901_0:LOC">
              <Distance>465.0866039024963</Distance>
              <gis:LineString srsName="4326" srsDimension="2" gis:id="LS365901">
                <gis:posList count="22" srsDimension="2">46.14070129394531 -1.165498971939087 46.14113235473633 -1.166187047958374 46.14121627807617 -1.1664390563964844 46.1412239074707 -1.166700005531311 46.14105224609375 -1.1674950122833252 46.14082717895508 -1.1685700416564941 46.14076614379883 -1.1686300039291382 46.14059829711914 -1.168658971786499 46.14043426513672 -1.1687170267105103 46.13996124267578 -1.1688719987869263 46.13996124267578 -1.1688719987869263</gis:posList>
              </gis:LineString>
              <FromPointRef xmlns:xsi="http://www.w3.org/2001/XMLSchema-instance" xsi:type="ScheduledStopPointRefStructure" ref="CA_LA_ROCHELLE:ScheduledStopPoint:232_B72780B86C2953637F3CF2BCCA93F9C9a2501501ScheduledScheduled:LOC" version="any"/>
              <ToPointRef xmlns:xsi="http://www.w3.org/2001/XMLSchema-instance" xsi:type="ScheduledStopPointRefStructure" ref="CA_LA_ROCHELLE:ScheduledStopPoint:232_B72780B86C2953637F3CF2BCCA93F9C9a2502901ScheduledScheduled:LOC" version="any"/>
            </RouteLink>
            <RouteLink version="any" id="CA_LA_ROCHELLE:RouteLink:232_B72780B86C2953637F3CF2BCCA93F9C9_Y38431_2502901_2502201_0:LOC">
              <Distance>400.2956062546408</Distance>
              <gis:LineString srsName="4326" srsDimension="2" gis:id="LS365902">
                <gis:posList count="26" srsDimension="2">46.13996124267578 -1.1688719987869263 46.139835357666016 -1.1689109802246094 46.1397590637207 -1.1689280271530151 46.13970184326172 -1.168936014175415 46.139625549316406 -1.168900966644287 46.13913345336914 -1.168166995048523 46.13899230957031 -1.1679190397262573 46.13896942138672 -1.1678270101547241 46.138973236083984 -1.1677180528640747 46.139041900634766 -1.1674200296401978 46.13924789428711 -1.1664069890975952 46.13935470581055 -1.1658860445022583 46.13935470581055 -1.1658860445022583</gis:posList>
              </gis:LineString>
              <FromPointRef xmlns:xsi="http://www.w3.org/2001/XMLSchema-instance" xsi:type="ScheduledStopPointRefStructure" ref="CA_LA_ROCHELLE:ScheduledStopPoint:232_B72780B86C2953637F3CF2BCCA93F9C9a2502901ScheduledScheduled:LOC" version="any"/>
              <ToPointRef xmlns:xsi="http://www.w3.org/2001/XMLSchema-instance" xsi:type="ScheduledStopPointRefStructure" ref="CA_LA_ROCHELLE:ScheduledStopPoint:232_B72780B86C2953637F3CF2BCCA93F9C9a2502201ScheduledScheduled:LOC" version="any"/>
            </RouteLink>
            <RouteLink version="any" id="CA_LA_ROCHELLE:RouteLink:232_B72780B86C2953637F3CF2BCCA93F9C9_Y38431_2502201_2501701_0:LOC">
              <Distance>519.0323905043365</Distance>
              <gis:LineString srsName="4326" srsDimension="2" gis:id="LS365903">
                <gis:posList count="32" srsDimension="2">46.13935470581055 -1.1658860445022583 46.13945770263672 -1.165421962738037 46.139488220214844 -1.165295958518982 46.13951110839844 -1.1652109622955322 46.13954162597656 -1.1651599407196045 46.13968276977539 -1.1651049852371216 46.13982009887695 -1.1650580167770386 46.13995361328125 -1.1650110483169556 46.14004898071289 -1.1649830341339111 46.14010238647461 -1.164944052696228 46.140201568603516 -1.1648650169372559 46.1402473449707 -1.1648240089416504 46.140281677246094 -1.1647570133209229 46.14046859741211 -1.16389000415802 46.14091110229492 -1.1617799997329712 46.14091110229492 -1.1617799997329712</gis:posList>
              </gis:LineString>
              <FromPointRef xmlns:xsi="http://www.w3.org/2001/XMLSchema-instance" xsi:type="ScheduledStopPointRefStructure" ref="CA_LA_ROCHELLE:ScheduledStopPoint:232_B72780B86C2953637F3CF2BCCA93F9C9a2502201ScheduledScheduled:LOC" version="any"/>
              <ToPointRef xmlns:xsi="http://www.w3.org/2001/XMLSchema-instance" xsi:type="ScheduledStopPointRefStructure" ref="CA_LA_ROCHELLE:ScheduledStopPoint:232_B72780B86C2953637F3CF2BCCA93F9C9a2501701ScheduledScheduled:LOC" version="any"/>
            </RouteLink>
            <RouteLink version="any" id="CA_LA_ROCHELLE:RouteLink:232_B72780B86C2953637F3CF2BCCA93F9C9_Y38431_2501701_2501801_100:LOC">
              <Distance>294.20806221236904</Distance>
              <gis:LineString srsName="4326" srsDimension="2" gis:id="LS365904">
                <gis:posList count="4" srsDimension="2">46.14091110229492 -1.1617799997329712 46.141456604003906 -1.159193992614746</gis:posList>
              </gis:LineString>
              <FromPointRef xmlns:xsi="http://www.w3.org/2001/XMLSchema-instance" xsi:type="ScheduledStopPointRefStructure" ref="CA_LA_ROCHELLE:ScheduledStopPoint:232_B72780B86C2953637F3CF2BCCA93F9C9a2501701ScheduledScheduled:LOC" version="any"/>
              <ToPointRef xmlns:xsi="http://www.w3.org/2001/XMLSchema-instance" xsi:type="ScheduledStopPointRefStructure" ref="CA_LA_ROCHELLE:ScheduledStopPoint:232_B72780B86C2953637F3CF2BCCA93F9C9a2501801ScheduledScheduled:LOC" version="any"/>
            </RouteLink>
            <RouteLink version="any" id="CA_LA_ROCHELLE:RouteLink:232_B72780B86C2953637F3CF2BCCA93F9C9_Y38431_2501801_2504201_100:LOC">
              <Distance>282.9962639108773</Distance>
              <gis:LineString srsName="4326" srsDimension="2" gis:id="LS365905">
                <gis:posList count="42" srsDimension="2">46.141456604003906 -1.159193992614746 46.14154815673828 -1.1588300466537476 46.14155960083008 -1.1584800481796265 46.14154815673828 -1.158139944076538 46.141510009765625 -1.1580499410629272 46.1414909362793 -1.157920002937317 46.14149856567383 -1.157789945602417 46.14152145385742 -1.157670021057129 46.141578674316406 -1.1575599908828735 46.141624450683594 -1.1574859619140625 46.14167785644531 -1.157457947731018 46.141719818115234 -1.157418966293335 46.14175033569336 -1.1573489904403687 46.14176559448242 -1.1572999954223633 46.14176940917969 -1.157230019569397 46.141754150390625 -1.1571769714355469 46.141727447509766 -1.1571290493011475 46.14168930053711 -1.157107949256897 46.14165496826172 -1.1570899486541748 46.14152145385742 -1.157142996788025 46.14141082763672 -1.15721595287323</gis:posList>
              </gis:LineString>
              <FromPointRef xmlns:xsi="http://www.w3.org/2001/XMLSchema-instance" xsi:type="ScheduledStopPointRefStructure" ref="CA_LA_ROCHELLE:ScheduledStopPoint:232_B72780B86C2953637F3CF2BCCA93F9C9a2501801ScheduledScheduled:LOC" version="any"/>
              <ToPointRef xmlns:xsi="http://www.w3.org/2001/XMLSchema-instance" xsi:type="ScheduledStopPointRefStructure" ref="CA_LA_ROCHELLE:ScheduledStopPoint:232_B72780B86C2953637F3CF2BCCA93F9C9a2504201ScheduledScheduled:LOC" version="any"/>
            </RouteLink>
            <RouteLink version="any" id="CA_LA_ROCHELLE:RouteLink:232_B72780B86C2953637F3CF2BCCA93F9C9_Y38431_2504201_2503601_0:LOC">
              <Distance>365.8927170158929</Distance>
              <gis:LineString srsName="4326" srsDimension="2" gis:id="LS365906">
                <gis:posList count="20" srsDimension="2">46.14141082763672 -1.15721595287323 46.141319274902344 -1.157235026359558 46.14107131958008 -1.1573059558868408 46.14091491699219 -1.157325029373169 46.14078140258789 -1.1572829484939575 46.14068603515625 -1.1572149991989136 46.139984130859375 -1.156177043914795 46.13964080810547 -1.155655026435852 46.139312744140625 -1.155102014541626 46.139312744140625 -1.155102014541626</gis:posList>
              </gis:LineString>
              <FromPointRef xmlns:xsi="http://www.w3.org/2001/XMLSchema-instance" xsi:type="ScheduledStopPointRefStructure" ref="CA_LA_ROCHELLE:ScheduledStopPoint:232_B72780B86C2953637F3CF2BCCA93F9C9a2504201ScheduledScheduled:LOC" version="any"/>
              <ToPointRef xmlns:xsi="http://www.w3.org/2001/XMLSchema-instance" xsi:type="ScheduledStopPointRefStructure" ref="CA_LA_ROCHELLE:ScheduledStopPoint:232_B72780B86C2953637F3CF2BCCA93F9C9a2503601ScheduledScheduled:LOC" version="any"/>
            </RouteLink>
            <RouteLink version="any" id="CA_LA_ROCHELLE:RouteLink:232_B72780B86C2953637F3CF2BCCA93F9C9_Y38431_2503601_2504101_0:LOC">
              <Distance>396.1426819929939</Distance>
              <gis:LineString srsName="4326" srsDimension="2" gis:id="LS365907">
                <gis:posList count="26" srsDimension="2">46.139312744140625 -1.155102014541626 46.13896942138672 -1.1544909477233887 46.13883972167969 -1.1544140577316284 46.13861083984375 -1.1543370485305786 46.13850402832031 -1.154283046722412 46.138423919677734 -1.154217004776001 46.13835525512695 -1.1541179418563843 46.138187408447266 -1.153475046157837 46.13817596435547 -1.1532050371170044 46.138206481933594 -1.1527949571609497 46.13822555541992 -1.1524670124053955 46.138267517089844 -1.1520220041275024 46.138267517089844 -1.1520220041275024</gis:posList>
              </gis:LineString>
              <FromPointRef xmlns:xsi="http://www.w3.org/2001/XMLSchema-instance" xsi:type="ScheduledStopPointRefStructure" ref="CA_LA_ROCHELLE:ScheduledStopPoint:232_B72780B86C2953637F3CF2BCCA93F9C9a2503601ScheduledScheduled:LOC" version="any"/>
              <ToPointRef xmlns:xsi="http://www.w3.org/2001/XMLSchema-instance" xsi:type="ScheduledStopPointRefStructure" ref="CA_LA_ROCHELLE:ScheduledStopPoint:232_B72780B86C2953637F3CF2BCCA93F9C9a2504101ScheduledScheduled:LOC" version="any"/>
            </RouteLink>
            <RouteLink version="any" id="CA_LA_ROCHELLE:RouteLink:232_B72780B86C2953637F3CF2BCCA93F9C9_Y38431_2504101_2504601_100:LOC">
              <Distance>385.47948892810535</Distance>
              <gis:LineString srsName="4326" srsDimension="2" gis:id="LS365908">
                <gis:posList count="26" srsDimension="2">46.138267517089844 -1.1520220041275024 46.138301849365234 -1.1513530015945435 46.1383056640625 -1.1512130498886108 46.138275146484375 -1.1510519981384277 46.13824462890625 -1.150907039642334 46.13825988769531 -1.1506999731063843 46.138240814208984 -1.150589942932129 46.138240814208984 -1.1505000591278076 46.13827896118164 -1.1503599882125854 46.13833999633789 -1.1503100395202637 46.13842010498047 -1.1502779722213745 46.13846969604492 -1.150149941444397 46.138633728027344 -1.1486749649047852</gis:posList>
              </gis:LineString>
              <FromPointRef xmlns:xsi="http://www.w3.org/2001/XMLSchema-instance" xsi:type="ScheduledStopPointRefStructure" ref="CA_LA_ROCHELLE:ScheduledStopPoint:232_B72780B86C2953637F3CF2BCCA93F9C9a2504101ScheduledScheduled:LOC" version="any"/>
              <ToPointRef xmlns:xsi="http://www.w3.org/2001/XMLSchema-instance" xsi:type="ScheduledStopPointRefStructure" ref="CA_LA_ROCHELLE:ScheduledStopPoint:232_B72780B86C2953637F3CF2BCCA93F9C9a2504601ScheduledScheduled:LOC" version="any"/>
            </RouteLink>
            <RouteLink version="any" id="CA_LA_ROCHELLE:RouteLink:232_B72780B86C2953637F3CF2BCCA93F9C9_Y38431_2504601_2505001_100:LOC">
              <Distance>408.7764141987913</Distance>
              <gis:LineString srsName="4326" srsDimension="2" gis:id="LS365909">
                <gis:posList count="20" srsDimension="2">46.138633728027344 -1.1486749649047852 46.13883972167969 -1.147596001625061 46.138893127441406 -1.1472949981689453 46.13895797729492 -1.1470530033111572 46.139137268066406 -1.1464840173721313 46.139278411865234 -1.1459399461746216 46.139408111572266 -1.1455999612808228 46.139469146728516 -1.1454670429229736 46.139549255371094 -1.1453299522399902 46.13958740234375 -1.145143985748291</gis:posList>
              </gis:LineString>
              <FromPointRef xmlns:xsi="http://www.w3.org/2001/XMLSchema-instance" xsi:type="ScheduledStopPointRefStructure" ref="CA_LA_ROCHELLE:ScheduledStopPoint:232_B72780B86C2953637F3CF2BCCA93F9C9a2504601ScheduledScheduled:LOC" version="any"/>
              <ToPointRef xmlns:xsi="http://www.w3.org/2001/XMLSchema-instance" xsi:type="ScheduledStopPointRefStructure" ref="CA_LA_ROCHELLE:ScheduledStopPoint:232_B72780B86C2953637F3CF2BCCA93F9C9a2505001ScheduledScheduled:LOC" version="any"/>
            </RouteLink>
            <RouteLink version="any" id="CA_LA_ROCHELLE:RouteLink:232_B72780B86C2953637F3CF2BCCA93F9C9_Y38431_2505001_2505101_100:LOC">
              <Distance>400.1684113283654</Distance>
              <gis:LineString srsName="4326" srsDimension="2" gis:id="LS365910">
                <gis:posList count="34" srsDimension="2">46.13958740234375 -1.145143985748291 46.13962173461914 -1.1449799537658691 46.13965606689453 -1.1448709964752197 46.13971710205078 -1.1447930335998535 46.13978958129883 -1.1447700262069702 46.139869689941406 -1.144819974899292 46.139915466308594 -1.1448440551757812 46.139991760253906 -1.1448500156402588 46.140071868896484 -1.1448299884796143 46.140193939208984 -1.1446410417556763 46.14031982421875 -1.144413948059082 46.140438079833984 -1.144139051437378 46.140525817871094 -1.1438050270080566 46.14058303833008 -1.1434069871902466 46.140621185302734 -1.1430100202560425 46.14067077636719 -1.1425399780273438 46.14072036743164 -1.1421129703521729</gis:posList>
              </gis:LineString>
              <FromPointRef xmlns:xsi="http://www.w3.org/2001/XMLSchema-instance" xsi:type="ScheduledStopPointRefStructure" ref="CA_LA_ROCHELLE:ScheduledStopPoint:232_B72780B86C2953637F3CF2BCCA93F9C9a2505001ScheduledScheduled:LOC" version="any"/>
              <ToPointRef xmlns:xsi="http://www.w3.org/2001/XMLSchema-instance" xsi:type="ScheduledStopPointRefStructure" ref="CA_LA_ROCHELLE:ScheduledStopPoint:232_B72780B86C2953637F3CF2BCCA93F9C9a2505101ScheduledScheduled:LOC" version="any"/>
            </RouteLink>
            <RouteLink version="any" id="CA_LA_ROCHELLE:RouteLink:232_B72780B86C2953637F3CF2BCCA93F9C9_Y38431_2505101_2502002_100:LOC">
              <Distance>847.2018440522005</Distance>
              <gis:LineString srsName="4326" srsDimension="2" gis:id="LS365911">
                <gis:posList count="56" srsDimension="2">46.14072036743164 -1.1421129703521729 46.14086151123047 -1.1417399644851685 46.141048431396484 -1.1412400007247925 46.141380310058594 -1.1406500339508057 46.141441345214844 -1.140529990196228 46.1416015625 -1.1403199434280396 46.14181900024414 -1.1400500535964966 46.14183044433594 -1.1399799585342407 46.14183044433594 -1.1399400234222412 46.141849517822266 -1.1398600339889526 46.14189910888672 -1.139799952507019 46.14196014404297 -1.139780044555664 46.14200973510742 -1.1397900581359863 46.142059326171875 -1.139840006828308 46.14208984375 -1.139930009841919 46.1420783996582 -1.1400200128555298 46.14207077026367 -1.1400500535964966 46.14207077026367 -1.1401499509811401 46.142189025878906 -1.1404199600219727 46.14228057861328 -1.140589952468872 46.14241027832031 -1.140820026397705 46.1427116394043 -1.1411000490188599 46.1428108215332 -1.1411900520324707 46.14295959472656 -1.1412700414657593 46.14339828491211 -1.141510009765625 46.14350891113281 -1.141510009765625 46.144290924072266 -1.1418399810791016 46.14567565917969 -1.1425520181655884</gis:posList>
              </gis:LineString>
              <FromPointRef xmlns:xsi="http://www.w3.org/2001/XMLSchema-instance" xsi:type="ScheduledStopPointRefStructure" ref="CA_LA_ROCHELLE:ScheduledStopPoint:232_B72780B86C2953637F3CF2BCCA93F9C9a2505101ScheduledScheduled:LOC" version="any"/>
              <ToPointRef xmlns:xsi="http://www.w3.org/2001/XMLSchema-instance" xsi:type="ScheduledStopPointRefStructure" ref="CA_LA_ROCHELLE:ScheduledStopPoint:232_B72780B86C2953637F3CF2BCCA93F9C9a2502002ScheduledScheduled:LOC" version="any"/>
            </RouteLink>
            <RouteLink version="any" id="CA_LA_ROCHELLE:RouteLink:232_521ECD0C965DC92EF21DA20974C5EA56_Y38432_2502001_2505102_100:LOC">
              <Distance>830.8824253584082</Distance>
              <gis:LineString srsName="4326" srsDimension="2" gis:id="LS365912">
                <gis:posList count="48" srsDimension="2">46.1451530456543 -1.142462968826294 46.144248962402344 -1.1419899463653564 46.14374923706055 -1.1417499780654907 46.143489837646484 -1.1416000127792358 46.14339828491211 -1.141510009765625 46.143070220947266 -1.141319990158081 46.1428108215332 -1.1411900520324707 46.142669677734375 -1.141160011291504 46.142398834228516 -1.1410399675369263 46.14228820800781 -1.1409399509429932 46.142189025878906 -1.1407899856567383 46.14207077026367 -1.140470027923584 46.141971588134766 -1.1401499509811401 46.14194869995117 -1.1401400566101074 46.14191818237305 -1.1401400566101074 46.14189147949219 -1.140120029449463 46.14188003540039 -1.1401100158691406 46.14179992675781 -1.140179991722107 46.141380310058594 -1.1406500339508057 46.141048431396484 -1.1412400007247925 46.14086151123047 -1.1417399644851685 46.14072036743164 -1.1423300504684448 46.140689849853516 -1.1425399780273438 46.14067459106445 -1.14301598072052</gis:posList>
              </gis:LineString>
              <FromPointRef xmlns:xsi="http://www.w3.org/2001/XMLSchema-instance" xsi:type="ScheduledStopPointRefStructure" ref="CA_LA_ROCHELLE:ScheduledStopPoint:232_521ECD0C965DC92EF21DA20974C5EA56a2502001ScheduledScheduled:LOC" version="any"/>
              <ToPointRef xmlns:xsi="http://www.w3.org/2001/XMLSchema-instance" xsi:type="ScheduledStopPointRefStructure" ref="CA_LA_ROCHELLE:ScheduledStopPoint:232_521ECD0C965DC92EF21DA20974C5EA56a2505102ScheduledScheduled:LOC" version="any"/>
            </RouteLink>
            <RouteLink version="any" id="CA_LA_ROCHELLE:RouteLink:232_521ECD0C965DC92EF21DA20974C5EA56_Y38432_2505102_2505002_100:LOC">
              <Distance>225.78232847957173</Distance>
              <gis:LineString srsName="4326" srsDimension="2" gis:id="LS365913">
                <gis:posList count="18" srsDimension="2">46.14067459106445 -1.14301598072052 46.14059829711914 -1.1435309648513794 46.14054870605469 -1.1438180208206177 46.14051055908203 -1.1439909934997559 46.14045715332031 -1.1441529989242554 46.140350341796875 -1.1444159746170044 46.14021682739258 -1.1446659564971924 46.14010238647461 -1.14484703540802 46.14007568359375 -1.1449300050735474</gis:posList>
              </gis:LineString>
              <FromPointRef xmlns:xsi="http://www.w3.org/2001/XMLSchema-instance" xsi:type="ScheduledStopPointRefStructure" ref="CA_LA_ROCHELLE:ScheduledStopPoint:232_521ECD0C965DC92EF21DA20974C5EA56a2505102ScheduledScheduled:LOC" version="any"/>
              <ToPointRef xmlns:xsi="http://www.w3.org/2001/XMLSchema-instance" xsi:type="ScheduledStopPointRefStructure" ref="CA_LA_ROCHELLE:ScheduledStopPoint:232_521ECD0C965DC92EF21DA20974C5EA56a2505002ScheduledScheduled:LOC" version="any"/>
            </RouteLink>
            <RouteLink version="any" id="CA_LA_ROCHELLE:RouteLink:232_521ECD0C965DC92EF21DA20974C5EA56_Y38432_2505002_2504602_100:LOC">
              <Distance>525.9297608108767</Distance>
              <gis:LineString srsName="4326" srsDimension="2" gis:id="LS365914">
                <gis:posList count="36" srsDimension="2">46.14007568359375 -1.1449300050735474 46.13996124267578 -1.1450140476226807 46.13993835449219 -1.1450450420379639 46.139923095703125 -1.1450860500335693 46.139896392822266 -1.145156979560852 46.13983154296875 -1.145216941833496 46.13977813720703 -1.1452339887619019 46.13971710205078 -1.1452510356903076 46.1396484375 -1.145300030708313 46.1395263671875 -1.145429015159607 46.13947677612305 -1.1455049514770508 46.139347076416016 -1.1458230018615723 46.13913345336914 -1.1465890407562256 46.13899612426758 -1.1470530033111572 46.138938903808594 -1.1472699642181396 46.13880157470703 -1.1481399536132812 46.138641357421875 -1.1492300033569336 46.13865661621094 -1.1492609977722168</gis:posList>
              </gis:LineString>
              <FromPointRef xmlns:xsi="http://www.w3.org/2001/XMLSchema-instance" xsi:type="ScheduledStopPointRefStructure" ref="CA_LA_ROCHELLE:ScheduledStopPoint:232_521ECD0C965DC92EF21DA20974C5EA56a2505002ScheduledScheduled:LOC" version="any"/>
              <ToPointRef xmlns:xsi="http://www.w3.org/2001/XMLSchema-instance" xsi:type="ScheduledStopPointRefStructure" ref="CA_LA_ROCHELLE:ScheduledStopPoint:232_521ECD0C965DC92EF21DA20974C5EA56a2504602ScheduledScheduled:LOC" version="any"/>
            </RouteLink>
            <RouteLink version="any" id="CA_LA_ROCHELLE:RouteLink:232_521ECD0C965DC92EF21DA20974C5EA56_Y38432_2504602_2504102_100:LOC">
              <Distance>344.978195343934</Distance>
              <gis:LineString srsName="4326" srsDimension="2" gis:id="LS365915">
                <gis:posList count="44" srsDimension="2">46.13865661621094 -1.1492609977722168 46.138553619384766 -1.149744987487793 46.138519287109375 -1.149994969367981 46.138511657714844 -1.1502399444580078 46.138511657714844 -1.1503169536590576 46.138519287109375 -1.1503700017929077 46.1385612487793 -1.1504499912261963 46.138572692871094 -1.1505320072174072 46.13856887817383 -1.1506199836730957 46.1385612487793 -1.1506600379943848 46.138519287109375 -1.150738000869751 46.13847732543945 -1.1508079767227173 46.13840866088867 -1.1508100032806396 46.138343811035156 -1.1507799625396729 46.1383056640625 -1.1507680416107178 46.138282775878906 -1.150799036026001 46.138275146484375 -1.1508480310440063 46.13827133178711 -1.1509439945220947 46.138309478759766 -1.1510740518569946 46.138336181640625 -1.1512089967727661 46.13832473754883 -1.1514110565185547 46.1383056640625 -1.1520750522613525</gis:posList>
              </gis:LineString>
              <FromPointRef xmlns:xsi="http://www.w3.org/2001/XMLSchema-instance" xsi:type="ScheduledStopPointRefStructure" ref="CA_LA_ROCHELLE:ScheduledStopPoint:232_521ECD0C965DC92EF21DA20974C5EA56a2504602ScheduledScheduled:LOC" version="any"/>
              <ToPointRef xmlns:xsi="http://www.w3.org/2001/XMLSchema-instance" xsi:type="ScheduledStopPointRefStructure" ref="CA_LA_ROCHELLE:ScheduledStopPoint:232_521ECD0C965DC92EF21DA20974C5EA56a2504102ScheduledScheduled:LOC" version="any"/>
            </RouteLink>
            <RouteLink version="any" id="CA_LA_ROCHELLE:RouteLink:232_521ECD0C965DC92EF21DA20974C5EA56_Y38432_2504102_2503602_0:LOC">
              <Distance>389.4888613978677</Distance>
              <gis:LineString srsName="4326" srsDimension="2" gis:id="LS365916">
                <gis:posList count="30" srsDimension="2">46.1383056640625 -1.1520750522613525 46.13821029663086 -1.1530799865722656 46.138214111328125 -1.1532870531082153 46.13823699951172 -1.1534940004348755 46.138336181640625 -1.1539009809494019 46.138362884521484 -1.1540089845657349 46.13841247558594 -1.1541039943695068 46.13853454589844 -1.154229998588562 46.13890075683594 -1.1543740034103394 46.13893508911133 -1.154397964477539 46.138980865478516 -1.1544339656829834 46.13903045654297 -1.1544849872589111 46.13916778564453 -1.154731035232544 46.139373779296875 -1.1550910472869873 46.139373779296875 -1.1550910472869873</gis:posList>
              </gis:LineString>
              <FromPointRef xmlns:xsi="http://www.w3.org/2001/XMLSchema-instance" xsi:type="ScheduledStopPointRefStructure" ref="CA_LA_ROCHELLE:ScheduledStopPoint:232_521ECD0C965DC92EF21DA20974C5EA56a2504102ScheduledScheduled:LOC" version="any"/>
              <ToPointRef xmlns:xsi="http://www.w3.org/2001/XMLSchema-instance" xsi:type="ScheduledStopPointRefStructure" ref="CA_LA_ROCHELLE:ScheduledStopPoint:232_521ECD0C965DC92EF21DA20974C5EA56a2503602ScheduledScheduled:LOC" version="any"/>
            </RouteLink>
            <RouteLink version="any" id="CA_LA_ROCHELLE:RouteLink:232_521ECD0C965DC92EF21DA20974C5EA56_Y38432_2503602_2504202_0:LOC">
              <Distance>377.92758109957674</Distance>
              <gis:LineString srsName="4326" srsDimension="2" gis:id="LS365917">
                <gis:posList count="40" srsDimension="2">46.139373779296875 -1.1550910472869873 46.139530181884766 -1.155377984046936 46.13961410522461 -1.1555119752883911 46.13969802856445 -1.1556470394134521 46.139869689941406 -1.1559029817581177 46.14004135131836 -1.1561709642410278 46.14027404785156 -1.1565250158309937 46.1403923034668 -1.156715989112854 46.1405143737793 -1.156898021697998 46.14060974121094 -1.157047986984253 46.140716552734375 -1.1571810245513916 46.14081573486328 -1.1572610139846802 46.14092254638672 -1.1572940349578857 46.140987396240234 -1.1572920083999634 46.14105224609375 -1.1572779417037964 46.14116668701172 -1.1572550535202026 46.141361236572266 -1.157188057899475 46.14148712158203 -1.1571389436721802 46.14154815673828 -1.1570860147476196 46.14154815673828 -1.1570860147476196</gis:posList>
              </gis:LineString>
              <FromPointRef xmlns:xsi="http://www.w3.org/2001/XMLSchema-instance" xsi:type="ScheduledStopPointRefStructure" ref="CA_LA_ROCHELLE:ScheduledStopPoint:232_521ECD0C965DC92EF21DA20974C5EA56a2503602ScheduledScheduled:LOC" version="any"/>
              <ToPointRef xmlns:xsi="http://www.w3.org/2001/XMLSchema-instance" xsi:type="ScheduledStopPointRefStructure" ref="CA_LA_ROCHELLE:ScheduledStopPoint:232_521ECD0C965DC92EF21DA20974C5EA56a2504202ScheduledScheduled:LOC" version="any"/>
            </RouteLink>
            <RouteLink version="any" id="CA_LA_ROCHELLE:RouteLink:232_521ECD0C965DC92EF21DA20974C5EA56_Y38432_2504202_2501802_100:LOC">
              <Distance>345.9075919040343</Distance>
              <gis:LineString srsName="4326" srsDimension="2" gis:id="LS365918">
                <gis:posList count="28" srsDimension="2">46.14154815673828 -1.1570860147476196 46.141666412353516 -1.157075047492981 46.141788482666016 -1.1570450067520142 46.14202880859375 -1.1570700407028198 46.14204788208008 -1.1571259498596191 46.142051696777344 -1.1575030088424683 46.14208984375 -1.1577199697494507 46.142120361328125 -1.1579400300979614 46.142059326171875 -1.1581499576568604 46.14196014404297 -1.158270001411438 46.14183044433594 -1.1584500074386597 46.14168930053711 -1.1587200164794922 46.14160919189453 -1.1589800119400024 46.141510009765625 -1.1595410108566284</gis:posList>
              </gis:LineString>
              <FromPointRef xmlns:xsi="http://www.w3.org/2001/XMLSchema-instance" xsi:type="ScheduledStopPointRefStructure" ref="CA_LA_ROCHELLE:ScheduledStopPoint:232_521ECD0C965DC92EF21DA20974C5EA56a2504202ScheduledScheduled:LOC" version="any"/>
              <ToPointRef xmlns:xsi="http://www.w3.org/2001/XMLSchema-instance" xsi:type="ScheduledStopPointRefStructure" ref="CA_LA_ROCHELLE:ScheduledStopPoint:232_521ECD0C965DC92EF21DA20974C5EA56a2501802ScheduledScheduled:LOC" version="any"/>
            </RouteLink>
            <RouteLink version="any" id="CA_LA_ROCHELLE:RouteLink:232_521ECD0C965DC92EF21DA20974C5EA56_Y38432_2501802_2501702_0:LOC">
              <Distance>436.56238674201643</Distance>
              <gis:LineString srsName="4326" srsDimension="2" gis:id="LS365919">
                <gis:posList count="6" srsDimension="2">46.141510009765625 -1.1595410108566284 46.140708923339844 -1.1633800268173218 46.140708923339844 -1.1633800268173218</gis:posList>
              </gis:LineString>
              <FromPointRef xmlns:xsi="http://www.w3.org/2001/XMLSchema-instance" xsi:type="ScheduledStopPointRefStructure" ref="CA_LA_ROCHELLE:ScheduledStopPoint:232_521ECD0C965DC92EF21DA20974C5EA56a2501802ScheduledScheduled:LOC" version="any"/>
              <ToPointRef xmlns:xsi="http://www.w3.org/2001/XMLSchema-instance" xsi:type="ScheduledStopPointRefStructure" ref="CA_LA_ROCHELLE:ScheduledStopPoint:232_521ECD0C965DC92EF21DA20974C5EA56a2501702ScheduledScheduled:LOC" version="any"/>
            </RouteLink>
            <RouteLink version="any" id="CA_LA_ROCHELLE:RouteLink:232_521ECD0C965DC92EF21DA20974C5EA56_Y38432_2501702_2501501_100:LOC">
              <Distance>249.86431895751156</Distance>
              <gis:LineString srsName="4326" srsDimension="2" gis:id="LS365920">
                <gis:posList count="16" srsDimension="2">46.140708923339844 -1.1633800268173218 46.14042663574219 -1.1645029783248901 46.140380859375 -1.164720058441162 46.14038848876953 -1.1649099588394165 46.140411376953125 -1.1650099754333496 46.14051055908203 -1.1652400493621826 46.14059066772461 -1.1653529405593872 46.14070129394531 -1.165498971939087</gis:posList>
              </gis:LineString>
              <FromPointRef xmlns:xsi="http://www.w3.org/2001/XMLSchema-instance" xsi:type="ScheduledStopPointRefStructure" ref="CA_LA_ROCHELLE:ScheduledStopPoint:232_521ECD0C965DC92EF21DA20974C5EA56a2501702ScheduledScheduled:LOC" version="any"/>
              <ToPointRef xmlns:xsi="http://www.w3.org/2001/XMLSchema-instance" xsi:type="ScheduledStopPointRefStructure" ref="CA_LA_ROCHELLE:ScheduledStopPoint:232_521ECD0C965DC92EF21DA20974C5EA56a2501501ScheduledScheduled:LOC" version="any"/>
            </RouteLink>
            <RouteLink version="any" id="CA_LA_ROCHELLE:RouteLink:232_521ECD0C965DC92EF21DA20974C5EA56_Y38432_2501501_2502901_0:LOC">
              <Distance>465.0866039024963</Distance>
              <gis:LineString srsName="4326" srsDimension="2" gis:id="LS365921">
                <gis:posList count="22" srsDimension="2">46.14070129394531 -1.165498971939087 46.14113235473633 -1.166187047958374 46.14121627807617 -1.1664390563964844 46.1412239074707 -1.166700005531311 46.14105224609375 -1.1674950122833252 46.14082717895508 -1.1685700416564941 46.14076614379883 -1.1686300039291382 46.14059829711914 -1.168658971786499 46.14043426513672 -1.1687170267105103 46.13996124267578 -1.1688719987869263 46.13996124267578 -1.1688719987869263</gis:posList>
              </gis:LineString>
              <FromPointRef xmlns:xsi="http://www.w3.org/2001/XMLSchema-instance" xsi:type="ScheduledStopPointRefStructure" ref="CA_LA_ROCHELLE:ScheduledStopPoint:232_521ECD0C965DC92EF21DA20974C5EA56a2501501ScheduledScheduled:LOC" version="any"/>
              <ToPointRef xmlns:xsi="http://www.w3.org/2001/XMLSchema-instance" xsi:type="ScheduledStopPointRefStructure" ref="CA_LA_ROCHELLE:ScheduledStopPoint:232_521ECD0C965DC92EF21DA20974C5EA56a2502901ScheduledScheduled:LOC" version="any"/>
            </RouteLink>
            <RouteLink version="any" id="CA_LA_ROCHELLE:RouteLink:232_521ECD0C965DC92EF21DA20974C5EA56_Y38432_2502901_2502201_100:LOC">
              <Distance>400.2956062546408</Distance>
              <gis:LineString srsName="4326" srsDimension="2" gis:id="LS365922">
                <gis:posList count="24" srsDimension="2">46.13996124267578 -1.1688719987869263 46.139835357666016 -1.1689109802246094 46.1397590637207 -1.1689280271530151 46.13970184326172 -1.168936014175415 46.139625549316406 -1.168900966644287 46.13913345336914 -1.168166995048523 46.13899230957031 -1.1679190397262573 46.13896942138672 -1.1678270101547241 46.138973236083984 -1.1677180528640747 46.139041900634766 -1.1674200296401978 46.13924789428711 -1.1664069890975952 46.13935470581055 -1.1658860445022583</gis:posList>
              </gis:LineString>
              <FromPointRef xmlns:xsi="http://www.w3.org/2001/XMLSchema-instance" xsi:type="ScheduledStopPointRefStructure" ref="CA_LA_ROCHELLE:ScheduledStopPoint:232_521ECD0C965DC92EF21DA20974C5EA56a2502901ScheduledScheduled:LOC" version="any"/>
              <ToPointRef xmlns:xsi="http://www.w3.org/2001/XMLSchema-instance" xsi:type="ScheduledStopPointRefStructure" ref="CA_LA_ROCHELLE:ScheduledStopPoint:232_521ECD0C965DC92EF21DA20974C5EA56a2502201ScheduledScheduled:LOC" version="any"/>
            </RouteLink>
            <Route version="any" id="CA_LA_ROCHELLE:Route:232_B72780B86C2953637F3CF2BCCA93F9C9:LOC">
              <Name>Port des Minimes -> Octroi</Name>
              <LineRef ref="CA_LA_ROCHELLE:Line:232:LOC"/>
              <DirectionType>outbound</DirectionType>
              <DirectionRef ref="CA_LA_ROCHELLE:Direction:232_B72780B86C2953637F3CF2BCCA93F9C9:LOC" version="any"/>
            </Route>
            <Route version="any" id="CA_LA_ROCHELLE:Route:232_521ECD0C965DC92EF21DA20974C5EA56:LOC">
              <Name>Octroi -> Cité des Minimes</Name>
              <LineRef ref="CA_LA_ROCHELLE:Line:232:LOC"/>
              <DirectionType>inbound</DirectionType>
              <DirectionRef ref="CA_LA_ROCHELLE:Direction:232_521ECD0C965DC92EF21DA20974C5EA56:LOC" version="any"/>
            </Route>
            <Direction version="any" id="CA_LA_ROCHELLE:Direction:232_B72780B86C2953637F3CF2BCCA93F9C9:LOC">
              <Name>Octroi</Name>
            </Direction>
            <Direction version="any" id="CA_LA_ROCHELLE:Direction:232_521ECD0C965DC92EF21DA20974C5EA56:LOC">
              <Name>Cité des Minimes</Name>
            </Direction>
            <ServiceJourneyPattern version="any" id="CA_LA_ROCHELLE:ServiceJourneyPattern:232_B72780B86C2953637F3CF2BCCA93F9C9:LOC">
              <Name>Collège Albert Camus</Name>
              <RouteRef ref="CA_LA_ROCHELLE:Route:232_B72780B86C2953637F3CF2BCCA93F9C9:LOC" version="any"/>
              <DestinationDisplayRef ref="CA_LA_ROCHELLE:DestinationDisplay:232_B72780B86C2953637F3CF2BCCA93F9C9-232_B72780B86C2953637F3CF2BCCA93F9C9a2501501ScheduledScheduled:LOC" version="any"/>
              <pointsInSequence>
                <StopPointInJourneyPattern order="1" version="any" id="CA_LA_ROCHELLE:StopPointInJourneyPattern:232_B72780B86C2953637F3CF2BCCA93F9C9a2501501ScheduledScheduled:LOC">
                  <ScheduledStopPointRef ref="CA_LA_ROCHELLE:ScheduledStopPoint:232_B72780B86C2953637F3CF2BCCA93F9C9a2501501ScheduledScheduled:LOC" version="any"/>
                  <ForAlighting>true</ForAlighting>
                  <ForBoarding>true</ForBoarding>
                  <RequestStop>false</RequestStop>
                </StopPointInJourneyPattern>
                <StopPointInJourneyPattern order="2" version="any" id="CA_LA_ROCHELLE:StopPointInJourneyPattern:232_B72780B86C2953637F3CF2BCCA93F9C9a2502901ScheduledScheduled:LOC">
                  <ScheduledStopPointRef ref="CA_LA_ROCHELLE:ScheduledStopPoint:232_B72780B86C2953637F3CF2BCCA93F9C9a2502901ScheduledScheduled:LOC" version="any"/>
                  <ForAlighting>true</ForAlighting>
                  <ForBoarding>true</ForBoarding>
                  <RequestStop>false</RequestStop>
                </StopPointInJourneyPattern>
                <StopPointInJourneyPattern order="3" version="any" id="CA_LA_ROCHELLE:StopPointInJourneyPattern:232_B72780B86C2953637F3CF2BCCA93F9C9a2502201ScheduledScheduled:LOC">
                  <ScheduledStopPointRef ref="CA_LA_ROCHELLE:ScheduledStopPoint:232_B72780B86C2953637F3CF2BCCA93F9C9a2502201ScheduledScheduled:LOC" version="any"/>
                  <ForAlighting>true</ForAlighting>
                  <ForBoarding>true</ForBoarding>
                  <RequestStop>false</RequestStop>
                </StopPointInJourneyPattern>
                <StopPointInJourneyPattern order="4" version="any" id="CA_LA_ROCHELLE:StopPointInJourneyPattern:232_B72780B86C2953637F3CF2BCCA93F9C9a2501701ScheduledScheduled:LOC">
                  <ScheduledStopPointRef ref="CA_LA_ROCHELLE:ScheduledStopPoint:232_B72780B86C2953637F3CF2BCCA93F9C9a2501701ScheduledScheduled:LOC" version="any"/>
                  <ForAlighting>true</ForAlighting>
                  <ForBoarding>true</ForBoarding>
                  <RequestStop>false</RequestStop>
                </StopPointInJourneyPattern>
                <StopPointInJourneyPattern order="5" version="any" id="CA_LA_ROCHELLE:StopPointInJourneyPattern:232_B72780B86C2953637F3CF2BCCA93F9C9a2501801ScheduledScheduled:LOC">
                  <ScheduledStopPointRef ref="CA_LA_ROCHELLE:ScheduledStopPoint:232_B72780B86C2953637F3CF2BCCA93F9C9a2501801ScheduledScheduled:LOC" version="any"/>
                  <ForAlighting>true</ForAlighting>
                  <ForBoarding>true</ForBoarding>
                  <RequestStop>false</RequestStop>
                </StopPointInJourneyPattern>
                <StopPointInJourneyPattern order="6" version="any" id="CA_LA_ROCHELLE:StopPointInJourneyPattern:232_B72780B86C2953637F3CF2BCCA93F9C9a2504201ScheduledScheduled:LOC">
                  <ScheduledStopPointRef ref="CA_LA_ROCHELLE:ScheduledStopPoint:232_B72780B86C2953637F3CF2BCCA93F9C9a2504201ScheduledScheduled:LOC" version="any"/>
                  <ForAlighting>true</ForAlighting>
                  <ForBoarding>true</ForBoarding>
                  <RequestStop>false</RequestStop>
                </StopPointInJourneyPattern>
                <StopPointInJourneyPattern order="7" version="any" id="CA_LA_ROCHELLE:StopPointInJourneyPattern:232_B72780B86C2953637F3CF2BCCA93F9C9a2503601ScheduledScheduled:LOC">
                  <ScheduledStopPointRef ref="CA_LA_ROCHELLE:ScheduledStopPoint:232_B72780B86C2953637F3CF2BCCA93F9C9a2503601ScheduledScheduled:LOC" version="any"/>
                  <ForAlighting>true</ForAlighting>
                  <ForBoarding>true</ForBoarding>
                  <RequestStop>false</RequestStop>
                </StopPointInJourneyPattern>
                <StopPointInJourneyPattern order="8" version="any" id="CA_LA_ROCHELLE:StopPointInJourneyPattern:232_B72780B86C2953637F3CF2BCCA93F9C9a2504101ScheduledScheduled:LOC">
                  <ScheduledStopPointRef ref="CA_LA_ROCHELLE:ScheduledStopPoint:232_B72780B86C2953637F3CF2BCCA93F9C9a2504101ScheduledScheduled:LOC" version="any"/>
                  <ForAlighting>true</ForAlighting>
                  <ForBoarding>true</ForBoarding>
                  <RequestStop>false</RequestStop>
                </StopPointInJourneyPattern>
                <StopPointInJourneyPattern order="9" version="any" id="CA_LA_ROCHELLE:StopPointInJourneyPattern:232_B72780B86C2953637F3CF2BCCA93F9C9a2504601ScheduledScheduled:LOC">
                  <ScheduledStopPointRef ref="CA_LA_ROCHELLE:ScheduledStopPoint:232_B72780B86C2953637F3CF2BCCA93F9C9a2504601ScheduledScheduled:LOC" version="any"/>
                  <ForAlighting>true</ForAlighting>
                  <ForBoarding>true</ForBoarding>
                  <RequestStop>false</RequestStop>
                </StopPointInJourneyPattern>
                <StopPointInJourneyPattern order="10" version="any" id="CA_LA_ROCHELLE:StopPointInJourneyPattern:232_B72780B86C2953637F3CF2BCCA93F9C9a2505001ScheduledScheduled:LOC">
                  <ScheduledStopPointRef ref="CA_LA_ROCHELLE:ScheduledStopPoint:232_B72780B86C2953637F3CF2BCCA93F9C9a2505001ScheduledScheduled:LOC" version="any"/>
                  <ForAlighting>true</ForAlighting>
                  <ForBoarding>true</ForBoarding>
                  <RequestStop>false</RequestStop>
                </StopPointInJourneyPattern>
                <StopPointInJourneyPattern order="11" version="any" id="CA_LA_ROCHELLE:StopPointInJourneyPattern:232_B72780B86C2953637F3CF2BCCA93F9C9a2505101ScheduledScheduled:LOC">
                  <ScheduledStopPointRef ref="CA_LA_ROCHELLE:ScheduledStopPoint:232_B72780B86C2953637F3CF2BCCA93F9C9a2505101ScheduledScheduled:LOC" version="any"/>
                  <ForAlighting>true</ForAlighting>
                  <ForBoarding>true</ForBoarding>
                  <RequestStop>false</RequestStop>
                </StopPointInJourneyPattern>
                <StopPointInJourneyPattern order="12" version="any" id="CA_LA_ROCHELLE:StopPointInJourneyPattern:232_B72780B86C2953637F3CF2BCCA93F9C9a2502002ScheduledScheduled:LOC">
                  <ScheduledStopPointRef ref="CA_LA_ROCHELLE:ScheduledStopPoint:232_B72780B86C2953637F3CF2BCCA93F9C9a2502002ScheduledScheduled:LOC" version="any"/>
                  <ForAlighting>true</ForAlighting>
                  <ForBoarding>true</ForBoarding>
                  <RequestStop>false</RequestStop>
                </StopPointInJourneyPattern>
              </pointsInSequence>
              <ServiceJourneyPatternType>passenger</ServiceJourneyPatternType>
            </ServiceJourneyPattern>
            <ServiceJourneyPattern version="any" id="CA_LA_ROCHELLE:ServiceJourneyPattern:232_521ECD0C965DC92EF21DA20974C5EA56:LOC">
              <Name>Les Minimes</Name>
              <RouteRef ref="CA_LA_ROCHELLE:Route:232_521ECD0C965DC92EF21DA20974C5EA56:LOC" version="any"/>
              <DestinationDisplayRef ref="CA_LA_ROCHELLE:DestinationDisplay:232_521ECD0C965DC92EF21DA20974C5EA56-232_521ECD0C965DC92EF21DA20974C5EA56a2502001ScheduledScheduled:LOC" version="any"/>
              <pointsInSequence>
                <StopPointInJourneyPattern order="1" version="any" id="CA_LA_ROCHELLE:StopPointInJourneyPattern:232_521ECD0C965DC92EF21DA20974C5EA56a2502001ScheduledScheduled:LOC">
                  <ScheduledStopPointRef ref="CA_LA_ROCHELLE:ScheduledStopPoint:232_521ECD0C965DC92EF21DA20974C5EA56a2502001ScheduledScheduled:LOC" version="any"/>
                  <ForAlighting>true</ForAlighting>
                  <ForBoarding>true</ForBoarding>
                  <RequestStop>false</RequestStop>
                </StopPointInJourneyPattern>
                <StopPointInJourneyPattern order="2" version="any" id="CA_LA_ROCHELLE:StopPointInJourneyPattern:232_521ECD0C965DC92EF21DA20974C5EA56a2505102ScheduledScheduled:LOC">
                  <ScheduledStopPointRef ref="CA_LA_ROCHELLE:ScheduledStopPoint:232_521ECD0C965DC92EF21DA20974C5EA56a2505102ScheduledScheduled:LOC" version="any"/>
                  <ForAlighting>true</ForAlighting>
                  <ForBoarding>true</ForBoarding>
                  <RequestStop>false</RequestStop>
                </StopPointInJourneyPattern>
                <StopPointInJourneyPattern order="3" version="any" id="CA_LA_ROCHELLE:StopPointInJourneyPattern:232_521ECD0C965DC92EF21DA20974C5EA56a2505002ScheduledScheduled:LOC">
                  <ScheduledStopPointRef ref="CA_LA_ROCHELLE:ScheduledStopPoint:232_521ECD0C965DC92EF21DA20974C5EA56a2505002ScheduledScheduled:LOC" version="any"/>
                  <ForAlighting>true</ForAlighting>
                  <ForBoarding>true</ForBoarding>
                  <RequestStop>false</RequestStop>
                </StopPointInJourneyPattern>
                <StopPointInJourneyPattern order="4" version="any" id="CA_LA_ROCHELLE:StopPointInJourneyPattern:232_521ECD0C965DC92EF21DA20974C5EA56a2504602ScheduledScheduled:LOC">
                  <ScheduledStopPointRef ref="CA_LA_ROCHELLE:ScheduledStopPoint:232_521ECD0C965DC92EF21DA20974C5EA56a2504602ScheduledScheduled:LOC" version="any"/>
                  <ForAlighting>true</ForAlighting>
                  <ForBoarding>true</ForBoarding>
                  <RequestStop>false</RequestStop>
                </StopPointInJourneyPattern>
                <StopPointInJourneyPattern order="5" version="any" id="CA_LA_ROCHELLE:StopPointInJourneyPattern:232_521ECD0C965DC92EF21DA20974C5EA56a2504102ScheduledScheduled:LOC">
                  <ScheduledStopPointRef ref="CA_LA_ROCHELLE:ScheduledStopPoint:232_521ECD0C965DC92EF21DA20974C5EA56a2504102ScheduledScheduled:LOC" version="any"/>
                  <ForAlighting>true</ForAlighting>
                  <ForBoarding>true</ForBoarding>
                  <RequestStop>false</RequestStop>
                </StopPointInJourneyPattern>
                <StopPointInJourneyPattern order="6" version="any" id="CA_LA_ROCHELLE:StopPointInJourneyPattern:232_521ECD0C965DC92EF21DA20974C5EA56a2503602ScheduledScheduled:LOC">
                  <ScheduledStopPointRef ref="CA_LA_ROCHELLE:ScheduledStopPoint:232_521ECD0C965DC92EF21DA20974C5EA56a2503602ScheduledScheduled:LOC" version="any"/>
                  <ForAlighting>true</ForAlighting>
                  <ForBoarding>true</ForBoarding>
                  <RequestStop>false</RequestStop>
                </StopPointInJourneyPattern>
                <StopPointInJourneyPattern order="7" version="any" id="CA_LA_ROCHELLE:StopPointInJourneyPattern:232_521ECD0C965DC92EF21DA20974C5EA56a2504202ScheduledScheduled:LOC">
                  <ScheduledStopPointRef ref="CA_LA_ROCHELLE:ScheduledStopPoint:232_521ECD0C965DC92EF21DA20974C5EA56a2504202ScheduledScheduled:LOC" version="any"/>
                  <ForAlighting>true</ForAlighting>
                  <ForBoarding>true</ForBoarding>
                  <RequestStop>false</RequestStop>
                </StopPointInJourneyPattern>
                <StopPointInJourneyPattern order="8" version="any" id="CA_LA_ROCHELLE:StopPointInJourneyPattern:232_521ECD0C965DC92EF21DA20974C5EA56a2501802ScheduledScheduled:LOC">
                  <ScheduledStopPointRef ref="CA_LA_ROCHELLE:ScheduledStopPoint:232_521ECD0C965DC92EF21DA20974C5EA56a2501802ScheduledScheduled:LOC" version="any"/>
                  <ForAlighting>true</ForAlighting>
                  <ForBoarding>true</ForBoarding>
                  <RequestStop>false</RequestStop>
                </StopPointInJourneyPattern>
                <StopPointInJourneyPattern order="9" version="any" id="CA_LA_ROCHELLE:StopPointInJourneyPattern:232_521ECD0C965DC92EF21DA20974C5EA56a2501702ScheduledScheduled:LOC">
                  <ScheduledStopPointRef ref="CA_LA_ROCHELLE:ScheduledStopPoint:232_521ECD0C965DC92EF21DA20974C5EA56a2501702ScheduledScheduled:LOC" version="any"/>
                  <ForAlighting>true</ForAlighting>
                  <ForBoarding>true</ForBoarding>
                  <RequestStop>false</RequestStop>
                </StopPointInJourneyPattern>
                <StopPointInJourneyPattern order="10" version="any" id="CA_LA_ROCHELLE:StopPointInJourneyPattern:232_521ECD0C965DC92EF21DA20974C5EA56a2501501ScheduledScheduled:LOC">
                  <ScheduledStopPointRef ref="CA_LA_ROCHELLE:ScheduledStopPoint:232_521ECD0C965DC92EF21DA20974C5EA56a2501501ScheduledScheduled:LOC" version="any"/>
                  <ForAlighting>true</ForAlighting>
                  <ForBoarding>true</ForBoarding>
                  <RequestStop>false</RequestStop>
                </StopPointInJourneyPattern>
                <StopPointInJourneyPattern order="11" version="any" id="CA_LA_ROCHELLE:StopPointInJourneyPattern:232_521ECD0C965DC92EF21DA20974C5EA56a2502901ScheduledScheduled:LOC">
                  <ScheduledStopPointRef ref="CA_LA_ROCHELLE:ScheduledStopPoint:232_521ECD0C965DC92EF21DA20974C5EA56a2502901ScheduledScheduled:LOC" version="any"/>
                  <ForAlighting>true</ForAlighting>
                  <ForBoarding>true</ForBoarding>
                  <RequestStop>false</RequestStop>
                </StopPointInJourneyPattern>
                <StopPointInJourneyPattern order="12" version="any" id="CA_LA_ROCHELLE:StopPointInJourneyPattern:232_521ECD0C965DC92EF21DA20974C5EA56a2502201ScheduledScheduled:LOC">
                  <ScheduledStopPointRef ref="CA_LA_ROCHELLE:ScheduledStopPoint:232_521ECD0C965DC92EF21DA20974C5EA56a2502201ScheduledScheduled:LOC" version="any"/>
                  <ForAlighting>true</ForAlighting>
                  <ForBoarding>true</ForBoarding>
                  <RequestStop>false</RequestStop>
                </StopPointInJourneyPattern>
              </pointsInSequence>
              <ServiceJourneyPatternType>passenger</ServiceJourneyPatternType>
            </ServiceJourneyPattern>
            <ScheduledStopPoint version="any" id="CA_LA_ROCHELLE:ScheduledStopPoint:232_521ECD0C965DC92EF21DA20974C5EA56a2501501ScheduledScheduled:LOC">
              <Location>
                <Longitude>-1.165499</Longitude>
                <Latitude>46.1407</Latitude>
              </Location>
            </ScheduledStopPoint>
            <ScheduledStopPoint version="any" id="CA_LA_ROCHELLE:ScheduledStopPoint:232_B72780B86C2953637F3CF2BCCA93F9C9a2504601ScheduledScheduled:LOC">
              <Location>
                <Longitude>-1.148675</Longitude>
                <Latitude>46.138633</Latitude>
              </Location>
            </ScheduledStopPoint>
            <ScheduledStopPoint version="any" id="CA_LA_ROCHELLE:ScheduledStopPoint:232_521ECD0C965DC92EF21DA20974C5EA56a2505002ScheduledScheduled:LOC">
              <Location>
                <Longitude>-1.14493</Longitude>
                <Latitude>46.140077</Latitude>
              </Location>
            </ScheduledStopPoint>
            <ScheduledStopPoint version="any" id="CA_LA_ROCHELLE:ScheduledStopPoint:232_B72780B86C2953637F3CF2BCCA93F9C9a2504101ScheduledScheduled:LOC">
              <Location>
                <Longitude>-1.152022</Longitude>
                <Latitude>46.138269</Latitude>
              </Location>
            </ScheduledStopPoint>
            <ScheduledStopPoint version="any" id="CA_LA_ROCHELLE:ScheduledStopPoint:232_B72780B86C2953637F3CF2BCCA93F9C9a2502901ScheduledScheduled:LOC">
              <Location>
                <Longitude>-1.168872</Longitude>
                <Latitude>46.139961</Latitude>
              </Location>
            </ScheduledStopPoint>
            <ScheduledStopPoint version="any" id="CA_LA_ROCHELLE:ScheduledStopPoint:232_B72780B86C2953637F3CF2BCCA93F9C9a2505001ScheduledScheduled:LOC">
              <Location>
                <Longitude>-1.145144</Longitude>
                <Latitude>46.139586</Latitude>
              </Location>
            </ScheduledStopPoint>
            <ScheduledStopPoint version="any" id="CA_LA_ROCHELLE:ScheduledStopPoint:232_521ECD0C965DC92EF21DA20974C5EA56a2502901ScheduledScheduled:LOC">
              <Location>
                <Longitude>-1.168872</Longitude>
                <Latitude>46.139961</Latitude>
              </Location>
            </ScheduledStopPoint>
            <ScheduledStopPoint version="any" id="CA_LA_ROCHELLE:ScheduledStopPoint:232_B72780B86C2953637F3CF2BCCA93F9C9a2503601ScheduledScheduled:LOC">
              <Location>
                <Longitude>-1.155102</Longitude>
                <Latitude>46.139311</Latitude>
              </Location>
            </ScheduledStopPoint>
            <ScheduledStopPoint version="any" id="CA_LA_ROCHELLE:ScheduledStopPoint:232_521ECD0C965DC92EF21DA20974C5EA56a2501702ScheduledScheduled:LOC">
              <Location>
                <Longitude>-1.16338</Longitude>
                <Latitude>46.140708</Latitude>
              </Location>
            </ScheduledStopPoint>
            <ScheduledStopPoint version="any" id="CA_LA_ROCHELLE:ScheduledStopPoint:232_B72780B86C2953637F3CF2BCCA93F9C9a2501801ScheduledScheduled:LOC">
              <Location>
                <Longitude>-1.159194</Longitude>
                <Latitude>46.141455</Latitude>
              </Location>
            </ScheduledStopPoint>
            <ScheduledStopPoint version="any" id="CA_LA_ROCHELLE:ScheduledStopPoint:232_521ECD0C965DC92EF21DA20974C5EA56a2504602ScheduledScheduled:LOC">
              <Location>
                <Longitude>-1.149261</Longitude>
                <Latitude>46.138658</Latitude>
              </Location>
            </ScheduledStopPoint>
            <ScheduledStopPoint version="any" id="CA_LA_ROCHELLE:ScheduledStopPoint:232_B72780B86C2953637F3CF2BCCA93F9C9a2504201ScheduledScheduled:LOC">
              <Location>
                <Longitude>-1.157216</Longitude>
                <Latitude>46.141411</Latitude>
              </Location>
            </ScheduledStopPoint>
            <ScheduledStopPoint version="any" id="CA_LA_ROCHELLE:ScheduledStopPoint:232_521ECD0C965DC92EF21DA20974C5EA56a2504102ScheduledScheduled:LOC">
              <Location>
                <Longitude>-1.152075</Longitude>
                <Latitude>46.138305</Latitude>
              </Location>
            </ScheduledStopPoint>
            <ScheduledStopPoint version="any" id="CA_LA_ROCHELLE:ScheduledStopPoint:232_B72780B86C2953637F3CF2BCCA93F9C9a2502201ScheduledScheduled:LOC">
              <Location>
                <Longitude>-1.165886</Longitude>
                <Latitude>46.139355</Latitude>
              </Location>
            </ScheduledStopPoint>
            <ScheduledStopPoint version="any" id="CA_LA_ROCHELLE:ScheduledStopPoint:232_B72780B86C2953637F3CF2BCCA93F9C9a2505101ScheduledScheduled:LOC">
              <Location>
                <Longitude>-1.142113</Longitude>
                <Latitude>46.140719</Latitude>
              </Location>
            </ScheduledStopPoint>
            <ScheduledStopPoint version="any" id="CA_LA_ROCHELLE:ScheduledStopPoint:232_521ECD0C965DC92EF21DA20974C5EA56a2502201ScheduledScheduled:LOC">
              <Location>
                <Longitude>-1.165886</Longitude>
                <Latitude>46.139355</Latitude>
              </Location>
            </ScheduledStopPoint>
            <ScheduledStopPoint version="any" id="CA_LA_ROCHELLE:ScheduledStopPoint:232_521ECD0C965DC92EF21DA20974C5EA56a2502001ScheduledScheduled:LOC">
              <Location>
                <Longitude>-1.142463</Longitude>
                <Latitude>46.145152</Latitude>
              </Location>
            </ScheduledStopPoint>
            <ScheduledStopPoint version="any" id="CA_LA_ROCHELLE:ScheduledStopPoint:232_B72780B86C2953637F3CF2BCCA93F9C9a2501501ScheduledScheduled:LOC">
              <Location>
                <Longitude>-1.165499</Longitude>
                <Latitude>46.1407</Latitude>
              </Location>
            </ScheduledStopPoint>
            <ScheduledStopPoint version="any" id="CA_LA_ROCHELLE:ScheduledStopPoint:232_521ECD0C965DC92EF21DA20974C5EA56a2501802ScheduledScheduled:LOC">
              <Location>
                <Longitude>-1.159541</Longitude>
                <Latitude>46.141511</Latitude>
              </Location>
            </ScheduledStopPoint>
            <ScheduledStopPoint version="any" id="CA_LA_ROCHELLE:ScheduledStopPoint:232_B72780B86C2953637F3CF2BCCA93F9C9a2502002ScheduledScheduled:LOC">
              <Location>
                <Longitude>-1.142552</Longitude>
                <Latitude>46.145677</Latitude>
              </Location>
            </ScheduledStopPoint>
            <ScheduledStopPoint version="any" id="CA_LA_ROCHELLE:ScheduledStopPoint:232_521ECD0C965DC92EF21DA20974C5EA56a2504202ScheduledScheduled:LOC">
              <Location>
                <Longitude>-1.157086</Longitude>
                <Latitude>46.14155</Latitude>
              </Location>
            </ScheduledStopPoint>
            <ScheduledStopPoint version="any" id="CA_LA_ROCHELLE:ScheduledStopPoint:232_521ECD0C965DC92EF21DA20974C5EA56a2503602ScheduledScheduled:LOC">
              <Location>
                <Longitude>-1.155091</Longitude>
                <Latitude>46.139375</Latitude>
              </Location>
            </ScheduledStopPoint>
            <ScheduledStopPoint version="any" id="CA_LA_ROCHELLE:ScheduledStopPoint:232_521ECD0C965DC92EF21DA20974C5EA56a2505102ScheduledScheduled:LOC">
              <Location>
                <Longitude>-1.143016</Longitude>
                <Latitude>46.140675</Latitude>
              </Location>
            </ScheduledStopPoint>
            <ScheduledStopPoint version="any" id="CA_LA_ROCHELLE:ScheduledStopPoint:232_B72780B86C2953637F3CF2BCCA93F9C9a2501701ScheduledScheduled:LOC">
              <Location>
                <Longitude>-1.16178</Longitude>
                <Latitude>46.140913</Latitude>
              </Location>
            </ScheduledStopPoint>
            <PassengerStopAssignment order="0" version="any" id="CA_LA_ROCHELLE:PassengerStopAssignment:232_521ECD0C965DC92EF21DA20974C5EA56a2504102ScheduledScheduled:LOC">
              <ScheduledStopPointRef ref="CA_LA_ROCHELLE:ScheduledStopPoint:232_521ECD0C965DC92EF21DA20974C5EA56a2504102ScheduledScheduled:LOC" version="any"/>
              <QuayRef ref="MOBIITI:Quay:114433" versionRef="any"/>
            </PassengerStopAssignment>
            <PassengerStopAssignment order="0" version="any" id="CA_LA_ROCHELLE:PassengerStopAssignment:232_B72780B86C2953637F3CF2BCCA93F9C9a2502002ScheduledScheduled:LOC">
              <ScheduledStopPointRef ref="CA_LA_ROCHELLE:ScheduledStopPoint:232_B72780B86C2953637F3CF2BCCA93F9C9a2502002ScheduledScheduled:LOC" version="any"/>
              <QuayRef ref="MOBIITI:Quay:113776" versionRef="any"/>
            </PassengerStopAssignment>
            <PassengerStopAssignment order="0" version="any" id="CA_LA_ROCHELLE:PassengerStopAssignment:232_521ECD0C965DC92EF21DA20974C5EA56a2501802ScheduledScheduled:LOC">
              <ScheduledStopPointRef ref="CA_LA_ROCHELLE:ScheduledStopPoint:232_521ECD0C965DC92EF21DA20974C5EA56a2501802ScheduledScheduled:LOC" version="any"/>
              <QuayRef ref="MOBIITI:Quay:114443" versionRef="any"/>
            </PassengerStopAssignment>
            <PassengerStopAssignment order="0" version="any" id="CA_LA_ROCHELLE:PassengerStopAssignment:232_521ECD0C965DC92EF21DA20974C5EA56a2504602ScheduledScheduled:LOC">
              <ScheduledStopPointRef ref="CA_LA_ROCHELLE:ScheduledStopPoint:232_521ECD0C965DC92EF21DA20974C5EA56a2504602ScheduledScheduled:LOC" version="any"/>
              <QuayRef ref="MOBIITI:Quay:114438" versionRef="any"/>
            </PassengerStopAssignment>
            <PassengerStopAssignment order="0" version="any" id="CA_LA_ROCHELLE:PassengerStopAssignment:232_B72780B86C2953637F3CF2BCCA93F9C9a2502901ScheduledScheduled:LOC">
              <ScheduledStopPointRef ref="CA_LA_ROCHELLE:ScheduledStopPoint:232_B72780B86C2953637F3CF2BCCA93F9C9a2502901ScheduledScheduled:LOC" version="any"/>
              <QuayRef ref="MOBIITI:Quay:114445" versionRef="any"/>
            </PassengerStopAssignment>
            <PassengerStopAssignment order="0" version="any" id="CA_LA_ROCHELLE:PassengerStopAssignment:232_B72780B86C2953637F3CF2BCCA93F9C9a2501801ScheduledScheduled:LOC">
              <ScheduledStopPointRef ref="CA_LA_ROCHELLE:ScheduledStopPoint:232_B72780B86C2953637F3CF2BCCA93F9C9a2501801ScheduledScheduled:LOC" version="any"/>
              <QuayRef ref="MOBIITI:Quay:114444" versionRef="any"/>
            </PassengerStopAssignment>
            <PassengerStopAssignment order="0" version="any" id="CA_LA_ROCHELLE:PassengerStopAssignment:232_521ECD0C965DC92EF21DA20974C5EA56a2502001ScheduledScheduled:LOC">
              <ScheduledStopPointRef ref="CA_LA_ROCHELLE:ScheduledStopPoint:232_521ECD0C965DC92EF21DA20974C5EA56a2502001ScheduledScheduled:LOC" version="any"/>
              <QuayRef ref="MOBIITI:Quay:113777" versionRef="any"/>
            </PassengerStopAssignment>
            <PassengerStopAssignment order="0" version="any" id="CA_LA_ROCHELLE:PassengerStopAssignment:232_B72780B86C2953637F3CF2BCCA93F9C9a2502201ScheduledScheduled:LOC">
              <ScheduledStopPointRef ref="CA_LA_ROCHELLE:ScheduledStopPoint:232_B72780B86C2953637F3CF2BCCA93F9C9a2502201ScheduledScheduled:LOC" version="any"/>
              <QuayRef ref="MOBIITI:Quay:114439" versionRef="any"/>
            </PassengerStopAssignment>
            <PassengerStopAssignment order="0" version="any" id="CA_LA_ROCHELLE:PassengerStopAssignment:232_521ECD0C965DC92EF21DA20974C5EA56a2502201ScheduledScheduled:LOC">
              <ScheduledStopPointRef ref="CA_LA_ROCHELLE:ScheduledStopPoint:232_521ECD0C965DC92EF21DA20974C5EA56a2502201ScheduledScheduled:LOC" version="any"/>
              <QuayRef ref="MOBIITI:Quay:114439" versionRef="any"/>
            </PassengerStopAssignment>
            <PassengerStopAssignment order="0" version="any" id="CA_LA_ROCHELLE:PassengerStopAssignment:232_B72780B86C2953637F3CF2BCCA93F9C9a2505101ScheduledScheduled:LOC">
              <ScheduledStopPointRef ref="CA_LA_ROCHELLE:ScheduledStopPoint:232_B72780B86C2953637F3CF2BCCA93F9C9a2505101ScheduledScheduled:LOC" version="any"/>
              <QuayRef ref="MOBIITI:Quay:114447" versionRef="any"/>
            </PassengerStopAssignment>
            <PassengerStopAssignment order="0" version="any" id="CA_LA_ROCHELLE:PassengerStopAssignment:232_B72780B86C2953637F3CF2BCCA93F9C9a2503601ScheduledScheduled:LOC">
              <ScheduledStopPointRef ref="CA_LA_ROCHELLE:ScheduledStopPoint:232_B72780B86C2953637F3CF2BCCA93F9C9a2503601ScheduledScheduled:LOC" version="any"/>
              <QuayRef ref="MOBIITI:Quay:114448" versionRef="any"/>
            </PassengerStopAssignment>
            <PassengerStopAssignment order="0" version="any" id="CA_LA_ROCHELLE:PassengerStopAssignment:232_521ECD0C965DC92EF21DA20974C5EA56a2505002ScheduledScheduled:LOC">
              <ScheduledStopPointRef ref="CA_LA_ROCHELLE:ScheduledStopPoint:232_521ECD0C965DC92EF21DA20974C5EA56a2505002ScheduledScheduled:LOC" version="any"/>
              <QuayRef ref="MOBIITI:Quay:114436" versionRef="any"/>
            </PassengerStopAssignment>
            <PassengerStopAssignment order="0" version="any" id="CA_LA_ROCHELLE:PassengerStopAssignment:232_521ECD0C965DC92EF21DA20974C5EA56a2502901ScheduledScheduled:LOC">
              <ScheduledStopPointRef ref="CA_LA_ROCHELLE:ScheduledStopPoint:232_521ECD0C965DC92EF21DA20974C5EA56a2502901ScheduledScheduled:LOC" version="any"/>
              <QuayRef ref="MOBIITI:Quay:114445" versionRef="any"/>
            </PassengerStopAssignment>
            <PassengerStopAssignment order="0" version="any" id="CA_LA_ROCHELLE:PassengerStopAssignment:232_B72780B86C2953637F3CF2BCCA93F9C9a2504201ScheduledScheduled:LOC">
              <ScheduledStopPointRef ref="CA_LA_ROCHELLE:ScheduledStopPoint:232_B72780B86C2953637F3CF2BCCA93F9C9a2504201ScheduledScheduled:LOC" version="any"/>
              <QuayRef ref="MOBIITI:Quay:114441" versionRef="any"/>
            </PassengerStopAssignment>
            <PassengerStopAssignment order="0" version="any" id="CA_LA_ROCHELLE:PassengerStopAssignment:232_521ECD0C965DC92EF21DA20974C5EA56a2503602ScheduledScheduled:LOC">
              <ScheduledStopPointRef ref="CA_LA_ROCHELLE:ScheduledStopPoint:232_521ECD0C965DC92EF21DA20974C5EA56a2503602ScheduledScheduled:LOC" version="any"/>
              <QuayRef ref="MOBIITI:Quay:114449" versionRef="any"/>
            </PassengerStopAssignment>
            <PassengerStopAssignment order="0" version="any" id="CA_LA_ROCHELLE:PassengerStopAssignment:232_521ECD0C965DC92EF21DA20974C5EA56a2504202ScheduledScheduled:LOC">
              <ScheduledStopPointRef ref="CA_LA_ROCHELLE:ScheduledStopPoint:232_521ECD0C965DC92EF21DA20974C5EA56a2504202ScheduledScheduled:LOC" version="any"/>
              <QuayRef ref="MOBIITI:Quay:114440" versionRef="any"/>
            </PassengerStopAssignment>
            <PassengerStopAssignment order="0" version="any" id="CA_LA_ROCHELLE:PassengerStopAssignment:232_521ECD0C965DC92EF21DA20974C5EA56a2501702ScheduledScheduled:LOC">
              <ScheduledStopPointRef ref="CA_LA_ROCHELLE:ScheduledStopPoint:232_521ECD0C965DC92EF21DA20974C5EA56a2501702ScheduledScheduled:LOC" version="any"/>
              <QuayRef ref="MOBIITI:Quay:114432" versionRef="any"/>
            </PassengerStopAssignment>
            <PassengerStopAssignment order="0" version="any" id="CA_LA_ROCHELLE:PassengerStopAssignment:232_521ECD0C965DC92EF21DA20974C5EA56a2501501ScheduledScheduled:LOC">
              <ScheduledStopPointRef ref="CA_LA_ROCHELLE:ScheduledStopPoint:232_521ECD0C965DC92EF21DA20974C5EA56a2501501ScheduledScheduled:LOC" version="any"/>
              <QuayRef ref="MOBIITI:Quay:114442" versionRef="any"/>
            </PassengerStopAssignment>
            <PassengerStopAssignment order="0" version="any" id="CA_LA_ROCHELLE:PassengerStopAssignment:232_B72780B86C2953637F3CF2BCCA93F9C9a2501701ScheduledScheduled:LOC">
              <ScheduledStopPointRef ref="CA_LA_ROCHELLE:ScheduledStopPoint:232_B72780B86C2953637F3CF2BCCA93F9C9a2501701ScheduledScheduled:LOC" version="any"/>
              <QuayRef ref="MOBIITI:Quay:114431" versionRef="any"/>
            </PassengerStopAssignment>
            <PassengerStopAssignment order="0" version="any" id="CA_LA_ROCHELLE:PassengerStopAssignment:232_B72780B86C2953637F3CF2BCCA93F9C9a2505001ScheduledScheduled:LOC">
              <ScheduledStopPointRef ref="CA_LA_ROCHELLE:ScheduledStopPoint:232_B72780B86C2953637F3CF2BCCA93F9C9a2505001ScheduledScheduled:LOC" version="any"/>
              <QuayRef ref="MOBIITI:Quay:114435" versionRef="any"/>
            </PassengerStopAssignment>
            <PassengerStopAssignment order="0" version="any" id="CA_LA_ROCHELLE:PassengerStopAssignment:232_B72780B86C2953637F3CF2BCCA93F9C9a2501501ScheduledScheduled:LOC">
              <ScheduledStopPointRef ref="CA_LA_ROCHELLE:ScheduledStopPoint:232_B72780B86C2953637F3CF2BCCA93F9C9a2501501ScheduledScheduled:LOC" version="any"/>
              <QuayRef ref="MOBIITI:Quay:114442" versionRef="any"/>
            </PassengerStopAssignment>
            <PassengerStopAssignment order="0" version="any" id="CA_LA_ROCHELLE:PassengerStopAssignment:232_521ECD0C965DC92EF21DA20974C5EA56a2505102ScheduledScheduled:LOC">
              <ScheduledStopPointRef ref="CA_LA_ROCHELLE:ScheduledStopPoint:232_521ECD0C965DC92EF21DA20974C5EA56a2505102ScheduledScheduled:LOC" version="any"/>
              <QuayRef ref="MOBIITI:Quay:114446" versionRef="any"/>
            </PassengerStopAssignment>
            <PassengerStopAssignment order="0" version="any" id="CA_LA_ROCHELLE:PassengerStopAssignment:232_B72780B86C2953637F3CF2BCCA93F9C9a2504601ScheduledScheduled:LOC">
              <ScheduledStopPointRef ref="CA_LA_ROCHELLE:ScheduledStopPoint:232_B72780B86C2953637F3CF2BCCA93F9C9a2504601ScheduledScheduled:LOC" version="any"/>
              <QuayRef ref="MOBIITI:Quay:114437" versionRef="any"/>
            </PassengerStopAssignment>
            <PassengerStopAssignment order="0" version="any" id="CA_LA_ROCHELLE:PassengerStopAssignment:232_B72780B86C2953637F3CF2BCCA93F9C9a2504101ScheduledScheduled:LOC">
              <ScheduledStopPointRef ref="CA_LA_ROCHELLE:ScheduledStopPoint:232_B72780B86C2953637F3CF2BCCA93F9C9a2504101ScheduledScheduled:LOC" version="any"/>
              <QuayRef ref="MOBIITI:Quay:114434" versionRef="any"/>
            </PassengerStopAssignment>
            <DestinationDisplay version="any" id="CA_LA_ROCHELLE:DestinationDisplay:232_521ECD0C965DC92EF21DA20974C5EA56-232_521ECD0C965DC92EF21DA20974C5EA56a2502001ScheduledScheduled:LOC">
              <FrontText>Cité des Minimes</FrontText>
            </DestinationDisplay>
            <DestinationDisplay version="any" id="CA_LA_ROCHELLE:DestinationDisplay:232_B72780B86C2953637F3CF2BCCA93F9C9-232_B72780B86C2953637F3CF2BCCA93F9C9a2501501ScheduledScheduled:LOC">
              <FrontText>Octroi</FrontText>
            </DestinationDisplay>
          </members>
        </GeneralFrame>
        <GeneralFrame version="any" id="CA_LA_ROCHELLE:NETEX_HORAIRE-20250902150647Z:LOC">
          <TypeOfFrameRef ref="FR:TypeOfFrame:NETEX_HORAIRE:">version="1.1:FR-NETEX_HORAIRE-2.2"</TypeOfFrameRef>
          <members>
            <ServiceJourney version="any" id="CA_LA_ROCHELLE:ServiceJourney:C3361348:LOC">
              <Name>Collège Albert Camus</Name>
              <AccessibilityAssessment version="any" id="CA_LA_ROCHELLE:AccessibilityAssessment:GTFS_2369366:LOC">
                <MobilityImpairedAccess>false</MobilityImpairedAccess>
                <limitations>
                  <AccessibilityLimitation version="any" id="CA_LA_ROCHELLE:AccessibilityLimitation:GTFS_2369366:LOC">
                    <WheelchairAccess>false</WheelchairAccess>
                  </AccessibilityLimitation>
                </limitations>
              </AccessibilityAssessment>
              <dayTypes>
                <DayTypeRef ref="CA_LA_ROCHELLE:DayType:Y4:LOC" versionRef="any"/>
              </dayTypes>
              <JourneyPatternRef ref="CA_LA_ROCHELLE:ServiceJourneyPattern:232_B72780B86C2953637F3CF2BCCA93F9C9:LOC" version="any"/>
              <passingTimes>
                <TimetabledPassingTime version="any">
                  <ArrivalTime>08:09:00</ArrivalTime>
                  <DepartureTime>08:09:00</DepartureTime>
                </TimetabledPassingTime>
                <TimetabledPassingTime version="any">
                  <ArrivalTime>08:09:58</ArrivalTime>
                  <DepartureTime>08:09:58</DepartureTime>
                </TimetabledPassingTime>
                <TimetabledPassingTime version="any">
                  <ArrivalTime>08:10:48</ArrivalTime>
                  <DepartureTime>08:10:48</DepartureTime>
                </TimetabledPassingTime>
                <TimetabledPassingTime version="any">
                  <ArrivalTime>08:11:51</ArrivalTime>
                  <DepartureTime>08:11:51</DepartureTime>
                </TimetabledPassingTime>
                <TimetabledPassingTime version="any">
                  <ArrivalTime>08:12:25</ArrivalTime>
                  <DepartureTime>08:12:25</DepartureTime>
                </TimetabledPassingTime>
                <TimetabledPassingTime version="any">
                  <ArrivalTime>08:13:00</ArrivalTime>
                  <DepartureTime>08:13:00</DepartureTime>
                </TimetabledPassingTime>
                <TimetabledPassingTime version="any">
                  <ArrivalTime>08:13:58</ArrivalTime>
                  <DepartureTime>08:13:58</DepartureTime>
                </TimetabledPassingTime>
                <TimetabledPassingTime version="any">
                  <ArrivalTime>08:14:55</ArrivalTime>
                  <DepartureTime>08:14:55</DepartureTime>
                </TimetabledPassingTime>
                <TimetabledPassingTime version="any">
                  <ArrivalTime>08:15:48</ArrivalTime>
                  <DepartureTime>08:15:48</DepartureTime>
                </TimetabledPassingTime>
                <TimetabledPassingTime version="any">
                  <ArrivalTime>08:16:44</ArrivalTime>
                  <DepartureTime>08:16:44</DepartureTime>
                </TimetabledPassingTime>
                <TimetabledPassingTime version="any">
                  <ArrivalTime>08:17:41</ArrivalTime>
                  <DepartureTime>08:17:41</DepartureTime>
                </TimetabledPassingTime>
                <TimetabledPassingTime version="any">
                  <ArrivalTime>08:20:00</ArrivalTime>
                  <DepartureTime>08:20:00</DepartureTime>
                </TimetabledPassingTime>
              </passingTimes>
              <facilities>
                <ServiceFacilitySet version="any" id="CA_LA_ROCHELLE:ServiceFacilitySet:C3361348">
                  <LuggageCarriageFacilityList>noCycles</LuggageCarriageFacilityList>
                </ServiceFacilitySet>
              </facilities>
            </ServiceJourney>
            <ServiceJourney version="any" id="CA_LA_ROCHELLE:ServiceJourney:C3361349:LOC">
              <Name>Les Minimes</Name>
              <AccessibilityAssessment version="any" id="CA_LA_ROCHELLE:AccessibilityAssessment:GTFS_2369367:LOC">
                <MobilityImpairedAccess>false</MobilityImpairedAccess>
                <limitations>
                  <AccessibilityLimitation version="any" id="CA_LA_ROCHELLE:AccessibilityLimitation:GTFS_2369367:LOC">
                    <WheelchairAccess>false</WheelchairAccess>
                  </AccessibilityLimitation>
                </limitations>
              </AccessibilityAssessment>
              <dayTypes>
                <DayTypeRef ref="CA_LA_ROCHELLE:DayType:Y7:LOC" versionRef="any"/>
              </dayTypes>
              <JourneyPatternRef ref="CA_LA_ROCHELLE:ServiceJourneyPattern:232_521ECD0C965DC92EF21DA20974C5EA56:LOC" version="any"/>
              <passingTimes>
                <TimetabledPassingTime version="any">
                  <ArrivalTime>12:40:00</ArrivalTime>
                  <DepartureTime>12:40:00</DepartureTime>
                </TimetabledPassingTime>
                <TimetabledPassingTime version="any">
                  <ArrivalTime>12:41:58</ArrivalTime>
                  <DepartureTime>12:41:58</DepartureTime>
                </TimetabledPassingTime>
                <TimetabledPassingTime version="any">
                  <ArrivalTime>12:42:26</ArrivalTime>
                  <DepartureTime>12:42:26</DepartureTime>
                </TimetabledPassingTime>
                <TimetabledPassingTime version="any">
                  <ArrivalTime>12:43:32</ArrivalTime>
                  <DepartureTime>12:43:32</DepartureTime>
                </TimetabledPassingTime>
                <TimetabledPassingTime version="any">
                  <ArrivalTime>12:44:14</ArrivalTime>
                  <DepartureTime>12:44:14</DepartureTime>
                </TimetabledPassingTime>
                <TimetabledPassingTime version="any">
                  <ArrivalTime>12:45:06</ArrivalTime>
                  <DepartureTime>12:45:06</DepartureTime>
                </TimetabledPassingTime>
                <TimetabledPassingTime version="any">
                  <ArrivalTime>12:46:00</ArrivalTime>
                  <DepartureTime>12:46:00</DepartureTime>
                </TimetabledPassingTime>
                <TimetabledPassingTime version="any">
                  <ArrivalTime>12:46:55</ArrivalTime>
                  <DepartureTime>12:46:55</DepartureTime>
                </TimetabledPassingTime>
                <TimetabledPassingTime version="any">
                  <ArrivalTime>12:48:00</ArrivalTime>
                  <DepartureTime>12:48:00</DepartureTime>
                </TimetabledPassingTime>
                <TimetabledPassingTime version="any">
                  <ArrivalTime>12:48:39</ArrivalTime>
                  <DepartureTime>12:48:39</DepartureTime>
                </TimetabledPassingTime>
                <TimetabledPassingTime version="any">
                  <ArrivalTime>12:49:55</ArrivalTime>
                  <DepartureTime>12:49:55</DepartureTime>
                </TimetabledPassingTime>
                <TimetabledPassingTime version="any">
                  <ArrivalTime>12:51:00</ArrivalTime>
                  <DepartureTime>12:51:00</DepartureTime>
                </TimetabledPassingTime>
              </passingTimes>
              <facilities>
                <ServiceFacilitySet version="any" id="CA_LA_ROCHELLE:ServiceFacilitySet:C3361349">
                  <LuggageCarriageFacilityList>noCycles</LuggageCarriageFacilityList>
                </ServiceFacilitySet>
              </facilities>
            </ServiceJourney>
            <ServiceJourney version="any" id="CA_LA_ROCHELLE:ServiceJourney:C3361350:LOC">
              <Name>Les Minimes</Name>
              <AccessibilityAssessment version="any" id="CA_LA_ROCHELLE:AccessibilityAssessment:GTFS_2369368:LOC">
                <MobilityImpairedAccess>false</MobilityImpairedAccess>
                <limitations>
                  <AccessibilityLimitation version="any" id="CA_LA_ROCHELLE:AccessibilityLimitation:GTFS_2369368:LOC">
                    <WheelchairAccess>false</WheelchairAccess>
                  </AccessibilityLimitation>
                </limitations>
              </AccessibilityAssessment>
              <dayTypes>
                <DayTypeRef ref="CA_LA_ROCHELLE:DayType:Y3:LOC" versionRef="any"/>
              </dayTypes>
              <JourneyPatternRef ref="CA_LA_ROCHELLE:ServiceJourneyPattern:232_521ECD0C965DC92EF21DA20974C5EA56:LOC" version="any"/>
              <passingTimes>
                <TimetabledPassingTime version="any">
                  <ArrivalTime>17:10:00</ArrivalTime>
                  <DepartureTime>17:10:00</DepartureTime>
                </TimetabledPassingTime>
                <TimetabledPassingTime version="any">
                  <ArrivalTime>17:11:58</ArrivalTime>
                  <DepartureTime>17:11:58</DepartureTime>
                </TimetabledPassingTime>
                <TimetabledPassingTime version="any">
                  <ArrivalTime>17:12:26</ArrivalTime>
                  <DepartureTime>17:12:26</DepartureTime>
                </TimetabledPassingTime>
                <TimetabledPassingTime version="any">
                  <ArrivalTime>17:13:32</ArrivalTime>
                  <DepartureTime>17:13:32</DepartureTime>
                </TimetabledPassingTime>
                <TimetabledPassingTime version="any">
                  <ArrivalTime>17:14:14</ArrivalTime>
                  <DepartureTime>17:14:14</DepartureTime>
                </TimetabledPassingTime>
                <TimetabledPassingTime version="any">
                  <ArrivalTime>17:15:06</ArrivalTime>
                  <DepartureTime>17:15:06</DepartureTime>
                </TimetabledPassingTime>
                <TimetabledPassingTime version="any">
                  <ArrivalTime>17:16:00</ArrivalTime>
                  <DepartureTime>17:16:00</DepartureTime>
                </TimetabledPassingTime>
                <TimetabledPassingTime version="any">
                  <ArrivalTime>17:16:55</ArrivalTime>
                  <DepartureTime>17:16:55</DepartureTime>
                </TimetabledPassingTime>
                <TimetabledPassingTime version="any">
                  <ArrivalTime>17:18:00</ArrivalTime>
                  <DepartureTime>17:18:00</DepartureTime>
                </TimetabledPassingTime>
                <TimetabledPassingTime version="any">
                  <ArrivalTime>17:18:39</ArrivalTime>
                  <DepartureTime>17:18:39</DepartureTime>
                </TimetabledPassingTime>
                <TimetabledPassingTime version="any">
                  <ArrivalTime>17:19:55</ArrivalTime>
                  <DepartureTime>17:19:55</DepartureTime>
                </TimetabledPassingTime>
                <TimetabledPassingTime version="any">
                  <ArrivalTime>17:21:00</ArrivalTime>
                  <DepartureTime>17:21:00</DepartureTime>
                </TimetabledPassingTime>
              </passingTimes>
              <facilities>
                <ServiceFacilitySet version="any" id="CA_LA_ROCHELLE:ServiceFacilitySet:C3361350">
                  <LuggageCarriageFacilityList>noCycles</LuggageCarriageFacilityList>
                </ServiceFacilitySet>
              </facilities>
            </ServiceJourney>
          </members>
        </GeneralFrame>
      </frames>
    </CompositeFrame>
  </dataObjects>
</PublicationDelivery>