<?xml version='1.0' encoding='UTF-8'?>
<PublicationDelivery xmlns="http://www.netex.org.uk/netex" xmlns:gis="http://www.opengis.net/gml/3.2" xmlns:siri="http://www.siri.org.uk/siri" version="1.1:FR-NETEX_RESEAU-2.2">
  <PublicationTimestamp>2025-09-02T15:06:47Z</PublicationTimestamp>
  <ParticipantRef>CA_LA_ROCHELLE</ParticipantRef>
  <dataObjects>
    <CompositeFrame version="any" id="CA_LA_ROCHELLE:CompositeFrame:NETEX_RESEAUX-LOC">
      <Name>Ecoles de Montroy &lt;&gt; Clavette</Name>
      <TypeOfFrameRef ref="FR:TypeOfFrame:NETEX_RESEAUX:">version="1.1:FR-NETEX_RESEAUX-2.2"</TypeOfFrameRef>
      <frames>
        <GeneralFrame version="any" id="CA_LA_ROCHELLE:NETEX_LIGNE-20250902150647Z:LOC">
          <TypeOfFrameRef ref="FR:TypeOfFrame:NETEX_LIGNE:">version="1.1:FR-NETEX_LIGNE-2.2"</TypeOfFrameRef>
          <members>
            <RouteLink version="any" id="CA_LA_ROCHELLE:RouteLink:401_D65F3D9C8B1B4FF46C892F9E1D5BE66B_Y38514_1650002_1650202_100:LOC">
              <Distance>0.0</Distance>
              <gis:LineString srsName="4326" srsDimension="2" gis:id="LS367184">
                <gis:posList count="4" srsDimension="2">46.155826568603516 -1.0129690170288086 46.155826568603516 -1.0129690170288086</gis:posList>
              </gis:LineString>
              <FromPointRef xmlns:xsi="http://www.w3.org/2001/XMLSchema-instance" xsi:type="ScheduledStopPointRefStructure" ref="CA_LA_ROCHELLE:ScheduledStopPoint:401_D65F3D9C8B1B4FF46C892F9E1D5BE66Ba1650002ScheduledScheduled:LOC" version="any"/>
              <ToPointRef xmlns:xsi="http://www.w3.org/2001/XMLSchema-instance" xsi:type="ScheduledStopPointRefStructure" ref="CA_LA_ROCHELLE:ScheduledStopPoint:401_D65F3D9C8B1B4FF46C892F9E1D5BE66Ba1650202ScheduledScheduled:LOC" version="any"/>
            </RouteLink>
            <RouteLink version="any" id="CA_LA_ROCHELLE:RouteLink:401_D65F3D9C8B1B4FF46C892F9E1D5BE66B_Y38514_1650202_1200001_100:LOC">
              <Distance>0.0</Distance>
              <gis:LineString srsName="4326" srsDimension="2" gis:id="LS367185">
                <gis:posList count="4" srsDimension="2">46.155826568603516 -1.0129690170288086 46.155826568603516 -1.0129690170288086</gis:posList>
              </gis:LineString>
              <FromPointRef xmlns:xsi="http://www.w3.org/2001/XMLSchema-instance" xsi:type="ScheduledStopPointRefStructure" ref="CA_LA_ROCHELLE:ScheduledStopPoint:401_D65F3D9C8B1B4FF46C892F9E1D5BE66Ba1650202ScheduledScheduled:LOC" version="any"/>
              <ToPointRef xmlns:xsi="http://www.w3.org/2001/XMLSchema-instance" xsi:type="ScheduledStopPointRefStructure" ref="CA_LA_ROCHELLE:ScheduledStopPoint:401_D65F3D9C8B1B4FF46C892F9E1D5BE66Ba1200001ScheduledScheduled:LOC" version="any"/>
            </RouteLink>
            <RouteLink version="any" id="CA_LA_ROCHELLE:RouteLink:401_D65F3D9C8B1B4FF46C892F9E1D5BE66B_Y38514_1200001_1200101_0:LOC">
              <Distance>18.038852594291917</Distance>
              <gis:LineString srsName="4326" srsDimension="2" gis:id="LS367186">
                <gis:posList count="4" srsDimension="2">46.155826568603516 -1.0129690170288086 46.155921936035156 -1.013100028038025</gis:posList>
              </gis:LineString>
              <FromPointRef xmlns:xsi="http://www.w3.org/2001/XMLSchema-instance" xsi:type="ScheduledStopPointRefStructure" ref="CA_LA_ROCHELLE:ScheduledStopPoint:401_D65F3D9C8B1B4FF46C892F9E1D5BE66Ba1200001ScheduledScheduled:LOC" version="any"/>
              <ToPointRef xmlns:xsi="http://www.w3.org/2001/XMLSchema-instance" xsi:type="ScheduledStopPointRefStructure" ref="CA_LA_ROCHELLE:ScheduledStopPoint:401_D65F3D9C8B1B4FF46C892F9E1D5BE66Ba1200101ScheduledScheduled:LOC" version="any"/>
            </RouteLink>
            <RouteLink version="any" id="CA_LA_ROCHELLE:RouteLink:401_D65F3D9C8B1B4FF46C892F9E1D5BE66B_Y38514_1200101_1100502_0:LOC">
              <Distance>0.0</Distance>
              <gis:LineString srsName="4326" srsDimension="2" gis:id="LS367187">
                <gis:posList count="4" srsDimension="2">46.155921936035156 -1.013100028038025 46.155921936035156 -1.013100028038025</gis:posList>
              </gis:LineString>
              <FromPointRef xmlns:xsi="http://www.w3.org/2001/XMLSchema-instance" xsi:type="ScheduledStopPointRefStructure" ref="CA_LA_ROCHELLE:ScheduledStopPoint:401_D65F3D9C8B1B4FF46C892F9E1D5BE66Ba1200101ScheduledScheduled:LOC" version="any"/>
              <ToPointRef xmlns:xsi="http://www.w3.org/2001/XMLSchema-instance" xsi:type="ScheduledStopPointRefStructure" ref="CA_LA_ROCHELLE:ScheduledStopPoint:401_D65F3D9C8B1B4FF46C892F9E1D5BE66Ba1100502ScheduledScheduled:LOC" version="any"/>
            </RouteLink>
            <RouteLink version="any" id="CA_LA_ROCHELLE:RouteLink:401_D65F3D9C8B1B4FF46C892F9E1D5BE66B_Y38514_1100502_1100402_0:LOC">
              <Distance>0.0</Distance>
              <gis:LineString srsName="4326" srsDimension="2" gis:id="LS367188">
                <gis:posList count="4" srsDimension="2">46.155921936035156 -1.013100028038025 46.155921936035156 -1.013100028038025</gis:posList>
              </gis:LineString>
              <FromPointRef xmlns:xsi="http://www.w3.org/2001/XMLSchema-instance" xsi:type="ScheduledStopPointRefStructure" ref="CA_LA_ROCHELLE:ScheduledStopPoint:401_D65F3D9C8B1B4FF46C892F9E1D5BE66Ba1100502ScheduledScheduled:LOC" version="any"/>
              <ToPointRef xmlns:xsi="http://www.w3.org/2001/XMLSchema-instance" xsi:type="ScheduledStopPointRefStructure" ref="CA_LA_ROCHELLE:ScheduledStopPoint:401_D65F3D9C8B1B4FF46C892F9E1D5BE66Ba1100402ScheduledScheduled:LOC" version="any"/>
            </RouteLink>
            <RouteLink version="any" id="CA_LA_ROCHELLE:RouteLink:401_D65F3D9C8B1B4FF46C892F9E1D5BE66B_Y38514_1100402_1650002_100:LOC">
              <Distance>18.038852594291917</Distance>
              <gis:LineString srsName="4326" srsDimension="2" gis:id="LS367189">
                <gis:posList count="4" srsDimension="2">46.155921936035156 -1.013100028038025 46.155826568603516 -1.0129690170288086</gis:posList>
              </gis:LineString>
              <FromPointRef xmlns:xsi="http://www.w3.org/2001/XMLSchema-instance" xsi:type="ScheduledStopPointRefStructure" ref="CA_LA_ROCHELLE:ScheduledStopPoint:401_D65F3D9C8B1B4FF46C892F9E1D5BE66Ba1100402ScheduledScheduled:LOC" version="any"/>
              <ToPointRef xmlns:xsi="http://www.w3.org/2001/XMLSchema-instance" xsi:type="ScheduledStopPointRefStructure" ref="CA_LA_ROCHELLE:ScheduledStopPoint:401_D65F3D9C8B1B4FF46C892F9E1D5BE66Ba1650002ScheduledScheduled_1:LOC" version="any"/>
            </RouteLink>
            <RouteLink version="any" id="CA_LA_ROCHELLE:RouteLink:401_2EF7CE9174065E94A0DF013DD86B3DC2_Y38515_1200101_1100502_0:LOC">
              <Distance>8861.207051806767</Distance>
              <gis:LineString srsName="4326" srsDimension="2" gis:id="LS367190">
                <gis:posList count="166" srsDimension="2">46.139007568359375 -1.0271879434585571 46.13924026489258 -1.0285500288009644 46.13949966430664 -1.0296900272369385 46.13972854614258 -1.030769944190979 46.140018463134766 -1.0320700407028198 46.140098571777344 -1.0324300527572632 46.14020919799805 -1.0326999425888062 46.14044952392578 -1.0333800315856934 46.14099884033203 -1.0346699953079224 46.14105987548828 -1.0348600149154663 46.14139938354492 -1.0356199741363525 46.14262008666992 -1.0383800268173218 46.14318084716797 -1.0396699905395508 46.143470764160156 -1.0402799844741821 46.14358139038086 -1.0404900312423706 46.14445114135742 -1.042140007019043 46.144691467285156 -1.0425200462341309 46.144920349121094 -1.042930006980896 46.14527893066406 -1.0435999631881714 46.14548110961914 -1.0439499616622925 46.145729064941406 -1.0444400310516357 46.146358489990234 -1.0457099676132202 46.146480560302734 -1.0459599494934082 46.146610260009766 -1.046280026435852 46.14725112915039 -1.0477299690246582 46.148311614990234 -1.0505399703979492 46.150150299072266 -1.055400013923645 46.151920318603516 -1.0603899955749512 46.152931213378906 -1.0629600286483765 46.153411865234375 -1.0642399787902832 46.15345001220703 -1.0642600059509277 46.153480529785156 -1.0642900466918945 46.15359115600586 -1.0644400119781494 46.153648376464844 -1.0644500255584717 46.15367889404297 -1.0644700527191162 46.15378952026367 -1.064389944076538 46.15388870239258 -1.0643500089645386 46.1539192199707 -1.0641800165176392 46.15385055541992 -1.063689947128296 46.15378952026367 -1.0634000301361084 46.15380096435547 -1.0631699562072754 46.15394973754883 -1.0623199939727783 46.154579162597656 -1.0595799684524536 46.154911041259766 -1.0580600500106812 46.15520095825195 -1.0559899806976318 46.155391693115234 -1.054460048675537 46.15550994873047 -1.0535000562667847 46.15571975708008 -1.0523799657821655 46.15589904785156 -1.0517100095748901 46.156471252441406 -1.050089955329895 46.15657043457031 -1.0497699975967407 46.15673065185547 -1.0491199493408203 46.1568603515625 -1.0486400127410889 46.15753173828125 -1.0468000173568726 46.15835189819336 -1.0445499420166016 46.15869140625 -1.0435700416564941 46.15938186645508 -1.0413299798965454 46.15953063964844 -1.0409899950027466 46.159881591796875 -1.0403399467468262 46.160240173339844 -1.0395300388336182 46.16033935546875 -1.0393199920654297 46.16046142578125 -1.0391099452972412 46.16059875488281 -1.0388799905776978 46.16075897216797 -1.0386699438095093 46.16130828857422 -1.038040041923523 46.161441802978516 -1.0378700494766235 46.16170120239258 -1.037500023841858 46.16178894042969 -1.0373300313949585 46.16250991821289 -1.0358099937438965 46.16265106201172 -1.0354700088500977 46.162689208984375 -1.035330057144165 46.16345977783203 -1.0329699516296387 46.1639404296875 -1.0314199924468994 46.16432189941406 -1.030329942703247 46.164859771728516 -1.0288399457931519 46.1649284362793 -1.0286500453948975 46.16495132446289 -1.028499960899353 46.16495132446289 -1.0283700227737427 46.164920806884766 -1.0282100439071655 46.164798736572266 -1.0278600454330444 46.16461944580078 -1.0274200439453125 46.1645622253418 -1.0273940563201904 46.1645622253418 -1.0273940563201904</gis:posList>
              </gis:LineString>
              <FromPointRef xmlns:xsi="http://www.w3.org/2001/XMLSchema-instance" xsi:type="ScheduledStopPointRefStructure" ref="CA_LA_ROCHELLE:ScheduledStopPoint:401_2EF7CE9174065E94A0DF013DD86B3DC2a1200101ScheduledScheduled:LOC" version="any"/>
              <ToPointRef xmlns:xsi="http://www.w3.org/2001/XMLSchema-instance" xsi:type="ScheduledStopPointRefStructure" ref="CA_LA_ROCHELLE:ScheduledStopPoint:401_2EF7CE9174065E94A0DF013DD86B3DC2a1100502ScheduledScheduled:LOC" version="any"/>
            </RouteLink>
            <RouteLink version="any" id="CA_LA_ROCHELLE:RouteLink:401_2EF7CE9174065E94A0DF013DD86B3DC2_Y38515_1100502_1100402_100:LOC">
              <Distance>688.7558933462386</Distance>
              <gis:LineString srsName="4326" srsDimension="2" gis:id="LS367191">
                <gis:posList count="20" srsDimension="2">46.1645622253418 -1.0273940563201904 46.16421890258789 -1.026550054550171 46.16400909423828 -1.0261399745941162 46.16374969482422 -1.0256799459457397 46.163490295410156 -1.0253299474716187 46.163150787353516 -1.024839997291565 46.16300964355469 -1.0245599746704102 46.16270065307617 -1.0237300395965576 46.162349700927734 -1.0225600004196167 46.162017822265625 -1.0217939615249634</gis:posList>
              </gis:LineString>
              <FromPointRef xmlns:xsi="http://www.w3.org/2001/XMLSchema-instance" xsi:type="ScheduledStopPointRefStructure" ref="CA_LA_ROCHELLE:ScheduledStopPoint:401_2EF7CE9174065E94A0DF013DD86B3DC2a1100502ScheduledScheduled:LOC" version="any"/>
              <ToPointRef xmlns:xsi="http://www.w3.org/2001/XMLSchema-instance" xsi:type="ScheduledStopPointRefStructure" ref="CA_LA_ROCHELLE:ScheduledStopPoint:401_2EF7CE9174065E94A0DF013DD86B3DC2a1100402ScheduledScheduled:LOC" version="any"/>
            </RouteLink>
            <RouteLink version="any" id="CA_LA_ROCHELLE:RouteLink:401_2EF7CE9174065E94A0DF013DD86B3DC2_Y38515_1100402_1650002_100:LOC">
              <Distance>1218.3269075507715</Distance>
              <gis:LineString srsName="4326" srsDimension="2" gis:id="LS367192">
                <gis:posList count="78" srsDimension="2">46.162017822265625 -1.0217939615249634 46.16176223754883 -1.0208990573883057 46.16165542602539 -1.0206069946289062 46.161598205566406 -1.0204650163650513 46.16153335571289 -1.0203369855880737 46.16145324707031 -1.0201900005340576 46.161373138427734 -1.0200550556182861 46.16094970703125 -1.0194629430770874 46.16073226928711 -1.0191580057144165 46.16053009033203 -1.018852949142456 46.16037368774414 -1.0186079740524292 46.16022491455078 -1.0183709859848022 46.159934997558594 -1.0178769826889038 46.159637451171875 -1.0174020528793335 46.15950012207031 -1.0171960592269897 46.159358978271484 -1.0169930458068848 46.15910720825195 -1.0166569948196411 46.15898513793945 -1.016487956047058 46.15885925292969 -1.0163300037384033 46.15876388549805 -1.0162229537963867 46.158668518066406 -1.0161290168762207 46.1584358215332 -1.0159319639205933 46.158199310302734 -1.0157439708709717 46.157833099365234 -1.0154470205307007 46.157447814941406 -1.0151209831237793 46.15730285644531 -1.0149550437927246 46.15713119506836 -1.0146900415420532 46.156898498535156 -1.0142600536346436 46.1567497253418 -1.0140249729156494 46.156620025634766 -1.0138269662857056 46.156490325927734 -1.0136430263519287 46.15637969970703 -1.0135170221328735 46.15626907348633 -1.0134170055389404 46.156166076660156 -1.013340950012207 46.156070709228516 -1.013280987739563 46.1560173034668 -1.0132449865341187 46.15596389770508 -1.0131850242614746 46.155921936035156 -1.013100028038025 46.155826568603516 -1.0129690170288086</gis:posList>
              </gis:LineString>
              <FromPointRef xmlns:xsi="http://www.w3.org/2001/XMLSchema-instance" xsi:type="ScheduledStopPointRefStructure" ref="CA_LA_ROCHELLE:ScheduledStopPoint:401_2EF7CE9174065E94A0DF013DD86B3DC2a1100402ScheduledScheduled:LOC" version="any"/>
              <ToPointRef xmlns:xsi="http://www.w3.org/2001/XMLSchema-instance" xsi:type="ScheduledStopPointRefStructure" ref="CA_LA_ROCHELLE:ScheduledStopPoint:401_2EF7CE9174065E94A0DF013DD86B3DC2a1650002ScheduledScheduled:LOC" version="any"/>
            </RouteLink>
            <RouteLink version="any" id="CA_LA_ROCHELLE:RouteLink:401_2EF7CE9174065E94A0DF013DD86B3DC2_Y38515_1650002_1650202_0:LOC">
              <Distance>890.1284698506348</Distance>
              <gis:LineString srsName="4326" srsDimension="2" gis:id="LS367193">
                <gis:posList count="32" srsDimension="2">46.155826568603516 -1.0129690170288086 46.15583038330078 -1.012760043144226 46.15570831298828 -1.0122400522232056 46.155418395996094 -1.0112299919128418 46.15510177612305 -1.010159969329834 46.154998779296875 -1.0097600221633911 46.15489959716797 -1.0092400312423706 46.154781341552734 -1.0089900493621826 46.154541015625 -1.0086400508880615 46.154388427734375 -1.0083500146865845 46.154380798339844 -1.008239984512329 46.154380798339844 -1.0074299573898315 46.154048919677734 -1.0074199438095093 46.152679443359375 -1.007390022277832 46.15218734741211 -1.0074189901351929 46.15218734741211 -1.0074189901351929</gis:posList>
              </gis:LineString>
              <FromPointRef xmlns:xsi="http://www.w3.org/2001/XMLSchema-instance" xsi:type="ScheduledStopPointRefStructure" ref="CA_LA_ROCHELLE:ScheduledStopPoint:401_2EF7CE9174065E94A0DF013DD86B3DC2a1650002ScheduledScheduled:LOC" version="any"/>
              <ToPointRef xmlns:xsi="http://www.w3.org/2001/XMLSchema-instance" xsi:type="ScheduledStopPointRefStructure" ref="CA_LA_ROCHELLE:ScheduledStopPoint:401_2EF7CE9174065E94A0DF013DD86B3DC2a1650202ScheduledScheduled:LOC" version="any"/>
            </RouteLink>
            <RouteLink version="any" id="CA_LA_ROCHELLE:RouteLink:401_2EF7CE9174065E94A0DF013DD86B3DC2_Y38515_1650202_1200001_100:LOC">
              <Distance>2530.460874227463</Distance>
              <gis:LineString srsName="4326" srsDimension="2" gis:id="LS367194">
                <gis:posList count="104" srsDimension="2">46.15218734741211 -1.0074189901351929 46.15203857421875 -1.007390022277832 46.15182876586914 -1.0074199438095093 46.15174865722656 -1.0074299573898315 46.15135955810547 -1.007580041885376 46.151039123535156 -1.007699966430664 46.15065002441406 -1.0078400373458862 46.15037155151367 -1.0079100131988525 46.150108337402344 -1.007949948310852 46.14957046508789 -1.0079599618911743 46.14931869506836 -1.0078999996185303 46.148231506347656 -1.0074399709701538 46.147979736328125 -1.007349967956543 46.14773941040039 -1.007290005683899 46.14741134643555 -1.0072499513626099 46.14719009399414 -1.0072400569915771 46.14603042602539 -1.0072100162506104 46.14556121826172 -1.0071699619293213 46.14533996582031 -1.0071899890899658 46.14508056640625 -1.0072599649429321 46.144779205322266 -1.0073299407958984 46.14421844482422 -1.0074199438095093 46.14392852783203 -1.0074000358581543 46.14352035522461 -1.0072699785232544 46.143280029296875 -1.0071699619293213 46.143131256103516 -1.007140040397644 46.142879486083984 -1.007159948348999 46.142608642578125 -1.0072499513626099 46.14189147949219 -1.0075700283050537 46.1415901184082 -1.007680058479309 46.1414794921875 -1.007680058479309 46.141048431396484 -1.0077199935913086 46.14091873168945 -1.0077400207519531 46.140689849853516 -1.0078200101852417 46.140159606933594 -1.0081299543380737 46.13978958129883 -1.0083500146865845 46.13859939575195 -1.0090399980545044 46.13800048828125 -1.0093799829483032 46.13793182373047 -1.0094000101089478 46.13779067993164 -1.0094000101089478 46.137489318847656 -1.009160041809082 46.137290954589844 -1.0090999603271484 46.135921478271484 -1.0091899633407593 46.13576889038086 -1.0093200206756592 46.13568878173828 -1.0094000101089478 46.13563919067383 -1.0095100402832031 46.1356201171875 -1.009559988975525 46.1356086730957 -1.0097600221633911 46.1356201171875 -1.0099200010299683 46.1357307434082 -1.0104600191116333 46.13587188720703 -1.011330008506775 46.13640213012695 -1.0145440101623535</gis:posList>
              </gis:LineString>
              <FromPointRef xmlns:xsi="http://www.w3.org/2001/XMLSchema-instance" xsi:type="ScheduledStopPointRefStructure" ref="CA_LA_ROCHELLE:ScheduledStopPoint:401_2EF7CE9174065E94A0DF013DD86B3DC2a1650202ScheduledScheduled:LOC" version="any"/>
              <ToPointRef xmlns:xsi="http://www.w3.org/2001/XMLSchema-instance" xsi:type="ScheduledStopPointRefStructure" ref="CA_LA_ROCHELLE:ScheduledStopPoint:401_2EF7CE9174065E94A0DF013DD86B3DC2a1200001ScheduledScheduled:LOC" version="any"/>
            </RouteLink>
            <RouteLink version="any" id="CA_LA_ROCHELLE:RouteLink:401_2EF7CE9174065E94A0DF013DD86B3DC2_Y38515_1200001_1200101_100:LOC">
              <Distance>1440.0887901462045</Distance>
              <gis:LineString srsName="4326" srsDimension="2" gis:id="LS367195">
                <gis:posList count="54" srsDimension="2">46.13640213012695 -1.0145440101623535 46.136600494384766 -1.0157920122146606 46.13680648803711 -1.017016053199768 46.13695526123047 -1.0179710388183594 46.13710403442383 -1.0189590454101562 46.13725662231445 -1.0197709798812866 46.13742446899414 -1.0205379724502563 46.137760162353516 -1.021806001663208 46.13789749145508 -1.022320032119751 46.13803482055664 -1.0228049755096436 46.138065338134766 -1.0228919982910156 46.138092041015625 -1.0229350328445435 46.13811111450195 -1.0229649543762207 46.138126373291016 -1.0230159759521484 46.138118743896484 -1.0230720043182373 46.13811492919922 -1.0231300592422485 46.138187408447266 -1.023408055305481 46.13835144042969 -1.0240730047225952 46.13850402832031 -1.0247620344161987 46.13868713378906 -1.0256329774856567 46.13886260986328 -1.0264999866485596 46.13888168334961 -1.026628017425537 46.138885498046875 -1.026708960533142 46.13893508911133 -1.0269839763641357 46.13895797729492 -1.0270190238952637 46.13898468017578 -1.0270930528640747 46.139007568359375 -1.0271879434585571</gis:posList>
              </gis:LineString>
              <FromPointRef xmlns:xsi="http://www.w3.org/2001/XMLSchema-instance" xsi:type="ScheduledStopPointRefStructure" ref="CA_LA_ROCHELLE:ScheduledStopPoint:401_2EF7CE9174065E94A0DF013DD86B3DC2a1200001ScheduledScheduled:LOC" version="any"/>
              <ToPointRef xmlns:xsi="http://www.w3.org/2001/XMLSchema-instance" xsi:type="ScheduledStopPointRefStructure" ref="CA_LA_ROCHELLE:ScheduledStopPoint:401_2EF7CE9174065E94A0DF013DD86B3DC2a1200101ScheduledScheduled_1:LOC" version="any"/>
            </RouteLink>
            <Route version="any" id="CA_LA_ROCHELLE:Route:401_D65F3D9C8B1B4FF46C892F9E1D5BE66B:LOC">
              <Name>Mairie de Montroy -> Mairie de Montroy</Name>
              <LineRef ref="CA_LA_ROCHELLE:Line:401:LOC"/>
              <DirectionType>outbound</DirectionType>
              <DirectionRef ref="CA_LA_ROCHELLE:Direction:401_D65F3D9C8B1B4FF46C892F9E1D5BE66B:LOC" version="any"/>
            </Route>
            <Route version="any" id="CA_LA_ROCHELLE:Route:401_2EF7CE9174065E94A0DF013DD86B3DC2:LOC">
              <Name>Mairie de Clavette -> Mairie de Clavette</Name>
              <LineRef ref="CA_LA_ROCHELLE:Line:401:LOC"/>
              <DirectionType>inbound</DirectionType>
              <DirectionRef ref="CA_LA_ROCHELLE:Direction:401_2EF7CE9174065E94A0DF013DD86B3DC2:LOC" version="any"/>
            </Route>
            <Direction version="any" id="CA_LA_ROCHELLE:Direction:401_D65F3D9C8B1B4FF46C892F9E1D5BE66B:LOC">
              <Name>Mairie de Montroy</Name>
            </Direction>
            <Direction version="any" id="CA_LA_ROCHELLE:Direction:401_2EF7CE9174065E94A0DF013DD86B3DC2:LOC">
              <Name>Mairie de Clavette</Name>
            </Direction>
            <ServiceJourneyPattern version="any" id="CA_LA_ROCHELLE:ServiceJourneyPattern:401_D65F3D9C8B1B4FF46C892F9E1D5BE66B:LOC">
              <Name>Montroy</Name>
              <RouteRef ref="CA_LA_ROCHELLE:Route:401_D65F3D9C8B1B4FF46C892F9E1D5BE66B:LOC" version="any"/>
              <DestinationDisplayRef ref="CA_LA_ROCHELLE:DestinationDisplay:401_D65F3D9C8B1B4FF46C892F9E1D5BE66B-401_D65F3D9C8B1B4FF46C892F9E1D5BE66Ba1650002ScheduledScheduled:LOC" version="any"/>
              <pointsInSequence>
                <StopPointInJourneyPattern order="1" version="any" id="CA_LA_ROCHELLE:StopPointInJourneyPattern:401_D65F3D9C8B1B4FF46C892F9E1D5BE66Ba1650002ScheduledScheduled:LOC">
                  <ScheduledStopPointRef ref="CA_LA_ROCHELLE:ScheduledStopPoint:401_D65F3D9C8B1B4FF46C892F9E1D5BE66Ba1650002ScheduledScheduled:LOC" version="any"/>
                  <ForAlighting>true</ForAlighting>
                  <ForBoarding>true</ForBoarding>
                  <RequestStop>false</RequestStop>
                </StopPointInJourneyPattern>
                <StopPointInJourneyPattern order="2" version="any" id="CA_LA_ROCHELLE:StopPointInJourneyPattern:401_D65F3D9C8B1B4FF46C892F9E1D5BE66Ba1650202ScheduledScheduled:LOC">
                  <ScheduledStopPointRef ref="CA_LA_ROCHELLE:ScheduledStopPoint:401_D65F3D9C8B1B4FF46C892F9E1D5BE66Ba1650202ScheduledScheduled:LOC" version="any"/>
                  <ForAlighting>true</ForAlighting>
                  <ForBoarding>true</ForBoarding>
                  <RequestStop>false</RequestStop>
                </StopPointInJourneyPattern>
                <StopPointInJourneyPattern order="3" version="any" id="CA_LA_ROCHELLE:StopPointInJourneyPattern:401_D65F3D9C8B1B4FF46C892F9E1D5BE66Ba1200001ScheduledScheduled:LOC">
                  <ScheduledStopPointRef ref="CA_LA_ROCHELLE:ScheduledStopPoint:401_D65F3D9C8B1B4FF46C892F9E1D5BE66Ba1200001ScheduledScheduled:LOC" version="any"/>
                  <ForAlighting>true</ForAlighting>
                  <ForBoarding>true</ForBoarding>
                  <RequestStop>false</RequestStop>
                </StopPointInJourneyPattern>
                <StopPointInJourneyPattern order="4" version="any" id="CA_LA_ROCHELLE:StopPointInJourneyPattern:401_D65F3D9C8B1B4FF46C892F9E1D5BE66Ba1200101ScheduledScheduled:LOC">
                  <ScheduledStopPointRef ref="CA_LA_ROCHELLE:ScheduledStopPoint:401_D65F3D9C8B1B4FF46C892F9E1D5BE66Ba1200101ScheduledScheduled:LOC" version="any"/>
                  <ForAlighting>true</ForAlighting>
                  <ForBoarding>true</ForBoarding>
                  <RequestStop>false</RequestStop>
                </StopPointInJourneyPattern>
                <StopPointInJourneyPattern order="5" version="any" id="CA_LA_ROCHELLE:StopPointInJourneyPattern:401_D65F3D9C8B1B4FF46C892F9E1D5BE66Ba1100502ScheduledScheduled:LOC">
                  <ScheduledStopPointRef ref="CA_LA_ROCHELLE:ScheduledStopPoint:401_D65F3D9C8B1B4FF46C892F9E1D5BE66Ba1100502ScheduledScheduled:LOC" version="any"/>
                  <ForAlighting>true</ForAlighting>
                  <ForBoarding>true</ForBoarding>
                  <RequestStop>false</RequestStop>
                </StopPointInJourneyPattern>
                <StopPointInJourneyPattern order="6" version="any" id="CA_LA_ROCHELLE:StopPointInJourneyPattern:401_D65F3D9C8B1B4FF46C892F9E1D5BE66Ba1100402ScheduledScheduled:LOC">
                  <ScheduledStopPointRef ref="CA_LA_ROCHELLE:ScheduledStopPoint:401_D65F3D9C8B1B4FF46C892F9E1D5BE66Ba1100402ScheduledScheduled:LOC" version="any"/>
                  <ForAlighting>true</ForAlighting>
                  <ForBoarding>true</ForBoarding>
                  <RequestStop>false</RequestStop>
                </StopPointInJourneyPattern>
                <StopPointInJourneyPattern order="7" version="any" id="CA_LA_ROCHELLE:StopPointInJourneyPattern:401_D65F3D9C8B1B4FF46C892F9E1D5BE66Ba1650002ScheduledScheduled_1:LOC">
                  <ScheduledStopPointRef ref="CA_LA_ROCHELLE:ScheduledStopPoint:401_D65F3D9C8B1B4FF46C892F9E1D5BE66Ba1650002ScheduledScheduled_1:LOC" version="any"/>
                  <ForAlighting>true</ForAlighting>
                  <ForBoarding>true</ForBoarding>
                  <RequestStop>false</RequestStop>
                </StopPointInJourneyPattern>
              </pointsInSequence>
              <ServiceJourneyPatternType>passenger</ServiceJourneyPatternType>
            </ServiceJourneyPattern>
            <ServiceJourneyPattern version="any" id="CA_LA_ROCHELLE:ServiceJourneyPattern:401_2EF7CE9174065E94A0DF013DD86B3DC2:LOC">
              <Name>Clavette</Name>
              <RouteRef ref="CA_LA_ROCHELLE:Route:401_2EF7CE9174065E94A0DF013DD86B3DC2:LOC" version="any"/>
              <DestinationDisplayRef ref="CA_LA_ROCHELLE:DestinationDisplay:401_2EF7CE9174065E94A0DF013DD86B3DC2-401_2EF7CE9174065E94A0DF013DD86B3DC2a1200101ScheduledScheduled:LOC" version="any"/>
              <pointsInSequence>
                <StopPointInJourneyPattern order="1" version="any" id="CA_LA_ROCHELLE:StopPointInJourneyPattern:401_2EF7CE9174065E94A0DF013DD86B3DC2a1200101ScheduledScheduled:LOC">
                  <ScheduledStopPointRef ref="CA_LA_ROCHELLE:ScheduledStopPoint:401_2EF7CE9174065E94A0DF013DD86B3DC2a1200101ScheduledScheduled:LOC" version="any"/>
                  <ForAlighting>true</ForAlighting>
                  <ForBoarding>true</ForBoarding>
                  <RequestStop>false</RequestStop>
                </StopPointInJourneyPattern>
                <StopPointInJourneyPattern order="2" version="any" id="CA_LA_ROCHELLE:StopPointInJourneyPattern:401_2EF7CE9174065E94A0DF013DD86B3DC2a1100502ScheduledScheduled:LOC">
                  <ScheduledStopPointRef ref="CA_LA_ROCHELLE:ScheduledStopPoint:401_2EF7CE9174065E94A0DF013DD86B3DC2a1100502ScheduledScheduled:LOC" version="any"/>
                  <ForAlighting>true</ForAlighting>
                  <ForBoarding>true</ForBoarding>
                  <RequestStop>false</RequestStop>
                </StopPointInJourneyPattern>
                <StopPointInJourneyPattern order="3" version="any" id="CA_LA_ROCHELLE:StopPointInJourneyPattern:401_2EF7CE9174065E94A0DF013DD86B3DC2a1100402ScheduledScheduled:LOC">
                  <ScheduledStopPointRef ref="CA_LA_ROCHELLE:ScheduledStopPoint:401_2EF7CE9174065E94A0DF013DD86B3DC2a1100402ScheduledScheduled:LOC" version="any"/>
                  <ForAlighting>true</ForAlighting>
                  <ForBoarding>true</ForBoarding>
                  <RequestStop>false</RequestStop>
                </StopPointInJourneyPattern>
                <StopPointInJourneyPattern order="4" version="any" id="CA_LA_ROCHELLE:StopPointInJourneyPattern:401_2EF7CE9174065E94A0DF013DD86B3DC2a1650002ScheduledScheduled:LOC">
                  <ScheduledStopPointRef ref="CA_LA_ROCHELLE:ScheduledStopPoint:401_2EF7CE9174065E94A0DF013DD86B3DC2a1650002ScheduledScheduled:LOC" version="any"/>
                  <ForAlighting>true</ForAlighting>
                  <ForBoarding>true</ForBoarding>
                  <RequestStop>false</RequestStop>
                </StopPointInJourneyPattern>
                <StopPointInJourneyPattern order="5" version="any" id="CA_LA_ROCHELLE:StopPointInJourneyPattern:401_2EF7CE9174065E94A0DF013DD86B3DC2a1650202ScheduledScheduled:LOC">
                  <ScheduledStopPointRef ref="CA_LA_ROCHELLE:ScheduledStopPoint:401_2EF7CE9174065E94A0DF013DD86B3DC2a1650202ScheduledScheduled:LOC" version="any"/>
                  <ForAlighting>true</ForAlighting>
                  <ForBoarding>true</ForBoarding>
                  <RequestStop>false</RequestStop>
                </StopPointInJourneyPattern>
                <StopPointInJourneyPattern order="6" version="any" id="CA_LA_ROCHELLE:StopPointInJourneyPattern:401_2EF7CE9174065E94A0DF013DD86B3DC2a1200001ScheduledScheduled:LOC">
                  <ScheduledStopPointRef ref="CA_LA_ROCHELLE:ScheduledStopPoint:401_2EF7CE9174065E94A0DF013DD86B3DC2a1200001ScheduledScheduled:LOC" version="any"/>
                  <ForAlighting>true</ForAlighting>
                  <ForBoarding>true</ForBoarding>
                  <RequestStop>false</RequestStop>
                </StopPointInJourneyPattern>
                <StopPointInJourneyPattern order="7" version="any" id="CA_LA_ROCHELLE:StopPointInJourneyPattern:401_2EF7CE9174065E94A0DF013DD86B3DC2a1200101ScheduledScheduled_1:LOC">
                  <ScheduledStopPointRef ref="CA_LA_ROCHELLE:ScheduledStopPoint:401_2EF7CE9174065E94A0DF013DD86B3DC2a1200101ScheduledScheduled_1:LOC" version="any"/>
                  <ForAlighting>true</ForAlighting>
                  <ForBoarding>true</ForBoarding>
                  <RequestStop>false</RequestStop>
                </StopPointInJourneyPattern>
              </pointsInSequence>
              <ServiceJourneyPatternType>passenger</ServiceJourneyPatternType>
            </ServiceJourneyPattern>
            <ScheduledStopPoint version="any" id="CA_LA_ROCHELLE:ScheduledStopPoint:401_2EF7CE9174065E94A0DF013DD86B3DC2a1100502ScheduledScheduled:LOC">
              <Location>
                <Longitude>-1.027394</Longitude>
                <Latitude>46.164561</Latitude>
              </Location>
            </ScheduledStopPoint>
            <ScheduledStopPoint version="any" id="CA_LA_ROCHELLE:ScheduledStopPoint:401_2EF7CE9174065E94A0DF013DD86B3DC2a1650002ScheduledScheduled:LOC">
              <Location>
                <Longitude>-1.012969</Longitude>
                <Latitude>46.155827</Latitude>
              </Location>
            </ScheduledStopPoint>
            <ScheduledStopPoint version="any" id="CA_LA_ROCHELLE:ScheduledStopPoint:401_2EF7CE9174065E94A0DF013DD86B3DC2a1200101ScheduledScheduled:LOC">
              <Location>
                <Longitude>-1.027188</Longitude>
                <Latitude>46.139008</Latitude>
              </Location>
            </ScheduledStopPoint>
            <ScheduledStopPoint version="any" id="CA_LA_ROCHELLE:ScheduledStopPoint:401_D65F3D9C8B1B4FF46C892F9E1D5BE66Ba1650002ScheduledScheduled:LOC">
              <Location>
                <Longitude>-1.012969</Longitude>
                <Latitude>46.155827</Latitude>
              </Location>
            </ScheduledStopPoint>
            <ScheduledStopPoint version="any" id="CA_LA_ROCHELLE:ScheduledStopPoint:401_D65F3D9C8B1B4FF46C892F9E1D5BE66Ba1100402ScheduledScheduled:LOC">
              <Location>
                <Longitude>-1.021794</Longitude>
                <Latitude>46.162019</Latitude>
              </Location>
            </ScheduledStopPoint>
            <ScheduledStopPoint version="any" id="CA_LA_ROCHELLE:ScheduledStopPoint:401_2EF7CE9174065E94A0DF013DD86B3DC2a1650202ScheduledScheduled:LOC">
              <Location>
                <Longitude>-1.007419</Longitude>
                <Latitude>46.152186</Latitude>
              </Location>
            </ScheduledStopPoint>
            <ScheduledStopPoint version="any" id="CA_LA_ROCHELLE:ScheduledStopPoint:401_D65F3D9C8B1B4FF46C892F9E1D5BE66Ba1200001ScheduledScheduled:LOC">
              <Location>
                <Longitude>-1.014544</Longitude>
                <Latitude>46.136402</Latitude>
              </Location>
            </ScheduledStopPoint>
            <ScheduledStopPoint version="any" id="CA_LA_ROCHELLE:ScheduledStopPoint:401_D65F3D9C8B1B4FF46C892F9E1D5BE66Ba1650002ScheduledScheduled_1:LOC">
              <Location>
                <Longitude>-1.012969</Longitude>
                <Latitude>46.155827</Latitude>
              </Location>
            </ScheduledStopPoint>
            <ScheduledStopPoint version="any" id="CA_LA_ROCHELLE:ScheduledStopPoint:401_2EF7CE9174065E94A0DF013DD86B3DC2a1200101ScheduledScheduled_1:LOC">
              <Location>
                <Longitude>-1.027188</Longitude>
                <Latitude>46.139008</Latitude>
              </Location>
            </ScheduledStopPoint>
            <ScheduledStopPoint version="any" id="CA_LA_ROCHELLE:ScheduledStopPoint:401_2EF7CE9174065E94A0DF013DD86B3DC2a1200001ScheduledScheduled:LOC">
              <Location>
                <Longitude>-1.014544</Longitude>
                <Latitude>46.136402</Latitude>
              </Location>
            </ScheduledStopPoint>
            <ScheduledStopPoint version="any" id="CA_LA_ROCHELLE:ScheduledStopPoint:401_D65F3D9C8B1B4FF46C892F9E1D5BE66Ba1100502ScheduledScheduled:LOC">
              <Location>
                <Longitude>-1.027394</Longitude>
                <Latitude>46.164561</Latitude>
              </Location>
            </ScheduledStopPoint>
            <ScheduledStopPoint version="any" id="CA_LA_ROCHELLE:ScheduledStopPoint:401_D65F3D9C8B1B4FF46C892F9E1D5BE66Ba1200101ScheduledScheduled:LOC">
              <Location>
                <Longitude>-1.027188</Longitude>
                <Latitude>46.139008</Latitude>
              </Location>
            </ScheduledStopPoint>
            <ScheduledStopPoint version="any" id="CA_LA_ROCHELLE:ScheduledStopPoint:401_2EF7CE9174065E94A0DF013DD86B3DC2a1100402ScheduledScheduled:LOC">
              <Location>
                <Longitude>-1.021794</Longitude>
                <Latitude>46.162019</Latitude>
              </Location>
            </ScheduledStopPoint>
            <ScheduledStopPoint version="any" id="CA_LA_ROCHELLE:ScheduledStopPoint:401_D65F3D9C8B1B4FF46C892F9E1D5BE66Ba1650202ScheduledScheduled:LOC">
              <Location>
                <Longitude>-1.007419</Longitude>
                <Latitude>46.152186</Latitude>
              </Location>
            </ScheduledStopPoint>
            <PassengerStopAssignment order="0" version="any" id="CA_LA_ROCHELLE:PassengerStopAssignment:401_2EF7CE9174065E94A0DF013DD86B3DC2a1200001ScheduledScheduled:LOC">
              <ScheduledStopPointRef ref="CA_LA_ROCHELLE:ScheduledStopPoint:401_2EF7CE9174065E94A0DF013DD86B3DC2a1200001ScheduledScheduled:LOC" version="any"/>
              <QuayRef ref="MOBIITI:Quay:114150" versionRef="any"/>
            </PassengerStopAssignment>
            <PassengerStopAssignment order="0" version="any" id="CA_LA_ROCHELLE:PassengerStopAssignment:401_D65F3D9C8B1B4FF46C892F9E1D5BE66Ba1100402ScheduledScheduled:LOC">
              <ScheduledStopPointRef ref="CA_LA_ROCHELLE:ScheduledStopPoint:401_D65F3D9C8B1B4FF46C892F9E1D5BE66Ba1100402ScheduledScheduled:LOC" version="any"/>
              <QuayRef ref="MOBIITI:Quay:114124" versionRef="any"/>
            </PassengerStopAssignment>
            <PassengerStopAssignment order="0" version="any" id="CA_LA_ROCHELLE:PassengerStopAssignment:401_2EF7CE9174065E94A0DF013DD86B3DC2a1650202ScheduledScheduled:LOC">
              <ScheduledStopPointRef ref="CA_LA_ROCHELLE:ScheduledStopPoint:401_2EF7CE9174065E94A0DF013DD86B3DC2a1650202ScheduledScheduled:LOC" version="any"/>
              <QuayRef ref="MOBIITI:Quay:114499" versionRef="any"/>
            </PassengerStopAssignment>
            <PassengerStopAssignment order="0" version="any" id="CA_LA_ROCHELLE:PassengerStopAssignment:401_2EF7CE9174065E94A0DF013DD86B3DC2a1100402ScheduledScheduled:LOC">
              <ScheduledStopPointRef ref="CA_LA_ROCHELLE:ScheduledStopPoint:401_2EF7CE9174065E94A0DF013DD86B3DC2a1100402ScheduledScheduled:LOC" version="any"/>
              <QuayRef ref="MOBIITI:Quay:114124" versionRef="any"/>
            </PassengerStopAssignment>
            <PassengerStopAssignment order="0" version="any" id="CA_LA_ROCHELLE:PassengerStopAssignment:401_D65F3D9C8B1B4FF46C892F9E1D5BE66Ba1200001ScheduledScheduled:LOC">
              <ScheduledStopPointRef ref="CA_LA_ROCHELLE:ScheduledStopPoint:401_D65F3D9C8B1B4FF46C892F9E1D5BE66Ba1200001ScheduledScheduled:LOC" version="any"/>
              <QuayRef ref="MOBIITI:Quay:114150" versionRef="any"/>
            </PassengerStopAssignment>
            <PassengerStopAssignment order="0" version="any" id="CA_LA_ROCHELLE:PassengerStopAssignment:401_2EF7CE9174065E94A0DF013DD86B3DC2a1650002ScheduledScheduled:LOC">
              <ScheduledStopPointRef ref="CA_LA_ROCHELLE:ScheduledStopPoint:401_2EF7CE9174065E94A0DF013DD86B3DC2a1650002ScheduledScheduled:LOC" version="any"/>
              <QuayRef ref="MOBIITI:Quay:114134" versionRef="any"/>
            </PassengerStopAssignment>
            <PassengerStopAssignment order="0" version="any" id="CA_LA_ROCHELLE:PassengerStopAssignment:401_D65F3D9C8B1B4FF46C892F9E1D5BE66Ba1200101ScheduledScheduled:LOC">
              <ScheduledStopPointRef ref="CA_LA_ROCHELLE:ScheduledStopPoint:401_D65F3D9C8B1B4FF46C892F9E1D5BE66Ba1200101ScheduledScheduled:LOC" version="any"/>
              <QuayRef ref="MOBIITI:Quay:114161" versionRef="any"/>
            </PassengerStopAssignment>
            <PassengerStopAssignment order="0" version="any" id="CA_LA_ROCHELLE:PassengerStopAssignment:401_2EF7CE9174065E94A0DF013DD86B3DC2a1200101ScheduledScheduled:LOC">
              <ScheduledStopPointRef ref="CA_LA_ROCHELLE:ScheduledStopPoint:401_2EF7CE9174065E94A0DF013DD86B3DC2a1200101ScheduledScheduled:LOC" version="any"/>
              <QuayRef ref="MOBIITI:Quay:114161" versionRef="any"/>
            </PassengerStopAssignment>
            <PassengerStopAssignment order="0" version="any" id="CA_LA_ROCHELLE:PassengerStopAssignment:401_D65F3D9C8B1B4FF46C892F9E1D5BE66Ba1100502ScheduledScheduled:LOC">
              <ScheduledStopPointRef ref="CA_LA_ROCHELLE:ScheduledStopPoint:401_D65F3D9C8B1B4FF46C892F9E1D5BE66Ba1100502ScheduledScheduled:LOC" version="any"/>
              <QuayRef ref="MOBIITI:Quay:114492" versionRef="any"/>
            </PassengerStopAssignment>
            <PassengerStopAssignment order="0" version="any" id="CA_LA_ROCHELLE:PassengerStopAssignment:401_2EF7CE9174065E94A0DF013DD86B3DC2a1100502ScheduledScheduled:LOC">
              <ScheduledStopPointRef ref="CA_LA_ROCHELLE:ScheduledStopPoint:401_2EF7CE9174065E94A0DF013DD86B3DC2a1100502ScheduledScheduled:LOC" version="any"/>
              <QuayRef ref="MOBIITI:Quay:114492" versionRef="any"/>
            </PassengerStopAssignment>
            <PassengerStopAssignment order="0" version="any" id="CA_LA_ROCHELLE:PassengerStopAssignment:401_D65F3D9C8B1B4FF46C892F9E1D5BE66Ba1650202ScheduledScheduled:LOC">
              <ScheduledStopPointRef ref="CA_LA_ROCHELLE:ScheduledStopPoint:401_D65F3D9C8B1B4FF46C892F9E1D5BE66Ba1650202ScheduledScheduled:LOC" version="any"/>
              <QuayRef ref="MOBIITI:Quay:114499" versionRef="any"/>
            </PassengerStopAssignment>
            <PassengerStopAssignment order="0" version="any" id="CA_LA_ROCHELLE:PassengerStopAssignment:401_D65F3D9C8B1B4FF46C892F9E1D5BE66Ba1650002ScheduledScheduled:LOC">
              <ScheduledStopPointRef ref="CA_LA_ROCHELLE:ScheduledStopPoint:401_D65F3D9C8B1B4FF46C892F9E1D5BE66Ba1650002ScheduledScheduled:LOC" version="any"/>
              <QuayRef ref="MOBIITI:Quay:114134" versionRef="any"/>
            </PassengerStopAssignment>
            <PassengerStopAssignment order="0" version="any" id="CA_LA_ROCHELLE:PassengerStopAssignment:401_2EF7CE9174065E94A0DF013DD86B3DC2a1200101ScheduledScheduled_1:LOC">
              <ScheduledStopPointRef ref="CA_LA_ROCHELLE:ScheduledStopPoint:401_2EF7CE9174065E94A0DF013DD86B3DC2a1200101ScheduledScheduled_1:LOC" version="any"/>
              <QuayRef ref="MOBIITI:Quay:114161" versionRef="any"/>
            </PassengerStopAssignment>
            <PassengerStopAssignment order="0" version="any" id="CA_LA_ROCHELLE:PassengerStopAssignment:401_D65F3D9C8B1B4FF46C892F9E1D5BE66Ba1650002ScheduledScheduled_1:LOC">
              <ScheduledStopPointRef ref="CA_LA_ROCHELLE:ScheduledStopPoint:401_D65F3D9C8B1B4FF46C892F9E1D5BE66Ba1650002ScheduledScheduled_1:LOC" version="any"/>
              <QuayRef ref="MOBIITI:Quay:114134" versionRef="any"/>
            </PassengerStopAssignment>
            <DestinationDisplay version="any" id="CA_LA_ROCHELLE:DestinationDisplay:401_D65F3D9C8B1B4FF46C892F9E1D5BE66B-401_D65F3D9C8B1B4FF46C892F9E1D5BE66Ba1650002ScheduledScheduled:LOC">
              <FrontText>Mairie de Montroy</FrontText>
            </DestinationDisplay>
            <DestinationDisplay version="any" id="CA_LA_ROCHELLE:DestinationDisplay:401_2EF7CE9174065E94A0DF013DD86B3DC2-401_2EF7CE9174065E94A0DF013DD86B3DC2a1200101ScheduledScheduled:LOC">
              <FrontText>Mairie de Clavette</FrontText>
            </DestinationDisplay>
          </members>
        </GeneralFrame>
        <GeneralFrame version="any" id="CA_LA_ROCHELLE:NETEX_HORAIRE-20250902150647Z:LOC">
          <TypeOfFrameRef ref="FR:TypeOfFrame:NETEX_HORAIRE:">version="1.1:FR-NETEX_HORAIRE-2.2"</TypeOfFrameRef>
          <members>
            <ServiceJourney version="any" id="CA_LA_ROCHELLE:ServiceJourney:C3361424:LOC">
              <Name>Montroy</Name>
              <AccessibilityAssessment version="any" id="CA_LA_ROCHELLE:AccessibilityAssessment:GTFS_2370119:LOC">
                <MobilityImpairedAccess>false</MobilityImpairedAccess>
                <limitations>
                  <AccessibilityLimitation version="any" id="CA_LA_ROCHELLE:AccessibilityLimitation:GTFS_2370119:LOC">
                    <WheelchairAccess>false</WheelchairAccess>
                  </AccessibilityLimitation>
                </limitations>
              </AccessibilityAssessment>
              <dayTypes>
                <DayTypeRef ref="CA_LA_ROCHELLE:DayType:Y3:LOC" versionRef="any"/>
              </dayTypes>
              <JourneyPatternRef ref="CA_LA_ROCHELLE:ServiceJourneyPattern:401_D65F3D9C8B1B4FF46C892F9E1D5BE66B:LOC" version="any"/>
              <passingTimes>
                <TimetabledPassingTime version="any">
                  <ArrivalTime>08:30:00</ArrivalTime>
                  <DepartureTime>08:30:00</DepartureTime>
                </TimetabledPassingTime>
                <TimetabledPassingTime version="any">
                  <ArrivalTime>08:31:09</ArrivalTime>
                  <DepartureTime>08:31:09</DepartureTime>
                </TimetabledPassingTime>
                <TimetabledPassingTime version="any">
                  <ArrivalTime>08:35:00</ArrivalTime>
                  <DepartureTime>08:35:00</DepartureTime>
                </TimetabledPassingTime>
                <TimetabledPassingTime version="any">
                  <ArrivalTime>08:40:00</ArrivalTime>
                  <DepartureTime>08:40:00</DepartureTime>
                </TimetabledPassingTime>
                <TimetabledPassingTime version="any">
                  <ArrivalTime>08:48:00</ArrivalTime>
                  <DepartureTime>08:48:00</DepartureTime>
                </TimetabledPassingTime>
                <TimetabledPassingTime version="any">
                  <ArrivalTime>08:50:00</ArrivalTime>
                  <DepartureTime>08:50:00</DepartureTime>
                </TimetabledPassingTime>
                <TimetabledPassingTime version="any">
                  <ArrivalTime>08:55:00</ArrivalTime>
                  <DepartureTime>08:55:00</DepartureTime>
                </TimetabledPassingTime>
              </passingTimes>
              <facilities>
                <ServiceFacilitySet version="any" id="CA_LA_ROCHELLE:ServiceFacilitySet:C3361424">
                  <LuggageCarriageFacilityList>noCycles</LuggageCarriageFacilityList>
                </ServiceFacilitySet>
              </facilities>
            </ServiceJourney>
            <ServiceJourney version="any" id="CA_LA_ROCHELLE:ServiceJourney:C3361425:LOC">
              <Name>Clavette</Name>
              <AccessibilityAssessment version="any" id="CA_LA_ROCHELLE:AccessibilityAssessment:GTFS_2370120:LOC">
                <MobilityImpairedAccess>false</MobilityImpairedAccess>
                <limitations>
                  <AccessibilityLimitation version="any" id="CA_LA_ROCHELLE:AccessibilityLimitation:GTFS_2370120:LOC">
                    <WheelchairAccess>false</WheelchairAccess>
                  </AccessibilityLimitation>
                </limitations>
              </AccessibilityAssessment>
              <dayTypes>
                <DayTypeRef ref="CA_LA_ROCHELLE:DayType:Y3:LOC" versionRef="any"/>
              </dayTypes>
              <JourneyPatternRef ref="CA_LA_ROCHELLE:ServiceJourneyPattern:401_2EF7CE9174065E94A0DF013DD86B3DC2:LOC" version="any"/>
              <passingTimes>
                <TimetabledPassingTime version="any">
                  <ArrivalTime>16:30:00</ArrivalTime>
                  <DepartureTime>16:30:00</DepartureTime>
                </TimetabledPassingTime>
                <TimetabledPassingTime version="any">
                  <ArrivalTime>16:34:37</ArrivalTime>
                  <DepartureTime>16:34:37</DepartureTime>
                </TimetabledPassingTime>
                <TimetabledPassingTime version="any">
                  <ArrivalTime>16:35:00</ArrivalTime>
                  <DepartureTime>16:35:00</DepartureTime>
                </TimetabledPassingTime>
                <TimetabledPassingTime version="any">
                  <ArrivalTime>16:40:00</ArrivalTime>
                  <DepartureTime>16:40:00</DepartureTime>
                </TimetabledPassingTime>
                <TimetabledPassingTime version="any">
                  <ArrivalTime>16:47:00</ArrivalTime>
                  <DepartureTime>16:47:00</DepartureTime>
                </TimetabledPassingTime>
                <TimetabledPassingTime version="any">
                  <ArrivalTime>16:50:00</ArrivalTime>
                  <DepartureTime>16:50:00</DepartureTime>
                </TimetabledPassingTime>
                <TimetabledPassingTime version="any">
                  <ArrivalTime>16:55:00</ArrivalTime>
                  <DepartureTime>16:55:00</DepartureTime>
                </TimetabledPassingTime>
              </passingTimes>
              <facilities>
                <ServiceFacilitySet version="any" id="CA_LA_ROCHELLE:ServiceFacilitySet:C3361425">
                  <LuggageCarriageFacilityList>noCycles</LuggageCarriageFacilityList>
                </ServiceFacilitySet>
              </facilities>
            </ServiceJourney>
          </members>
        </GeneralFrame>
      </frames>
    </CompositeFrame>
  </dataObjects>
</PublicationDelivery>