<?xml version="1.0" encoding="utf-8"?>
<Siri xmlns:xsi="http://www.w3.org/2001/XMLSchema-instance" xmlns:xsd="http://www.w3.org/2001/XMLSchema" xmlns="http://www.siri.org.uk/siri">
  <ServiceDelivery>
    <ResponseTimestamp>2025-09-05T16:13:17.9654949+02:00</ResponseTimestamp>
    <ProducerRef>CITYWAY</ProducerRef>
    <StopMonitoringDelivery version="2.0">
      <ResponseTimestamp>2025-09-05T16:13:17.9654963+02:00</ResponseTimestamp>
      <MonitoredStopVisit>
        <RecordedAtTime>2025-09-05T16:04:17</RecordedAtTime>
        <ItemIdentifier>638926855979651998</ItemIdentifier>
        <MonitoringRef>LEBUS:StopPoint:BP:BRSCB3:LOC</MonitoringRef>
        <MonitoredVehicleJourney>
          <LineRef>LEBUS:Line:1:LOC</LineRef>
          <DirectionRef>retour</DirectionRef>
          <FramedVehicleJourneyRef>
            <DataFrameRef>2025-09-05</DataFrameRef>
            <DatedVehicleJourneyRef>LEBUS:VehicleJourney:1088:LOC</DatedVehicleJourneyRef>
          </FramedVehicleJourneyRef>
          <JourneyPatternRef>LEBUS:JourneyPattern:15:LOC</JourneyPatternRef>
          <VehicleMode>BUS</VehicleMode>
          <OperatorRef>LEBUS</OperatorRef>
          <DestinationRef>LEBUS:StopPoint:BP:FZJCA3:LOC</DestinationRef>
          <DestinationName xml:lang="FR">FITZ-JAMES Centre Aquatiqu via BREUIL-LE-SEC Boulloirs </DestinationName>
          <Monitored>true</Monitored>
          <Delay>PT0S</Delay>
          <MonitoredCall>
            <StopPointRef>LEBUS:StopPoint:BP:BRSCB3:LOC</StopPointRef>
            <Order>1</Order>
            <StopPointName xml:lang="FR">BREUIL-LE-SEC - Croix Blanche</StopPointName>
            <AimedDepartureTime>2025-09-05T16:31:00</AimedDepartureTime>
            <ExpectedDepartureTime>2025-09-05T16:31:00+02:00</ExpectedDepartureTime>
            <DepartureStatus>onTime</DepartureStatus>
          </MonitoredCall>
        </MonitoredVehicleJourney>
      </MonitoredStopVisit>
      <MonitoredStopVisit>
        <RecordedAtTime>2025-09-05T16:04:17</RecordedAtTime>
        <ItemIdentifier>638926855979651999</ItemIdentifier>
        <MonitoringRef>LEBUS:StopPoint:BP:BRSGB3:LOC</MonitoringRef>
        <MonitoredVehicleJourney>
          <LineRef>LEBUS:Line:1:LOC</LineRef>
          <DirectionRef>retour</DirectionRef>
          <FramedVehicleJourneyRef>
            <DataFrameRef>2025-09-05</DataFrameRef>
            <DatedVehicleJourneyRef>LEBUS:VehicleJourney:1088:LOC</DatedVehicleJourneyRef>
          </FramedVehicleJourneyRef>
          <JourneyPatternRef>LEBUS:JourneyPattern:15:LOC</JourneyPatternRef>
          <VehicleMode>BUS</VehicleMode>
          <OperatorRef>LEBUS</OperatorRef>
          <DestinationRef>LEBUS:StopPoint:BP:FZJCA3:LOC</DestinationRef>
          <DestinationName xml:lang="FR">FITZ-JAMES Centre Aquatiqu via FITZ-JAMES CHI</DestinationName>
          <Monitored>true</Monitored>
          <Delay>PT0S</Delay>
          <MonitoredCall>
            <StopPointRef>LEBUS:StopPoint:BP:BRSGB3:LOC</StopPointRef>
            <Order>7</Order>
            <StopPointName xml:lang="FR">BREUIL-LE-SEC - Guy Boulet</StopPointName>
            <AimedArrivalTime>2025-09-05T16:38:00+02:00</AimedArrivalTime>
            <ExpectedArrivalTime>2025-09-05T16:38:00+02:00</ExpectedArrivalTime>
            <AimedDepartureTime>2025-09-05T16:38:00</AimedDepartureTime>
            <ExpectedDepartureTime>2025-09-05T16:38:00+02:00</ExpectedDepartureTime>
            <DepartureStatus>onTime</DepartureStatus>
          </MonitoredCall>
        </MonitoredVehicleJourney>
      </MonitoredStopVisit>
      <MonitoredStopVisit>
        <RecordedAtTime>2025-09-05T16:04:17</RecordedAtTime>
        <ItemIdentifier>638926855979652000</ItemIdentifier>
        <MonitoringRef>LEBUS:StopPoint:BP:CLMPP3:LOC</MonitoringRef>
        <MonitoredVehicleJourney>
          <LineRef>LEBUS:Line:1:LOC</LineRef>
          <DirectionRef>retour</DirectionRef>
          <FramedVehicleJourneyRef>
            <DataFrameRef>2025-09-05</DataFrameRef>
            <DatedVehicleJourneyRef>LEBUS:VehicleJourney:1088:LOC</DatedVehicleJourneyRef>
          </FramedVehicleJourneyRef>
          <JourneyPatternRef>LEBUS:JourneyPattern:15:LOC</JourneyPatternRef>
          <VehicleMode>BUS</VehicleMode>
          <OperatorRef>LEBUS</OperatorRef>
          <DestinationRef>LEBUS:StopPoint:BP:FZJCA3:LOC</DestinationRef>
          <DestinationName xml:lang="FR">FITZ-JAMES Centre Aquatiqu via CLERMONT Gare</DestinationName>
          <Monitored>true</Monitored>
          <Delay>PT0S</Delay>
          <MonitoredCall>
            <StopPointRef>LEBUS:StopPoint:BP:CLMPP3:LOC</StopPointRef>
            <Order>9</Order>
            <StopPointName xml:lang="FR">CLERMONT - Pont De Pierre</StopPointName>
            <AimedArrivalTime>2025-09-05T16:44:00+02:00</AimedArrivalTime>
            <ExpectedArrivalTime>2025-09-05T16:44:00+02:00</ExpectedArrivalTime>
            <AimedDepartureTime>2025-09-05T16:44:00</AimedDepartureTime>
            <ExpectedDepartureTime>2025-09-05T16:44:00+02:00</ExpectedDepartureTime>
            <DepartureStatus>onTime</DepartureStatus>
          </MonitoredCall>
        </MonitoredVehicleJourney>
      </MonitoredStopVisit>
      <MonitoredStopVisit>
        <RecordedAtTime>2025-09-05T16:04:17</RecordedAtTime>
        <ItemIdentifier>638926855979652001</ItemIdentifier>
        <MonitoringRef>LEBUS:StopPoint:BP:FJVOL1:LOC</MonitoringRef>
        <MonitoredVehicleJourney>
          <LineRef>LEBUS:Line:1:LOC</LineRef>
          <DirectionRef>retour</DirectionRef>
          <FramedVehicleJourneyRef>
            <DataFrameRef>2025-09-05</DataFrameRef>
            <DatedVehicleJourneyRef>LEBUS:VehicleJourney:1088:LOC</DatedVehicleJourneyRef>
          </FramedVehicleJourneyRef>
          <JourneyPatternRef>LEBUS:JourneyPattern:15:LOC</JourneyPatternRef>
          <VehicleMode>BUS</VehicleMode>
          <OperatorRef>LEBUS</OperatorRef>
          <DestinationRef>LEBUS:StopPoint:BP:FZJCA3:LOC</DestinationRef>
          <DestinationName xml:lang="FR">FITZ-JAMES Centre Aquatiqu via FITZ-JAMES Rue Du Grand Air</DestinationName>
          <Monitored>true</Monitored>
          <Delay>PT0S</Delay>
          <MonitoredCall>
            <StopPointRef>LEBUS:StopPoint:BP:FJVOL1:LOC</StopPointRef>
            <Order>16</Order>
            <StopPointName xml:lang="FR">FITZ-JAMES - Voltaire</StopPointName>
            <AimedArrivalTime>2025-09-05T17:01:00+02:00</AimedArrivalTime>
            <ExpectedArrivalTime>2025-09-05T17:01:00+02:00</ExpectedArrivalTime>
            <AimedDepartureTime>2025-09-05T17:01:00</AimedDepartureTime>
            <ExpectedDepartureTime>2025-09-05T17:01:00+02:00</ExpectedDepartureTime>
            <DepartureStatus>onTime</DepartureStatus>
          </MonitoredCall>
        </MonitoredVehicleJourney>
      </MonitoredStopVisit>
      <MonitoredStopVisit>
        <RecordedAtTime>2025-09-05T16:05:12</RecordedAtTime>
        <ItemIdentifier>638926855979652002</ItemIdentifier>
        <MonitoringRef>LEBUS:StopPoint:BP:FZJMA3:LOC</MonitoringRef>
        <MonitoredVehicleJourney>
          <LineRef>LEBUS:Line:1:LOC</LineRef>
          <DirectionRef>retour</DirectionRef>
          <FramedVehicleJourneyRef>
            <DataFrameRef>2025-09-05</DataFrameRef>
            <DatedVehicleJourneyRef>LEBUS:VehicleJourney:1088:LOC</DatedVehicleJourneyRef>
          </FramedVehicleJourneyRef>
          <JourneyPatternRef>LEBUS:JourneyPattern:15:LOC</JourneyPatternRef>
          <VehicleMode>BUS</VehicleMode>
          <OperatorRef>LEBUS</OperatorRef>
          <DestinationRef>LEBUS:StopPoint:BP:FZJCA3:LOC</DestinationRef>
          <DestinationName xml:lang="FR">FITZ-JAMES Centre Aquatiqu</DestinationName>
          <Monitored>true</Monitored>
          <Delay>PT0S</Delay>
          <MonitoredCall>
            <StopPointRef>LEBUS:StopPoint:BP:FZJMA3:LOC</StopPointRef>
            <Order>20</Order>
            <StopPointName xml:lang="FR">FITZ-JAMES - Nelson Mandela</StopPointName>
            <AimedArrivalTime>2025-09-05T17:05:00+02:00</AimedArrivalTime>
            <ExpectedArrivalTime>2025-09-05T17:05:00+02:00</ExpectedArrivalTime>
            <AimedDepartureTime>2025-09-05T17:05:00</AimedDepartureTime>
            <ExpectedDepartureTime>2025-09-05T17:05:00+02:00</ExpectedDepartureTime>
            <DepartureStatus>onTime</DepartureStatus>
          </MonitoredCall>
        </MonitoredVehicleJourney>
      </MonitoredStopVisit>
      <MonitoredStopVisit>
        <RecordedAtTime>2025-09-05T16:04:17</RecordedAtTime>
        <ItemIdentifier>638926855979652003</ItemIdentifier>
        <MonitoringRef>LEBUS:StopPoint:BP:BRSCB3:LOC</MonitoringRef>
        <MonitoredVehicleJourney>
          <LineRef>LEBUS:Line:1TAD:LOC</LineRef>
          <DirectionRef>retour</DirectionRef>
          <FramedVehicleJourneyRef>
            <DataFrameRef>2025-09-05</DataFrameRef>
            <DatedVehicleJourneyRef>LEBUS:VehicleJourney:11028:LOC</DatedVehicleJourneyRef>
          </FramedVehicleJourneyRef>
          <JourneyPatternRef>LEBUS:JourneyPattern:16:LOC</JourneyPatternRef>
          <VehicleMode>TAD</VehicleMode>
          <OperatorRef>LEBUS</OperatorRef>
          <DestinationRef>LEBUS:StopPoint:BP:BRSCB3:LOC</DestinationRef>
          <DestinationName xml:lang="FR">BREUIL-LE-SEC Croix Blanche</DestinationName>
          <Monitored>true</Monitored>
          <Delay>PT0S</Delay>
          <MonitoredCall>
            <StopPointRef>LEBUS:StopPoint:BP:BRSCB3:LOC</StopPointRef>
            <Order>5</Order>
            <StopPointName xml:lang="FR">BREUIL-LE-SEC - Croix Blanche</StopPointName>
            <AimedArrivalTime>2025-09-05T16:31:00</AimedArrivalTime>
            <ExpectedArrivalTime>2025-09-05T16:31:00+02:00</ExpectedArrivalTime>
            <DepartureStatus>onTime</DepartureStatus>
          </MonitoredCall>
        </MonitoredVehicleJourney>
      </MonitoredStopVisit>
      <MonitoredStopVisit>
        <RecordedAtTime>2025-09-05T16:04:17</RecordedAtTime>
        <ItemIdentifier>638926855979652004</ItemIdentifier>
        <MonitoringRef>LEBUS:StopPoint:BP:CATCE1:LOC</MonitoringRef>
        <MonitoredVehicleJourney>
          <LineRef>LEBUS:Line:1TAD:LOC</LineRef>
          <DirectionRef>retour</DirectionRef>
          <FramedVehicleJourneyRef>
            <DataFrameRef>2025-09-05</DataFrameRef>
            <DatedVehicleJourneyRef>LEBUS:VehicleJourney:11028:LOC</DatedVehicleJourneyRef>
          </FramedVehicleJourneyRef>
          <JourneyPatternRef>LEBUS:JourneyPattern:16:LOC</JourneyPatternRef>
          <VehicleMode>TAD</VehicleMode>
          <OperatorRef>LEBUS</OperatorRef>
          <DestinationRef>LEBUS:StopPoint:BP:BRSCB3:LOC</DestinationRef>
          <DestinationName xml:lang="FR">BREUIL-LE-SEC Croix Blanche</DestinationName>
          <Monitored>true</Monitored>
          <Delay>PT0S</Delay>
          <MonitoredCall>
            <StopPointRef>LEBUS:StopPoint:BP:CATCE1:LOC</StopPointRef>
            <Order>1</Order>
            <StopPointName xml:lang="FR">CATENOY - Centre</StopPointName>
            <AimedDepartureTime>2025-09-05T16:20:00</AimedDepartureTime>
            <ExpectedDepartureTime>2025-09-05T16:20:00+02:00</ExpectedDepartureTime>
            <DepartureStatus>onTime</DepartureStatus>
          </MonitoredCall>
        </MonitoredVehicleJourney>
      </MonitoredStopVisit>
      <MonitoredStopVisit>
        <RecordedAtTime>2025-09-05T16:04:17</RecordedAtTime>
        <ItemIdentifier>638926855979652005</ItemIdentifier>
        <MonitoringRef>LEBUS:StopPoint:BP:NOISA1:LOC</MonitoringRef>
        <MonitoredVehicleJourney>
          <LineRef>LEBUS:Line:1TAD:LOC</LineRef>
          <DirectionRef>retour</DirectionRef>
          <FramedVehicleJourneyRef>
            <DataFrameRef>2025-09-05</DataFrameRef>
            <DatedVehicleJourneyRef>LEBUS:VehicleJourney:11028:LOC</DatedVehicleJourneyRef>
          </FramedVehicleJourneyRef>
          <JourneyPatternRef>LEBUS:JourneyPattern:16:LOC</JourneyPatternRef>
          <VehicleMode>TAD</VehicleMode>
          <OperatorRef>LEBUS</OperatorRef>
          <DestinationRef>LEBUS:StopPoint:BP:BRSCB3:LOC</DestinationRef>
          <DestinationName xml:lang="FR">BREUIL-LE-SEC Croix Blanche</DestinationName>
          <Monitored>true</Monitored>
          <Delay>PT0S</Delay>
          <MonitoredCall>
            <StopPointRef>LEBUS:StopPoint:BP:NOISA1:LOC</StopPointRef>
            <Order>4</Order>
            <StopPointName xml:lang="FR">NOINTEL - Rue du Saulon</StopPointName>
            <AimedArrivalTime>2025-09-05T16:29:00+02:00</AimedArrivalTime>
            <ExpectedArrivalTime>2025-09-05T16:29:00+02:00</ExpectedArrivalTime>
            <AimedDepartureTime>2025-09-05T16:29:00</AimedDepartureTime>
            <ExpectedDepartureTime>2025-09-05T16:29:00+02:00</ExpectedDepartureTime>
            <DepartureStatus>onTime</DepartureStatus>
          </MonitoredCall>
        </MonitoredVehicleJourney>
      </MonitoredStopVisit>
      <MonitoredStopVisit>
        <RecordedAtTime>2025-09-05T16:01:32</RecordedAtTime>
        <ItemIdentifier>638926855979652006</ItemIdentifier>
        <MonitoringRef>LEBUS:StopPoint:BP:AGNCV3:LOC</MonitoringRef>
        <MonitoredVehicleJourney>
          <LineRef>LEBUS:Line:2:LOC</LineRef>
          <DirectionRef>retour</DirectionRef>
          <FramedVehicleJourneyRef>
            <DataFrameRef>2025-09-05</DataFrameRef>
            <DatedVehicleJourneyRef>LEBUS:VehicleJourney:2062:LOC</DatedVehicleJourneyRef>
          </FramedVehicleJourneyRef>
          <JourneyPatternRef>LEBUS:JourneyPattern:22:LOC</JourneyPatternRef>
          <VehicleMode>BUS</VehicleMode>
          <OperatorRef>LEBUS</OperatorRef>
          <DestinationRef>LEBUS:StopPoint:BP:CLMFE3:LOC</DestinationRef>
          <DestinationName xml:lang="FR">CLERMONT Collège Fernel</DestinationName>
          <Monitored>true</Monitored>
          <Delay>PT4M25S</Delay>
          <MonitoredCall>
            <StopPointRef>LEBUS:StopPoint:BP:AGNCV3:LOC</StopPointRef>
            <Order>2</Order>
            <StopPointName xml:lang="FR">AGNETZ - Croix Verte</StopPointName>
            <AimedArrivalTime>2025-09-05T15:58:00+02:00</AimedArrivalTime>
            <ExpectedArrivalTime>2025-09-05T16:02:25+02:00</ExpectedArrivalTime>
            <AimedDepartureTime>2025-09-05T15:58:00</AimedDepartureTime>
            <ExpectedDepartureTime>2025-09-05T16:02:25+02:00</ExpectedDepartureTime>
            <DepartureStatus>onTime</DepartureStatus>
          </MonitoredCall>
        </MonitoredVehicleJourney>
      </MonitoredStopVisit>
      <MonitoredStopVisit>
        <RecordedAtTime>2025-09-05T16:01:32</RecordedAtTime>
        <ItemIdentifier>638926855979652007</ItemIdentifier>
        <MonitoringRef>LEBUS:StopPoint:BP:AGNHO3:LOC</MonitoringRef>
        <MonitoredVehicleJourney>
          <LineRef>LEBUS:Line:2:LOC</LineRef>
          <DirectionRef>retour</DirectionRef>
          <FramedVehicleJourneyRef>
            <DataFrameRef>2025-09-05</DataFrameRef>
            <DatedVehicleJourneyRef>LEBUS:VehicleJourney:2062:LOC</DatedVehicleJourneyRef>
          </FramedVehicleJourneyRef>
          <JourneyPatternRef>LEBUS:JourneyPattern:22:LOC</JourneyPatternRef>
          <VehicleMode>BUS</VehicleMode>
          <OperatorRef>LEBUS</OperatorRef>
          <DestinationRef>LEBUS:StopPoint:BP:CLMFE3:LOC</DestinationRef>
          <DestinationName xml:lang="FR">CLERMONT Collège Fernel</DestinationName>
          <Monitored>true</Monitored>
          <Delay>PT4M25S</Delay>
          <MonitoredCall>
            <StopPointRef>LEBUS:StopPoint:BP:AGNHO3:LOC</StopPointRef>
            <Order>3</Order>
            <StopPointName xml:lang="FR">AGNETZ - Les Hôtels</StopPointName>
            <AimedArrivalTime>2025-09-05T15:59:00+02:00</AimedArrivalTime>
            <ExpectedArrivalTime>2025-09-05T16:03:25+02:00</ExpectedArrivalTime>
            <AimedDepartureTime>2025-09-05T15:59:00</AimedDepartureTime>
            <ExpectedDepartureTime>2025-09-05T16:03:25+02:00</ExpectedDepartureTime>
            <DepartureStatus>onTime</DepartureStatus>
          </MonitoredCall>
        </MonitoredVehicleJourney>
      </MonitoredStopVisit>
      <MonitoredStopVisit>
        <RecordedAtTime>2025-09-05T16:01:32</RecordedAtTime>
        <ItemIdentifier>638926855979652008</ItemIdentifier>
        <MonitoringRef>LEBUS:StopPoint:BP:CLMFE3:LOC</MonitoringRef>
        <MonitoredVehicleJourney>
          <LineRef>LEBUS:Line:2:LOC</LineRef>
          <DirectionRef>retour</DirectionRef>
          <FramedVehicleJourneyRef>
            <DataFrameRef>2025-09-05</DataFrameRef>
            <DatedVehicleJourneyRef>LEBUS:VehicleJourney:2062:LOC</DatedVehicleJourneyRef>
          </FramedVehicleJourneyRef>
          <JourneyPatternRef>LEBUS:JourneyPattern:22:LOC</JourneyPatternRef>
          <VehicleMode>BUS</VehicleMode>
          <OperatorRef>LEBUS</OperatorRef>
          <DestinationRef>LEBUS:StopPoint:BP:CLMFE3:LOC</DestinationRef>
          <DestinationName xml:lang="FR">CLERMONT Collège Fernel</DestinationName>
          <Monitored>true</Monitored>
          <Delay>PT4M25S</Delay>
          <MonitoredCall>
            <StopPointRef>LEBUS:StopPoint:BP:CLMFE3:LOC</StopPointRef>
            <Order>4</Order>
            <StopPointName xml:lang="FR">CLERMONT - Collège Fernel</StopPointName>
            <AimedArrivalTime>2025-09-05T16:00:00</AimedArrivalTime>
            <ExpectedArrivalTime>2025-09-05T16:04:25+02:00</ExpectedArrivalTime>
            <DepartureStatus>onTime</DepartureStatus>
          </MonitoredCall>
        </MonitoredVehicleJourney>
      </MonitoredStopVisit>
      <MonitoredStopVisit>
        <RecordedAtTime>2025-09-05T16:01:32</RecordedAtTime>
        <ItemIdentifier>638926855979652009</ItemIdentifier>
        <MonitoringRef>LEBUS:StopPoint:BP:CLMSA3:LOC</MonitoringRef>
        <MonitoredVehicleJourney>
          <LineRef>LEBUS:Line:2:LOC</LineRef>
          <DirectionRef>retour</DirectionRef>
          <FramedVehicleJourneyRef>
            <DataFrameRef>2025-09-05</DataFrameRef>
            <DatedVehicleJourneyRef>LEBUS:VehicleJourney:2062:LOC</DatedVehicleJourneyRef>
          </FramedVehicleJourneyRef>
          <JourneyPatternRef>LEBUS:JourneyPattern:22:LOC</JourneyPatternRef>
          <VehicleMode>BUS</VehicleMode>
          <OperatorRef>LEBUS</OperatorRef>
          <DestinationRef>LEBUS:StopPoint:BP:CLMFE3:LOC</DestinationRef>
          <DestinationName xml:lang="FR">CLERMONT Collège Fernel</DestinationName>
          <Monitored>true</Monitored>
          <Delay>PT4M25S</Delay>
          <MonitoredCall>
            <StopPointRef>LEBUS:StopPoint:BP:CLMSA3:LOC</StopPointRef>
            <Order>1</Order>
            <StopPointName xml:lang="FR">CLERMONT - Les Sables</StopPointName>
            <AimedDepartureTime>2025-09-05T15:57:00</AimedDepartureTime>
            <ExpectedDepartureTime>2025-09-05T16:01:25+02:00</ExpectedDepartureTime>
            <DepartureStatus>onTime</DepartureStatus>
          </MonitoredCall>
        </MonitoredVehicleJourney>
      </MonitoredStopVisit>
      <MonitoredStopVisit>
        <RecordedAtTime>2025-09-05T15:54:29</RecordedAtTime>
        <ItemIdentifier>638926855979652010</ItemIdentifier>
        <MonitoringRef>LEBUS:StopPoint:BP:AGNCV3:LOC</MonitoringRef>
        <MonitoredVehicleJourney>
          <LineRef>LEBUS:Line:2:LOC</LineRef>
          <DirectionRef>retour</DirectionRef>
          <FramedVehicleJourneyRef>
            <DataFrameRef>2025-09-05</DataFrameRef>
            <DatedVehicleJourneyRef>LEBUS:VehicleJourney:2072:LOC</DatedVehicleJourneyRef>
          </FramedVehicleJourneyRef>
          <JourneyPatternRef>LEBUS:JourneyPattern:23:LOC</JourneyPatternRef>
          <VehicleMode>BUS</VehicleMode>
          <OperatorRef>LEBUS</OperatorRef>
          <DestinationRef>LEBUS:StopPoint:BP:CLMFE3:LOC</DestinationRef>
          <DestinationName xml:lang="FR">CLERMONT Collège Fernel</DestinationName>
          <Monitored>true</Monitored>
          <Delay>PT0S</Delay>
          <MonitoredCall>
            <StopPointRef>LEBUS:StopPoint:BP:AGNCV3:LOC</StopPointRef>
            <Order>13</Order>
            <StopPointName xml:lang="FR">AGNETZ - Croix Verte</StopPointName>
            <AimedArrivalTime>2025-09-05T16:53:00+02:00</AimedArrivalTime>
            <ExpectedArrivalTime>2025-09-05T16:53:00+02:00</ExpectedArrivalTime>
            <AimedDepartureTime>2025-09-05T16:53:00</AimedDepartureTime>
            <ExpectedDepartureTime>2025-09-05T16:53:00+02:00</ExpectedDepartureTime>
            <DepartureStatus>onTime</DepartureStatus>
          </MonitoredCall>
        </MonitoredVehicleJourney>
      </MonitoredStopVisit>
      <MonitoredStopVisit>
        <RecordedAtTime>2025-09-05T15:54:29</RecordedAtTime>
        <ItemIdentifier>638926855979652011</ItemIdentifier>
        <MonitoringRef>LEBUS:StopPoint:BP:AGNHO3:LOC</MonitoringRef>
        <MonitoredVehicleJourney>
          <LineRef>LEBUS:Line:2:LOC</LineRef>
          <DirectionRef>retour</DirectionRef>
          <FramedVehicleJourneyRef>
            <DataFrameRef>2025-09-05</DataFrameRef>
            <DatedVehicleJourneyRef>LEBUS:VehicleJourney:2072:LOC</DatedVehicleJourneyRef>
          </FramedVehicleJourneyRef>
          <JourneyPatternRef>LEBUS:JourneyPattern:23:LOC</JourneyPatternRef>
          <VehicleMode>BUS</VehicleMode>
          <OperatorRef>LEBUS</OperatorRef>
          <DestinationRef>LEBUS:StopPoint:BP:CLMFE3:LOC</DestinationRef>
          <DestinationName xml:lang="FR">CLERMONT Collège Fernel</DestinationName>
          <Monitored>true</Monitored>
          <Delay>PT0S</Delay>
          <MonitoredCall>
            <StopPointRef>LEBUS:StopPoint:BP:AGNHO3:LOC</StopPointRef>
            <Order>14</Order>
            <StopPointName xml:lang="FR">AGNETZ - Les Hôtels</StopPointName>
            <AimedArrivalTime>2025-09-05T16:54:00+02:00</AimedArrivalTime>
            <ExpectedArrivalTime>2025-09-05T16:54:00+02:00</ExpectedArrivalTime>
            <AimedDepartureTime>2025-09-05T16:54:00</AimedDepartureTime>
            <ExpectedDepartureTime>2025-09-05T16:54:00+02:00</ExpectedDepartureTime>
            <DepartureStatus>onTime</DepartureStatus>
          </MonitoredCall>
        </MonitoredVehicleJourney>
      </MonitoredStopVisit>
      <MonitoredStopVisit>
        <RecordedAtTime>2025-09-05T15:54:29</RecordedAtTime>
        <ItemIdentifier>638926855979652012</ItemIdentifier>
        <MonitoringRef>LEBUS:StopPoint:BP:BRVCA3:LOC</MonitoringRef>
        <MonitoredVehicleJourney>
          <LineRef>LEBUS:Line:2:LOC</LineRef>
          <DirectionRef>retour</DirectionRef>
          <FramedVehicleJourneyRef>
            <DataFrameRef>2025-09-05</DataFrameRef>
            <DatedVehicleJourneyRef>LEBUS:VehicleJourney:2072:LOC</DatedVehicleJourneyRef>
          </FramedVehicleJourneyRef>
          <JourneyPatternRef>LEBUS:JourneyPattern:23:LOC</JourneyPatternRef>
          <VehicleMode>BUS</VehicleMode>
          <OperatorRef>LEBUS</OperatorRef>
          <DestinationRef>LEBUS:StopPoint:BP:CLMFE3:LOC</DestinationRef>
          <DestinationName xml:lang="FR">CLERMONT Collège Fernel</DestinationName>
          <Monitored>true</Monitored>
          <Delay>PT0S</Delay>
          <MonitoredCall>
            <StopPointRef>LEBUS:StopPoint:BP:BRVCA3:LOC</StopPointRef>
            <Order>2</Order>
            <StopPointName xml:lang="FR">BREUIL-LE-VERT - Calvaire</StopPointName>
            <AimedArrivalTime>2025-09-05T16:37:00+02:00</AimedArrivalTime>
            <ExpectedArrivalTime>2025-09-05T16:37:00+02:00</ExpectedArrivalTime>
            <AimedDepartureTime>2025-09-05T16:37:00</AimedDepartureTime>
            <ExpectedDepartureTime>2025-09-05T16:37:00+02:00</ExpectedDepartureTime>
            <DepartureStatus>onTime</DepartureStatus>
          </MonitoredCall>
        </MonitoredVehicleJourney>
      </MonitoredStopVisit>
      <MonitoredStopVisit>
        <RecordedAtTime>2025-09-05T15:54:29</RecordedAtTime>
        <ItemIdentifier>638926855979652013</ItemIdentifier>
        <MonitoringRef>LEBUS:StopPoint:BP:BRVPE3:LOC</MonitoringRef>
        <MonitoredVehicleJourney>
          <LineRef>LEBUS:Line:2:LOC</LineRef>
          <DirectionRef>retour</DirectionRef>
          <FramedVehicleJourneyRef>
            <DataFrameRef>2025-09-05</DataFrameRef>
            <DatedVehicleJourneyRef>LEBUS:VehicleJourney:2072:LOC</DatedVehicleJourneyRef>
          </FramedVehicleJourneyRef>
          <JourneyPatternRef>LEBUS:JourneyPattern:23:LOC</JourneyPatternRef>
          <VehicleMode>BUS</VehicleMode>
          <OperatorRef>LEBUS</OperatorRef>
          <DestinationRef>LEBUS:StopPoint:BP:CLMFE3:LOC</DestinationRef>
          <DestinationName xml:lang="FR">CLERMONT Collège Fernel</DestinationName>
          <Monitored>true</Monitored>
          <Delay>PT0S</Delay>
          <MonitoredCall>
            <StopPointRef>LEBUS:StopPoint:BP:BRVPE3:LOC</StopPointRef>
            <Order>3</Order>
            <StopPointName xml:lang="FR">BREUIL-LE-VERT - Pétheil</StopPointName>
            <AimedArrivalTime>2025-09-05T16:39:00+02:00</AimedArrivalTime>
            <ExpectedArrivalTime>2025-09-05T16:39:00+02:00</ExpectedArrivalTime>
            <AimedDepartureTime>2025-09-05T16:39:00</AimedDepartureTime>
            <ExpectedDepartureTime>2025-09-05T16:39:00+02:00</ExpectedDepartureTime>
            <DepartureStatus>onTime</DepartureStatus>
          </MonitoredCall>
        </MonitoredVehicleJourney>
      </MonitoredStopVisit>
      <MonitoredStopVisit>
        <RecordedAtTime>2025-09-05T15:54:29</RecordedAtTime>
        <ItemIdentifier>638926855979652014</ItemIdentifier>
        <MonitoringRef>LEBUS:StopPoint:BP:CLMCE2:LOC</MonitoringRef>
        <MonitoredVehicleJourney>
          <LineRef>LEBUS:Line:2:LOC</LineRef>
          <DirectionRef>retour</DirectionRef>
          <FramedVehicleJourneyRef>
            <DataFrameRef>2025-09-05</DataFrameRef>
            <DatedVehicleJourneyRef>LEBUS:VehicleJourney:2072:LOC</DatedVehicleJourneyRef>
          </FramedVehicleJourneyRef>
          <JourneyPatternRef>LEBUS:JourneyPattern:23:LOC</JourneyPatternRef>
          <VehicleMode>BUS</VehicleMode>
          <OperatorRef>LEBUS</OperatorRef>
          <DestinationRef>LEBUS:StopPoint:BP:CLMFE3:LOC</DestinationRef>
          <DestinationName xml:lang="FR">CLERMONT Collège Fernel</DestinationName>
          <Monitored>true</Monitored>
          <Delay>PT0S</Delay>
          <MonitoredCall>
            <StopPointRef>LEBUS:StopPoint:BP:CLMCE2:LOC</StopPointRef>
            <Order>6</Order>
            <StopPointName xml:lang="FR">CLERMONT - Centre</StopPointName>
            <AimedArrivalTime>2025-09-05T16:43:00+02:00</AimedArrivalTime>
            <ExpectedArrivalTime>2025-09-05T16:43:00+02:00</ExpectedArrivalTime>
            <AimedDepartureTime>2025-09-05T16:43:00</AimedDepartureTime>
            <ExpectedDepartureTime>2025-09-05T16:43:00+02:00</ExpectedDepartureTime>
            <DepartureStatus>onTime</DepartureStatus>
          </MonitoredCall>
        </MonitoredVehicleJourney>
      </MonitoredStopVisit>
      <MonitoredStopVisit>
        <RecordedAtTime>2025-09-05T15:54:29</RecordedAtTime>
        <ItemIdentifier>638926855979652015</ItemIdentifier>
        <MonitoringRef>LEBUS:StopPoint:BP:CLMCO3:LOC</MonitoringRef>
        <MonitoredVehicleJourney>
          <LineRef>LEBUS:Line:2:LOC</LineRef>
          <DirectionRef>retour</DirectionRef>
          <FramedVehicleJourneyRef>
            <DataFrameRef>2025-09-05</DataFrameRef>
            <DatedVehicleJourneyRef>LEBUS:VehicleJourney:2072:LOC</DatedVehicleJourneyRef>
          </FramedVehicleJourneyRef>
          <JourneyPatternRef>LEBUS:JourneyPattern:23:LOC</JourneyPatternRef>
          <VehicleMode>BUS</VehicleMode>
          <OperatorRef>LEBUS</OperatorRef>
          <DestinationRef>LEBUS:StopPoint:BP:CLMFE3:LOC</DestinationRef>
          <DestinationName xml:lang="FR">CLERMONT Collège Fernel</DestinationName>
          <Monitored>true</Monitored>
          <Delay>PT0S</Delay>
          <MonitoredCall>
            <StopPointRef>LEBUS:StopPoint:BP:CLMCO3:LOC</StopPointRef>
            <Order>8</Order>
            <StopPointName xml:lang="FR">CLERMONT - Colimaçons</StopPointName>
            <AimedArrivalTime>2025-09-05T16:45:00+02:00</AimedArrivalTime>
            <ExpectedArrivalTime>2025-09-05T16:45:00+02:00</ExpectedArrivalTime>
            <AimedDepartureTime>2025-09-05T16:45:00</AimedDepartureTime>
            <ExpectedDepartureTime>2025-09-05T16:45:00+02:00</ExpectedDepartureTime>
            <DepartureStatus>onTime</DepartureStatus>
          </MonitoredCall>
        </MonitoredVehicleJourney>
      </MonitoredStopVisit>
      <MonitoredStopVisit>
        <RecordedAtTime>2025-09-05T15:54:29</RecordedAtTime>
        <ItemIdentifier>638926855979652016</ItemIdentifier>
        <MonitoringRef>LEBUS:StopPoint:BP:CLMDG3:LOC</MonitoringRef>
        <MonitoredVehicleJourney>
          <LineRef>LEBUS:Line:2:LOC</LineRef>
          <DirectionRef>retour</DirectionRef>
          <FramedVehicleJourneyRef>
            <DataFrameRef>2025-09-05</DataFrameRef>
            <DatedVehicleJourneyRef>LEBUS:VehicleJourney:2072:LOC</DatedVehicleJourneyRef>
          </FramedVehicleJourneyRef>
          <JourneyPatternRef>LEBUS:JourneyPattern:23:LOC</JourneyPatternRef>
          <VehicleMode>BUS</VehicleMode>
          <OperatorRef>LEBUS</OperatorRef>
          <DestinationRef>LEBUS:StopPoint:BP:CLMFE3:LOC</DestinationRef>
          <DestinationName xml:lang="FR">CLERMONT Collège Fernel</DestinationName>
          <Monitored>true</Monitored>
          <Delay>PT0S</Delay>
          <MonitoredCall>
            <StopPointRef>LEBUS:StopPoint:BP:CLMDG3:LOC</StopPointRef>
            <Order>7</Order>
            <StopPointName xml:lang="FR">CLERMONT - De Gaulle</StopPointName>
            <AimedArrivalTime>2025-09-05T16:44:00+02:00</AimedArrivalTime>
            <ExpectedArrivalTime>2025-09-05T16:44:00+02:00</ExpectedArrivalTime>
            <AimedDepartureTime>2025-09-05T16:44:00</AimedDepartureTime>
            <ExpectedDepartureTime>2025-09-05T16:44:00+02:00</ExpectedDepartureTime>
            <DepartureStatus>onTime</DepartureStatus>
          </MonitoredCall>
        </MonitoredVehicleJourney>
      </MonitoredStopVisit>
      <MonitoredStopVisit>
        <RecordedAtTime>2025-09-05T15:54:29</RecordedAtTime>
        <ItemIdentifier>638926855979652017</ItemIdentifier>
        <MonitoringRef>LEBUS:StopPoint:BP:CLMSA3:LOC</MonitoringRef>
        <MonitoredVehicleJourney>
          <LineRef>LEBUS:Line:2:LOC</LineRef>
          <DirectionRef>retour</DirectionRef>
          <FramedVehicleJourneyRef>
            <DataFrameRef>2025-09-05</DataFrameRef>
            <DatedVehicleJourneyRef>LEBUS:VehicleJourney:2072:LOC</DatedVehicleJourneyRef>
          </FramedVehicleJourneyRef>
          <JourneyPatternRef>LEBUS:JourneyPattern:23:LOC</JourneyPatternRef>
          <VehicleMode>BUS</VehicleMode>
          <OperatorRef>LEBUS</OperatorRef>
          <DestinationRef>LEBUS:StopPoint:BP:CLMFE3:LOC</DestinationRef>
          <DestinationName xml:lang="FR">CLERMONT Collège Fernel</DestinationName>
          <Monitored>true</Monitored>
          <Delay>PT0S</Delay>
          <MonitoredCall>
            <StopPointRef>LEBUS:StopPoint:BP:CLMSA3:LOC</StopPointRef>
            <Order>12</Order>
            <StopPointName xml:lang="FR">CLERMONT - Les Sables</StopPointName>
            <AimedArrivalTime>2025-09-05T16:52:00+02:00</AimedArrivalTime>
            <ExpectedArrivalTime>2025-09-05T16:52:00+02:00</ExpectedArrivalTime>
            <AimedDepartureTime>2025-09-05T16:52:00</AimedDepartureTime>
            <ExpectedDepartureTime>2025-09-05T16:52:00+02:00</ExpectedDepartureTime>
            <DepartureStatus>onTime</DepartureStatus>
          </MonitoredCall>
        </MonitoredVehicleJourney>
      </MonitoredStopVisit>
      <MonitoredStopVisit>
        <RecordedAtTime>2025-09-05T15:54:29</RecordedAtTime>
        <ItemIdentifier>638926855979652018</ItemIdentifier>
        <MonitoringRef>LEBUS:StopPoint:BP:CLMVT3:LOC</MonitoringRef>
        <MonitoredVehicleJourney>
          <LineRef>LEBUS:Line:2:LOC</LineRef>
          <DirectionRef>retour</DirectionRef>
          <FramedVehicleJourneyRef>
            <DataFrameRef>2025-09-05</DataFrameRef>
            <DatedVehicleJourneyRef>LEBUS:VehicleJourney:2072:LOC</DatedVehicleJourneyRef>
          </FramedVehicleJourneyRef>
          <JourneyPatternRef>LEBUS:JourneyPattern:23:LOC</JourneyPatternRef>
          <VehicleMode>BUS</VehicleMode>
          <OperatorRef>LEBUS</OperatorRef>
          <DestinationRef>LEBUS:StopPoint:BP:CLMFE3:LOC</DestinationRef>
          <DestinationName xml:lang="FR">CLERMONT Collège Fernel</DestinationName>
          <Monitored>true</Monitored>
          <Delay>PT0S</Delay>
          <MonitoredCall>
            <StopPointRef>LEBUS:StopPoint:BP:CLMVT3:LOC</StopPointRef>
            <Order>5</Order>
            <StopPointName xml:lang="FR">CLERMONT - Viénot</StopPointName>
            <AimedArrivalTime>2025-09-05T16:41:00+02:00</AimedArrivalTime>
            <ExpectedArrivalTime>2025-09-05T16:41:00+02:00</ExpectedArrivalTime>
            <AimedDepartureTime>2025-09-05T16:41:00</AimedDepartureTime>
            <ExpectedDepartureTime>2025-09-05T16:41:00+02:00</ExpectedDepartureTime>
            <DepartureStatus>onTime</DepartureStatus>
          </MonitoredCall>
        </MonitoredVehicleJourney>
      </MonitoredStopVisit>
      <MonitoredStopVisit>
        <RecordedAtTime>2025-09-05T15:54:38</RecordedAtTime>
        <ItemIdentifier>638926855979652019</ItemIdentifier>
        <MonitoringRef>LEBUS:StopPoint:BP:CLMBE3:LOC</MonitoringRef>
        <MonitoredVehicleJourney>
          <LineRef>LEBUS:Line:2:LOC</LineRef>
          <DirectionRef>retour</DirectionRef>
          <FramedVehicleJourneyRef>
            <DataFrameRef>2025-09-05</DataFrameRef>
            <DatedVehicleJourneyRef>LEBUS:VehicleJourney:2072:LOC</DatedVehicleJourneyRef>
          </FramedVehicleJourneyRef>
          <JourneyPatternRef>LEBUS:JourneyPattern:23:LOC</JourneyPatternRef>
          <VehicleMode>BUS</VehicleMode>
          <OperatorRef>LEBUS</OperatorRef>
          <DestinationRef>LEBUS:StopPoint:BP:CLMFE3:LOC</DestinationRef>
          <DestinationName xml:lang="FR">CLERMONT Collège Fernel</DestinationName>
          <Monitored>true</Monitored>
          <Delay>PT0S</Delay>
          <MonitoredCall>
            <StopPointRef>LEBUS:StopPoint:BP:CLMBE3:LOC</StopPointRef>
            <Order>4</Order>
            <StopPointName xml:lang="FR">CLERMONT - Béthencourtel</StopPointName>
            <AimedArrivalTime>2025-09-05T16:40:00+02:00</AimedArrivalTime>
            <ExpectedArrivalTime>2025-09-05T16:40:00+02:00</ExpectedArrivalTime>
            <AimedDepartureTime>2025-09-05T16:40:00</AimedDepartureTime>
            <ExpectedDepartureTime>2025-09-05T16:40:00+02:00</ExpectedDepartureTime>
            <DepartureStatus>onTime</DepartureStatus>
          </MonitoredCall>
        </MonitoredVehicleJourney>
      </MonitoredStopVisit>
      <MonitoredStopVisit>
        <RecordedAtTime>2025-09-05T15:54:38</RecordedAtTime>
        <ItemIdentifier>638926855979652020</ItemIdentifier>
        <MonitoringRef>LEBUS:StopPoint:BP:CLMJJ3:LOC</MonitoringRef>
        <MonitoredVehicleJourney>
          <LineRef>LEBUS:Line:2:LOC</LineRef>
          <DirectionRef>retour</DirectionRef>
          <FramedVehicleJourneyRef>
            <DataFrameRef>2025-09-05</DataFrameRef>
            <DatedVehicleJourneyRef>LEBUS:VehicleJourney:2072:LOC</DatedVehicleJourneyRef>
          </FramedVehicleJourneyRef>
          <JourneyPatternRef>LEBUS:JourneyPattern:23:LOC</JourneyPatternRef>
          <VehicleMode>BUS</VehicleMode>
          <OperatorRef>LEBUS</OperatorRef>
          <DestinationRef>LEBUS:StopPoint:BP:CLMFE3:LOC</DestinationRef>
          <DestinationName xml:lang="FR">CLERMONT Collège Fernel</DestinationName>
          <Monitored>true</Monitored>
          <Delay>PT0S</Delay>
          <MonitoredCall>
            <StopPointRef>LEBUS:StopPoint:BP:CLMJJ3:LOC</StopPointRef>
            <Order>10</Order>
            <StopPointName xml:lang="FR">CLERMONT - Jean Jaurès</StopPointName>
            <AimedArrivalTime>2025-09-05T16:50:00+02:00</AimedArrivalTime>
            <ExpectedArrivalTime>2025-09-05T16:50:00+02:00</ExpectedArrivalTime>
            <AimedDepartureTime>2025-09-05T16:50:00</AimedDepartureTime>
            <ExpectedDepartureTime>2025-09-05T16:50:00+02:00</ExpectedDepartureTime>
            <DepartureStatus>onTime</DepartureStatus>
          </MonitoredCall>
        </MonitoredVehicleJourney>
      </MonitoredStopVisit>
      <MonitoredStopVisit>
        <RecordedAtTime>2025-09-05T15:54:38</RecordedAtTime>
        <ItemIdentifier>638926855979652021</ItemIdentifier>
        <MonitoringRef>LEBUS:StopPoint:BP:CLMSL3:LOC</MonitoringRef>
        <MonitoredVehicleJourney>
          <LineRef>LEBUS:Line:2:LOC</LineRef>
          <DirectionRef>retour</DirectionRef>
          <FramedVehicleJourneyRef>
            <DataFrameRef>2025-09-05</DataFrameRef>
            <DatedVehicleJourneyRef>LEBUS:VehicleJourney:2072:LOC</DatedVehicleJourneyRef>
          </FramedVehicleJourneyRef>
          <JourneyPatternRef>LEBUS:JourneyPattern:23:LOC</JourneyPatternRef>
          <VehicleMode>BUS</VehicleMode>
          <OperatorRef>LEBUS</OperatorRef>
          <DestinationRef>LEBUS:StopPoint:BP:CLMFE3:LOC</DestinationRef>
          <DestinationName xml:lang="FR">CLERMONT Collège Fernel</DestinationName>
          <Monitored>true</Monitored>
          <Delay>PT0S</Delay>
          <MonitoredCall>
            <StopPointRef>LEBUS:StopPoint:BP:CLMSL3:LOC</StopPointRef>
            <Order>11</Order>
            <StopPointName xml:lang="FR">CLERMONT - St Laurent</StopPointName>
            <AimedArrivalTime>2025-09-05T16:51:00+02:00</AimedArrivalTime>
            <ExpectedArrivalTime>2025-09-05T16:51:00+02:00</ExpectedArrivalTime>
            <AimedDepartureTime>2025-09-05T16:51:00</AimedDepartureTime>
            <ExpectedDepartureTime>2025-09-05T16:51:00+02:00</ExpectedDepartureTime>
            <DepartureStatus>onTime</DepartureStatus>
          </MonitoredCall>
        </MonitoredVehicleJourney>
      </MonitoredStopVisit>
      <MonitoredStopVisit>
        <RecordedAtTime>2025-09-05T15:54:38</RecordedAtTime>
        <ItemIdentifier>638926855979652022</ItemIdentifier>
        <MonitoringRef>LEBUS:StopPoint:BP:CMTGA2:LOC</MonitoringRef>
        <MonitoredVehicleJourney>
          <LineRef>LEBUS:Line:2:LOC</LineRef>
          <DirectionRef>retour</DirectionRef>
          <FramedVehicleJourneyRef>
            <DataFrameRef>2025-09-05</DataFrameRef>
            <DatedVehicleJourneyRef>LEBUS:VehicleJourney:2072:LOC</DatedVehicleJourneyRef>
          </FramedVehicleJourneyRef>
          <JourneyPatternRef>LEBUS:JourneyPattern:23:LOC</JourneyPatternRef>
          <VehicleMode>BUS</VehicleMode>
          <OperatorRef>LEBUS</OperatorRef>
          <DestinationRef>LEBUS:StopPoint:BP:CLMFE3:LOC</DestinationRef>
          <DestinationName xml:lang="FR">CLERMONT Collège Fernel</DestinationName>
          <Monitored>true</Monitored>
          <Delay>PT0S</Delay>
          <MonitoredCall>
            <StopPointRef>LEBUS:StopPoint:BP:CMTGA2:LOC</StopPointRef>
            <Order>9</Order>
            <StopPointName xml:lang="FR">CLERMONT - Gare SNCF</StopPointName>
            <AimedArrivalTime>2025-09-05T16:47:00+02:00</AimedArrivalTime>
            <ExpectedArrivalTime>2025-09-05T16:47:00+02:00</ExpectedArrivalTime>
            <AimedDepartureTime>2025-09-05T16:47:00</AimedDepartureTime>
            <ExpectedDepartureTime>2025-09-05T16:47:00+02:00</ExpectedDepartureTime>
            <DepartureStatus>onTime</DepartureStatus>
          </MonitoredCall>
        </MonitoredVehicleJourney>
      </MonitoredStopVisit>
      <MonitoredStopVisit>
        <RecordedAtTime>2025-09-05T16:07:07</RecordedAtTime>
        <ItemIdentifier>638926855979652023</ItemIdentifier>
        <MonitoringRef>LEBUS:StopPoint:BP:BLVGA1:LOC</MonitoringRef>
        <MonitoredVehicleJourney>
          <LineRef>LEBUS:Line:2:LOC</LineRef>
          <DirectionRef>retour</DirectionRef>
          <FramedVehicleJourneyRef>
            <DataFrameRef>2025-09-05</DataFrameRef>
            <DatedVehicleJourneyRef>LEBUS:VehicleJourney:2072:LOC</DatedVehicleJourneyRef>
          </FramedVehicleJourneyRef>
          <JourneyPatternRef>LEBUS:JourneyPattern:23:LOC</JourneyPatternRef>
          <VehicleMode>BUS</VehicleMode>
          <OperatorRef>LEBUS</OperatorRef>
          <DestinationRef>LEBUS:StopPoint:BP:CLMFE3:LOC</DestinationRef>
          <DestinationName xml:lang="FR">CLERMONT Collège Fernel</DestinationName>
          <Monitored>true</Monitored>
          <Delay>PT0S</Delay>
          <MonitoredCall>
            <StopPointRef>LEBUS:StopPoint:BP:BLVGA1:LOC</StopPointRef>
            <Order>1</Order>
            <StopPointName xml:lang="FR">BREUIL LE VERT - Grand Air</StopPointName>
            <AimedDepartureTime>2025-09-05T16:35:00</AimedDepartureTime>
            <ExpectedDepartureTime>2025-09-05T16:35:00+02:00</ExpectedDepartureTime>
            <DepartureStatus>onTime</DepartureStatus>
          </MonitoredCall>
        </MonitoredVehicleJourney>
      </MonitoredStopVisit>
      <MonitoredStopVisit>
        <RecordedAtTime>2025-09-05T16:06:31</RecordedAtTime>
        <ItemIdentifier>638926855979652024</ItemIdentifier>
        <MonitoringRef>LEBUS:StopPoint:BP:CLMFE3:LOC</MonitoringRef>
        <MonitoredVehicleJourney>
          <LineRef>LEBUS:Line:2:LOC</LineRef>
          <DirectionRef>aller</DirectionRef>
          <FramedVehicleJourneyRef>
            <DataFrameRef>2025-09-05</DataFrameRef>
            <DatedVehicleJourneyRef>LEBUS:VehicleJourney:2069:LOC</DatedVehicleJourneyRef>
          </FramedVehicleJourneyRef>
          <JourneyPatternRef>LEBUS:JourneyPattern:5:LOC</JourneyPatternRef>
          <VehicleMode>BUS</VehicleMode>
          <OperatorRef>LEBUS</OperatorRef>
          <DestinationRef>LEBUS:StopPoint:BP:BLVGA1:LOC</DestinationRef>
          <DestinationName xml:lang="FR">BREUIL LE VERT  Grand Air</DestinationName>
          <Monitored>true</Monitored>
          <Delay>PT3M24S</Delay>
          <MonitoredCall>
            <StopPointRef>LEBUS:StopPoint:BP:CLMFE3:LOC</StopPointRef>
            <Order>1</Order>
            <StopPointName xml:lang="FR">CLERMONT - Collège Fernel</StopPointName>
            <AimedDepartureTime>2025-09-05T16:03:00</AimedDepartureTime>
            <ExpectedDepartureTime>2025-09-05T16:06:24+02:00</ExpectedDepartureTime>
            <DepartureStatus>onTime</DepartureStatus>
          </MonitoredCall>
        </MonitoredVehicleJourney>
      </MonitoredStopVisit>
      <MonitoredStopVisit>
        <RecordedAtTime>2025-09-05T16:06:58</RecordedAtTime>
        <ItemIdentifier>638926855979652025</ItemIdentifier>
        <MonitoringRef>LEBUS:StopPoint:BP:CLTSM3:LOC</MonitoringRef>
        <MonitoredVehicleJourney>
          <LineRef>LEBUS:Line:2:LOC</LineRef>
          <DirectionRef>aller</DirectionRef>
          <FramedVehicleJourneyRef>
            <DataFrameRef>2025-09-05</DataFrameRef>
            <DatedVehicleJourneyRef>LEBUS:VehicleJourney:2069:LOC</DatedVehicleJourneyRef>
          </FramedVehicleJourneyRef>
          <JourneyPatternRef>LEBUS:JourneyPattern:5:LOC</JourneyPatternRef>
          <VehicleMode>BUS</VehicleMode>
          <OperatorRef>LEBUS</OperatorRef>
          <DestinationRef>LEBUS:StopPoint:BP:BLVGA1:LOC</DestinationRef>
          <DestinationName xml:lang="FR">BREUIL LE VERT  Grand Air</DestinationName>
          <Monitored>true</Monitored>
          <Delay>PT3M24S</Delay>
          <MonitoredCall>
            <StopPointRef>LEBUS:StopPoint:BP:CLTSM3:LOC</StopPointRef>
            <Order>2</Order>
            <StopPointName xml:lang="FR">CLERMONT - Simone Veil</StopPointName>
            <AimedArrivalTime>2025-09-05T16:04:00+02:00</AimedArrivalTime>
            <ExpectedArrivalTime>2025-09-05T16:07:24+02:00</ExpectedArrivalTime>
            <AimedDepartureTime>2025-09-05T16:04:00</AimedDepartureTime>
            <ExpectedDepartureTime>2025-09-05T16:07:24+02:00</ExpectedDepartureTime>
            <DepartureStatus>onTime</DepartureStatus>
          </MonitoredCall>
        </MonitoredVehicleJourney>
      </MonitoredStopVisit>
      <MonitoredStopVisit>
        <RecordedAtTime>2025-09-05T16:07:07</RecordedAtTime>
        <ItemIdentifier>638926855979652026</ItemIdentifier>
        <MonitoringRef>LEBUS:StopPoint:BP:CLMSL3:LOC</MonitoringRef>
        <MonitoredVehicleJourney>
          <LineRef>LEBUS:Line:2:LOC</LineRef>
          <DirectionRef>aller</DirectionRef>
          <FramedVehicleJourneyRef>
            <DataFrameRef>2025-09-05</DataFrameRef>
            <DatedVehicleJourneyRef>LEBUS:VehicleJourney:2069:LOC</DatedVehicleJourneyRef>
          </FramedVehicleJourneyRef>
          <JourneyPatternRef>LEBUS:JourneyPattern:5:LOC</JourneyPatternRef>
          <VehicleMode>BUS</VehicleMode>
          <OperatorRef>LEBUS</OperatorRef>
          <DestinationRef>LEBUS:StopPoint:BP:BLVGA1:LOC</DestinationRef>
          <DestinationName xml:lang="FR">BREUIL LE VERT  Grand Air</DestinationName>
          <Monitored>true</Monitored>
          <Delay>PT2M51S</Delay>
          <MonitoredCall>
            <StopPointRef>LEBUS:StopPoint:BP:CLMSL3:LOC</StopPointRef>
            <Order>3</Order>
            <StopPointName xml:lang="FR">CLERMONT - St Laurent</StopPointName>
            <AimedArrivalTime>2025-09-05T16:05:00+02:00</AimedArrivalTime>
            <ExpectedArrivalTime>2025-09-05T16:07:51+02:00</ExpectedArrivalTime>
            <AimedDepartureTime>2025-09-05T16:05:00</AimedDepartureTime>
            <ExpectedDepartureTime>2025-09-05T16:07:51+02:00</ExpectedDepartureTime>
            <DepartureStatus>onTime</DepartureStatus>
          </MonitoredCall>
        </MonitoredVehicleJourney>
      </MonitoredStopVisit>
      <MonitoredStopVisit>
        <RecordedAtTime>2025-09-05T16:10:02</RecordedAtTime>
        <ItemIdentifier>638926855979652027</ItemIdentifier>
        <MonitoringRef>LEBUS:StopPoint:BP:CLMJJ3:LOC</MonitoringRef>
        <MonitoredVehicleJourney>
          <LineRef>LEBUS:Line:2:LOC</LineRef>
          <DirectionRef>aller</DirectionRef>
          <FramedVehicleJourneyRef>
            <DataFrameRef>2025-09-05</DataFrameRef>
            <DatedVehicleJourneyRef>LEBUS:VehicleJourney:2069:LOC</DatedVehicleJourneyRef>
          </FramedVehicleJourneyRef>
          <JourneyPatternRef>LEBUS:JourneyPattern:5:LOC</JourneyPatternRef>
          <VehicleMode>BUS</VehicleMode>
          <OperatorRef>LEBUS</OperatorRef>
          <DestinationRef>LEBUS:StopPoint:BP:BLVGA1:LOC</DestinationRef>
          <DestinationName xml:lang="FR">BREUIL LE VERT  Grand Air</DestinationName>
          <Monitored>true</Monitored>
          <Delay>PT4M49S</Delay>
          <MonitoredCall>
            <StopPointRef>LEBUS:StopPoint:BP:CLMJJ3:LOC</StopPointRef>
            <Order>4</Order>
            <StopPointName xml:lang="FR">CLERMONT - Jean Jaurès</StopPointName>
            <AimedArrivalTime>2025-09-05T16:06:00+02:00</AimedArrivalTime>
            <ExpectedArrivalTime>2025-09-05T16:10:49+02:00</ExpectedArrivalTime>
            <AimedDepartureTime>2025-09-05T16:06:00</AimedDepartureTime>
            <ExpectedDepartureTime>2025-09-05T16:10:49+02:00</ExpectedDepartureTime>
            <DepartureStatus>onTime</DepartureStatus>
          </MonitoredCall>
        </MonitoredVehicleJourney>
      </MonitoredStopVisit>
      <MonitoredStopVisit>
        <RecordedAtTime>2025-09-05T16:10:02</RecordedAtTime>
        <ItemIdentifier>638926855979652028</ItemIdentifier>
        <MonitoringRef>LEBUS:StopPoint:BP:CMTGA2:LOC</MonitoringRef>
        <MonitoredVehicleJourney>
          <LineRef>LEBUS:Line:2:LOC</LineRef>
          <DirectionRef>aller</DirectionRef>
          <FramedVehicleJourneyRef>
            <DataFrameRef>2025-09-05</DataFrameRef>
            <DatedVehicleJourneyRef>LEBUS:VehicleJourney:2069:LOC</DatedVehicleJourneyRef>
          </FramedVehicleJourneyRef>
          <JourneyPatternRef>LEBUS:JourneyPattern:5:LOC</JourneyPatternRef>
          <VehicleMode>BUS</VehicleMode>
          <OperatorRef>LEBUS</OperatorRef>
          <DestinationRef>LEBUS:StopPoint:BP:BLVGA1:LOC</DestinationRef>
          <DestinationName xml:lang="FR">BREUIL LE VERT  Grand Air</DestinationName>
          <Monitored>true</Monitored>
          <Delay>PT4M49S</Delay>
          <MonitoredCall>
            <StopPointRef>LEBUS:StopPoint:BP:CMTGA2:LOC</StopPointRef>
            <Order>6</Order>
            <StopPointName xml:lang="FR">CLERMONT - Gare SNCF</StopPointName>
            <AimedArrivalTime>2025-09-05T16:12:00+02:00</AimedArrivalTime>
            <ExpectedArrivalTime>2025-09-05T16:16:49+02:00</ExpectedArrivalTime>
            <AimedDepartureTime>2025-09-05T16:12:00</AimedDepartureTime>
            <ExpectedDepartureTime>2025-09-05T16:16:49+02:00</ExpectedDepartureTime>
            <DepartureStatus>onTime</DepartureStatus>
          </MonitoredCall>
        </MonitoredVehicleJourney>
      </MonitoredStopVisit>
      <MonitoredStopVisit>
        <RecordedAtTime>2025-09-05T16:12:07</RecordedAtTime>
        <ItemIdentifier>638926855979652029</ItemIdentifier>
        <MonitoringRef>LEBUS:StopPoint:BP:CMTGA1:LOC</MonitoringRef>
        <MonitoredVehicleJourney>
          <LineRef>LEBUS:Line:2:LOC</LineRef>
          <DirectionRef>aller</DirectionRef>
          <FramedVehicleJourneyRef>
            <DataFrameRef>2025-09-05</DataFrameRef>
            <DatedVehicleJourneyRef>LEBUS:VehicleJourney:2069:LOC</DatedVehicleJourneyRef>
          </FramedVehicleJourneyRef>
          <JourneyPatternRef>LEBUS:JourneyPattern:5:LOC</JourneyPatternRef>
          <VehicleMode>BUS</VehicleMode>
          <OperatorRef>LEBUS</OperatorRef>
          <DestinationRef>LEBUS:StopPoint:BP:BLVGA1:LOC</DestinationRef>
          <DestinationName xml:lang="FR">BREUIL LE VERT  Grand Air</DestinationName>
          <Monitored>true</Monitored>
          <Delay>PT4M54S</Delay>
          <MonitoredCall>
            <StopPointRef>LEBUS:StopPoint:BP:CMTGA1:LOC</StopPointRef>
            <Order>5</Order>
            <StopPointName xml:lang="FR">CLERMONT - Gare</StopPointName>
            <AimedArrivalTime>2025-09-05T16:07:00+02:00</AimedArrivalTime>
            <ExpectedArrivalTime>2025-09-05T16:11:40+02:00</ExpectedArrivalTime>
            <AimedDepartureTime>2025-09-05T16:07:00</AimedDepartureTime>
            <ExpectedDepartureTime>2025-09-05T16:11:54+02:00</ExpectedDepartureTime>
            <DepartureStatus>onTime</DepartureStatus>
          </MonitoredCall>
        </MonitoredVehicleJourney>
      </MonitoredStopVisit>
      <MonitoredStopVisit>
        <RecordedAtTime>2025-09-05T16:13:00</RecordedAtTime>
        <ItemIdentifier>638926855979652030</ItemIdentifier>
        <MonitoringRef>LEBUS:StopPoint:BP:BLVGA1:LOC</MonitoringRef>
        <MonitoredVehicleJourney>
          <LineRef>LEBUS:Line:2:LOC</LineRef>
          <DirectionRef>aller</DirectionRef>
          <FramedVehicleJourneyRef>
            <DataFrameRef>2025-09-05</DataFrameRef>
            <DatedVehicleJourneyRef>LEBUS:VehicleJourney:2069:LOC</DatedVehicleJourneyRef>
          </FramedVehicleJourneyRef>
          <JourneyPatternRef>LEBUS:JourneyPattern:5:LOC</JourneyPatternRef>
          <VehicleMode>BUS</VehicleMode>
          <OperatorRef>LEBUS</OperatorRef>
          <DestinationRef>LEBUS:StopPoint:BP:BLVGA1:LOC</DestinationRef>
          <DestinationName xml:lang="FR">BREUIL LE VERT  Grand Air</DestinationName>
          <Monitored>true</Monitored>
          <Delay>PT46S</Delay>
          <MonitoredCall>
            <StopPointRef>LEBUS:StopPoint:BP:BLVGA1:LOC</StopPointRef>
            <Order>14</Order>
            <StopPointName xml:lang="FR">BREUIL LE VERT - Grand Air</StopPointName>
            <AimedArrivalTime>2025-09-05T16:25:00</AimedArrivalTime>
            <ExpectedArrivalTime>2025-09-05T16:25:46+02:00</ExpectedArrivalTime>
            <DepartureStatus>onTime</DepartureStatus>
          </MonitoredCall>
        </MonitoredVehicleJourney>
      </MonitoredStopVisit>
      <MonitoredStopVisit>
        <RecordedAtTime>2025-09-05T16:13:00</RecordedAtTime>
        <ItemIdentifier>638926855979652031</ItemIdentifier>
        <MonitoringRef>LEBUS:StopPoint:BP:BRVCA3:LOC</MonitoringRef>
        <MonitoredVehicleJourney>
          <LineRef>LEBUS:Line:2:LOC</LineRef>
          <DirectionRef>aller</DirectionRef>
          <FramedVehicleJourneyRef>
            <DataFrameRef>2025-09-05</DataFrameRef>
            <DatedVehicleJourneyRef>LEBUS:VehicleJourney:2069:LOC</DatedVehicleJourneyRef>
          </FramedVehicleJourneyRef>
          <JourneyPatternRef>LEBUS:JourneyPattern:5:LOC</JourneyPatternRef>
          <VehicleMode>BUS</VehicleMode>
          <OperatorRef>LEBUS</OperatorRef>
          <DestinationRef>LEBUS:StopPoint:BP:BLVGA1:LOC</DestinationRef>
          <DestinationName xml:lang="FR">BREUIL LE VERT  Grand Air</DestinationName>
          <Monitored>true</Monitored>
          <Delay>PT46S</Delay>
          <MonitoredCall>
            <StopPointRef>LEBUS:StopPoint:BP:BRVCA3:LOC</StopPointRef>
            <Order>13</Order>
            <StopPointName xml:lang="FR">BREUIL-LE-VERT - Calvaire</StopPointName>
            <AimedArrivalTime>2025-09-05T16:23:00+02:00</AimedArrivalTime>
            <ExpectedArrivalTime>2025-09-05T16:23:46+02:00</ExpectedArrivalTime>
            <AimedDepartureTime>2025-09-05T16:23:00</AimedDepartureTime>
            <ExpectedDepartureTime>2025-09-05T16:23:46+02:00</ExpectedDepartureTime>
            <DepartureStatus>onTime</DepartureStatus>
          </MonitoredCall>
        </MonitoredVehicleJourney>
      </MonitoredStopVisit>
      <MonitoredStopVisit>
        <RecordedAtTime>2025-09-05T16:13:00</RecordedAtTime>
        <ItemIdentifier>638926855979652032</ItemIdentifier>
        <MonitoringRef>LEBUS:StopPoint:BP:BRVPE3:LOC</MonitoringRef>
        <MonitoredVehicleJourney>
          <LineRef>LEBUS:Line:2:LOC</LineRef>
          <DirectionRef>aller</DirectionRef>
          <FramedVehicleJourneyRef>
            <DataFrameRef>2025-09-05</DataFrameRef>
            <DatedVehicleJourneyRef>LEBUS:VehicleJourney:2069:LOC</DatedVehicleJourneyRef>
          </FramedVehicleJourneyRef>
          <JourneyPatternRef>LEBUS:JourneyPattern:5:LOC</JourneyPatternRef>
          <VehicleMode>BUS</VehicleMode>
          <OperatorRef>LEBUS</OperatorRef>
          <DestinationRef>LEBUS:StopPoint:BP:BLVGA1:LOC</DestinationRef>
          <DestinationName xml:lang="FR">BREUIL LE VERT  Grand Air</DestinationName>
          <Monitored>true</Monitored>
          <Delay>PT46S</Delay>
          <MonitoredCall>
            <StopPointRef>LEBUS:StopPoint:BP:BRVPE3:LOC</StopPointRef>
            <Order>12</Order>
            <StopPointName xml:lang="FR">BREUIL-LE-VERT - Pétheil</StopPointName>
            <AimedArrivalTime>2025-09-05T16:21:00+02:00</AimedArrivalTime>
            <ExpectedArrivalTime>2025-09-05T16:21:46+02:00</ExpectedArrivalTime>
            <AimedDepartureTime>2025-09-05T16:21:00</AimedDepartureTime>
            <ExpectedDepartureTime>2025-09-05T16:21:46+02:00</ExpectedDepartureTime>
            <DepartureStatus>onTime</DepartureStatus>
          </MonitoredCall>
        </MonitoredVehicleJourney>
      </MonitoredStopVisit>
      <MonitoredStopVisit>
        <RecordedAtTime>2025-09-05T16:13:00</RecordedAtTime>
        <ItemIdentifier>638926855979652033</ItemIdentifier>
        <MonitoringRef>LEBUS:StopPoint:BP:CLMBE3:LOC</MonitoringRef>
        <MonitoredVehicleJourney>
          <LineRef>LEBUS:Line:2:LOC</LineRef>
          <DirectionRef>aller</DirectionRef>
          <FramedVehicleJourneyRef>
            <DataFrameRef>2025-09-05</DataFrameRef>
            <DatedVehicleJourneyRef>LEBUS:VehicleJourney:2069:LOC</DatedVehicleJourneyRef>
          </FramedVehicleJourneyRef>
          <JourneyPatternRef>LEBUS:JourneyPattern:5:LOC</JourneyPatternRef>
          <VehicleMode>BUS</VehicleMode>
          <OperatorRef>LEBUS</OperatorRef>
          <DestinationRef>LEBUS:StopPoint:BP:BLVGA1:LOC</DestinationRef>
          <DestinationName xml:lang="FR">BREUIL LE VERT  Grand Air</DestinationName>
          <Monitored>true</Monitored>
          <Delay>PT46S</Delay>
          <MonitoredCall>
            <StopPointRef>LEBUS:StopPoint:BP:CLMBE3:LOC</StopPointRef>
            <Order>11</Order>
            <StopPointName xml:lang="FR">CLERMONT - Béthencourtel</StopPointName>
            <AimedArrivalTime>2025-09-05T16:20:00+02:00</AimedArrivalTime>
            <ExpectedArrivalTime>2025-09-05T16:20:46+02:00</ExpectedArrivalTime>
            <AimedDepartureTime>2025-09-05T16:20:00</AimedDepartureTime>
            <ExpectedDepartureTime>2025-09-05T16:20:46+02:00</ExpectedDepartureTime>
            <DepartureStatus>onTime</DepartureStatus>
          </MonitoredCall>
        </MonitoredVehicleJourney>
      </MonitoredStopVisit>
      <MonitoredStopVisit>
        <RecordedAtTime>2025-09-05T16:13:00</RecordedAtTime>
        <ItemIdentifier>638926855979652034</ItemIdentifier>
        <MonitoringRef>LEBUS:StopPoint:BP:CLMCE3:LOC</MonitoringRef>
        <MonitoredVehicleJourney>
          <LineRef>LEBUS:Line:2:LOC</LineRef>
          <DirectionRef>aller</DirectionRef>
          <FramedVehicleJourneyRef>
            <DataFrameRef>2025-09-05</DataFrameRef>
            <DatedVehicleJourneyRef>LEBUS:VehicleJourney:2069:LOC</DatedVehicleJourneyRef>
          </FramedVehicleJourneyRef>
          <JourneyPatternRef>LEBUS:JourneyPattern:5:LOC</JourneyPatternRef>
          <VehicleMode>BUS</VehicleMode>
          <OperatorRef>LEBUS</OperatorRef>
          <DestinationRef>LEBUS:StopPoint:BP:BLVGA1:LOC</DestinationRef>
          <DestinationName xml:lang="FR">BREUIL LE VERT  Grand Air</DestinationName>
          <Monitored>true</Monitored>
          <Delay>PT46S</Delay>
          <MonitoredCall>
            <StopPointRef>LEBUS:StopPoint:BP:CLMCE3:LOC</StopPointRef>
            <Order>9</Order>
            <StopPointName xml:lang="FR">CLERMONT - Centre</StopPointName>
            <AimedArrivalTime>2025-09-05T16:18:00+02:00</AimedArrivalTime>
            <ExpectedArrivalTime>2025-09-05T16:18:46+02:00</ExpectedArrivalTime>
            <AimedDepartureTime>2025-09-05T16:18:00</AimedDepartureTime>
            <ExpectedDepartureTime>2025-09-05T16:18:46+02:00</ExpectedDepartureTime>
            <DepartureStatus>onTime</DepartureStatus>
          </MonitoredCall>
        </MonitoredVehicleJourney>
      </MonitoredStopVisit>
      <MonitoredStopVisit>
        <RecordedAtTime>2025-09-05T16:13:00</RecordedAtTime>
        <ItemIdentifier>638926855979652035</ItemIdentifier>
        <MonitoringRef>LEBUS:StopPoint:BP:CLMCO3:LOC</MonitoringRef>
        <MonitoredVehicleJourney>
          <LineRef>LEBUS:Line:2:LOC</LineRef>
          <DirectionRef>aller</DirectionRef>
          <FramedVehicleJourneyRef>
            <DataFrameRef>2025-09-05</DataFrameRef>
            <DatedVehicleJourneyRef>LEBUS:VehicleJourney:2069:LOC</DatedVehicleJourneyRef>
          </FramedVehicleJourneyRef>
          <JourneyPatternRef>LEBUS:JourneyPattern:5:LOC</JourneyPatternRef>
          <VehicleMode>BUS</VehicleMode>
          <OperatorRef>LEBUS</OperatorRef>
          <DestinationRef>LEBUS:StopPoint:BP:BLVGA1:LOC</DestinationRef>
          <DestinationName xml:lang="FR">BREUIL LE VERT  Grand Air</DestinationName>
          <Monitored>true</Monitored>
          <Delay>PT46S</Delay>
          <MonitoredCall>
            <StopPointRef>LEBUS:StopPoint:BP:CLMCO3:LOC</StopPointRef>
            <Order>7</Order>
            <StopPointName xml:lang="FR">CLERMONT - Colimaçons</StopPointName>
            <AimedArrivalTime>2025-09-05T16:14:00+02:00</AimedArrivalTime>
            <ExpectedArrivalTime>2025-09-05T16:14:46+02:00</ExpectedArrivalTime>
            <AimedDepartureTime>2025-09-05T16:14:00</AimedDepartureTime>
            <ExpectedDepartureTime>2025-09-05T16:14:46+02:00</ExpectedDepartureTime>
            <DepartureStatus>onTime</DepartureStatus>
          </MonitoredCall>
        </MonitoredVehicleJourney>
      </MonitoredStopVisit>
      <MonitoredStopVisit>
        <RecordedAtTime>2025-09-05T16:13:00</RecordedAtTime>
        <ItemIdentifier>638926855979652036</ItemIdentifier>
        <MonitoringRef>LEBUS:StopPoint:BP:CLMDG3:LOC</MonitoringRef>
        <MonitoredVehicleJourney>
          <LineRef>LEBUS:Line:2:LOC</LineRef>
          <DirectionRef>aller</DirectionRef>
          <FramedVehicleJourneyRef>
            <DataFrameRef>2025-09-05</DataFrameRef>
            <DatedVehicleJourneyRef>LEBUS:VehicleJourney:2069:LOC</DatedVehicleJourneyRef>
          </FramedVehicleJourneyRef>
          <JourneyPatternRef>LEBUS:JourneyPattern:5:LOC</JourneyPatternRef>
          <VehicleMode>BUS</VehicleMode>
          <OperatorRef>LEBUS</OperatorRef>
          <DestinationRef>LEBUS:StopPoint:BP:BLVGA1:LOC</DestinationRef>
          <DestinationName xml:lang="FR">BREUIL LE VERT  Grand Air</DestinationName>
          <Monitored>true</Monitored>
          <Delay>PT46S</Delay>
          <MonitoredCall>
            <StopPointRef>LEBUS:StopPoint:BP:CLMDG3:LOC</StopPointRef>
            <Order>8</Order>
            <StopPointName xml:lang="FR">CLERMONT - De Gaulle</StopPointName>
            <AimedArrivalTime>2025-09-05T16:16:00+02:00</AimedArrivalTime>
            <ExpectedArrivalTime>2025-09-05T16:16:46+02:00</ExpectedArrivalTime>
            <AimedDepartureTime>2025-09-05T16:16:00</AimedDepartureTime>
            <ExpectedDepartureTime>2025-09-05T16:16:46+02:00</ExpectedDepartureTime>
            <DepartureStatus>onTime</DepartureStatus>
          </MonitoredCall>
        </MonitoredVehicleJourney>
      </MonitoredStopVisit>
      <MonitoredStopVisit>
        <RecordedAtTime>2025-09-05T16:13:00</RecordedAtTime>
        <ItemIdentifier>638926855979652037</ItemIdentifier>
        <MonitoringRef>LEBUS:StopPoint:BP:CLMVT3:LOC</MonitoringRef>
        <MonitoredVehicleJourney>
          <LineRef>LEBUS:Line:2:LOC</LineRef>
          <DirectionRef>aller</DirectionRef>
          <FramedVehicleJourneyRef>
            <DataFrameRef>2025-09-05</DataFrameRef>
            <DatedVehicleJourneyRef>LEBUS:VehicleJourney:2069:LOC</DatedVehicleJourneyRef>
          </FramedVehicleJourneyRef>
          <JourneyPatternRef>LEBUS:JourneyPattern:5:LOC</JourneyPatternRef>
          <VehicleMode>BUS</VehicleMode>
          <OperatorRef>LEBUS</OperatorRef>
          <DestinationRef>LEBUS:StopPoint:BP:BLVGA1:LOC</DestinationRef>
          <DestinationName xml:lang="FR">BREUIL LE VERT  Grand Air</DestinationName>
          <Monitored>true</Monitored>
          <Delay>PT46S</Delay>
          <MonitoredCall>
            <StopPointRef>LEBUS:StopPoint:BP:CLMVT3:LOC</StopPointRef>
            <Order>10</Order>
            <StopPointName xml:lang="FR">CLERMONT - Viénot</StopPointName>
            <AimedArrivalTime>2025-09-05T16:19:00+02:00</AimedArrivalTime>
            <ExpectedArrivalTime>2025-09-05T16:19:46+02:00</ExpectedArrivalTime>
            <AimedDepartureTime>2025-09-05T16:19:00</AimedDepartureTime>
            <ExpectedDepartureTime>2025-09-05T16:19:46+02:00</ExpectedDepartureTime>
            <DepartureStatus>onTime</DepartureStatus>
          </MonitoredCall>
        </MonitoredVehicleJourney>
      </MonitoredStopVisit>
      <MonitoredStopVisit>
        <RecordedAtTime>2025-09-05T16:06:58</RecordedAtTime>
        <ItemIdentifier>638926855979652038</ItemIdentifier>
        <MonitoringRef>LEBUS:StopPoint:BP:CLMFE3:LOC</MonitoringRef>
        <MonitoredVehicleJourney>
          <LineRef>LEBUS:Line:2:LOC</LineRef>
          <DirectionRef>aller</DirectionRef>
          <FramedVehicleJourneyRef>
            <DataFrameRef>2025-09-05</DataFrameRef>
            <DatedVehicleJourneyRef>LEBUS:VehicleJourney:2077:LOC</DatedVehicleJourneyRef>
          </FramedVehicleJourneyRef>
          <JourneyPatternRef>LEBUS:JourneyPattern:5:LOC</JourneyPatternRef>
          <VehicleMode>BUS</VehicleMode>
          <OperatorRef>LEBUS</OperatorRef>
          <DestinationRef>LEBUS:StopPoint:BP:BLVGA1:LOC</DestinationRef>
          <DestinationName xml:lang="FR">BREUIL LE VERT  Grand Air</DestinationName>
          <Monitored>true</Monitored>
          <Delay>PT0S</Delay>
          <MonitoredCall>
            <StopPointRef>LEBUS:StopPoint:BP:CLMFE3:LOC</StopPointRef>
            <Order>1</Order>
            <StopPointName xml:lang="FR">CLERMONT - Collège Fernel</StopPointName>
            <AimedDepartureTime>2025-09-05T17:03:00</AimedDepartureTime>
            <ExpectedDepartureTime>2025-09-05T17:03:00+02:00</ExpectedDepartureTime>
            <DepartureStatus>onTime</DepartureStatus>
          </MonitoredCall>
        </MonitoredVehicleJourney>
      </MonitoredStopVisit>
      <MonitoredStopVisit>
        <RecordedAtTime>2025-09-05T16:10:02</RecordedAtTime>
        <ItemIdentifier>638926855979652039</ItemIdentifier>
        <MonitoringRef>LEBUS:StopPoint:BP:CLMSL3:LOC</MonitoringRef>
        <MonitoredVehicleJourney>
          <LineRef>LEBUS:Line:2:LOC</LineRef>
          <DirectionRef>aller</DirectionRef>
          <FramedVehicleJourneyRef>
            <DataFrameRef>2025-09-05</DataFrameRef>
            <DatedVehicleJourneyRef>LEBUS:VehicleJourney:2077:LOC</DatedVehicleJourneyRef>
          </FramedVehicleJourneyRef>
          <JourneyPatternRef>LEBUS:JourneyPattern:5:LOC</JourneyPatternRef>
          <VehicleMode>BUS</VehicleMode>
          <OperatorRef>LEBUS</OperatorRef>
          <DestinationRef>LEBUS:StopPoint:BP:BLVGA1:LOC</DestinationRef>
          <DestinationName xml:lang="FR">BREUIL LE VERT  Grand Air</DestinationName>
          <Monitored>true</Monitored>
          <Delay>PT0S</Delay>
          <MonitoredCall>
            <StopPointRef>LEBUS:StopPoint:BP:CLMSL3:LOC</StopPointRef>
            <Order>3</Order>
            <StopPointName xml:lang="FR">CLERMONT - St Laurent</StopPointName>
            <AimedArrivalTime>2025-09-05T17:05:00+02:00</AimedArrivalTime>
            <ExpectedArrivalTime>2025-09-05T17:05:00+02:00</ExpectedArrivalTime>
            <AimedDepartureTime>2025-09-05T17:05:00</AimedDepartureTime>
            <ExpectedDepartureTime>2025-09-05T17:05:00+02:00</ExpectedDepartureTime>
            <DepartureStatus>onTime</DepartureStatus>
          </MonitoredCall>
        </MonitoredVehicleJourney>
      </MonitoredStopVisit>
      <MonitoredStopVisit>
        <RecordedAtTime>2025-09-05T16:12:07</RecordedAtTime>
        <ItemIdentifier>638926855979652040</ItemIdentifier>
        <MonitoringRef>LEBUS:StopPoint:BP:CMTGA1:LOC</MonitoringRef>
        <MonitoredVehicleJourney>
          <LineRef>LEBUS:Line:2:LOC</LineRef>
          <DirectionRef>aller</DirectionRef>
          <FramedVehicleJourneyRef>
            <DataFrameRef>2025-09-05</DataFrameRef>
            <DatedVehicleJourneyRef>LEBUS:VehicleJourney:2077:LOC</DatedVehicleJourneyRef>
          </FramedVehicleJourneyRef>
          <JourneyPatternRef>LEBUS:JourneyPattern:5:LOC</JourneyPatternRef>
          <VehicleMode>BUS</VehicleMode>
          <OperatorRef>LEBUS</OperatorRef>
          <DestinationRef>LEBUS:StopPoint:BP:BLVGA1:LOC</DestinationRef>
          <DestinationName xml:lang="FR">BREUIL LE VERT  Grand Air</DestinationName>
          <Monitored>true</Monitored>
          <Delay>PT0S</Delay>
          <MonitoredCall>
            <StopPointRef>LEBUS:StopPoint:BP:CMTGA1:LOC</StopPointRef>
            <Order>5</Order>
            <StopPointName xml:lang="FR">CLERMONT - Gare</StopPointName>
            <AimedArrivalTime>2025-09-05T17:07:00+02:00</AimedArrivalTime>
            <ExpectedArrivalTime>2025-09-05T17:07:00+02:00</ExpectedArrivalTime>
            <AimedDepartureTime>2025-09-05T17:07:00</AimedDepartureTime>
            <ExpectedDepartureTime>2025-09-05T17:07:00+02:00</ExpectedDepartureTime>
            <DepartureStatus>onTime</DepartureStatus>
          </MonitoredCall>
        </MonitoredVehicleJourney>
      </MonitoredStopVisit>
      <MonitoredStopVisit>
        <RecordedAtTime>2025-09-05T16:12:16</RecordedAtTime>
        <ItemIdentifier>638926855979652041</ItemIdentifier>
        <MonitoringRef>LEBUS:StopPoint:BP:CMTGA2:LOC</MonitoringRef>
        <MonitoredVehicleJourney>
          <LineRef>LEBUS:Line:2:LOC</LineRef>
          <DirectionRef>aller</DirectionRef>
          <FramedVehicleJourneyRef>
            <DataFrameRef>2025-09-05</DataFrameRef>
            <DatedVehicleJourneyRef>LEBUS:VehicleJourney:2077:LOC</DatedVehicleJourneyRef>
          </FramedVehicleJourneyRef>
          <JourneyPatternRef>LEBUS:JourneyPattern:5:LOC</JourneyPatternRef>
          <VehicleMode>BUS</VehicleMode>
          <OperatorRef>LEBUS</OperatorRef>
          <DestinationRef>LEBUS:StopPoint:BP:BLVGA1:LOC</DestinationRef>
          <DestinationName xml:lang="FR">BREUIL LE VERT  Grand Air</DestinationName>
          <Monitored>true</Monitored>
          <Delay>PT0S</Delay>
          <MonitoredCall>
            <StopPointRef>LEBUS:StopPoint:BP:CMTGA2:LOC</StopPointRef>
            <Order>6</Order>
            <StopPointName xml:lang="FR">CLERMONT - Gare SNCF</StopPointName>
            <AimedArrivalTime>2025-09-05T17:12:00+02:00</AimedArrivalTime>
            <ExpectedArrivalTime>2025-09-05T17:12:00+02:00</ExpectedArrivalTime>
            <AimedDepartureTime>2025-09-05T17:12:00</AimedDepartureTime>
            <ExpectedDepartureTime>2025-09-05T17:12:00+02:00</ExpectedDepartureTime>
            <DepartureStatus>onTime</DepartureStatus>
          </MonitoredCall>
        </MonitoredVehicleJourney>
      </MonitoredStopVisit>
    </StopMonitoringDelivery>
  </ServiceDelivery>
  <Extensions />
</Siri>