<?xml version="1.0" encoding="UTF-8"?>
<PublicationDelivery xmlns:xsi="http://www.w3.org/2001/XMLSchema-instance"
                     xsi:schemaLocation="http://www.netex.org.uk/netex"
                     xmlns="http://www.netex.org.uk/netex"
                     xmlns:xlink="http://www.w3.org/1999/xlink"
                     xmlns:ifopt="http://www.ifopt.org.uk/ifopt"
                     xmlns:gml="http://www.opengis.net/gml/3.2"
                     xmlns:core="http://www.govtalk.gov.uk/core"
                     xmlns:siri="http://www.siri.org.uk/siri"
                     version="1.10:FR-NETEX-2.2">
   <PublicationTimestamp>2025-08-19T09:49:03+02:00</PublicationTimestamp>
   <ParticipantRef>TUDBUS</ParticipantRef>
   <Description>Offre sur la période du 19/08/2025 au 03/07/2026</Description>
   <dataObjects>
      <CompositeFrame id="FR:CompositeFrame:NETEX_LIGNE-20250819T094903:LOC" version="1.0">
         <Name>Le Juch - Kerlaz</Name>
         <FrameDefaults>
            <DefaultLocale>
               <TimeZone>Europe/Paris</TimeZone>
               <DefaultLanguage>fr</DefaultLanguage>
            </DefaultLocale>
            <DefaultLocationSystem>WGS84</DefaultLocationSystem>
            <DefaultSystemOfUnits>SiMetres</DefaultSystemOfUnits>
         </FrameDefaults>
         <frames>
            <ResourceFrame id="FR:ResourceFrame:1" version="any">
               <typesOfValue>
                  <ValueSet id="FR:ValueSet:TypeOfFrame" nameOfClass="TypeOfFrame" version="any">
                     <Name>TypeOfFrame</Name>
                     <values>
                        <TypeOfFrame id="FR:TypeOfFrame:NETEX_RESEAU" version="any">
                           <Name>NETEX_RESEAU</Name>
                        </TypeOfFrame>
                        <TypeOfFrame id="FR:TypeOfFrame:NETEX_HORAIRE" version="any">
                           <Name>NETEX_HORAIRE</Name>
                        </TypeOfFrame>
                     </values>
                  </ValueSet>
               </typesOfValue>
            </ResourceFrame>
            <GeneralFrame id="FR:GeneralFrame:NETEX_RESEAU-20250819T094903:LOC" version="1.0" dataSourceRef="TUDBUS">
               <TypeOfFrameRef ref="FR:TypeOfFrame:NETEX_RESEAU"/>
               <members>
                  <Route id="TUDBUS:Route:7-A:LOC" version="1">
                     <Name>Le Juch - Kerlaz - Aller</Name>
                     <LineRef ref="TUDBUS:Line:7:LOC" versionRef="1"/>
                     <DirectionType>outbound</DirectionType>
                     <DirectionRef ref="TUDBUS:Direction:7-A:LOC" versionRef="1"/>
                  </Route>
                  <Direction id="TUDBUS:Direction:7-A:LOC" version="1">
                     <Name>Le Juch - Kerlaz - Aller</Name>
                     <DirectionType>outbound</DirectionType>
                  </Direction>
                  <ServiceJourneyPattern id="TUDBUS:ServiceJourneyPattern:23:LOC" version="1">
                     <Name>Douarnenez</Name>
                     <PrivateCode>3823080</PrivateCode>
                     <RouteRef ref="TUDBUS:Route:7-A:LOC" versionRef="1"/>
                     <DestinationDisplayRef ref="TUDBUS:DestinationDisplay:23:LOC" versionRef="1"/>
                     <pointsInSequence>
                        <StopPointInJourneyPattern id="TUDBUS:StopPointInJourneyPattern:23x1:LOC" version="any" order="1">
                           <ScheduledStopPointRef ref="TUDBUS:ScheduledStopPoint:409:LOC" versionRef="1"/>
                           <ForAlighting>false</ForAlighting>
                           <ForBoarding>true</ForBoarding>
                           <RequestStop>false</RequestStop>
                        </StopPointInJourneyPattern>
                        <StopPointInJourneyPattern id="TUDBUS:StopPointInJourneyPattern:23x2:LOC" version="any" order="2">
                           <ScheduledStopPointRef ref="TUDBUS:ScheduledStopPoint:410:LOC" versionRef="1"/>
                           <ForAlighting>true</ForAlighting>
                           <ForBoarding>true</ForBoarding>
                           <RequestStop>false</RequestStop>
                        </StopPointInJourneyPattern>
                        <StopPointInJourneyPattern id="TUDBUS:StopPointInJourneyPattern:23x3:LOC" version="any" order="3">
                           <ScheduledStopPointRef ref="TUDBUS:ScheduledStopPoint:411:LOC" versionRef="1"/>
                           <ForAlighting>true</ForAlighting>
                           <ForBoarding>true</ForBoarding>
                           <RequestStop>false</RequestStop>
                        </StopPointInJourneyPattern>
                        <StopPointInJourneyPattern id="TUDBUS:StopPointInJourneyPattern:23x4:LOC" version="any" order="4">
                           <ScheduledStopPointRef ref="TUDBUS:ScheduledStopPoint:412:LOC" versionRef="1"/>
                           <ForAlighting>true</ForAlighting>
                           <ForBoarding>true</ForBoarding>
                           <RequestStop>false</RequestStop>
                        </StopPointInJourneyPattern>
                        <StopPointInJourneyPattern id="TUDBUS:StopPointInJourneyPattern:23x5:LOC" version="any" order="5">
                           <ScheduledStopPointRef ref="TUDBUS:ScheduledStopPoint:413:LOC" versionRef="1"/>
                           <ForAlighting>true</ForAlighting>
                           <ForBoarding>true</ForBoarding>
                           <RequestStop>false</RequestStop>
                        </StopPointInJourneyPattern>
                        <StopPointInJourneyPattern id="TUDBUS:StopPointInJourneyPattern:23x6:LOC" version="any" order="6">
                           <ScheduledStopPointRef ref="TUDBUS:ScheduledStopPoint:414:LOC" versionRef="1"/>
                           <ForAlighting>true</ForAlighting>
                           <ForBoarding>true</ForBoarding>
                           <RequestStop>false</RequestStop>
                        </StopPointInJourneyPattern>
                        <StopPointInJourneyPattern id="TUDBUS:StopPointInJourneyPattern:23x7:LOC" version="any" order="7">
                           <ScheduledStopPointRef ref="TUDBUS:ScheduledStopPoint:415:LOC" versionRef="1"/>
                           <ForAlighting>true</ForAlighting>
                           <ForBoarding>true</ForBoarding>
                           <RequestStop>false</RequestStop>
                        </StopPointInJourneyPattern>
                        <StopPointInJourneyPattern id="TUDBUS:StopPointInJourneyPattern:23x8:LOC" version="any" order="8">
                           <ScheduledStopPointRef ref="TUDBUS:ScheduledStopPoint:416:LOC" versionRef="1"/>
                           <ForAlighting>true</ForAlighting>
                           <ForBoarding>true</ForBoarding>
                           <RequestStop>false</RequestStop>
                        </StopPointInJourneyPattern>
                        <StopPointInJourneyPattern id="TUDBUS:StopPointInJourneyPattern:23x9:LOC" version="any" order="9">
                           <ScheduledStopPointRef ref="TUDBUS:ScheduledStopPoint:417:LOC" versionRef="1"/>
                           <ForAlighting>true</ForAlighting>
                           <ForBoarding>false</ForBoarding>
                           <RequestStop>false</RequestStop>
                        </StopPointInJourneyPattern>
                     </pointsInSequence>
                     <ServiceJourneyPatternType>passenger</ServiceJourneyPatternType>
                  </ServiceJourneyPattern>
                  <ServiceJourneyPattern id="TUDBUS:ServiceJourneyPattern:24:LOC" version="1">
                     <Name>Douarnenez</Name>
                     <PrivateCode>3823079</PrivateCode>
                     <RouteRef ref="TUDBUS:Route:7-A:LOC" versionRef="1"/>
                     <DestinationDisplayRef ref="TUDBUS:DestinationDisplay:24:LOC" versionRef="1"/>
                     <pointsInSequence>
                        <StopPointInJourneyPattern id="TUDBUS:StopPointInJourneyPattern:24x1:LOC" version="any" order="9">
                           <ScheduledStopPointRef ref="TUDBUS:ScheduledStopPoint:417:LOC" versionRef="1"/>
                           <ForAlighting>false</ForAlighting>
                           <ForBoarding>true</ForBoarding>
                           <RequestStop>false</RequestStop>
                        </StopPointInJourneyPattern>
                        <StopPointInJourneyPattern id="TUDBUS:StopPointInJourneyPattern:24x2:LOC" version="any" order="10">
                           <ScheduledStopPointRef ref="TUDBUS:ScheduledStopPoint:418:LOC" versionRef="1"/>
                           <ForAlighting>true</ForAlighting>
                           <ForBoarding>true</ForBoarding>
                           <RequestStop>false</RequestStop>
                        </StopPointInJourneyPattern>
                        <StopPointInJourneyPattern id="TUDBUS:StopPointInJourneyPattern:24x3:LOC" version="any" order="11">
                           <ScheduledStopPointRef ref="TUDBUS:ScheduledStopPoint:419:LOC" versionRef="1"/>
                           <ForAlighting>true</ForAlighting>
                           <ForBoarding>true</ForBoarding>
                           <RequestStop>false</RequestStop>
                        </StopPointInJourneyPattern>
                        <StopPointInJourneyPattern id="TUDBUS:StopPointInJourneyPattern:24x4:LOC" version="any" order="12">
                           <ScheduledStopPointRef ref="TUDBUS:ScheduledStopPoint:420:LOC" versionRef="1"/>
                           <ForAlighting>true</ForAlighting>
                           <ForBoarding>true</ForBoarding>
                           <RequestStop>false</RequestStop>
                        </StopPointInJourneyPattern>
                        <StopPointInJourneyPattern id="TUDBUS:StopPointInJourneyPattern:24x5:LOC" version="any" order="13">
                           <ScheduledStopPointRef ref="TUDBUS:ScheduledStopPoint:421:LOC" versionRef="1"/>
                           <ForAlighting>true</ForAlighting>
                           <ForBoarding>true</ForBoarding>
                           <RequestStop>false</RequestStop>
                        </StopPointInJourneyPattern>
                        <StopPointInJourneyPattern id="TUDBUS:StopPointInJourneyPattern:24x6:LOC" version="any" order="14">
                           <ScheduledStopPointRef ref="TUDBUS:ScheduledStopPoint:422:LOC" versionRef="1"/>
                           <ForAlighting>true</ForAlighting>
                           <ForBoarding>true</ForBoarding>
                           <RequestStop>false</RequestStop>
                        </StopPointInJourneyPattern>
                        <StopPointInJourneyPattern id="TUDBUS:StopPointInJourneyPattern:24x7:LOC" version="any" order="15">
                           <ScheduledStopPointRef ref="TUDBUS:ScheduledStopPoint:423:LOC" versionRef="1"/>
                           <ForAlighting>true</ForAlighting>
                           <ForBoarding>true</ForBoarding>
                           <RequestStop>false</RequestStop>
                        </StopPointInJourneyPattern>
                        <StopPointInJourneyPattern id="TUDBUS:StopPointInJourneyPattern:24x8:LOC" version="any" order="16">
                           <ScheduledStopPointRef ref="TUDBUS:ScheduledStopPoint:424:LOC" versionRef="1"/>
                           <ForAlighting>true</ForAlighting>
                           <ForBoarding>false</ForBoarding>
                           <RequestStop>false</RequestStop>
                        </StopPointInJourneyPattern>
                     </pointsInSequence>
                     <ServiceJourneyPatternType>passenger</ServiceJourneyPatternType>
                  </ServiceJourneyPattern>
                  <DestinationDisplay id="TUDBUS:DestinationDisplay:23:LOC" version="1">
                     <FrontText>Office De Tourisme</FrontText>
                  </DestinationDisplay>
                  <DestinationDisplay id="TUDBUS:DestinationDisplay:24:LOC" version="1">
                     <FrontText>Embranchement</FrontText>
                  </DestinationDisplay>
                  <ScheduledStopPoint id="TUDBUS:ScheduledStopPoint:409:LOC" version="1">
                     <Name>Kerizore Huella</Name>
                     <Location id="TUDBUS:Location:0943a7e3bbf14c738f36dfa3570c6b89:LOC">
                        <Longitude>-4.2781245</Longitude>
                        <Latitude>48.0632782</Latitude>
                        <gml:pos srsName="EPSG:27572">107502.490040127 2361191.53090008</gml:pos>
                     </Location>
                  </ScheduledStopPoint>
                  <ScheduledStopPoint id="TUDBUS:ScheduledStopPoint:410:LOC" version="1">
                     <Name>Bourg</Name>
                     <Location id="TUDBUS:Location:3a23ca80c6a74041893a852d8c2eab21:LOC">
                        <Longitude>-4.2570986</Longitude>
                        <Latitude>48.0654909</Latitude>
                        <gml:pos srsName="EPSG:27572">109084.927908125 2361305.17679155</gml:pos>
                     </Location>
                  </ScheduledStopPoint>
                  <ScheduledStopPoint id="TUDBUS:ScheduledStopPoint:411:LOC" version="1">
                     <Name>Bourg</Name>
                     <Location id="TUDBUS:Location:e2bff899c97e42a3a5e562eb852f62d9:LOC">
                        <Longitude>-4.2735848</Longitude>
                        <Latitude>48.0916364</Latitude>
                        <gml:pos srsName="EPSG:27572">108104.634434696 2364305.56755816</gml:pos>
                     </Location>
                  </ScheduledStopPoint>
                  <ScheduledStopPoint id="TUDBUS:ScheduledStopPoint:412:LOC" version="1">
                     <Name>Kerlucia</Name>
                     <Location id="TUDBUS:Location:49ca945346e94584b029586ee92a1f88:LOC">
                        <Longitude>-4.2945559</Longitude>
                        <Latitude>48.0923854</Latitude>
                        <gml:pos srsName="EPSG:27572">106554.77330137 2364520.03233953</gml:pos>
                     </Location>
                  </ScheduledStopPoint>
                  <ScheduledStopPoint id="TUDBUS:ScheduledStopPoint:413:LOC" version="1">
                     <Name>Le Ris</Name>
                     <Location id="TUDBUS:Location:fc20092817bb45cfa79a2f3825a57785:LOC">
                        <Longitude>-4.2992008</Longitude>
                        <Latitude>48.0904116</Latitude>
                        <gml:pos srsName="EPSG:27572">106191.437003317 2364330.48699928</gml:pos>
                     </Location>
                  </ScheduledStopPoint>
                  <ScheduledStopPoint id="TUDBUS:ScheduledStopPoint:414:LOC" version="1">
                     <Name>Hôpital</Name>
                     <Location id="TUDBUS:Location:51e888a27d3e4db692c901dd7cf8e4ea:LOC">
                        <Longitude>-4.316867</Longitude>
                        <Latitude>48.0830304</Latitude>
                        <gml:pos srsName="EPSG:27572">104810.503714459 2363623.73379393</gml:pos>
                     </Location>
                  </ScheduledStopPoint>
                  <ScheduledStopPoint id="TUDBUS:ScheduledStopPoint:415:LOC" version="1">
                     <Name>Ploaré</Name>
                     <Location id="TUDBUS:Location:60cd28a216ca4defb5072c1c0ae12b01:LOC">
                        <Longitude>-4.321616</Longitude>
                        <Latitude>48.0860069</Latitude>
                        <gml:pos srsName="EPSG:27572">104485.906296298 2363983.4887523</gml:pos>
                     </Location>
                  </ScheduledStopPoint>
                  <ScheduledStopPoint id="TUDBUS:ScheduledStopPoint:416:LOC" version="1">
                     <Name>La Poste</Name>
                     <Location id="TUDBUS:Location:86ec853a813740ccb473ec6071b62bd2:LOC">
                        <Longitude>-4.3281551</Longitude>
                        <Latitude>48.092279</Latitude>
                        <gml:pos srsName="EPSG:27572">104059.497033482 2364719.73657146</gml:pos>
                     </Location>
                  </ScheduledStopPoint>
                  <ScheduledStopPoint id="TUDBUS:ScheduledStopPoint:417:LOC" version="1">
                     <Name>Office De Tourisme</Name>
                     <Location id="TUDBUS:Location:70254da9d46e4beb9f8ae29cf55a7eff:LOC">
                        <Longitude>-4.330317</Longitude>
                        <Latitude>48.0933404</Latitude>
                        <gml:pos srsName="EPSG:27572">103909.00982873 2364850.99290522</gml:pos>
                     </Location>
                  </ScheduledStopPoint>
                  <ScheduledStopPoint id="TUDBUS:ScheduledStopPoint:418:LOC" version="1">
                     <Name>Ploaré</Name>
                     <Location id="TUDBUS:Location:83facf573ca14f358bf768fdde19d189:LOC">
                        <Longitude>-4.321616</Longitude>
                        <Latitude>48.0860069</Latitude>
                        <gml:pos srsName="EPSG:27572">104485.906296298 2363983.4887523</gml:pos>
                     </Location>
                  </ScheduledStopPoint>
                  <ScheduledStopPoint id="TUDBUS:ScheduledStopPoint:419:LOC" version="1">
                     <Name>Hôpital</Name>
                     <Location id="TUDBUS:Location:83a143a2260e4aebad7bd23dbd674214:LOC">
                        <Longitude>-4.316867</Longitude>
                        <Latitude>48.0830304</Latitude>
                        <gml:pos srsName="EPSG:27572">104810.503714459 2363623.73379393</gml:pos>
                     </Location>
                  </ScheduledStopPoint>
                  <ScheduledStopPoint id="TUDBUS:ScheduledStopPoint:420:LOC" version="1">
                     <Name>Le Ris</Name>
                     <Location id="TUDBUS:Location:f9a5b4459f8d48d2aba22ad32728f953:LOC">
                        <Longitude>-4.2992008</Longitude>
                        <Latitude>48.0904116</Latitude>
                        <gml:pos srsName="EPSG:27572">106191.437003317 2364330.48699928</gml:pos>
                     </Location>
                  </ScheduledStopPoint>
                  <ScheduledStopPoint id="TUDBUS:ScheduledStopPoint:421:LOC" version="1">
                     <Name>Kerlucia</Name>
                     <Location id="TUDBUS:Location:0358ac8c718142198740bfb19710abad:LOC">
                        <Longitude>-4.2945559</Longitude>
                        <Latitude>48.0923854</Latitude>
                        <gml:pos srsName="EPSG:27572">106554.77330137 2364520.03233953</gml:pos>
                     </Location>
                  </ScheduledStopPoint>
                  <ScheduledStopPoint id="TUDBUS:ScheduledStopPoint:422:LOC" version="1">
                     <Name>Bourg</Name>
                     <Location id="TUDBUS:Location:776d879be4ff4f939a1c30daeb90c82d:LOC">
                        <Longitude>-4.2735848</Longitude>
                        <Latitude>48.0916364</Latitude>
                        <gml:pos srsName="EPSG:27572">108104.634434696 2364305.56755816</gml:pos>
                     </Location>
                  </ScheduledStopPoint>
                  <ScheduledStopPoint id="TUDBUS:ScheduledStopPoint:423:LOC" version="1">
                     <Name>Bourg</Name>
                     <Location id="TUDBUS:Location:71bd0538f63e4113b56dc9d39de739da:LOC">
                        <Longitude>-4.2570986</Longitude>
                        <Latitude>48.0654909</Latitude>
                        <gml:pos srsName="EPSG:27572">109084.927908125 2361305.17679155</gml:pos>
                     </Location>
                  </ScheduledStopPoint>
                  <ScheduledStopPoint id="TUDBUS:ScheduledStopPoint:424:LOC" version="1">
                     <Name>Embranchement</Name>
                     <Location id="TUDBUS:Location:cb8324ddf98d494cb848e16d9ed39f23:LOC">
                        <Longitude>-4.279148</Longitude>
                        <Latitude>48.0626817</Latitude>
                        <gml:pos srsName="EPSG:27572">107420.887286385 2361131.84594752</gml:pos>
                     </Location>
                  </ScheduledStopPoint>
                  <PassengerStopAssignment id="TUDBUS:PassengerStopAssignment:409:LOC" version="1" order="0">
                     <ScheduledStopPointRef ref="TUDBUS:ScheduledStopPoint:409:LOC" versionRef="1"/>
                     <StopPlaceRef ref="FR:29087:StopPlace:genAUTO$1359534806:TUDBUS" versionRef="1"/>
                     <QuayRef ref="FR:29087:Quay:Kerizore Huella:TUDBUS" versionRef="1"/>
                  </PassengerStopAssignment>
                  <PassengerStopAssignment id="TUDBUS:PassengerStopAssignment:410:LOC" version="1" order="0">
                     <ScheduledStopPointRef ref="TUDBUS:ScheduledStopPoint:410:LOC" versionRef="1"/>
                     <StopPlaceRef ref="FR:29087:StopPlace:genAUTO$1886993272:TUDBUS" versionRef="1"/>
                     <QuayRef ref="FR:29087:Quay:Le Juch Bourg:TUDBUS" versionRef="1"/>
                  </PassengerStopAssignment>
                  <PassengerStopAssignment id="TUDBUS:PassengerStopAssignment:411:LOC" version="1" order="0">
                     <ScheduledStopPointRef ref="TUDBUS:ScheduledStopPoint:411:LOC" versionRef="1"/>
                     <StopPlaceRef ref="FR:29090:StopPlace:genAUTO$566717250:TUDBUS" versionRef="1"/>
                     <QuayRef ref="FR:29090:Quay:Kerlaz Bourg:TUDBUS" versionRef="1"/>
                  </PassengerStopAssignment>
                  <PassengerStopAssignment id="TUDBUS:PassengerStopAssignment:412:LOC" version="1" order="0">
                     <ScheduledStopPointRef ref="TUDBUS:ScheduledStopPoint:412:LOC" versionRef="1"/>
                     <StopPlaceRef ref="FR:29090:StopPlace:genAUTO$511840794:TUDBUS" versionRef="1"/>
                     <QuayRef ref="FR:29090:Quay:Kerlucia:TUDBUS" versionRef="1"/>
                  </PassengerStopAssignment>
                  <PassengerStopAssignment id="TUDBUS:PassengerStopAssignment:413:LOC" version="1" order="0">
                     <ScheduledStopPointRef ref="TUDBUS:ScheduledStopPoint:413:LOC" versionRef="1"/>
                     <StopPlaceRef ref="FR:29046:StopPlace:genAUTO$1318103958:TUDBUS" versionRef="1"/>
                     <QuayRef ref="FR:29046:Quay:1900158:TUDBUS" versionRef="1"/>
                  </PassengerStopAssignment>
                  <PassengerStopAssignment id="TUDBUS:PassengerStopAssignment:414:LOC" version="1" order="0">
                     <ScheduledStopPointRef ref="TUDBUS:ScheduledStopPoint:414:LOC" versionRef="1"/>
                     <StopPlaceRef ref="FR:29046:StopPlace:genAUTO$511534904:TUDBUS" versionRef="1"/>
                     <QuayRef ref="FR:29046:Quay:1900138:TUDBUS" versionRef="1"/>
                  </PassengerStopAssignment>
                  <PassengerStopAssignment id="TUDBUS:PassengerStopAssignment:415:LOC" version="1" order="0">
                     <ScheduledStopPointRef ref="TUDBUS:ScheduledStopPoint:415:LOC" versionRef="1"/>
                     <StopPlaceRef ref="FR:29046:StopPlace:genAUTO$1410779388:TUDBUS" versionRef="1"/>
                     <QuayRef ref="FR:29046:Quay:1900141:TUDBUS" versionRef="1"/>
                  </PassengerStopAssignment>
                  <PassengerStopAssignment id="TUDBUS:PassengerStopAssignment:416:LOC" version="1" order="0">
                     <ScheduledStopPointRef ref="TUDBUS:ScheduledStopPoint:416:LOC" versionRef="1"/>
                     <StopPlaceRef ref="FR:29046:StopPlace:genAUTO$1410779384:TUDBUS" versionRef="1"/>
                     <QuayRef ref="FR:29046:Quay:1900145:TUDBUS" versionRef="1"/>
                  </PassengerStopAssignment>
                  <PassengerStopAssignment id="TUDBUS:PassengerStopAssignment:417:LOC" version="1" order="0">
                     <ScheduledStopPointRef ref="TUDBUS:ScheduledStopPoint:417:LOC" versionRef="1"/>
                     <StopPlaceRef ref="FR:29046:StopPlace:genAUTO$1410779385:TUDBUS" versionRef="1"/>
                     <QuayRef ref="FR:29046:Quay:1900144:TUDBUS" versionRef="1"/>
                  </PassengerStopAssignment>
                  <PassengerStopAssignment id="TUDBUS:PassengerStopAssignment:418:LOC" version="1" order="0">
                     <ScheduledStopPointRef ref="TUDBUS:ScheduledStopPoint:418:LOC" versionRef="1"/>
                     <StopPlaceRef ref="FR:29046:StopPlace:genAUTO$1410779388:TUDBUS" versionRef="1"/>
                     <QuayRef ref="FR:29046:Quay:1900141:TUDBUS" versionRef="1"/>
                  </PassengerStopAssignment>
                  <PassengerStopAssignment id="TUDBUS:PassengerStopAssignment:419:LOC" version="1" order="0">
                     <ScheduledStopPointRef ref="TUDBUS:ScheduledStopPoint:419:LOC" versionRef="1"/>
                     <StopPlaceRef ref="FR:29046:StopPlace:genAUTO$511534904:TUDBUS" versionRef="1"/>
                     <QuayRef ref="FR:29046:Quay:1900138:TUDBUS" versionRef="1"/>
                  </PassengerStopAssignment>
                  <PassengerStopAssignment id="TUDBUS:PassengerStopAssignment:420:LOC" version="1" order="0">
                     <ScheduledStopPointRef ref="TUDBUS:ScheduledStopPoint:420:LOC" versionRef="1"/>
                     <StopPlaceRef ref="FR:29046:StopPlace:genAUTO$1318103958:TUDBUS" versionRef="1"/>
                     <QuayRef ref="FR:29046:Quay:1900158:TUDBUS" versionRef="1"/>
                  </PassengerStopAssignment>
                  <PassengerStopAssignment id="TUDBUS:PassengerStopAssignment:421:LOC" version="1" order="0">
                     <ScheduledStopPointRef ref="TUDBUS:ScheduledStopPoint:421:LOC" versionRef="1"/>
                     <StopPlaceRef ref="FR:29090:StopPlace:genAUTO$511840794:TUDBUS" versionRef="1"/>
                     <QuayRef ref="FR:29090:Quay:Kerlucia:TUDBUS" versionRef="1"/>
                  </PassengerStopAssignment>
                  <PassengerStopAssignment id="TUDBUS:PassengerStopAssignment:422:LOC" version="1" order="0">
                     <ScheduledStopPointRef ref="TUDBUS:ScheduledStopPoint:422:LOC" versionRef="1"/>
                     <StopPlaceRef ref="FR:29090:StopPlace:genAUTO$566717250:TUDBUS" versionRef="1"/>
                     <QuayRef ref="FR:29090:Quay:Kerlaz Bourg:TUDBUS" versionRef="1"/>
                  </PassengerStopAssignment>
                  <PassengerStopAssignment id="TUDBUS:PassengerStopAssignment:423:LOC" version="1" order="0">
                     <ScheduledStopPointRef ref="TUDBUS:ScheduledStopPoint:423:LOC" versionRef="1"/>
                     <StopPlaceRef ref="FR:29087:StopPlace:genAUTO$1886993272:TUDBUS" versionRef="1"/>
                     <QuayRef ref="FR:29087:Quay:Le Juch Bourg:TUDBUS" versionRef="1"/>
                  </PassengerStopAssignment>
                  <PassengerStopAssignment id="TUDBUS:PassengerStopAssignment:424:LOC" version="1" order="0">
                     <ScheduledStopPointRef ref="TUDBUS:ScheduledStopPoint:424:LOC" versionRef="1"/>
                     <StopPlaceRef ref="FR:29087:StopPlace:genAUTO$269018287:TUDBUS" versionRef="1"/>
                     <QuayRef ref="FR:29087:Quay:Embranchement:TUDBUS" versionRef="1"/>
                  </PassengerStopAssignment>
               </members>
            </GeneralFrame>
            <GeneralFrame id="FR:GeneralFrame:NETEX_HORAIRE-20250819T094903:LOC" version="1.0" dataSourceRef="TUDBUS">
               <TypeOfFrameRef ref="FR:TypeOfFrame:NETEX_HORAIRE"/>
               <members>
                  <ServiceJourney id="TUDBUS:ServiceJourney:TP1054549:LOC" version="1">
                     <TransportMode>bus</TransportMode>
                     <dayTypes>
                        <DayTypeRef ref="TUDBUS:Timetable:DayType:16127:LOC" versionRef="1"/>
                     </dayTypes>
                     <JourneyPatternRef ref="TUDBUS:ServiceJourneyPattern:23:LOC" versionRef="1"/>
                     <passingTimes>
                        <TimetabledPassingTime version="any">
                           <ArrivalTime>13:35:00</ArrivalTime>
                           <ArrivalDayOffset>0</ArrivalDayOffset>
                           <DepartureTime>13:35:00</DepartureTime>
                           <DepartureDayOffset>0</DepartureDayOffset>
                        </TimetabledPassingTime>
                        <TimetabledPassingTime version="any">
                           <ArrivalTime>13:38:00</ArrivalTime>
                           <ArrivalDayOffset>0</ArrivalDayOffset>
                           <DepartureTime>13:38:00</DepartureTime>
                           <DepartureDayOffset>0</DepartureDayOffset>
                        </TimetabledPassingTime>
                        <TimetabledPassingTime version="any">
                           <ArrivalTime>13:46:00</ArrivalTime>
                           <ArrivalDayOffset>0</ArrivalDayOffset>
                           <DepartureTime>13:46:00</DepartureTime>
                           <DepartureDayOffset>0</DepartureDayOffset>
                        </TimetabledPassingTime>
                        <TimetabledPassingTime version="any">
                           <ArrivalTime>13:49:00</ArrivalTime>
                           <ArrivalDayOffset>0</ArrivalDayOffset>
                           <DepartureTime>13:49:00</DepartureTime>
                           <DepartureDayOffset>0</DepartureDayOffset>
                        </TimetabledPassingTime>
                        <TimetabledPassingTime version="any">
                           <ArrivalTime>13:51:00</ArrivalTime>
                           <ArrivalDayOffset>0</ArrivalDayOffset>
                           <DepartureTime>13:51:00</DepartureTime>
                           <DepartureDayOffset>0</DepartureDayOffset>
                        </TimetabledPassingTime>
                        <TimetabledPassingTime version="any">
                           <ArrivalTime>13:55:00</ArrivalTime>
                           <ArrivalDayOffset>0</ArrivalDayOffset>
                           <DepartureTime>13:55:00</DepartureTime>
                           <DepartureDayOffset>0</DepartureDayOffset>
                        </TimetabledPassingTime>
                        <TimetabledPassingTime version="any">
                           <ArrivalTime>13:57:00</ArrivalTime>
                           <ArrivalDayOffset>0</ArrivalDayOffset>
                           <DepartureTime>13:57:00</DepartureTime>
                           <DepartureDayOffset>0</DepartureDayOffset>
                        </TimetabledPassingTime>
                        <TimetabledPassingTime version="any">
                           <ArrivalTime>13:59:00</ArrivalTime>
                           <ArrivalDayOffset>0</ArrivalDayOffset>
                           <DepartureTime>13:59:00</DepartureTime>
                           <DepartureDayOffset>0</DepartureDayOffset>
                        </TimetabledPassingTime>
                        <TimetabledPassingTime version="any">
                           <ArrivalTime>14:01:00</ArrivalTime>
                           <ArrivalDayOffset>0</ArrivalDayOffset>
                           <DepartureTime>14:01:00</DepartureTime>
                           <DepartureDayOffset>0</DepartureDayOffset>
                        </TimetabledPassingTime>
                     </passingTimes>
                  </ServiceJourney>
                  <ServiceJourney id="TUDBUS:ServiceJourney:TP1054552:LOC" version="1">
                     <TransportMode>bus</TransportMode>
                     <dayTypes>
                        <DayTypeRef ref="TUDBUS:Timetable:DayType:16127:LOC" versionRef="1"/>
                     </dayTypes>
                     <JourneyPatternRef ref="TUDBUS:ServiceJourneyPattern:24:LOC" versionRef="1"/>
                     <passingTimes>
                        <TimetabledPassingTime version="any">
                           <ArrivalTime>17:00:00</ArrivalTime>
                           <ArrivalDayOffset>0</ArrivalDayOffset>
                           <DepartureTime>17:00:00</DepartureTime>
                           <DepartureDayOffset>0</DepartureDayOffset>
                        </TimetabledPassingTime>
                        <TimetabledPassingTime version="any">
                           <ArrivalTime>17:04:00</ArrivalTime>
                           <ArrivalDayOffset>0</ArrivalDayOffset>
                           <DepartureTime>17:04:00</DepartureTime>
                           <DepartureDayOffset>0</DepartureDayOffset>
                        </TimetabledPassingTime>
                        <TimetabledPassingTime version="any">
                           <ArrivalTime>17:06:00</ArrivalTime>
                           <ArrivalDayOffset>0</ArrivalDayOffset>
                           <DepartureTime>17:06:00</DepartureTime>
                           <DepartureDayOffset>0</DepartureDayOffset>
                        </TimetabledPassingTime>
                        <TimetabledPassingTime version="any">
                           <ArrivalTime>17:10:00</ArrivalTime>
                           <ArrivalDayOffset>0</ArrivalDayOffset>
                           <DepartureTime>17:10:00</DepartureTime>
                           <DepartureDayOffset>0</DepartureDayOffset>
                        </TimetabledPassingTime>
                        <TimetabledPassingTime version="any">
                           <ArrivalTime>17:12:00</ArrivalTime>
                           <ArrivalDayOffset>0</ArrivalDayOffset>
                           <DepartureTime>17:12:00</DepartureTime>
                           <DepartureDayOffset>0</DepartureDayOffset>
                        </TimetabledPassingTime>
                        <TimetabledPassingTime version="any">
                           <ArrivalTime>17:15:00</ArrivalTime>
                           <ArrivalDayOffset>0</ArrivalDayOffset>
                           <DepartureTime>17:15:00</DepartureTime>
                           <DepartureDayOffset>0</DepartureDayOffset>
                        </TimetabledPassingTime>
                        <TimetabledPassingTime version="any">
                           <ArrivalTime>17:23:00</ArrivalTime>
                           <ArrivalDayOffset>0</ArrivalDayOffset>
                           <DepartureTime>17:23:00</DepartureTime>
                           <DepartureDayOffset>0</DepartureDayOffset>
                        </TimetabledPassingTime>
                        <TimetabledPassingTime version="any">
                           <ArrivalTime>17:26:00</ArrivalTime>
                           <ArrivalDayOffset>0</ArrivalDayOffset>
                           <DepartureTime>17:26:00</DepartureTime>
                           <DepartureDayOffset>0</DepartureDayOffset>
                        </TimetabledPassingTime>
                     </passingTimes>
                  </ServiceJourney>
                  <ServiceJourney id="TUDBUS:ServiceJourney:TP1054550:LOC" version="1">
                     <TransportMode>bus</TransportMode>
                     <dayTypes>
                        <DayTypeRef ref="TUDBUS:Timetable:DayType:15127:LOC" versionRef="1"/>
                     </dayTypes>
                     <JourneyPatternRef ref="TUDBUS:ServiceJourneyPattern:23:LOC" versionRef="1"/>
                     <passingTimes>
                        <TimetabledPassingTime version="any">
                           <ArrivalTime>09:03:00</ArrivalTime>
                           <ArrivalDayOffset>0</ArrivalDayOffset>
                           <DepartureTime>09:03:00</DepartureTime>
                           <DepartureDayOffset>0</DepartureDayOffset>
                        </TimetabledPassingTime>
                        <TimetabledPassingTime version="any">
                           <ArrivalTime>09:06:00</ArrivalTime>
                           <ArrivalDayOffset>0</ArrivalDayOffset>
                           <DepartureTime>09:06:00</DepartureTime>
                           <DepartureDayOffset>0</DepartureDayOffset>
                        </TimetabledPassingTime>
                        <TimetabledPassingTime version="any">
                           <ArrivalTime>09:14:00</ArrivalTime>
                           <ArrivalDayOffset>0</ArrivalDayOffset>
                           <DepartureTime>09:14:00</DepartureTime>
                           <DepartureDayOffset>0</DepartureDayOffset>
                        </TimetabledPassingTime>
                        <TimetabledPassingTime version="any">
                           <ArrivalTime>09:17:00</ArrivalTime>
                           <ArrivalDayOffset>0</ArrivalDayOffset>
                           <DepartureTime>09:17:00</DepartureTime>
                           <DepartureDayOffset>0</DepartureDayOffset>
                        </TimetabledPassingTime>
                        <TimetabledPassingTime version="any">
                           <ArrivalTime>09:19:00</ArrivalTime>
                           <ArrivalDayOffset>0</ArrivalDayOffset>
                           <DepartureTime>09:19:00</DepartureTime>
                           <DepartureDayOffset>0</DepartureDayOffset>
                        </TimetabledPassingTime>
                        <TimetabledPassingTime version="any">
                           <ArrivalTime>09:23:00</ArrivalTime>
                           <ArrivalDayOffset>0</ArrivalDayOffset>
                           <DepartureTime>09:23:00</DepartureTime>
                           <DepartureDayOffset>0</DepartureDayOffset>
                        </TimetabledPassingTime>
                        <TimetabledPassingTime version="any">
                           <ArrivalTime>09:25:00</ArrivalTime>
                           <ArrivalDayOffset>0</ArrivalDayOffset>
                           <DepartureTime>09:25:00</DepartureTime>
                           <DepartureDayOffset>0</DepartureDayOffset>
                        </TimetabledPassingTime>
                        <TimetabledPassingTime version="any">
                           <ArrivalTime>09:27:00</ArrivalTime>
                           <ArrivalDayOffset>0</ArrivalDayOffset>
                           <DepartureTime>09:27:00</DepartureTime>
                           <DepartureDayOffset>0</DepartureDayOffset>
                        </TimetabledPassingTime>
                        <TimetabledPassingTime version="any">
                           <ArrivalTime>09:29:00</ArrivalTime>
                           <ArrivalDayOffset>0</ArrivalDayOffset>
                           <DepartureTime>09:29:00</DepartureTime>
                           <DepartureDayOffset>0</DepartureDayOffset>
                        </TimetabledPassingTime>
                     </passingTimes>
                  </ServiceJourney>
                  <ServiceJourney id="TUDBUS:ServiceJourney:TP1054551:LOC" version="1">
                     <TransportMode>bus</TransportMode>
                     <dayTypes>
                        <DayTypeRef ref="TUDBUS:Timetable:DayType:15127:LOC" versionRef="1"/>
                     </dayTypes>
                     <JourneyPatternRef ref="TUDBUS:ServiceJourneyPattern:23:LOC" versionRef="1"/>
                     <passingTimes>
                        <TimetabledPassingTime version="any">
                           <ArrivalTime>13:35:00</ArrivalTime>
                           <ArrivalDayOffset>0</ArrivalDayOffset>
                           <DepartureTime>13:35:00</DepartureTime>
                           <DepartureDayOffset>0</DepartureDayOffset>
                        </TimetabledPassingTime>
                        <TimetabledPassingTime version="any">
                           <ArrivalTime>13:38:00</ArrivalTime>
                           <ArrivalDayOffset>0</ArrivalDayOffset>
                           <DepartureTime>13:38:00</DepartureTime>
                           <DepartureDayOffset>0</DepartureDayOffset>
                        </TimetabledPassingTime>
                        <TimetabledPassingTime version="any">
                           <ArrivalTime>13:46:00</ArrivalTime>
                           <ArrivalDayOffset>0</ArrivalDayOffset>
                           <DepartureTime>13:46:00</DepartureTime>
                           <DepartureDayOffset>0</DepartureDayOffset>
                        </TimetabledPassingTime>
                        <TimetabledPassingTime version="any">
                           <ArrivalTime>13:49:00</ArrivalTime>
                           <ArrivalDayOffset>0</ArrivalDayOffset>
                           <DepartureTime>13:49:00</DepartureTime>
                           <DepartureDayOffset>0</DepartureDayOffset>
                        </TimetabledPassingTime>
                        <TimetabledPassingTime version="any">
                           <ArrivalTime>13:51:00</ArrivalTime>
                           <ArrivalDayOffset>0</ArrivalDayOffset>
                           <DepartureTime>13:51:00</DepartureTime>
                           <DepartureDayOffset>0</DepartureDayOffset>
                        </TimetabledPassingTime>
                        <TimetabledPassingTime version="any">
                           <ArrivalTime>13:55:00</ArrivalTime>
                           <ArrivalDayOffset>0</ArrivalDayOffset>
                           <DepartureTime>13:55:00</DepartureTime>
                           <DepartureDayOffset>0</DepartureDayOffset>
                        </TimetabledPassingTime>
                        <TimetabledPassingTime version="any">
                           <ArrivalTime>13:57:00</ArrivalTime>
                           <ArrivalDayOffset>0</ArrivalDayOffset>
                           <DepartureTime>13:57:00</DepartureTime>
                           <DepartureDayOffset>0</DepartureDayOffset>
                        </TimetabledPassingTime>
                        <TimetabledPassingTime version="any">
                           <ArrivalTime>13:59:00</ArrivalTime>
                           <ArrivalDayOffset>0</ArrivalDayOffset>
                           <DepartureTime>13:59:00</DepartureTime>
                           <DepartureDayOffset>0</DepartureDayOffset>
                        </TimetabledPassingTime>
                        <TimetabledPassingTime version="any">
                           <ArrivalTime>14:01:00</ArrivalTime>
                           <ArrivalDayOffset>0</ArrivalDayOffset>
                           <DepartureTime>14:01:00</DepartureTime>
                           <DepartureDayOffset>0</DepartureDayOffset>
                        </TimetabledPassingTime>
                     </passingTimes>
                  </ServiceJourney>
                  <ServiceJourney id="TUDBUS:ServiceJourney:TP1054553:LOC" version="1">
                     <TransportMode>bus</TransportMode>
                     <dayTypes>
                        <DayTypeRef ref="TUDBUS:Timetable:DayType:15127:LOC" versionRef="1"/>
                     </dayTypes>
                     <JourneyPatternRef ref="TUDBUS:ServiceJourneyPattern:24:LOC" versionRef="1"/>
                     <passingTimes>
                        <TimetabledPassingTime version="any">
                           <ArrivalTime>12:00:00</ArrivalTime>
                           <ArrivalDayOffset>0</ArrivalDayOffset>
                           <DepartureTime>12:00:00</DepartureTime>
                           <DepartureDayOffset>0</DepartureDayOffset>
                        </TimetabledPassingTime>
                        <TimetabledPassingTime version="any">
                           <ArrivalTime>12:04:00</ArrivalTime>
                           <ArrivalDayOffset>0</ArrivalDayOffset>
                           <DepartureTime>12:04:00</DepartureTime>
                           <DepartureDayOffset>0</DepartureDayOffset>
                        </TimetabledPassingTime>
                        <TimetabledPassingTime version="any">
                           <ArrivalTime>12:06:00</ArrivalTime>
                           <ArrivalDayOffset>0</ArrivalDayOffset>
                           <DepartureTime>12:06:00</DepartureTime>
                           <DepartureDayOffset>0</DepartureDayOffset>
                        </TimetabledPassingTime>
                        <TimetabledPassingTime version="any">
                           <ArrivalTime>12:10:00</ArrivalTime>
                           <ArrivalDayOffset>0</ArrivalDayOffset>
                           <DepartureTime>12:10:00</DepartureTime>
                           <DepartureDayOffset>0</DepartureDayOffset>
                        </TimetabledPassingTime>
                        <TimetabledPassingTime version="any">
                           <ArrivalTime>12:12:00</ArrivalTime>
                           <ArrivalDayOffset>0</ArrivalDayOffset>
                           <DepartureTime>12:12:00</DepartureTime>
                           <DepartureDayOffset>0</DepartureDayOffset>
                        </TimetabledPassingTime>
                        <TimetabledPassingTime version="any">
                           <ArrivalTime>12:15:00</ArrivalTime>
                           <ArrivalDayOffset>0</ArrivalDayOffset>
                           <DepartureTime>12:15:00</DepartureTime>
                           <DepartureDayOffset>0</DepartureDayOffset>
                        </TimetabledPassingTime>
                        <TimetabledPassingTime version="any">
                           <ArrivalTime>12:23:00</ArrivalTime>
                           <ArrivalDayOffset>0</ArrivalDayOffset>
                           <DepartureTime>12:23:00</DepartureTime>
                           <DepartureDayOffset>0</DepartureDayOffset>
                        </TimetabledPassingTime>
                        <TimetabledPassingTime version="any">
                           <ArrivalTime>12:26:00</ArrivalTime>
                           <ArrivalDayOffset>0</ArrivalDayOffset>
                           <DepartureTime>12:26:00</DepartureTime>
                           <DepartureDayOffset>0</DepartureDayOffset>
                        </TimetabledPassingTime>
                     </passingTimes>
                  </ServiceJourney>
                  <ServiceJourney id="TUDBUS:ServiceJourney:TP1054554:LOC" version="1">
                     <TransportMode>bus</TransportMode>
                     <dayTypes>
                        <DayTypeRef ref="TUDBUS:Timetable:DayType:15127:LOC" versionRef="1"/>
                     </dayTypes>
                     <JourneyPatternRef ref="TUDBUS:ServiceJourneyPattern:24:LOC" versionRef="1"/>
                     <passingTimes>
                        <TimetabledPassingTime version="any">
                           <ArrivalTime>17:00:00</ArrivalTime>
                           <ArrivalDayOffset>0</ArrivalDayOffset>
                           <DepartureTime>17:00:00</DepartureTime>
                           <DepartureDayOffset>0</DepartureDayOffset>
                        </TimetabledPassingTime>
                        <TimetabledPassingTime version="any">
                           <ArrivalTime>17:04:00</ArrivalTime>
                           <ArrivalDayOffset>0</ArrivalDayOffset>
                           <DepartureTime>17:04:00</DepartureTime>
                           <DepartureDayOffset>0</DepartureDayOffset>
                        </TimetabledPassingTime>
                        <TimetabledPassingTime version="any">
                           <ArrivalTime>17:06:00</ArrivalTime>
                           <ArrivalDayOffset>0</ArrivalDayOffset>
                           <DepartureTime>17:06:00</DepartureTime>
                           <DepartureDayOffset>0</DepartureDayOffset>
                        </TimetabledPassingTime>
                        <TimetabledPassingTime version="any">
                           <ArrivalTime>17:10:00</ArrivalTime>
                           <ArrivalDayOffset>0</ArrivalDayOffset>
                           <DepartureTime>17:10:00</DepartureTime>
                           <DepartureDayOffset>0</DepartureDayOffset>
                        </TimetabledPassingTime>
                        <TimetabledPassingTime version="any">
                           <ArrivalTime>17:12:00</ArrivalTime>
                           <ArrivalDayOffset>0</ArrivalDayOffset>
                           <DepartureTime>17:12:00</DepartureTime>
                           <DepartureDayOffset>0</DepartureDayOffset>
                        </TimetabledPassingTime>
                        <TimetabledPassingTime version="any">
                           <ArrivalTime>17:15:00</ArrivalTime>
                           <ArrivalDayOffset>0</ArrivalDayOffset>
                           <DepartureTime>17:15:00</DepartureTime>
                           <DepartureDayOffset>0</DepartureDayOffset>
                        </TimetabledPassingTime>
                        <TimetabledPassingTime version="any">
                           <ArrivalTime>17:23:00</ArrivalTime>
                           <ArrivalDayOffset>0</ArrivalDayOffset>
                           <DepartureTime>17:23:00</DepartureTime>
                           <DepartureDayOffset>0</DepartureDayOffset>
                        </TimetabledPassingTime>
                        <TimetabledPassingTime version="any">
                           <ArrivalTime>17:26:00</ArrivalTime>
                           <ArrivalDayOffset>0</ArrivalDayOffset>
                           <DepartureTime>17:26:00</DepartureTime>
                           <DepartureDayOffset>0</DepartureDayOffset>
                        </TimetabledPassingTime>
                     </passingTimes>
                  </ServiceJourney>
               </members>
            </GeneralFrame>
         </frames>
      </CompositeFrame>
   </dataObjects>
</PublicationDelivery>
