<?xml version="1.0" encoding="UTF-8"?>
<PublicationDelivery xmlns:xsi="http://www.w3.org/2001/XMLSchema-instance"
                     xsi:schemaLocation="http://www.netex.org.uk/netex"
                     xmlns="http://www.netex.org.uk/netex"
                     xmlns:xlink="http://www.w3.org/1999/xlink"
                     xmlns:ifopt="http://www.ifopt.org.uk/ifopt"
                     xmlns:gml="http://www.opengis.net/gml/3.2"
                     xmlns:core="http://www.govtalk.gov.uk/core"
                     xmlns:siri="http://www.siri.org.uk/siri"
                     version="1.10:FR-NETEX-2.2">
   <PublicationTimestamp>2025-08-19T09:49:03+02:00</PublicationTimestamp>
   <ParticipantRef>TUDBUS</ParticipantRef>
   <Description>Offre sur la période du 19/08/2025 au 03/07/2026</Description>
   <dataObjects>
      <CompositeFrame id="FR:CompositeFrame:NETEX_LIGNE-20250819T094903:LOC" version="1.0">
         <Name>Pouldergat</Name>
         <FrameDefaults>
            <DefaultLocale>
               <TimeZone>Europe/Paris</TimeZone>
               <DefaultLanguage>fr</DefaultLanguage>
            </DefaultLocale>
            <DefaultLocationSystem>WGS84</DefaultLocationSystem>
            <DefaultSystemOfUnits>SiMetres</DefaultSystemOfUnits>
         </FrameDefaults>
         <frames>
            <ResourceFrame id="FR:ResourceFrame:1" version="any">
               <typesOfValue>
                  <ValueSet id="FR:ValueSet:TypeOfFrame" nameOfClass="TypeOfFrame" version="any">
                     <Name>TypeOfFrame</Name>
                     <values>
                        <TypeOfFrame id="FR:TypeOfFrame:NETEX_RESEAU" version="any">
                           <Name>NETEX_RESEAU</Name>
                        </TypeOfFrame>
                        <TypeOfFrame id="FR:TypeOfFrame:NETEX_HORAIRE" version="any">
                           <Name>NETEX_HORAIRE</Name>
                        </TypeOfFrame>
                     </values>
                  </ValueSet>
               </typesOfValue>
            </ResourceFrame>
            <GeneralFrame id="FR:GeneralFrame:NETEX_RESEAU-20250819T094903:LOC" version="1.0" dataSourceRef="TUDBUS">
               <TypeOfFrameRef ref="FR:TypeOfFrame:NETEX_RESEAU"/>
               <members>
                  <Route id="TUDBUS:Route:6-A:LOC" version="1">
                     <Name>Pouldergat - Aller</Name>
                     <LineRef ref="TUDBUS:Line:6:LOC" versionRef="1"/>
                     <DirectionType>outbound</DirectionType>
                     <DirectionRef ref="TUDBUS:Direction:6-A:LOC" versionRef="1"/>
                     <InverseRouteRef ref="TUDBUS:Route:6-R:LOC" versionRef="1"/>
                  </Route>
                  <Direction id="TUDBUS:Direction:6-A:LOC" version="1">
                     <Name>Pouldergat - Aller</Name>
                     <DirectionType>outbound</DirectionType>
                  </Direction>
                  <Route id="TUDBUS:Route:6-R:LOC" version="1">
                     <Name>Pouldergat - Retour</Name>
                     <LineRef ref="TUDBUS:Line:6:LOC" versionRef="1"/>
                     <DirectionType>inbound</DirectionType>
                     <DirectionRef ref="TUDBUS:Direction:6-R:LOC" versionRef="1"/>
                     <InverseRouteRef ref="TUDBUS:Route:6-A:LOC" versionRef="1"/>
                  </Route>
                  <Direction id="TUDBUS:Direction:6-R:LOC" version="1">
                     <Name>Pouldergat - Retour</Name>
                     <DirectionType>inbound</DirectionType>
                  </Direction>
                  <ServiceJourneyPattern id="TUDBUS:ServiceJourneyPattern:22:LOC" version="1">
                     <Name>Douarnenez</Name>
                     <PrivateCode>3823077</PrivateCode>
                     <RouteRef ref="TUDBUS:Route:6-A:LOC" versionRef="1"/>
                     <DestinationDisplayRef ref="TUDBUS:DestinationDisplay:22:LOC" versionRef="1"/>
                     <pointsInSequence>
                        <StopPointInJourneyPattern id="TUDBUS:StopPointInJourneyPattern:22x1:LOC" version="any" order="1">
                           <ScheduledStopPointRef ref="TUDBUS:ScheduledStopPoint:392:LOC" versionRef="1"/>
                           <ForAlighting>false</ForAlighting>
                           <ForBoarding>true</ForBoarding>
                           <RequestStop>false</RequestStop>
                        </StopPointInJourneyPattern>
                        <StopPointInJourneyPattern id="TUDBUS:StopPointInJourneyPattern:22x2:LOC" version="any" order="2">
                           <ScheduledStopPointRef ref="TUDBUS:ScheduledStopPoint:393:LOC" versionRef="1"/>
                           <ForAlighting>true</ForAlighting>
                           <ForBoarding>true</ForBoarding>
                           <RequestStop>false</RequestStop>
                        </StopPointInJourneyPattern>
                        <StopPointInJourneyPattern id="TUDBUS:StopPointInJourneyPattern:22x3:LOC" version="any" order="3">
                           <ScheduledStopPointRef ref="TUDBUS:ScheduledStopPoint:394:LOC" versionRef="1"/>
                           <ForAlighting>true</ForAlighting>
                           <ForBoarding>true</ForBoarding>
                           <RequestStop>false</RequestStop>
                        </StopPointInJourneyPattern>
                        <StopPointInJourneyPattern id="TUDBUS:StopPointInJourneyPattern:22x4:LOC" version="any" order="4">
                           <ScheduledStopPointRef ref="TUDBUS:ScheduledStopPoint:395:LOC" versionRef="1"/>
                           <ForAlighting>true</ForAlighting>
                           <ForBoarding>true</ForBoarding>
                           <RequestStop>false</RequestStop>
                        </StopPointInJourneyPattern>
                        <StopPointInJourneyPattern id="TUDBUS:StopPointInJourneyPattern:22x5:LOC" version="any" order="5">
                           <ScheduledStopPointRef ref="TUDBUS:ScheduledStopPoint:396:LOC" versionRef="1"/>
                           <ForAlighting>true</ForAlighting>
                           <ForBoarding>true</ForBoarding>
                           <RequestStop>false</RequestStop>
                        </StopPointInJourneyPattern>
                        <StopPointInJourneyPattern id="TUDBUS:StopPointInJourneyPattern:22x6:LOC" version="any" order="6">
                           <ScheduledStopPointRef ref="TUDBUS:ScheduledStopPoint:397:LOC" versionRef="1"/>
                           <ForAlighting>true</ForAlighting>
                           <ForBoarding>true</ForBoarding>
                           <RequestStop>false</RequestStop>
                        </StopPointInJourneyPattern>
                        <StopPointInJourneyPattern id="TUDBUS:StopPointInJourneyPattern:22x7:LOC" version="any" order="7">
                           <ScheduledStopPointRef ref="TUDBUS:ScheduledStopPoint:398:LOC" versionRef="1"/>
                           <ForAlighting>true</ForAlighting>
                           <ForBoarding>true</ForBoarding>
                           <RequestStop>false</RequestStop>
                        </StopPointInJourneyPattern>
                        <StopPointInJourneyPattern id="TUDBUS:StopPointInJourneyPattern:22x8:LOC" version="any" order="8">
                           <ScheduledStopPointRef ref="TUDBUS:ScheduledStopPoint:399:LOC" versionRef="1"/>
                           <ForAlighting>true</ForAlighting>
                           <ForBoarding>true</ForBoarding>
                           <RequestStop>false</RequestStop>
                        </StopPointInJourneyPattern>
                        <StopPointInJourneyPattern id="TUDBUS:StopPointInJourneyPattern:22x9:LOC" version="any" order="9">
                           <ScheduledStopPointRef ref="TUDBUS:ScheduledStopPoint:400:LOC" versionRef="1"/>
                           <ForAlighting>true</ForAlighting>
                           <ForBoarding>false</ForBoarding>
                           <RequestStop>false</RequestStop>
                        </StopPointInJourneyPattern>
                     </pointsInSequence>
                     <ServiceJourneyPatternType>passenger</ServiceJourneyPatternType>
                  </ServiceJourneyPattern>
                  <ServiceJourneyPattern id="TUDBUS:ServiceJourneyPattern:33:LOC" version="1">
                     <Name>Pouldergat</Name>
                     <PrivateCode>3823078</PrivateCode>
                     <RouteRef ref="TUDBUS:Route:6-R:LOC" versionRef="1"/>
                     <DestinationDisplayRef ref="TUDBUS:DestinationDisplay:33:LOC" versionRef="1"/>
                     <pointsInSequence>
                        <StopPointInJourneyPattern id="TUDBUS:StopPointInJourneyPattern:33x1:LOC" version="any" order="1">
                           <ScheduledStopPointRef ref="TUDBUS:ScheduledStopPoint:401:LOC" versionRef="1"/>
                           <ForAlighting>false</ForAlighting>
                           <ForBoarding>true</ForBoarding>
                           <RequestStop>false</RequestStop>
                        </StopPointInJourneyPattern>
                        <StopPointInJourneyPattern id="TUDBUS:StopPointInJourneyPattern:33x2:LOC" version="any" order="2">
                           <ScheduledStopPointRef ref="TUDBUS:ScheduledStopPoint:402:LOC" versionRef="1"/>
                           <ForAlighting>true</ForAlighting>
                           <ForBoarding>true</ForBoarding>
                           <RequestStop>false</RequestStop>
                        </StopPointInJourneyPattern>
                        <StopPointInJourneyPattern id="TUDBUS:StopPointInJourneyPattern:33x3:LOC" version="any" order="3">
                           <ScheduledStopPointRef ref="TUDBUS:ScheduledStopPoint:403:LOC" versionRef="1"/>
                           <ForAlighting>true</ForAlighting>
                           <ForBoarding>true</ForBoarding>
                           <RequestStop>false</RequestStop>
                        </StopPointInJourneyPattern>
                        <StopPointInJourneyPattern id="TUDBUS:StopPointInJourneyPattern:33x4:LOC" version="any" order="4">
                           <ScheduledStopPointRef ref="TUDBUS:ScheduledStopPoint:404:LOC" versionRef="1"/>
                           <ForAlighting>true</ForAlighting>
                           <ForBoarding>true</ForBoarding>
                           <RequestStop>false</RequestStop>
                        </StopPointInJourneyPattern>
                        <StopPointInJourneyPattern id="TUDBUS:StopPointInJourneyPattern:33x5:LOC" version="any" order="5">
                           <ScheduledStopPointRef ref="TUDBUS:ScheduledStopPoint:405:LOC" versionRef="1"/>
                           <ForAlighting>true</ForAlighting>
                           <ForBoarding>true</ForBoarding>
                           <RequestStop>false</RequestStop>
                        </StopPointInJourneyPattern>
                        <StopPointInJourneyPattern id="TUDBUS:StopPointInJourneyPattern:33x6:LOC" version="any" order="6">
                           <ScheduledStopPointRef ref="TUDBUS:ScheduledStopPoint:406:LOC" versionRef="1"/>
                           <ForAlighting>true</ForAlighting>
                           <ForBoarding>true</ForBoarding>
                           <RequestStop>false</RequestStop>
                        </StopPointInJourneyPattern>
                        <StopPointInJourneyPattern id="TUDBUS:StopPointInJourneyPattern:33x7:LOC" version="any" order="7">
                           <ScheduledStopPointRef ref="TUDBUS:ScheduledStopPoint:407:LOC" versionRef="1"/>
                           <ForAlighting>true</ForAlighting>
                           <ForBoarding>true</ForBoarding>
                           <RequestStop>false</RequestStop>
                        </StopPointInJourneyPattern>
                        <StopPointInJourneyPattern id="TUDBUS:StopPointInJourneyPattern:33x8:LOC" version="any" order="8">
                           <ScheduledStopPointRef ref="TUDBUS:ScheduledStopPoint:408:LOC" versionRef="1"/>
                           <ForAlighting>true</ForAlighting>
                           <ForBoarding>false</ForBoarding>
                           <RequestStop>false</RequestStop>
                        </StopPointInJourneyPattern>
                     </pointsInSequence>
                     <ServiceJourneyPatternType>passenger</ServiceJourneyPatternType>
                  </ServiceJourneyPattern>
                  <DestinationDisplay id="TUDBUS:DestinationDisplay:22:LOC" version="1">
                     <FrontText>Office De Tourisme</FrontText>
                  </DestinationDisplay>
                  <DestinationDisplay id="TUDBUS:DestinationDisplay:33:LOC" version="1">
                     <FrontText>Rue St Ergat</FrontText>
                  </DestinationDisplay>
                  <ScheduledStopPoint id="TUDBUS:ScheduledStopPoint:392:LOC" version="1">
                     <Name>Rue St Ergat</Name>
                     <Location id="TUDBUS:Location:cf695e51bcb04ae7a963b4b03afa28ad:LOC">
                        <Longitude>-4.329514</Longitude>
                        <Latitude>48.0397706</Latitude>
                        <gml:pos srsName="EPSG:27572">103463.92417733 2358910.05297184</gml:pos>
                     </Location>
                  </ScheduledStopPoint>
                  <ScheduledStopPoint id="TUDBUS:ScheduledStopPoint:393:LOC" version="1">
                     <Name>Place de l&apos;église</Name>
                     <Location id="TUDBUS:Location:d14c01a266204ffb82a67a414a6658f9:LOC">
                        <Longitude>-4.3268001</Longitude>
                        <Latitude>48.0437659</Latitude>
                        <gml:pos srsName="EPSG:27572">103703.216161691 2359335.60937126</gml:pos>
                     </Location>
                  </ScheduledStopPoint>
                  <ScheduledStopPoint id="TUDBUS:ScheduledStopPoint:394:LOC" version="1">
                     <Name>Rue de Douarnenez</Name>
                     <Location id="TUDBUS:Location:a06b20958741477785522c213e421585:LOC">
                        <Longitude>-4.3256564</Longitude>
                        <Latitude>48.0475251</Latitude>
                        <gml:pos srsName="EPSG:27572">103823.59257046 2359744.92736848</gml:pos>
                     </Location>
                  </ScheduledStopPoint>
                  <ScheduledStopPoint id="TUDBUS:ScheduledStopPoint:395:LOC" version="1">
                     <Name>Kervoannou</Name>
                     <Location id="TUDBUS:Location:c1ee2edb591645ce9169c51b035d29db:LOC">
                        <Longitude>-4.3306249</Longitude>
                        <Latitude>48.0666287</Latitude>
                        <gml:pos srsName="EPSG:27572">103634.451815155 2361893.09300898</gml:pos>
                     </Location>
                  </ScheduledStopPoint>
                  <ScheduledStopPoint id="TUDBUS:ScheduledStopPoint:396:LOC" version="1">
                     <Name>Kerharo</Name>
                     <Location id="TUDBUS:Location:5962e045c6004640b79e47209289f412:LOC">
                        <Longitude>-4.3260657</Longitude>
                        <Latitude>48.0806938</Latitude>
                        <gml:pos srsName="EPSG:27572">104105.511557108 2363422.82106169</gml:pos>
                     </Location>
                  </ScheduledStopPoint>
                  <ScheduledStopPoint id="TUDBUS:ScheduledStopPoint:397:LOC" version="1">
                     <Name>Hôpital</Name>
                     <Location id="TUDBUS:Location:4885dc9442d04a08bf91aee1bd01db6a:LOC">
                        <Longitude>-4.316867</Longitude>
                        <Latitude>48.0830304</Latitude>
                        <gml:pos srsName="EPSG:27572">104810.503714459 2363623.73379393</gml:pos>
                     </Location>
                  </ScheduledStopPoint>
                  <ScheduledStopPoint id="TUDBUS:ScheduledStopPoint:398:LOC" version="1">
                     <Name>Ploaré</Name>
                     <Location id="TUDBUS:Location:643d74ff8af0406396eba3f74b8b0fc9:LOC">
                        <Longitude>-4.321616</Longitude>
                        <Latitude>48.0860069</Latitude>
                        <gml:pos srsName="EPSG:27572">104485.906296298 2363983.4887523</gml:pos>
                     </Location>
                  </ScheduledStopPoint>
                  <ScheduledStopPoint id="TUDBUS:ScheduledStopPoint:399:LOC" version="1">
                     <Name>La Poste</Name>
                     <Location id="TUDBUS:Location:90b317dcb77c46cb9f38dd1552f1172d:LOC">
                        <Longitude>-4.3281551</Longitude>
                        <Latitude>48.092279</Latitude>
                        <gml:pos srsName="EPSG:27572">104059.497033482 2364719.73657146</gml:pos>
                     </Location>
                  </ScheduledStopPoint>
                  <ScheduledStopPoint id="TUDBUS:ScheduledStopPoint:400:LOC" version="1">
                     <Name>Office De Tourisme</Name>
                     <Location id="TUDBUS:Location:f823cf8b0725492fa4f8f4b6edb8e548:LOC">
                        <Longitude>-4.330317</Longitude>
                        <Latitude>48.0933404</Latitude>
                        <gml:pos srsName="EPSG:27572">103909.00982873 2364850.99290522</gml:pos>
                     </Location>
                  </ScheduledStopPoint>
                  <ScheduledStopPoint id="TUDBUS:ScheduledStopPoint:401:LOC" version="1">
                     <Name>Office De Tourisme</Name>
                     <Location id="TUDBUS:Location:8123bd181cf94bed9d37e7a1922b8711:LOC">
                        <Longitude>-4.330317</Longitude>
                        <Latitude>48.0933404</Latitude>
                        <gml:pos srsName="EPSG:27572">103909.00982873 2364850.99290522</gml:pos>
                     </Location>
                  </ScheduledStopPoint>
                  <ScheduledStopPoint id="TUDBUS:ScheduledStopPoint:402:LOC" version="1">
                     <Name>Ploaré</Name>
                     <Location id="TUDBUS:Location:c14c3e8879944ada91015e3ddc4bcfaf:LOC">
                        <Longitude>-4.321616</Longitude>
                        <Latitude>48.0860069</Latitude>
                        <gml:pos srsName="EPSG:27572">104485.906296298 2363983.4887523</gml:pos>
                     </Location>
                  </ScheduledStopPoint>
                  <ScheduledStopPoint id="TUDBUS:ScheduledStopPoint:403:LOC" version="1">
                     <Name>Hôpital</Name>
                     <Location id="TUDBUS:Location:a04525f6fba84a3d8d7b1d7516e3a19e:LOC">
                        <Longitude>-4.316867</Longitude>
                        <Latitude>48.0830304</Latitude>
                        <gml:pos srsName="EPSG:27572">104810.503714459 2363623.73379393</gml:pos>
                     </Location>
                  </ScheduledStopPoint>
                  <ScheduledStopPoint id="TUDBUS:ScheduledStopPoint:404:LOC" version="1">
                     <Name>Kerharo</Name>
                     <Location id="TUDBUS:Location:8831e913fc1749908956a9e5f7e00a63:LOC">
                        <Longitude>-4.3260657</Longitude>
                        <Latitude>48.0806938</Latitude>
                        <gml:pos srsName="EPSG:27572">104105.511557108 2363422.82106169</gml:pos>
                     </Location>
                  </ScheduledStopPoint>
                  <ScheduledStopPoint id="TUDBUS:ScheduledStopPoint:405:LOC" version="1">
                     <Name>Kervoannou</Name>
                     <Location id="TUDBUS:Location:0039920610f04b0899836d3848d8eb83:LOC">
                        <Longitude>-4.3306249</Longitude>
                        <Latitude>48.0666287</Latitude>
                        <gml:pos srsName="EPSG:27572">103634.451815155 2361893.09300898</gml:pos>
                     </Location>
                  </ScheduledStopPoint>
                  <ScheduledStopPoint id="TUDBUS:ScheduledStopPoint:406:LOC" version="1">
                     <Name>Rue de Douarnenez</Name>
                     <Location id="TUDBUS:Location:2f208ef3de8c41669d02761f586c3865:LOC">
                        <Longitude>-4.3256564</Longitude>
                        <Latitude>48.0475251</Latitude>
                        <gml:pos srsName="EPSG:27572">103823.59257046 2359744.92736848</gml:pos>
                     </Location>
                  </ScheduledStopPoint>
                  <ScheduledStopPoint id="TUDBUS:ScheduledStopPoint:407:LOC" version="1">
                     <Name>Place de l&apos;église</Name>
                     <Location id="TUDBUS:Location:05085553cf0e40b291cda1c22561b6b7:LOC">
                        <Longitude>-4.3268001</Longitude>
                        <Latitude>48.0437659</Latitude>
                        <gml:pos srsName="EPSG:27572">103703.216161691 2359335.60937126</gml:pos>
                     </Location>
                  </ScheduledStopPoint>
                  <ScheduledStopPoint id="TUDBUS:ScheduledStopPoint:408:LOC" version="1">
                     <Name>Rue St Ergat</Name>
                     <Location id="TUDBUS:Location:22ed5f287e6f4397bb68d1cba66866c6:LOC">
                        <Longitude>-4.329514</Longitude>
                        <Latitude>48.0397706</Latitude>
                        <gml:pos srsName="EPSG:27572">103463.92417733 2358910.05297184</gml:pos>
                     </Location>
                  </ScheduledStopPoint>
                  <PassengerStopAssignment id="TUDBUS:PassengerStopAssignment:392:LOC" version="1" order="0">
                     <ScheduledStopPointRef ref="TUDBUS:ScheduledStopPoint:392:LOC" versionRef="1"/>
                     <StopPlaceRef ref="FR:29224:StopPlace:genAUTO$1480201196:TUDBUS" versionRef="1"/>
                     <QuayRef ref="FR:29224:Quay:Rue St Ergat:TUDBUS" versionRef="1"/>
                  </PassengerStopAssignment>
                  <PassengerStopAssignment id="TUDBUS:PassengerStopAssignment:393:LOC" version="1" order="0">
                     <ScheduledStopPointRef ref="TUDBUS:ScheduledStopPoint:393:LOC" versionRef="1"/>
                     <StopPlaceRef ref="FR:29224:StopPlace:genAUTO$244807902:TUDBUS" versionRef="1"/>
                     <QuayRef ref="FR:29224:Quay:Place de l'église:TUDBUS" versionRef="1"/>
                  </PassengerStopAssignment>
                  <PassengerStopAssignment id="TUDBUS:PassengerStopAssignment:394:LOC" version="1" order="0">
                     <ScheduledStopPointRef ref="TUDBUS:ScheduledStopPoint:394:LOC" versionRef="1"/>
                     <StopPlaceRef ref="FR:29224:StopPlace:genAUTO$402495312:TUDBUS" versionRef="1"/>
                     <QuayRef ref="FR:29224:Quay:Rue de Douarnenez:TUDBUS" versionRef="1"/>
                  </PassengerStopAssignment>
                  <PassengerStopAssignment id="TUDBUS:PassengerStopAssignment:395:LOC" version="1" order="0">
                     <ScheduledStopPointRef ref="TUDBUS:ScheduledStopPoint:395:LOC" versionRef="1"/>
                     <StopPlaceRef ref="FR:29224:StopPlace:genAUTO$820877458:TUDBUS" versionRef="1"/>
                     <QuayRef ref="FR:29224:Quay:Kervoannou:TUDBUS" versionRef="1"/>
                  </PassengerStopAssignment>
                  <PassengerStopAssignment id="TUDBUS:PassengerStopAssignment:396:LOC" version="1" order="0">
                     <ScheduledStopPointRef ref="TUDBUS:ScheduledStopPoint:396:LOC" versionRef="1"/>
                     <StopPlaceRef ref="FR:29046:StopPlace:genAUTO$2077618852:TUDBUS" versionRef="1"/>
                     <QuayRef ref="FR:29046:Quay:1900123:TUDBUS" versionRef="1"/>
                  </PassengerStopAssignment>
                  <PassengerStopAssignment id="TUDBUS:PassengerStopAssignment:397:LOC" version="1" order="0">
                     <ScheduledStopPointRef ref="TUDBUS:ScheduledStopPoint:397:LOC" versionRef="1"/>
                     <StopPlaceRef ref="FR:29046:StopPlace:genAUTO$511534904:TUDBUS" versionRef="1"/>
                     <QuayRef ref="FR:29046:Quay:1900138:TUDBUS" versionRef="1"/>
                  </PassengerStopAssignment>
                  <PassengerStopAssignment id="TUDBUS:PassengerStopAssignment:398:LOC" version="1" order="0">
                     <ScheduledStopPointRef ref="TUDBUS:ScheduledStopPoint:398:LOC" versionRef="1"/>
                     <StopPlaceRef ref="FR:29046:StopPlace:genAUTO$1410779388:TUDBUS" versionRef="1"/>
                     <QuayRef ref="FR:29046:Quay:1900141:TUDBUS" versionRef="1"/>
                  </PassengerStopAssignment>
                  <PassengerStopAssignment id="TUDBUS:PassengerStopAssignment:399:LOC" version="1" order="0">
                     <ScheduledStopPointRef ref="TUDBUS:ScheduledStopPoint:399:LOC" versionRef="1"/>
                     <StopPlaceRef ref="FR:29046:StopPlace:genAUTO$1410779384:TUDBUS" versionRef="1"/>
                     <QuayRef ref="FR:29046:Quay:1900145:TUDBUS" versionRef="1"/>
                  </PassengerStopAssignment>
                  <PassengerStopAssignment id="TUDBUS:PassengerStopAssignment:400:LOC" version="1" order="0">
                     <ScheduledStopPointRef ref="TUDBUS:ScheduledStopPoint:400:LOC" versionRef="1"/>
                     <StopPlaceRef ref="FR:29046:StopPlace:genAUTO$1410779385:TUDBUS" versionRef="1"/>
                     <QuayRef ref="FR:29046:Quay:1900144:TUDBUS" versionRef="1"/>
                  </PassengerStopAssignment>
                  <PassengerStopAssignment id="TUDBUS:PassengerStopAssignment:401:LOC" version="1" order="0">
                     <ScheduledStopPointRef ref="TUDBUS:ScheduledStopPoint:401:LOC" versionRef="1"/>
                     <StopPlaceRef ref="FR:29046:StopPlace:genAUTO$1410779385:TUDBUS" versionRef="1"/>
                     <QuayRef ref="FR:29046:Quay:1900144:TUDBUS" versionRef="1"/>
                  </PassengerStopAssignment>
                  <PassengerStopAssignment id="TUDBUS:PassengerStopAssignment:402:LOC" version="1" order="0">
                     <ScheduledStopPointRef ref="TUDBUS:ScheduledStopPoint:402:LOC" versionRef="1"/>
                     <StopPlaceRef ref="FR:29046:StopPlace:genAUTO$1410779388:TUDBUS" versionRef="1"/>
                     <QuayRef ref="FR:29046:Quay:1900141:TUDBUS" versionRef="1"/>
                  </PassengerStopAssignment>
                  <PassengerStopAssignment id="TUDBUS:PassengerStopAssignment:403:LOC" version="1" order="0">
                     <ScheduledStopPointRef ref="TUDBUS:ScheduledStopPoint:403:LOC" versionRef="1"/>
                     <StopPlaceRef ref="FR:29046:StopPlace:genAUTO$511534904:TUDBUS" versionRef="1"/>
                     <QuayRef ref="FR:29046:Quay:1900138:TUDBUS" versionRef="1"/>
                  </PassengerStopAssignment>
                  <PassengerStopAssignment id="TUDBUS:PassengerStopAssignment:404:LOC" version="1" order="0">
                     <ScheduledStopPointRef ref="TUDBUS:ScheduledStopPoint:404:LOC" versionRef="1"/>
                     <StopPlaceRef ref="FR:29046:StopPlace:genAUTO$2077618852:TUDBUS" versionRef="1"/>
                     <QuayRef ref="FR:29046:Quay:1900123:TUDBUS" versionRef="1"/>
                  </PassengerStopAssignment>
                  <PassengerStopAssignment id="TUDBUS:PassengerStopAssignment:405:LOC" version="1" order="0">
                     <ScheduledStopPointRef ref="TUDBUS:ScheduledStopPoint:405:LOC" versionRef="1"/>
                     <StopPlaceRef ref="FR:29224:StopPlace:genAUTO$820877458:TUDBUS" versionRef="1"/>
                     <QuayRef ref="FR:29224:Quay:Kervoannou:TUDBUS" versionRef="1"/>
                  </PassengerStopAssignment>
                  <PassengerStopAssignment id="TUDBUS:PassengerStopAssignment:406:LOC" version="1" order="0">
                     <ScheduledStopPointRef ref="TUDBUS:ScheduledStopPoint:406:LOC" versionRef="1"/>
                     <StopPlaceRef ref="FR:29224:StopPlace:genAUTO$402495312:TUDBUS" versionRef="1"/>
                     <QuayRef ref="FR:29224:Quay:Rue de Douarnenez:TUDBUS" versionRef="1"/>
                  </PassengerStopAssignment>
                  <PassengerStopAssignment id="TUDBUS:PassengerStopAssignment:407:LOC" version="1" order="0">
                     <ScheduledStopPointRef ref="TUDBUS:ScheduledStopPoint:407:LOC" versionRef="1"/>
                     <StopPlaceRef ref="FR:29224:StopPlace:genAUTO$244807902:TUDBUS" versionRef="1"/>
                     <QuayRef ref="FR:29224:Quay:Place de l'église:TUDBUS" versionRef="1"/>
                  </PassengerStopAssignment>
                  <PassengerStopAssignment id="TUDBUS:PassengerStopAssignment:408:LOC" version="1" order="0">
                     <ScheduledStopPointRef ref="TUDBUS:ScheduledStopPoint:408:LOC" versionRef="1"/>
                     <StopPlaceRef ref="FR:29224:StopPlace:genAUTO$1480201196:TUDBUS" versionRef="1"/>
                     <QuayRef ref="FR:29224:Quay:Rue St Ergat:TUDBUS" versionRef="1"/>
                  </PassengerStopAssignment>
               </members>
            </GeneralFrame>
            <GeneralFrame id="FR:GeneralFrame:NETEX_HORAIRE-20250819T094903:LOC" version="1.0" dataSourceRef="TUDBUS">
               <TypeOfFrameRef ref="FR:TypeOfFrame:NETEX_HORAIRE"/>
               <members>
                  <ServiceJourney id="TUDBUS:ServiceJourney:TP1054543:LOC" version="1">
                     <TransportMode>bus</TransportMode>
                     <dayTypes>
                        <DayTypeRef ref="TUDBUS:Timetable:DayType:16127:LOC" versionRef="1"/>
                     </dayTypes>
                     <JourneyPatternRef ref="TUDBUS:ServiceJourneyPattern:22:LOC" versionRef="1"/>
                     <passingTimes>
                        <TimetabledPassingTime version="any">
                           <ArrivalTime>14:05:00</ArrivalTime>
                           <ArrivalDayOffset>0</ArrivalDayOffset>
                           <DepartureTime>14:05:00</DepartureTime>
                           <DepartureDayOffset>0</DepartureDayOffset>
                        </TimetabledPassingTime>
                        <TimetabledPassingTime version="any">
                           <ArrivalTime>14:06:00</ArrivalTime>
                           <ArrivalDayOffset>0</ArrivalDayOffset>
                           <DepartureTime>14:06:00</DepartureTime>
                           <DepartureDayOffset>0</DepartureDayOffset>
                        </TimetabledPassingTime>
                        <TimetabledPassingTime version="any">
                           <ArrivalTime>14:07:00</ArrivalTime>
                           <ArrivalDayOffset>0</ArrivalDayOffset>
                           <DepartureTime>14:07:00</DepartureTime>
                           <DepartureDayOffset>0</DepartureDayOffset>
                        </TimetabledPassingTime>
                        <TimetabledPassingTime version="any">
                           <ArrivalTime>14:09:00</ArrivalTime>
                           <ArrivalDayOffset>0</ArrivalDayOffset>
                           <DepartureTime>14:09:00</DepartureTime>
                           <DepartureDayOffset>0</DepartureDayOffset>
                        </TimetabledPassingTime>
                        <TimetabledPassingTime version="any">
                           <ArrivalTime>14:12:00</ArrivalTime>
                           <ArrivalDayOffset>0</ArrivalDayOffset>
                           <DepartureTime>14:12:00</DepartureTime>
                           <DepartureDayOffset>0</DepartureDayOffset>
                        </TimetabledPassingTime>
                        <TimetabledPassingTime version="any">
                           <ArrivalTime>14:15:00</ArrivalTime>
                           <ArrivalDayOffset>0</ArrivalDayOffset>
                           <DepartureTime>14:15:00</DepartureTime>
                           <DepartureDayOffset>0</DepartureDayOffset>
                        </TimetabledPassingTime>
                        <TimetabledPassingTime version="any">
                           <ArrivalTime>14:17:00</ArrivalTime>
                           <ArrivalDayOffset>0</ArrivalDayOffset>
                           <DepartureTime>14:17:00</DepartureTime>
                           <DepartureDayOffset>0</DepartureDayOffset>
                        </TimetabledPassingTime>
                        <TimetabledPassingTime version="any">
                           <ArrivalTime>14:20:00</ArrivalTime>
                           <ArrivalDayOffset>0</ArrivalDayOffset>
                           <DepartureTime>14:20:00</DepartureTime>
                           <DepartureDayOffset>0</DepartureDayOffset>
                        </TimetabledPassingTime>
                        <TimetabledPassingTime version="any">
                           <ArrivalTime>14:22:00</ArrivalTime>
                           <ArrivalDayOffset>0</ArrivalDayOffset>
                           <DepartureTime>14:22:00</DepartureTime>
                           <DepartureDayOffset>0</DepartureDayOffset>
                        </TimetabledPassingTime>
                     </passingTimes>
                  </ServiceJourney>
                  <ServiceJourney id="TUDBUS:ServiceJourney:TP1054546:LOC" version="1">
                     <TransportMode>bus</TransportMode>
                     <dayTypes>
                        <DayTypeRef ref="TUDBUS:Timetable:DayType:16127:LOC" versionRef="1"/>
                     </dayTypes>
                     <JourneyPatternRef ref="TUDBUS:ServiceJourneyPattern:33:LOC" versionRef="1"/>
                     <passingTimes>
                        <TimetabledPassingTime version="any">
                           <ArrivalTime>17:40:00</ArrivalTime>
                           <ArrivalDayOffset>0</ArrivalDayOffset>
                           <DepartureTime>17:40:00</DepartureTime>
                           <DepartureDayOffset>0</DepartureDayOffset>
                        </TimetabledPassingTime>
                        <TimetabledPassingTime version="any">
                           <ArrivalTime>17:45:00</ArrivalTime>
                           <ArrivalDayOffset>0</ArrivalDayOffset>
                           <DepartureTime>17:45:00</DepartureTime>
                           <DepartureDayOffset>0</DepartureDayOffset>
                        </TimetabledPassingTime>
                        <TimetabledPassingTime version="any">
                           <ArrivalTime>17:47:00</ArrivalTime>
                           <ArrivalDayOffset>0</ArrivalDayOffset>
                           <DepartureTime>17:47:00</DepartureTime>
                           <DepartureDayOffset>0</DepartureDayOffset>
                        </TimetabledPassingTime>
                        <TimetabledPassingTime version="any">
                           <ArrivalTime>17:50:00</ArrivalTime>
                           <ArrivalDayOffset>0</ArrivalDayOffset>
                           <DepartureTime>17:50:00</DepartureTime>
                           <DepartureDayOffset>0</DepartureDayOffset>
                        </TimetabledPassingTime>
                        <TimetabledPassingTime version="any">
                           <ArrivalTime>17:53:00</ArrivalTime>
                           <ArrivalDayOffset>0</ArrivalDayOffset>
                           <DepartureTime>17:53:00</DepartureTime>
                           <DepartureDayOffset>0</DepartureDayOffset>
                        </TimetabledPassingTime>
                        <TimetabledPassingTime version="any">
                           <ArrivalTime>17:56:00</ArrivalTime>
                           <ArrivalDayOffset>0</ArrivalDayOffset>
                           <DepartureTime>17:56:00</DepartureTime>
                           <DepartureDayOffset>0</DepartureDayOffset>
                        </TimetabledPassingTime>
                        <TimetabledPassingTime version="any">
                           <ArrivalTime>17:57:00</ArrivalTime>
                           <ArrivalDayOffset>0</ArrivalDayOffset>
                           <DepartureTime>17:57:00</DepartureTime>
                           <DepartureDayOffset>0</DepartureDayOffset>
                        </TimetabledPassingTime>
                        <TimetabledPassingTime version="any">
                           <ArrivalTime>17:58:00</ArrivalTime>
                           <ArrivalDayOffset>0</ArrivalDayOffset>
                           <DepartureTime>17:58:00</DepartureTime>
                           <DepartureDayOffset>0</DepartureDayOffset>
                        </TimetabledPassingTime>
                     </passingTimes>
                  </ServiceJourney>
                  <ServiceJourney id="TUDBUS:ServiceJourney:TP1054544:LOC" version="1">
                     <TransportMode>bus</TransportMode>
                     <dayTypes>
                        <DayTypeRef ref="TUDBUS:Timetable:DayType:15127:LOC" versionRef="1"/>
                     </dayTypes>
                     <JourneyPatternRef ref="TUDBUS:ServiceJourneyPattern:22:LOC" versionRef="1"/>
                     <passingTimes>
                        <TimetabledPassingTime version="any">
                           <ArrivalTime>09:20:00</ArrivalTime>
                           <ArrivalDayOffset>0</ArrivalDayOffset>
                           <DepartureTime>09:20:00</DepartureTime>
                           <DepartureDayOffset>0</DepartureDayOffset>
                        </TimetabledPassingTime>
                        <TimetabledPassingTime version="any">
                           <ArrivalTime>09:21:00</ArrivalTime>
                           <ArrivalDayOffset>0</ArrivalDayOffset>
                           <DepartureTime>09:21:00</DepartureTime>
                           <DepartureDayOffset>0</DepartureDayOffset>
                        </TimetabledPassingTime>
                        <TimetabledPassingTime version="any">
                           <ArrivalTime>09:22:00</ArrivalTime>
                           <ArrivalDayOffset>0</ArrivalDayOffset>
                           <DepartureTime>09:22:00</DepartureTime>
                           <DepartureDayOffset>0</DepartureDayOffset>
                        </TimetabledPassingTime>
                        <TimetabledPassingTime version="any">
                           <ArrivalTime>09:24:00</ArrivalTime>
                           <ArrivalDayOffset>0</ArrivalDayOffset>
                           <DepartureTime>09:24:00</DepartureTime>
                           <DepartureDayOffset>0</DepartureDayOffset>
                        </TimetabledPassingTime>
                        <TimetabledPassingTime version="any">
                           <ArrivalTime>09:27:00</ArrivalTime>
                           <ArrivalDayOffset>0</ArrivalDayOffset>
                           <DepartureTime>09:27:00</DepartureTime>
                           <DepartureDayOffset>0</DepartureDayOffset>
                        </TimetabledPassingTime>
                        <TimetabledPassingTime version="any">
                           <ArrivalTime>09:30:00</ArrivalTime>
                           <ArrivalDayOffset>0</ArrivalDayOffset>
                           <DepartureTime>09:30:00</DepartureTime>
                           <DepartureDayOffset>0</DepartureDayOffset>
                        </TimetabledPassingTime>
                        <TimetabledPassingTime version="any">
                           <ArrivalTime>09:32:00</ArrivalTime>
                           <ArrivalDayOffset>0</ArrivalDayOffset>
                           <DepartureTime>09:32:00</DepartureTime>
                           <DepartureDayOffset>0</DepartureDayOffset>
                        </TimetabledPassingTime>
                        <TimetabledPassingTime version="any">
                           <ArrivalTime>09:35:00</ArrivalTime>
                           <ArrivalDayOffset>0</ArrivalDayOffset>
                           <DepartureTime>09:35:00</DepartureTime>
                           <DepartureDayOffset>0</DepartureDayOffset>
                        </TimetabledPassingTime>
                        <TimetabledPassingTime version="any">
                           <ArrivalTime>09:37:00</ArrivalTime>
                           <ArrivalDayOffset>0</ArrivalDayOffset>
                           <DepartureTime>09:37:00</DepartureTime>
                           <DepartureDayOffset>0</DepartureDayOffset>
                        </TimetabledPassingTime>
                     </passingTimes>
                  </ServiceJourney>
                  <ServiceJourney id="TUDBUS:ServiceJourney:TP1054545:LOC" version="1">
                     <TransportMode>bus</TransportMode>
                     <dayTypes>
                        <DayTypeRef ref="TUDBUS:Timetable:DayType:15127:LOC" versionRef="1"/>
                     </dayTypes>
                     <JourneyPatternRef ref="TUDBUS:ServiceJourneyPattern:22:LOC" versionRef="1"/>
                     <passingTimes>
                        <TimetabledPassingTime version="any">
                           <ArrivalTime>14:05:00</ArrivalTime>
                           <ArrivalDayOffset>0</ArrivalDayOffset>
                           <DepartureTime>14:05:00</DepartureTime>
                           <DepartureDayOffset>0</DepartureDayOffset>
                        </TimetabledPassingTime>
                        <TimetabledPassingTime version="any">
                           <ArrivalTime>14:06:00</ArrivalTime>
                           <ArrivalDayOffset>0</ArrivalDayOffset>
                           <DepartureTime>14:06:00</DepartureTime>
                           <DepartureDayOffset>0</DepartureDayOffset>
                        </TimetabledPassingTime>
                        <TimetabledPassingTime version="any">
                           <ArrivalTime>14:07:00</ArrivalTime>
                           <ArrivalDayOffset>0</ArrivalDayOffset>
                           <DepartureTime>14:07:00</DepartureTime>
                           <DepartureDayOffset>0</DepartureDayOffset>
                        </TimetabledPassingTime>
                        <TimetabledPassingTime version="any">
                           <ArrivalTime>14:09:00</ArrivalTime>
                           <ArrivalDayOffset>0</ArrivalDayOffset>
                           <DepartureTime>14:09:00</DepartureTime>
                           <DepartureDayOffset>0</DepartureDayOffset>
                        </TimetabledPassingTime>
                        <TimetabledPassingTime version="any">
                           <ArrivalTime>14:12:00</ArrivalTime>
                           <ArrivalDayOffset>0</ArrivalDayOffset>
                           <DepartureTime>14:12:00</DepartureTime>
                           <DepartureDayOffset>0</DepartureDayOffset>
                        </TimetabledPassingTime>
                        <TimetabledPassingTime version="any">
                           <ArrivalTime>14:15:00</ArrivalTime>
                           <ArrivalDayOffset>0</ArrivalDayOffset>
                           <DepartureTime>14:15:00</DepartureTime>
                           <DepartureDayOffset>0</DepartureDayOffset>
                        </TimetabledPassingTime>
                        <TimetabledPassingTime version="any">
                           <ArrivalTime>14:17:00</ArrivalTime>
                           <ArrivalDayOffset>0</ArrivalDayOffset>
                           <DepartureTime>14:17:00</DepartureTime>
                           <DepartureDayOffset>0</DepartureDayOffset>
                        </TimetabledPassingTime>
                        <TimetabledPassingTime version="any">
                           <ArrivalTime>14:20:00</ArrivalTime>
                           <ArrivalDayOffset>0</ArrivalDayOffset>
                           <DepartureTime>14:20:00</DepartureTime>
                           <DepartureDayOffset>0</DepartureDayOffset>
                        </TimetabledPassingTime>
                        <TimetabledPassingTime version="any">
                           <ArrivalTime>14:22:00</ArrivalTime>
                           <ArrivalDayOffset>0</ArrivalDayOffset>
                           <DepartureTime>14:22:00</DepartureTime>
                           <DepartureDayOffset>0</DepartureDayOffset>
                        </TimetabledPassingTime>
                     </passingTimes>
                  </ServiceJourney>
                  <ServiceJourney id="TUDBUS:ServiceJourney:TP1054547:LOC" version="1">
                     <TransportMode>bus</TransportMode>
                     <dayTypes>
                        <DayTypeRef ref="TUDBUS:Timetable:DayType:15127:LOC" versionRef="1"/>
                     </dayTypes>
                     <JourneyPatternRef ref="TUDBUS:ServiceJourneyPattern:33:LOC" versionRef="1"/>
                     <passingTimes>
                        <TimetabledPassingTime version="any">
                           <ArrivalTime>11:50:00</ArrivalTime>
                           <ArrivalDayOffset>0</ArrivalDayOffset>
                           <DepartureTime>11:50:00</DepartureTime>
                           <DepartureDayOffset>0</DepartureDayOffset>
                        </TimetabledPassingTime>
                        <TimetabledPassingTime version="any">
                           <ArrivalTime>11:55:00</ArrivalTime>
                           <ArrivalDayOffset>0</ArrivalDayOffset>
                           <DepartureTime>11:55:00</DepartureTime>
                           <DepartureDayOffset>0</DepartureDayOffset>
                        </TimetabledPassingTime>
                        <TimetabledPassingTime version="any">
                           <ArrivalTime>11:57:00</ArrivalTime>
                           <ArrivalDayOffset>0</ArrivalDayOffset>
                           <DepartureTime>11:57:00</DepartureTime>
                           <DepartureDayOffset>0</DepartureDayOffset>
                        </TimetabledPassingTime>
                        <TimetabledPassingTime version="any">
                           <ArrivalTime>12:00:00</ArrivalTime>
                           <ArrivalDayOffset>0</ArrivalDayOffset>
                           <DepartureTime>12:00:00</DepartureTime>
                           <DepartureDayOffset>0</DepartureDayOffset>
                        </TimetabledPassingTime>
                        <TimetabledPassingTime version="any">
                           <ArrivalTime>12:03:00</ArrivalTime>
                           <ArrivalDayOffset>0</ArrivalDayOffset>
                           <DepartureTime>12:03:00</DepartureTime>
                           <DepartureDayOffset>0</DepartureDayOffset>
                        </TimetabledPassingTime>
                        <TimetabledPassingTime version="any">
                           <ArrivalTime>12:06:00</ArrivalTime>
                           <ArrivalDayOffset>0</ArrivalDayOffset>
                           <DepartureTime>12:06:00</DepartureTime>
                           <DepartureDayOffset>0</DepartureDayOffset>
                        </TimetabledPassingTime>
                        <TimetabledPassingTime version="any">
                           <ArrivalTime>12:07:00</ArrivalTime>
                           <ArrivalDayOffset>0</ArrivalDayOffset>
                           <DepartureTime>12:07:00</DepartureTime>
                           <DepartureDayOffset>0</DepartureDayOffset>
                        </TimetabledPassingTime>
                        <TimetabledPassingTime version="any">
                           <ArrivalTime>12:08:00</ArrivalTime>
                           <ArrivalDayOffset>0</ArrivalDayOffset>
                           <DepartureTime>12:08:00</DepartureTime>
                           <DepartureDayOffset>0</DepartureDayOffset>
                        </TimetabledPassingTime>
                     </passingTimes>
                  </ServiceJourney>
                  <ServiceJourney id="TUDBUS:ServiceJourney:TP1054548:LOC" version="1">
                     <TransportMode>bus</TransportMode>
                     <dayTypes>
                        <DayTypeRef ref="TUDBUS:Timetable:DayType:15127:LOC" versionRef="1"/>
                     </dayTypes>
                     <JourneyPatternRef ref="TUDBUS:ServiceJourneyPattern:33:LOC" versionRef="1"/>
                     <passingTimes>
                        <TimetabledPassingTime version="any">
                           <ArrivalTime>17:40:00</ArrivalTime>
                           <ArrivalDayOffset>0</ArrivalDayOffset>
                           <DepartureTime>17:40:00</DepartureTime>
                           <DepartureDayOffset>0</DepartureDayOffset>
                        </TimetabledPassingTime>
                        <TimetabledPassingTime version="any">
                           <ArrivalTime>17:45:00</ArrivalTime>
                           <ArrivalDayOffset>0</ArrivalDayOffset>
                           <DepartureTime>17:45:00</DepartureTime>
                           <DepartureDayOffset>0</DepartureDayOffset>
                        </TimetabledPassingTime>
                        <TimetabledPassingTime version="any">
                           <ArrivalTime>17:47:00</ArrivalTime>
                           <ArrivalDayOffset>0</ArrivalDayOffset>
                           <DepartureTime>17:47:00</DepartureTime>
                           <DepartureDayOffset>0</DepartureDayOffset>
                        </TimetabledPassingTime>
                        <TimetabledPassingTime version="any">
                           <ArrivalTime>17:50:00</ArrivalTime>
                           <ArrivalDayOffset>0</ArrivalDayOffset>
                           <DepartureTime>17:50:00</DepartureTime>
                           <DepartureDayOffset>0</DepartureDayOffset>
                        </TimetabledPassingTime>
                        <TimetabledPassingTime version="any">
                           <ArrivalTime>17:53:00</ArrivalTime>
                           <ArrivalDayOffset>0</ArrivalDayOffset>
                           <DepartureTime>17:53:00</DepartureTime>
                           <DepartureDayOffset>0</DepartureDayOffset>
                        </TimetabledPassingTime>
                        <TimetabledPassingTime version="any">
                           <ArrivalTime>17:56:00</ArrivalTime>
                           <ArrivalDayOffset>0</ArrivalDayOffset>
                           <DepartureTime>17:56:00</DepartureTime>
                           <DepartureDayOffset>0</DepartureDayOffset>
                        </TimetabledPassingTime>
                        <TimetabledPassingTime version="any">
                           <ArrivalTime>17:57:00</ArrivalTime>
                           <ArrivalDayOffset>0</ArrivalDayOffset>
                           <DepartureTime>17:57:00</DepartureTime>
                           <DepartureDayOffset>0</DepartureDayOffset>
                        </TimetabledPassingTime>
                        <TimetabledPassingTime version="any">
                           <ArrivalTime>17:58:00</ArrivalTime>
                           <ArrivalDayOffset>0</ArrivalDayOffset>
                           <DepartureTime>17:58:00</DepartureTime>
                           <DepartureDayOffset>0</DepartureDayOffset>
                        </TimetabledPassingTime>
                     </passingTimes>
                  </ServiceJourney>
               </members>
            </GeneralFrame>
         </frames>
      </CompositeFrame>
   </dataObjects>
</PublicationDelivery>
