<?xml version="1.0" encoding="UTF-8"?>
<PublicationDelivery xmlns:xsi="http://www.w3.org/2001/XMLSchema-instance"
                     xsi:schemaLocation="http://www.netex.org.uk/netex"
                     xmlns="http://www.netex.org.uk/netex"
                     xmlns:xlink="http://www.w3.org/1999/xlink"
                     xmlns:ifopt="http://www.ifopt.org.uk/ifopt"
                     xmlns:gml="http://www.opengis.net/gml/3.2"
                     xmlns:core="http://www.govtalk.gov.uk/core"
                     xmlns:siri="http://www.siri.org.uk/siri"
                     version="1.10:FR-NETEX-2.2">
   <PublicationTimestamp>2025-08-19T09:49:03+02:00</PublicationTimestamp>
   <ParticipantRef>TUDBUS</ParticipantRef>
   <Description>Offre sur la période du 19/08/2025 au 03/07/2026</Description>
   <dataObjects>
      <CompositeFrame id="FR:CompositeFrame:NETEX_LIGNE-20250819T094903:LOC" version="1.0">
         <Name>Poullan-Sur-Mer</Name>
         <FrameDefaults>
            <DefaultLocale>
               <TimeZone>Europe/Paris</TimeZone>
               <DefaultLanguage>fr</DefaultLanguage>
            </DefaultLocale>
            <DefaultLocationSystem>WGS84</DefaultLocationSystem>
            <DefaultSystemOfUnits>SiMetres</DefaultSystemOfUnits>
         </FrameDefaults>
         <frames>
            <ResourceFrame id="FR:ResourceFrame:1" version="any">
               <typesOfValue>
                  <ValueSet id="FR:ValueSet:TypeOfFrame" nameOfClass="TypeOfFrame" version="any">
                     <Name>TypeOfFrame</Name>
                     <values>
                        <TypeOfFrame id="FR:TypeOfFrame:NETEX_RESEAU" version="any">
                           <Name>NETEX_RESEAU</Name>
                        </TypeOfFrame>
                        <TypeOfFrame id="FR:TypeOfFrame:NETEX_HORAIRE" version="any">
                           <Name>NETEX_HORAIRE</Name>
                        </TypeOfFrame>
                     </values>
                  </ValueSet>
               </typesOfValue>
            </ResourceFrame>
            <GeneralFrame id="FR:GeneralFrame:NETEX_RESEAU-20250819T094903:LOC" version="1.0" dataSourceRef="TUDBUS">
               <TypeOfFrameRef ref="FR:TypeOfFrame:NETEX_RESEAU"/>
               <members>
                  <Route id="TUDBUS:Route:5-A:LOC" version="1">
                     <Name>Poullan-Sur-Mer - Aller</Name>
                     <LineRef ref="TUDBUS:Line:5:LOC" versionRef="1"/>
                     <DirectionType>outbound</DirectionType>
                     <DirectionRef ref="TUDBUS:Direction:5-A:LOC" versionRef="1"/>
                     <InverseRouteRef ref="TUDBUS:Route:5-R:LOC" versionRef="1"/>
                  </Route>
                  <Direction id="TUDBUS:Direction:5-A:LOC" version="1">
                     <Name>Poullan-Sur-Mer - Aller</Name>
                     <DirectionType>outbound</DirectionType>
                  </Direction>
                  <Route id="TUDBUS:Route:5-R:LOC" version="1">
                     <Name>Poullan-Sur-Mer - Retour</Name>
                     <LineRef ref="TUDBUS:Line:5:LOC" versionRef="1"/>
                     <DirectionType>inbound</DirectionType>
                     <DirectionRef ref="TUDBUS:Direction:5-R:LOC" versionRef="1"/>
                     <InverseRouteRef ref="TUDBUS:Route:5-A:LOC" versionRef="1"/>
                  </Route>
                  <Direction id="TUDBUS:Direction:5-R:LOC" version="1">
                     <Name>Poullan-Sur-Mer - Retour</Name>
                     <DirectionType>inbound</DirectionType>
                  </Direction>
                  <ServiceJourneyPattern id="TUDBUS:ServiceJourneyPattern:21:LOC" version="1">
                     <Name>Douarnenez</Name>
                     <PrivateCode>3823075</PrivateCode>
                     <RouteRef ref="TUDBUS:Route:5-A:LOC" versionRef="1"/>
                     <DestinationDisplayRef ref="TUDBUS:DestinationDisplay:21:LOC" versionRef="1"/>
                     <pointsInSequence>
                        <StopPointInJourneyPattern id="TUDBUS:StopPointInJourneyPattern:21x1:LOC" version="any" order="1">
                           <ScheduledStopPointRef ref="TUDBUS:ScheduledStopPoint:376:LOC" versionRef="1"/>
                           <ForAlighting>false</ForAlighting>
                           <ForBoarding>true</ForBoarding>
                           <RequestStop>false</RequestStop>
                        </StopPointInJourneyPattern>
                        <StopPointInJourneyPattern id="TUDBUS:StopPointInJourneyPattern:21x2:LOC" version="any" order="2">
                           <ScheduledStopPointRef ref="TUDBUS:ScheduledStopPoint:377:LOC" versionRef="1"/>
                           <ForAlighting>true</ForAlighting>
                           <ForBoarding>true</ForBoarding>
                           <RequestStop>false</RequestStop>
                        </StopPointInJourneyPattern>
                        <StopPointInJourneyPattern id="TUDBUS:StopPointInJourneyPattern:21x3:LOC" version="any" order="3">
                           <ScheduledStopPointRef ref="TUDBUS:ScheduledStopPoint:378:LOC" versionRef="1"/>
                           <ForAlighting>true</ForAlighting>
                           <ForBoarding>true</ForBoarding>
                           <RequestStop>false</RequestStop>
                        </StopPointInJourneyPattern>
                        <StopPointInJourneyPattern id="TUDBUS:StopPointInJourneyPattern:21x4:LOC" version="any" order="4">
                           <ScheduledStopPointRef ref="TUDBUS:ScheduledStopPoint:379:LOC" versionRef="1"/>
                           <ForAlighting>true</ForAlighting>
                           <ForBoarding>true</ForBoarding>
                           <RequestStop>false</RequestStop>
                        </StopPointInJourneyPattern>
                        <StopPointInJourneyPattern id="TUDBUS:StopPointInJourneyPattern:21x5:LOC" version="any" order="5">
                           <ScheduledStopPointRef ref="TUDBUS:ScheduledStopPoint:380:LOC" versionRef="1"/>
                           <ForAlighting>true</ForAlighting>
                           <ForBoarding>true</ForBoarding>
                           <RequestStop>false</RequestStop>
                        </StopPointInJourneyPattern>
                        <StopPointInJourneyPattern id="TUDBUS:StopPointInJourneyPattern:21x6:LOC" version="any" order="6">
                           <ScheduledStopPointRef ref="TUDBUS:ScheduledStopPoint:381:LOC" versionRef="1"/>
                           <ForAlighting>true</ForAlighting>
                           <ForBoarding>true</ForBoarding>
                           <RequestStop>false</RequestStop>
                        </StopPointInJourneyPattern>
                        <StopPointInJourneyPattern id="TUDBUS:StopPointInJourneyPattern:21x7:LOC" version="any" order="7">
                           <ScheduledStopPointRef ref="TUDBUS:ScheduledStopPoint:382:LOC" versionRef="1"/>
                           <ForAlighting>true</ForAlighting>
                           <ForBoarding>true</ForBoarding>
                           <RequestStop>false</RequestStop>
                        </StopPointInJourneyPattern>
                        <StopPointInJourneyPattern id="TUDBUS:StopPointInJourneyPattern:21x8:LOC" version="any" order="8">
                           <ScheduledStopPointRef ref="TUDBUS:ScheduledStopPoint:383:LOC" versionRef="1"/>
                           <ForAlighting>true</ForAlighting>
                           <ForBoarding>false</ForBoarding>
                           <RequestStop>false</RequestStop>
                        </StopPointInJourneyPattern>
                     </pointsInSequence>
                     <ServiceJourneyPatternType>passenger</ServiceJourneyPatternType>
                  </ServiceJourneyPattern>
                  <ServiceJourneyPattern id="TUDBUS:ServiceJourneyPattern:32:LOC" version="1">
                     <Name>Poullan Sur Mer</Name>
                     <PrivateCode>3823076</PrivateCode>
                     <RouteRef ref="TUDBUS:Route:5-R:LOC" versionRef="1"/>
                     <DestinationDisplayRef ref="TUDBUS:DestinationDisplay:32:LOC" versionRef="1"/>
                     <pointsInSequence>
                        <StopPointInJourneyPattern id="TUDBUS:StopPointInJourneyPattern:32x1:LOC" version="any" order="1">
                           <ScheduledStopPointRef ref="TUDBUS:ScheduledStopPoint:384:LOC" versionRef="1"/>
                           <ForAlighting>false</ForAlighting>
                           <ForBoarding>true</ForBoarding>
                           <RequestStop>false</RequestStop>
                        </StopPointInJourneyPattern>
                        <StopPointInJourneyPattern id="TUDBUS:StopPointInJourneyPattern:32x2:LOC" version="any" order="2">
                           <ScheduledStopPointRef ref="TUDBUS:ScheduledStopPoint:385:LOC" versionRef="1"/>
                           <ForAlighting>true</ForAlighting>
                           <ForBoarding>true</ForBoarding>
                           <RequestStop>false</RequestStop>
                        </StopPointInJourneyPattern>
                        <StopPointInJourneyPattern id="TUDBUS:StopPointInJourneyPattern:32x3:LOC" version="any" order="3">
                           <ScheduledStopPointRef ref="TUDBUS:ScheduledStopPoint:386:LOC" versionRef="1"/>
                           <ForAlighting>true</ForAlighting>
                           <ForBoarding>true</ForBoarding>
                           <RequestStop>false</RequestStop>
                        </StopPointInJourneyPattern>
                        <StopPointInJourneyPattern id="TUDBUS:StopPointInJourneyPattern:32x4:LOC" version="any" order="4">
                           <ScheduledStopPointRef ref="TUDBUS:ScheduledStopPoint:387:LOC" versionRef="1"/>
                           <ForAlighting>true</ForAlighting>
                           <ForBoarding>true</ForBoarding>
                           <RequestStop>false</RequestStop>
                        </StopPointInJourneyPattern>
                        <StopPointInJourneyPattern id="TUDBUS:StopPointInJourneyPattern:32x5:LOC" version="any" order="5">
                           <ScheduledStopPointRef ref="TUDBUS:ScheduledStopPoint:388:LOC" versionRef="1"/>
                           <ForAlighting>true</ForAlighting>
                           <ForBoarding>true</ForBoarding>
                           <RequestStop>false</RequestStop>
                        </StopPointInJourneyPattern>
                        <StopPointInJourneyPattern id="TUDBUS:StopPointInJourneyPattern:32x6:LOC" version="any" order="6">
                           <ScheduledStopPointRef ref="TUDBUS:ScheduledStopPoint:389:LOC" versionRef="1"/>
                           <ForAlighting>true</ForAlighting>
                           <ForBoarding>true</ForBoarding>
                           <RequestStop>false</RequestStop>
                        </StopPointInJourneyPattern>
                        <StopPointInJourneyPattern id="TUDBUS:StopPointInJourneyPattern:32x7:LOC" version="any" order="7">
                           <ScheduledStopPointRef ref="TUDBUS:ScheduledStopPoint:390:LOC" versionRef="1"/>
                           <ForAlighting>true</ForAlighting>
                           <ForBoarding>true</ForBoarding>
                           <RequestStop>false</RequestStop>
                        </StopPointInJourneyPattern>
                        <StopPointInJourneyPattern id="TUDBUS:StopPointInJourneyPattern:32x8:LOC" version="any" order="8">
                           <ScheduledStopPointRef ref="TUDBUS:ScheduledStopPoint:391:LOC" versionRef="1"/>
                           <ForAlighting>true</ForAlighting>
                           <ForBoarding>false</ForBoarding>
                           <RequestStop>false</RequestStop>
                        </StopPointInJourneyPattern>
                     </pointsInSequence>
                     <ServiceJourneyPatternType>passenger</ServiceJourneyPatternType>
                  </ServiceJourneyPattern>
                  <DestinationDisplay id="TUDBUS:DestinationDisplay:21:LOC" version="1">
                     <FrontText>Office De Tourisme</FrontText>
                  </DestinationDisplay>
                  <DestinationDisplay id="TUDBUS:DestinationDisplay:32:LOC" version="1">
                     <FrontText>Pil Koad</FrontText>
                  </DestinationDisplay>
                  <ScheduledStopPoint id="TUDBUS:ScheduledStopPoint:376:LOC" version="1">
                     <Name>Rue Abbé Conan</Name>
                     <Location id="TUDBUS:Location:2f2239a9eac74411b7acd7118a628425:LOC">
                        <Longitude>-4.4165372</Longitude>
                        <Latitude>48.0800666</Latitude>
                        <gml:pos srsName="EPSG:27572">97382.2183853996 2363928.06292539</gml:pos>
                     </Location>
                  </ScheduledStopPoint>
                  <ScheduledStopPoint id="TUDBUS:ScheduledStopPoint:377:LOC" version="1">
                     <Name>Pil Koad</Name>
                     <Location id="TUDBUS:Location:0d3b53edd98047a4b3a8458271b65a05:LOC">
                        <Longitude>-4.4081054</Longitude>
                        <Latitude>48.0824685</Latitude>
                        <gml:pos srsName="EPSG:27572">98031.1354136478 2364140.29641431</gml:pos>
                     </Location>
                  </ScheduledStopPoint>
                  <ScheduledStopPoint id="TUDBUS:ScheduledStopPoint:378:LOC" version="1">
                     <Name>Keraël</Name>
                     <Location id="TUDBUS:Location:4433567e4e09489c8c37fd0d195bc521:LOC">
                        <Longitude>-4.3712808</Longitude>
                        <Latitude>48.0834143</Latitude>
                        <gml:pos srsName="EPSG:27572">100774.099453276 2364010.52765786</gml:pos>
                     </Location>
                  </ScheduledStopPoint>
                  <ScheduledStopPoint id="TUDBUS:ScheduledStopPoint:379:LOC" version="1">
                     <Name>Cornigou</Name>
                     <Location id="TUDBUS:Location:e01caebdfb1942d19a2ee8c3db35845b:LOC">
                        <Longitude>-4.346149</Longitude>
                        <Latitude>48.0863276</Latitude>
                        <gml:pos srsName="EPSG:27572">102667.524381902 2364173.99075483</gml:pos>
                     </Location>
                  </ScheduledStopPoint>
                  <ScheduledStopPoint id="TUDBUS:ScheduledStopPoint:380:LOC" version="1">
                     <Name>Toubalan</Name>
                     <Location id="TUDBUS:Location:66297d5783c14158a38124bb7cbadbb6:LOC">
                        <Longitude>-4.3459138</Longitude>
                        <Latitude>48.091889</Latitude>
                        <gml:pos srsName="EPSG:27572">102737.510713674 2364788.73746986</gml:pos>
                     </Location>
                  </ScheduledStopPoint>
                  <ScheduledStopPoint id="TUDBUS:ScheduledStopPoint:381:LOC" version="1">
                     <Name>Salvador Allende</Name>
                     <Location id="TUDBUS:Location:3e543c5aa8954f219b3c42365c074c91:LOC">
                        <Longitude>-4.3446331</Longitude>
                        <Latitude>48.0957999</Latitude>
                        <gml:pos srsName="EPSG:27572">102869.511849803 2365213.98681918</gml:pos>
                     </Location>
                  </ScheduledStopPoint>
                  <ScheduledStopPoint id="TUDBUS:ScheduledStopPoint:382:LOC" version="1">
                     <Name>Gare</Name>
                     <Location id="TUDBUS:Location:ee0fd917118b4af8ac3aa8587785b8ee:LOC">
                        <Longitude>-4.3358849</Longitude>
                        <Latitude>48.0911978</Latitude>
                        <gml:pos srsName="EPSG:27572">103475.482245407 2364648.73903734</gml:pos>
                     </Location>
                  </ScheduledStopPoint>
                  <ScheduledStopPoint id="TUDBUS:ScheduledStopPoint:383:LOC" version="1">
                     <Name>Office De Tourisme</Name>
                     <Location id="TUDBUS:Location:64060b144ad0490480d65abd9341301d:LOC">
                        <Longitude>-4.330317</Longitude>
                        <Latitude>48.0933404</Latitude>
                        <gml:pos srsName="EPSG:27572">103909.00982873 2364850.99290522</gml:pos>
                     </Location>
                  </ScheduledStopPoint>
                  <ScheduledStopPoint id="TUDBUS:ScheduledStopPoint:384:LOC" version="1">
                     <Name>Office De Tourisme</Name>
                     <Location id="TUDBUS:Location:03910a16b47b4ae19723903cf432978d:LOC">
                        <Longitude>-4.330317</Longitude>
                        <Latitude>48.0933404</Latitude>
                        <gml:pos srsName="EPSG:27572">103909.00982873 2364850.99290522</gml:pos>
                     </Location>
                  </ScheduledStopPoint>
                  <ScheduledStopPoint id="TUDBUS:ScheduledStopPoint:385:LOC" version="1">
                     <Name>Gare</Name>
                     <Location id="TUDBUS:Location:209f4ec844dc488d9f72789d7d3b1928:LOC">
                        <Longitude>-4.3358849</Longitude>
                        <Latitude>48.0911978</Latitude>
                        <gml:pos srsName="EPSG:27572">103475.482245407 2364648.73903734</gml:pos>
                     </Location>
                  </ScheduledStopPoint>
                  <ScheduledStopPoint id="TUDBUS:ScheduledStopPoint:386:LOC" version="1">
                     <Name>Petit Rungis</Name>
                     <Location id="TUDBUS:Location:c92e86813a5a439cbc22a001d9495df9:LOC">
                        <Longitude>-4.3444211</Longitude>
                        <Latitude>48.096224</Latitude>
                        <gml:pos srsName="EPSG:27572">102889.252857012 2365259.63878382</gml:pos>
                     </Location>
                  </ScheduledStopPoint>
                  <ScheduledStopPoint id="TUDBUS:ScheduledStopPoint:387:LOC" version="1">
                     <Name>Toubalan</Name>
                     <Location id="TUDBUS:Location:bfa09bfa6ed0421a8a462ef31b8741d8:LOC">
                        <Longitude>-4.3459138</Longitude>
                        <Latitude>48.091889</Latitude>
                        <gml:pos srsName="EPSG:27572">102737.510713674 2364788.73746986</gml:pos>
                     </Location>
                  </ScheduledStopPoint>
                  <ScheduledStopPoint id="TUDBUS:ScheduledStopPoint:388:LOC" version="1">
                     <Name>Cornigou</Name>
                     <Location id="TUDBUS:Location:919dd3f6b07f4e37b01a4349c60f25cc:LOC">
                        <Longitude>-4.346149</Longitude>
                        <Latitude>48.0863276</Latitude>
                        <gml:pos srsName="EPSG:27572">102667.524381902 2364173.99075483</gml:pos>
                     </Location>
                  </ScheduledStopPoint>
                  <ScheduledStopPoint id="TUDBUS:ScheduledStopPoint:389:LOC" version="1">
                     <Name>Keraël</Name>
                     <Location id="TUDBUS:Location:ae8b898ef72e4ecf9d0a7b5176c091f9:LOC">
                        <Longitude>-4.3712808</Longitude>
                        <Latitude>48.0834143</Latitude>
                        <gml:pos srsName="EPSG:27572">100774.099453276 2364010.52765786</gml:pos>
                     </Location>
                  </ScheduledStopPoint>
                  <ScheduledStopPoint id="TUDBUS:ScheduledStopPoint:390:LOC" version="1">
                     <Name>Rue Abbé Conan</Name>
                     <Location id="TUDBUS:Location:3019b9fa33fe43de93c0f2295f71a50d:LOC">
                        <Longitude>-4.4165372</Longitude>
                        <Latitude>48.0800666</Latitude>
                        <gml:pos srsName="EPSG:27572">97382.2183853996 2363928.06292539</gml:pos>
                     </Location>
                  </ScheduledStopPoint>
                  <ScheduledStopPoint id="TUDBUS:ScheduledStopPoint:391:LOC" version="1">
                     <Name>Pil Koad</Name>
                     <Location id="TUDBUS:Location:7380928926dc410392e156fd18a5f745:LOC">
                        <Longitude>-4.4081054</Longitude>
                        <Latitude>48.0824685</Latitude>
                        <gml:pos srsName="EPSG:27572">98031.1354136478 2364140.29641431</gml:pos>
                     </Location>
                  </ScheduledStopPoint>
                  <PassengerStopAssignment id="TUDBUS:PassengerStopAssignment:376:LOC" version="1" order="0">
                     <ScheduledStopPointRef ref="TUDBUS:ScheduledStopPoint:376:LOC" versionRef="1"/>
                     <StopPlaceRef ref="FR:29226:StopPlace:genAUTO$2008758633:TUDBUS" versionRef="1"/>
                     <QuayRef ref="FR:29226:Quay:Rue Abbé Conan:TUDBUS" versionRef="1"/>
                  </PassengerStopAssignment>
                  <PassengerStopAssignment id="TUDBUS:PassengerStopAssignment:377:LOC" version="1" order="0">
                     <ScheduledStopPointRef ref="TUDBUS:ScheduledStopPoint:377:LOC" versionRef="1"/>
                     <StopPlaceRef ref="FR:29226:StopPlace:genAUTO$1438072118:TUDBUS" versionRef="1"/>
                     <QuayRef ref="FR:29226:Quay:Pil Koad:TUDBUS" versionRef="1"/>
                  </PassengerStopAssignment>
                  <PassengerStopAssignment id="TUDBUS:PassengerStopAssignment:378:LOC" version="1" order="0">
                     <ScheduledStopPointRef ref="TUDBUS:ScheduledStopPoint:378:LOC" versionRef="1"/>
                     <StopPlaceRef ref="FR:29226:StopPlace:genAUTO$1670981624:TUDBUS" versionRef="1"/>
                     <QuayRef ref="FR:29226:Quay:Keraël:TUDBUS" versionRef="1"/>
                  </PassengerStopAssignment>
                  <PassengerStopAssignment id="TUDBUS:PassengerStopAssignment:379:LOC" version="1" order="0">
                     <ScheduledStopPointRef ref="TUDBUS:ScheduledStopPoint:379:LOC" versionRef="1"/>
                     <StopPlaceRef ref="FR:29046:StopPlace:genAUTO$2077618845:TUDBUS" versionRef="1"/>
                     <QuayRef ref="FR:29046:Quay:1900128:TUDBUS" versionRef="1"/>
                  </PassengerStopAssignment>
                  <PassengerStopAssignment id="TUDBUS:PassengerStopAssignment:380:LOC" version="1" order="0">
                     <ScheduledStopPointRef ref="TUDBUS:ScheduledStopPoint:380:LOC" versionRef="1"/>
                     <StopPlaceRef ref="FR:29046:StopPlace:genAUTO$511534911:TUDBUS" versionRef="1"/>
                     <QuayRef ref="FR:29046:Quay:1900133:TUDBUS" versionRef="1"/>
                  </PassengerStopAssignment>
                  <PassengerStopAssignment id="TUDBUS:PassengerStopAssignment:381:LOC" version="1" order="0">
                     <ScheduledStopPointRef ref="TUDBUS:ScheduledStopPoint:381:LOC" versionRef="1"/>
                     <StopPlaceRef ref="FR:29046:StopPlace:genAUTO$1410779486:TUDBUS" versionRef="1"/>
                     <QuayRef ref="FR:29046:Quay:1900240:TUDBUS" versionRef="1"/>
                  </PassengerStopAssignment>
                  <PassengerStopAssignment id="TUDBUS:PassengerStopAssignment:382:LOC" version="1" order="0">
                     <ScheduledStopPointRef ref="TUDBUS:ScheduledStopPoint:382:LOC" versionRef="1"/>
                     <StopPlaceRef ref="FR:29046:StopPlace:genAUTO$651264608:TUDBUS" versionRef="1"/>
                     <QuayRef ref="FR:29046:Quay:1900219:TUDBUS" versionRef="1"/>
                  </PassengerStopAssignment>
                  <PassengerStopAssignment id="TUDBUS:PassengerStopAssignment:383:LOC" version="1" order="0">
                     <ScheduledStopPointRef ref="TUDBUS:ScheduledStopPoint:383:LOC" versionRef="1"/>
                     <StopPlaceRef ref="FR:29046:StopPlace:genAUTO$1410779385:TUDBUS" versionRef="1"/>
                     <QuayRef ref="FR:29046:Quay:1900144:TUDBUS" versionRef="1"/>
                  </PassengerStopAssignment>
                  <PassengerStopAssignment id="TUDBUS:PassengerStopAssignment:384:LOC" version="1" order="0">
                     <ScheduledStopPointRef ref="TUDBUS:ScheduledStopPoint:384:LOC" versionRef="1"/>
                     <StopPlaceRef ref="FR:29046:StopPlace:genAUTO$1410779385:TUDBUS" versionRef="1"/>
                     <QuayRef ref="FR:29046:Quay:1900144:TUDBUS" versionRef="1"/>
                  </PassengerStopAssignment>
                  <PassengerStopAssignment id="TUDBUS:PassengerStopAssignment:385:LOC" version="1" order="0">
                     <ScheduledStopPointRef ref="TUDBUS:ScheduledStopPoint:385:LOC" versionRef="1"/>
                     <StopPlaceRef ref="FR:29046:StopPlace:genAUTO$651264608:TUDBUS" versionRef="1"/>
                     <QuayRef ref="FR:29046:Quay:1900219:TUDBUS" versionRef="1"/>
                  </PassengerStopAssignment>
                  <PassengerStopAssignment id="TUDBUS:PassengerStopAssignment:386:LOC" version="1" order="0">
                     <ScheduledStopPointRef ref="TUDBUS:ScheduledStopPoint:386:LOC" versionRef="1"/>
                     <StopPlaceRef ref="FR:29046:StopPlace:genAUTO$2085603752:TUDBUS" versionRef="1"/>
                     <QuayRef ref="FR:29046:Quay:Petit Rungis:TUDBUS" versionRef="1"/>
                  </PassengerStopAssignment>
                  <PassengerStopAssignment id="TUDBUS:PassengerStopAssignment:387:LOC" version="1" order="0">
                     <ScheduledStopPointRef ref="TUDBUS:ScheduledStopPoint:387:LOC" versionRef="1"/>
                     <StopPlaceRef ref="FR:29046:StopPlace:genAUTO$511534911:TUDBUS" versionRef="1"/>
                     <QuayRef ref="FR:29046:Quay:1900133:TUDBUS" versionRef="1"/>
                  </PassengerStopAssignment>
                  <PassengerStopAssignment id="TUDBUS:PassengerStopAssignment:388:LOC" version="1" order="0">
                     <ScheduledStopPointRef ref="TUDBUS:ScheduledStopPoint:388:LOC" versionRef="1"/>
                     <StopPlaceRef ref="FR:29046:StopPlace:genAUTO$2077618845:TUDBUS" versionRef="1"/>
                     <QuayRef ref="FR:29046:Quay:1900128:TUDBUS" versionRef="1"/>
                  </PassengerStopAssignment>
                  <PassengerStopAssignment id="TUDBUS:PassengerStopAssignment:389:LOC" version="1" order="0">
                     <ScheduledStopPointRef ref="TUDBUS:ScheduledStopPoint:389:LOC" versionRef="1"/>
                     <StopPlaceRef ref="FR:29226:StopPlace:genAUTO$1670981624:TUDBUS" versionRef="1"/>
                     <QuayRef ref="FR:29226:Quay:Keraël:TUDBUS" versionRef="1"/>
                  </PassengerStopAssignment>
                  <PassengerStopAssignment id="TUDBUS:PassengerStopAssignment:390:LOC" version="1" order="0">
                     <ScheduledStopPointRef ref="TUDBUS:ScheduledStopPoint:390:LOC" versionRef="1"/>
                     <StopPlaceRef ref="FR:29226:StopPlace:genAUTO$2008758633:TUDBUS" versionRef="1"/>
                     <QuayRef ref="FR:29226:Quay:Rue Abbé Conan:TUDBUS" versionRef="1"/>
                  </PassengerStopAssignment>
                  <PassengerStopAssignment id="TUDBUS:PassengerStopAssignment:391:LOC" version="1" order="0">
                     <ScheduledStopPointRef ref="TUDBUS:ScheduledStopPoint:391:LOC" versionRef="1"/>
                     <StopPlaceRef ref="FR:29226:StopPlace:genAUTO$1438072118:TUDBUS" versionRef="1"/>
                     <QuayRef ref="FR:29226:Quay:Pil Koad:TUDBUS" versionRef="1"/>
                  </PassengerStopAssignment>
               </members>
            </GeneralFrame>
            <GeneralFrame id="FR:GeneralFrame:NETEX_HORAIRE-20250819T094903:LOC" version="1.0" dataSourceRef="TUDBUS">
               <TypeOfFrameRef ref="FR:TypeOfFrame:NETEX_HORAIRE"/>
               <members>
                  <ServiceJourney id="TUDBUS:ServiceJourney:TP1054537:LOC" version="1">
                     <TransportMode>bus</TransportMode>
                     <dayTypes>
                        <DayTypeRef ref="TUDBUS:Timetable:DayType:16127:LOC" versionRef="1"/>
                     </dayTypes>
                     <JourneyPatternRef ref="TUDBUS:ServiceJourneyPattern:21:LOC" versionRef="1"/>
                     <passingTimes>
                        <TimetabledPassingTime version="any">
                           <ArrivalTime>13:30:00</ArrivalTime>
                           <ArrivalDayOffset>0</ArrivalDayOffset>
                           <DepartureTime>13:30:00</DepartureTime>
                           <DepartureDayOffset>0</DepartureDayOffset>
                        </TimetabledPassingTime>
                        <TimetabledPassingTime version="any">
                           <ArrivalTime>13:32:00</ArrivalTime>
                           <ArrivalDayOffset>0</ArrivalDayOffset>
                           <DepartureTime>13:32:00</DepartureTime>
                           <DepartureDayOffset>0</DepartureDayOffset>
                        </TimetabledPassingTime>
                        <TimetabledPassingTime version="any">
                           <ArrivalTime>13:36:00</ArrivalTime>
                           <ArrivalDayOffset>0</ArrivalDayOffset>
                           <DepartureTime>13:36:00</DepartureTime>
                           <DepartureDayOffset>0</DepartureDayOffset>
                        </TimetabledPassingTime>
                        <TimetabledPassingTime version="any">
                           <ArrivalTime>13:40:00</ArrivalTime>
                           <ArrivalDayOffset>0</ArrivalDayOffset>
                           <DepartureTime>13:40:00</DepartureTime>
                           <DepartureDayOffset>0</DepartureDayOffset>
                        </TimetabledPassingTime>
                        <TimetabledPassingTime version="any">
                           <ArrivalTime>13:42:00</ArrivalTime>
                           <ArrivalDayOffset>0</ArrivalDayOffset>
                           <DepartureTime>13:42:00</DepartureTime>
                           <DepartureDayOffset>0</DepartureDayOffset>
                        </TimetabledPassingTime>
                        <TimetabledPassingTime version="any">
                           <ArrivalTime>13:44:00</ArrivalTime>
                           <ArrivalDayOffset>0</ArrivalDayOffset>
                           <DepartureTime>13:44:00</DepartureTime>
                           <DepartureDayOffset>0</DepartureDayOffset>
                        </TimetabledPassingTime>
                        <TimetabledPassingTime version="any">
                           <ArrivalTime>13:47:00</ArrivalTime>
                           <ArrivalDayOffset>0</ArrivalDayOffset>
                           <DepartureTime>13:47:00</DepartureTime>
                           <DepartureDayOffset>0</DepartureDayOffset>
                        </TimetabledPassingTime>
                        <TimetabledPassingTime version="any">
                           <ArrivalTime>13:50:00</ArrivalTime>
                           <ArrivalDayOffset>0</ArrivalDayOffset>
                           <DepartureTime>13:50:00</DepartureTime>
                           <DepartureDayOffset>0</DepartureDayOffset>
                        </TimetabledPassingTime>
                     </passingTimes>
                  </ServiceJourney>
                  <ServiceJourney id="TUDBUS:ServiceJourney:TP1054540:LOC" version="1">
                     <TransportMode>bus</TransportMode>
                     <dayTypes>
                        <DayTypeRef ref="TUDBUS:Timetable:DayType:16127:LOC" versionRef="1"/>
                     </dayTypes>
                     <JourneyPatternRef ref="TUDBUS:ServiceJourneyPattern:32:LOC" versionRef="1"/>
                     <passingTimes>
                        <TimetabledPassingTime version="any">
                           <ArrivalTime>17:05:00</ArrivalTime>
                           <ArrivalDayOffset>0</ArrivalDayOffset>
                           <DepartureTime>17:05:00</DepartureTime>
                           <DepartureDayOffset>0</DepartureDayOffset>
                        </TimetabledPassingTime>
                        <TimetabledPassingTime version="any">
                           <ArrivalTime>17:08:00</ArrivalTime>
                           <ArrivalDayOffset>0</ArrivalDayOffset>
                           <DepartureTime>17:08:00</DepartureTime>
                           <DepartureDayOffset>0</DepartureDayOffset>
                        </TimetabledPassingTime>
                        <TimetabledPassingTime version="any">
                           <ArrivalTime>17:09:00</ArrivalTime>
                           <ArrivalDayOffset>0</ArrivalDayOffset>
                           <DepartureTime>17:09:00</DepartureTime>
                           <DepartureDayOffset>0</DepartureDayOffset>
                        </TimetabledPassingTime>
                        <TimetabledPassingTime version="any">
                           <ArrivalTime>17:12:00</ArrivalTime>
                           <ArrivalDayOffset>0</ArrivalDayOffset>
                           <DepartureTime>17:12:00</DepartureTime>
                           <DepartureDayOffset>0</DepartureDayOffset>
                        </TimetabledPassingTime>
                        <TimetabledPassingTime version="any">
                           <ArrivalTime>17:14:00</ArrivalTime>
                           <ArrivalDayOffset>0</ArrivalDayOffset>
                           <DepartureTime>17:14:00</DepartureTime>
                           <DepartureDayOffset>0</DepartureDayOffset>
                        </TimetabledPassingTime>
                        <TimetabledPassingTime version="any">
                           <ArrivalTime>17:18:00</ArrivalTime>
                           <ArrivalDayOffset>0</ArrivalDayOffset>
                           <DepartureTime>17:18:00</DepartureTime>
                           <DepartureDayOffset>0</DepartureDayOffset>
                        </TimetabledPassingTime>
                        <TimetabledPassingTime version="any">
                           <ArrivalTime>17:24:00</ArrivalTime>
                           <ArrivalDayOffset>0</ArrivalDayOffset>
                           <DepartureTime>17:24:00</DepartureTime>
                           <DepartureDayOffset>0</DepartureDayOffset>
                        </TimetabledPassingTime>
                        <TimetabledPassingTime version="any">
                           <ArrivalTime>17:26:00</ArrivalTime>
                           <ArrivalDayOffset>0</ArrivalDayOffset>
                           <DepartureTime>17:26:00</DepartureTime>
                           <DepartureDayOffset>0</DepartureDayOffset>
                        </TimetabledPassingTime>
                     </passingTimes>
                  </ServiceJourney>
                  <ServiceJourney id="TUDBUS:ServiceJourney:TP1054538:LOC" version="1">
                     <TransportMode>bus</TransportMode>
                     <dayTypes>
                        <DayTypeRef ref="TUDBUS:Timetable:DayType:15127:LOC" versionRef="1"/>
                     </dayTypes>
                     <JourneyPatternRef ref="TUDBUS:ServiceJourneyPattern:21:LOC" versionRef="1"/>
                     <passingTimes>
                        <TimetabledPassingTime version="any">
                           <ArrivalTime>08:45:00</ArrivalTime>
                           <ArrivalDayOffset>0</ArrivalDayOffset>
                           <DepartureTime>08:45:00</DepartureTime>
                           <DepartureDayOffset>0</DepartureDayOffset>
                        </TimetabledPassingTime>
                        <TimetabledPassingTime version="any">
                           <ArrivalTime>08:47:00</ArrivalTime>
                           <ArrivalDayOffset>0</ArrivalDayOffset>
                           <DepartureTime>08:47:00</DepartureTime>
                           <DepartureDayOffset>0</DepartureDayOffset>
                        </TimetabledPassingTime>
                        <TimetabledPassingTime version="any">
                           <ArrivalTime>08:51:00</ArrivalTime>
                           <ArrivalDayOffset>0</ArrivalDayOffset>
                           <DepartureTime>08:51:00</DepartureTime>
                           <DepartureDayOffset>0</DepartureDayOffset>
                        </TimetabledPassingTime>
                        <TimetabledPassingTime version="any">
                           <ArrivalTime>08:55:00</ArrivalTime>
                           <ArrivalDayOffset>0</ArrivalDayOffset>
                           <DepartureTime>08:55:00</DepartureTime>
                           <DepartureDayOffset>0</DepartureDayOffset>
                        </TimetabledPassingTime>
                        <TimetabledPassingTime version="any">
                           <ArrivalTime>08:57:00</ArrivalTime>
                           <ArrivalDayOffset>0</ArrivalDayOffset>
                           <DepartureTime>08:57:00</DepartureTime>
                           <DepartureDayOffset>0</DepartureDayOffset>
                        </TimetabledPassingTime>
                        <TimetabledPassingTime version="any">
                           <ArrivalTime>08:59:00</ArrivalTime>
                           <ArrivalDayOffset>0</ArrivalDayOffset>
                           <DepartureTime>08:59:00</DepartureTime>
                           <DepartureDayOffset>0</DepartureDayOffset>
                        </TimetabledPassingTime>
                        <TimetabledPassingTime version="any">
                           <ArrivalTime>09:02:00</ArrivalTime>
                           <ArrivalDayOffset>0</ArrivalDayOffset>
                           <DepartureTime>09:02:00</DepartureTime>
                           <DepartureDayOffset>0</DepartureDayOffset>
                        </TimetabledPassingTime>
                        <TimetabledPassingTime version="any">
                           <ArrivalTime>09:05:00</ArrivalTime>
                           <ArrivalDayOffset>0</ArrivalDayOffset>
                           <DepartureTime>09:05:00</DepartureTime>
                           <DepartureDayOffset>0</DepartureDayOffset>
                        </TimetabledPassingTime>
                     </passingTimes>
                  </ServiceJourney>
                  <ServiceJourney id="TUDBUS:ServiceJourney:TP1054539:LOC" version="1">
                     <TransportMode>bus</TransportMode>
                     <dayTypes>
                        <DayTypeRef ref="TUDBUS:Timetable:DayType:15127:LOC" versionRef="1"/>
                     </dayTypes>
                     <JourneyPatternRef ref="TUDBUS:ServiceJourneyPattern:21:LOC" versionRef="1"/>
                     <passingTimes>
                        <TimetabledPassingTime version="any">
                           <ArrivalTime>13:30:00</ArrivalTime>
                           <ArrivalDayOffset>0</ArrivalDayOffset>
                           <DepartureTime>13:30:00</DepartureTime>
                           <DepartureDayOffset>0</DepartureDayOffset>
                        </TimetabledPassingTime>
                        <TimetabledPassingTime version="any">
                           <ArrivalTime>13:32:00</ArrivalTime>
                           <ArrivalDayOffset>0</ArrivalDayOffset>
                           <DepartureTime>13:32:00</DepartureTime>
                           <DepartureDayOffset>0</DepartureDayOffset>
                        </TimetabledPassingTime>
                        <TimetabledPassingTime version="any">
                           <ArrivalTime>13:36:00</ArrivalTime>
                           <ArrivalDayOffset>0</ArrivalDayOffset>
                           <DepartureTime>13:36:00</DepartureTime>
                           <DepartureDayOffset>0</DepartureDayOffset>
                        </TimetabledPassingTime>
                        <TimetabledPassingTime version="any">
                           <ArrivalTime>13:40:00</ArrivalTime>
                           <ArrivalDayOffset>0</ArrivalDayOffset>
                           <DepartureTime>13:40:00</DepartureTime>
                           <DepartureDayOffset>0</DepartureDayOffset>
                        </TimetabledPassingTime>
                        <TimetabledPassingTime version="any">
                           <ArrivalTime>13:42:00</ArrivalTime>
                           <ArrivalDayOffset>0</ArrivalDayOffset>
                           <DepartureTime>13:42:00</DepartureTime>
                           <DepartureDayOffset>0</DepartureDayOffset>
                        </TimetabledPassingTime>
                        <TimetabledPassingTime version="any">
                           <ArrivalTime>13:44:00</ArrivalTime>
                           <ArrivalDayOffset>0</ArrivalDayOffset>
                           <DepartureTime>13:44:00</DepartureTime>
                           <DepartureDayOffset>0</DepartureDayOffset>
                        </TimetabledPassingTime>
                        <TimetabledPassingTime version="any">
                           <ArrivalTime>13:47:00</ArrivalTime>
                           <ArrivalDayOffset>0</ArrivalDayOffset>
                           <DepartureTime>13:47:00</DepartureTime>
                           <DepartureDayOffset>0</DepartureDayOffset>
                        </TimetabledPassingTime>
                        <TimetabledPassingTime version="any">
                           <ArrivalTime>13:50:00</ArrivalTime>
                           <ArrivalDayOffset>0</ArrivalDayOffset>
                           <DepartureTime>13:50:00</DepartureTime>
                           <DepartureDayOffset>0</DepartureDayOffset>
                        </TimetabledPassingTime>
                     </passingTimes>
                  </ServiceJourney>
                  <ServiceJourney id="TUDBUS:ServiceJourney:TP1054541:LOC" version="1">
                     <TransportMode>bus</TransportMode>
                     <dayTypes>
                        <DayTypeRef ref="TUDBUS:Timetable:DayType:15127:LOC" versionRef="1"/>
                     </dayTypes>
                     <JourneyPatternRef ref="TUDBUS:ServiceJourneyPattern:32:LOC" versionRef="1"/>
                     <passingTimes>
                        <TimetabledPassingTime version="any">
                           <ArrivalTime>11:20:00</ArrivalTime>
                           <ArrivalDayOffset>0</ArrivalDayOffset>
                           <DepartureTime>11:20:00</DepartureTime>
                           <DepartureDayOffset>0</DepartureDayOffset>
                        </TimetabledPassingTime>
                        <TimetabledPassingTime version="any">
                           <ArrivalTime>11:23:00</ArrivalTime>
                           <ArrivalDayOffset>0</ArrivalDayOffset>
                           <DepartureTime>11:23:00</DepartureTime>
                           <DepartureDayOffset>0</DepartureDayOffset>
                        </TimetabledPassingTime>
                        <TimetabledPassingTime version="any">
                           <ArrivalTime>11:24:00</ArrivalTime>
                           <ArrivalDayOffset>0</ArrivalDayOffset>
                           <DepartureTime>11:24:00</DepartureTime>
                           <DepartureDayOffset>0</DepartureDayOffset>
                        </TimetabledPassingTime>
                        <TimetabledPassingTime version="any">
                           <ArrivalTime>11:27:00</ArrivalTime>
                           <ArrivalDayOffset>0</ArrivalDayOffset>
                           <DepartureTime>11:27:00</DepartureTime>
                           <DepartureDayOffset>0</DepartureDayOffset>
                        </TimetabledPassingTime>
                        <TimetabledPassingTime version="any">
                           <ArrivalTime>11:29:00</ArrivalTime>
                           <ArrivalDayOffset>0</ArrivalDayOffset>
                           <DepartureTime>11:29:00</DepartureTime>
                           <DepartureDayOffset>0</DepartureDayOffset>
                        </TimetabledPassingTime>
                        <TimetabledPassingTime version="any">
                           <ArrivalTime>11:37:00</ArrivalTime>
                           <ArrivalDayOffset>0</ArrivalDayOffset>
                           <DepartureTime>11:37:00</DepartureTime>
                           <DepartureDayOffset>0</DepartureDayOffset>
                        </TimetabledPassingTime>
                        <TimetabledPassingTime version="any">
                           <ArrivalTime>11:39:00</ArrivalTime>
                           <ArrivalDayOffset>0</ArrivalDayOffset>
                           <DepartureTime>11:39:00</DepartureTime>
                           <DepartureDayOffset>0</DepartureDayOffset>
                        </TimetabledPassingTime>
                        <TimetabledPassingTime version="any">
                           <ArrivalTime>11:41:00</ArrivalTime>
                           <ArrivalDayOffset>0</ArrivalDayOffset>
                           <DepartureTime>11:41:00</DepartureTime>
                           <DepartureDayOffset>0</DepartureDayOffset>
                        </TimetabledPassingTime>
                     </passingTimes>
                  </ServiceJourney>
                  <ServiceJourney id="TUDBUS:ServiceJourney:TP1054542:LOC" version="1">
                     <TransportMode>bus</TransportMode>
                     <dayTypes>
                        <DayTypeRef ref="TUDBUS:Timetable:DayType:15127:LOC" versionRef="1"/>
                     </dayTypes>
                     <JourneyPatternRef ref="TUDBUS:ServiceJourneyPattern:32:LOC" versionRef="1"/>
                     <passingTimes>
                        <TimetabledPassingTime version="any">
                           <ArrivalTime>17:05:00</ArrivalTime>
                           <ArrivalDayOffset>0</ArrivalDayOffset>
                           <DepartureTime>17:05:00</DepartureTime>
                           <DepartureDayOffset>0</DepartureDayOffset>
                        </TimetabledPassingTime>
                        <TimetabledPassingTime version="any">
                           <ArrivalTime>17:08:00</ArrivalTime>
                           <ArrivalDayOffset>0</ArrivalDayOffset>
                           <DepartureTime>17:08:00</DepartureTime>
                           <DepartureDayOffset>0</DepartureDayOffset>
                        </TimetabledPassingTime>
                        <TimetabledPassingTime version="any">
                           <ArrivalTime>17:09:00</ArrivalTime>
                           <ArrivalDayOffset>0</ArrivalDayOffset>
                           <DepartureTime>17:09:00</DepartureTime>
                           <DepartureDayOffset>0</DepartureDayOffset>
                        </TimetabledPassingTime>
                        <TimetabledPassingTime version="any">
                           <ArrivalTime>17:12:00</ArrivalTime>
                           <ArrivalDayOffset>0</ArrivalDayOffset>
                           <DepartureTime>17:12:00</DepartureTime>
                           <DepartureDayOffset>0</DepartureDayOffset>
                        </TimetabledPassingTime>
                        <TimetabledPassingTime version="any">
                           <ArrivalTime>17:14:00</ArrivalTime>
                           <ArrivalDayOffset>0</ArrivalDayOffset>
                           <DepartureTime>17:14:00</DepartureTime>
                           <DepartureDayOffset>0</DepartureDayOffset>
                        </TimetabledPassingTime>
                        <TimetabledPassingTime version="any">
                           <ArrivalTime>17:18:00</ArrivalTime>
                           <ArrivalDayOffset>0</ArrivalDayOffset>
                           <DepartureTime>17:18:00</DepartureTime>
                           <DepartureDayOffset>0</DepartureDayOffset>
                        </TimetabledPassingTime>
                        <TimetabledPassingTime version="any">
                           <ArrivalTime>17:24:00</ArrivalTime>
                           <ArrivalDayOffset>0</ArrivalDayOffset>
                           <DepartureTime>17:24:00</DepartureTime>
                           <DepartureDayOffset>0</DepartureDayOffset>
                        </TimetabledPassingTime>
                        <TimetabledPassingTime version="any">
                           <ArrivalTime>17:26:00</ArrivalTime>
                           <ArrivalDayOffset>0</ArrivalDayOffset>
                           <DepartureTime>17:26:00</DepartureTime>
                           <DepartureDayOffset>0</DepartureDayOffset>
                        </TimetabledPassingTime>
                     </passingTimes>
                  </ServiceJourney>
               </members>
            </GeneralFrame>
         </frames>
      </CompositeFrame>
   </dataObjects>
</PublicationDelivery>
