<?xml version="1.0" encoding="utf-8"?>
<Siri xmlns:xsi="http://www.w3.org/2001/XMLSchema-instance" xmlns:xsd="http://www.w3.org/2001/XMLSchema" xmlns="http://www.siri.org.uk/siri">
  <ServiceDelivery>
    <ResponseTimestamp>2025-09-05T16:13:34.3143001+02:00</ResponseTimestamp>
    <ProducerRef>CITYWAY</ProducerRef>
    <VehicleMonitoringDelivery version="2.0">
      <ResponseTimestamp>2025-09-05T16:13:34.314303+02:00</ResponseTimestamp>
      <VehicleActivity>
        <RecordedAtTime>0001-01-01T00:00:00</RecordedAtTime>
        <ItemIdentifier>638926856143141042</ItemIdentifier>
        <ValidUntilTime>0001-01-01T00:00:00</ValidUntilTime>
        <VehicleMonitoringRef>CYPRE:RCH25062</VehicleMonitoringRef>
        <MonitoredVehicleJourney>
          <LineRef>CYPRE:Line:1:LOC</LineRef>
          <DirectionRef>aller</DirectionRef>
          <FramedVehicleJourneyRef>
            <DataFrameRef>2025-09-05</DataFrameRef>
            <DatedVehicleJourneyRef>CYPRE:VehicleJourney:1061:LOC</DatedVehicleJourneyRef>
          </FramedVehicleJourneyRef>
          <JourneyPatternRef>CYPRE:JourneyPattern:La Passerelle - Centre Aquatique:LOC</JourneyPatternRef>
          <VehicleMode>BUS</VehicleMode>
          <OperatorRef>CYPRE</OperatorRef>
          <OriginRef>CYPRE:StopPoint:BP:cevpas2:LOC</OriginRef>
          <OriginName xml:lang="FR">La Passerelle</OriginName>
          <DestinationRef>CYPRE:StopPoint:BP:cevaqua2:LOC</DestinationRef>
          <DestinationName xml:lang="FR">Centre aquatique</DestinationName>
          <Monitored>true</Monitored>
          <VehicleLocation>
            <Longitude>2.88346713368875</Longitude>
            <Latitude>49.2249021233799</Latitude>
          </VehicleLocation>
          <Bearing>157</Bearing>
          <Delay>PT55S</Delay>
          <VehicleRef>RCH25062</VehicleRef>
          <MonitoredCall>
            <StopPointRef>CYPRE:StopPoint:BP:cevhec2:LOC</StopPointRef>
            <Order>12</Order>
            <VehicleAtStop>true</VehicleAtStop>
          </MonitoredCall>
        </MonitoredVehicleJourney>
      </VehicleActivity>
      <VehicleActivity>
        <RecordedAtTime>0001-01-01T00:00:00</RecordedAtTime>
        <ItemIdentifier>638926856143141043</ItemIdentifier>
        <ValidUntilTime>0001-01-01T00:00:00</ValidUntilTime>
        <VehicleMonitoringRef>CYPRE:RCH1935</VehicleMonitoringRef>
        <MonitoredVehicleJourney>
          <LineRef>CYPRE:Line:2:LOC</LineRef>
          <DirectionRef>aller</DirectionRef>
          <FramedVehicleJourneyRef>
            <DataFrameRef>2025-09-05</DataFrameRef>
            <DatedVehicleJourneyRef>CYPRE:VehicleJourney:2059:LOC</DatedVehicleJourneyRef>
          </FramedVehicleJourneyRef>
          <JourneyPatternRef>CYPRE:JourneyPattern:Centre Aqua - Av. Senlis via ZI:LOC</JourneyPatternRef>
          <VehicleMode>BUS</VehicleMode>
          <OperatorRef>CYPRE</OperatorRef>
          <OriginRef>CYPRE:StopPoint:BP:cevaqua2:LOC</OriginRef>
          <OriginName xml:lang="FR">Centre aquatique</OriginName>
          <DestinationRef>CYPRE:StopPoint:BP:cevsen2:LOC</DestinationRef>
          <DestinationName xml:lang="FR">Avenue de Senlis</DestinationName>
          <Monitored>true</Monitored>
          <VehicleLocation>
            <Longitude>2.87817708466391</Longitude>
            <Latitude>49.2330957791279</Latitude>
          </VehicleLocation>
          <Bearing>182</Bearing>
          <Delay>PT2M3S</Delay>
          <VehicleRef>RCH1935</VehicleRef>
          <MonitoredCall>
            <StopPointRef>CYPRE:StopPoint:BP:cevsen2:LOC</StopPointRef>
            <Order>20</Order>
          </MonitoredCall>
        </MonitoredVehicleJourney>
      </VehicleActivity>
      <VehicleActivity>
        <RecordedAtTime>0001-01-01T00:00:00</RecordedAtTime>
        <ItemIdentifier>638926856143141044</ItemIdentifier>
        <ValidUntilTime>0001-01-01T00:00:00</ValidUntilTime>
        <VehicleMonitoringRef>CYPRE:RCH1934</VehicleMonitoringRef>
        <MonitoredVehicleJourney>
          <LineRef>CYPRE:Line:1:LOC</LineRef>
          <DirectionRef>aller</DirectionRef>
          <FramedVehicleJourneyRef>
            <DataFrameRef>2025-09-05</DataFrameRef>
            <DatedVehicleJourneyRef>CYPRE:VehicleJourney:1059:LOC</DatedVehicleJourneyRef>
          </FramedVehicleJourneyRef>
          <JourneyPatternRef>CYPRE:JourneyPattern:La Passerelle - Centre Aquatique:LOC</JourneyPatternRef>
          <VehicleMode>BUS</VehicleMode>
          <OperatorRef>CYPRE</OperatorRef>
          <OriginRef>CYPRE:StopPoint:BP:cevpas2:LOC</OriginRef>
          <OriginName xml:lang="FR">La Passerelle</OriginName>
          <DestinationRef>CYPRE:StopPoint:BP:cevaqua2:LOC</DestinationRef>
          <DestinationName xml:lang="FR">Centre aquatique</DestinationName>
          <Monitored>true</Monitored>
          <VehicleLocation>
            <Longitude>2.89285753495591</Longitude>
            <Latitude>49.2239938498905</Latitude>
          </VehicleLocation>
          <Bearing>50</Bearing>
          <Delay>PT13S</Delay>
          <VehicleRef>RCH1934</VehicleRef>
          <MonitoredCall>
            <StopPointRef>CYPRE:StopPoint:BP:cevaqua2:LOC</StopPointRef>
            <Order>15</Order>
          </MonitoredCall>
        </MonitoredVehicleJourney>
      </VehicleActivity>
      <VehicleActivity>
        <RecordedAtTime>0001-01-01T00:00:00</RecordedAtTime>
        <ItemIdentifier>638926856143141045</ItemIdentifier>
        <ValidUntilTime>0001-01-01T00:00:00</ValidUntilTime>
        <VehicleMonitoringRef>CYPRE:RCH1934</VehicleMonitoringRef>
        <MonitoredVehicleJourney>
          <LineRef>CYPRE:Line:2:LOC</LineRef>
          <DirectionRef>aller</DirectionRef>
          <FramedVehicleJourneyRef>
            <DataFrameRef>2025-09-05</DataFrameRef>
            <DatedVehicleJourneyRef>CYPRE:VehicleJourney:2061:LOC</DatedVehicleJourneyRef>
          </FramedVehicleJourneyRef>
          <JourneyPatternRef>CYPRE:JourneyPattern:Centre Aqua - Av. Senlis via CR:LOC</JourneyPatternRef>
          <VehicleMode>BUS</VehicleMode>
          <OperatorRef>CYPRE</OperatorRef>
          <OriginRef>CYPRE:StopPoint:BP:cevaqua2:LOC</OriginRef>
          <OriginName xml:lang="FR">Centre aquatique</OriginName>
          <DestinationRef>CYPRE:StopPoint:BP:cevsen2:LOC</DestinationRef>
          <DestinationName xml:lang="FR">Avenue de Senlis</DestinationName>
          <Monitored>true</Monitored>
          <VehicleLocation>
            <Longitude>2.9020730117834</Longitude>
            <Latitude>49.2283079111258</Latitude>
          </VehicleLocation>
          <Bearing>291</Bearing>
          <Delay>PT1M32S</Delay>
          <VehicleRef>RCH1934</VehicleRef>
          <MonitoredCall>
            <StopPointRef>CYPRE:StopPoint:BP:cevstad2:LOC</StopPointRef>
            <Order>10</Order>
          </MonitoredCall>
        </MonitoredVehicleJourney>
      </VehicleActivity>
      <VehicleActivity>
        <RecordedAtTime>0001-01-01T00:00:00</RecordedAtTime>
        <ItemIdentifier>638926856143141046</ItemIdentifier>
        <ValidUntilTime>0001-01-01T00:00:00</ValidUntilTime>
        <VehicleMonitoringRef>CYPRE:RCH25063</VehicleMonitoringRef>
        <MonitoredVehicleJourney>
          <LineRef>CYPRE:Line:1:LOC</LineRef>
          <DirectionRef>retour</DirectionRef>
          <FramedVehicleJourneyRef>
            <DataFrameRef>2025-09-05</DataFrameRef>
            <DatedVehicleJourneyRef>CYPRE:VehicleJourney:1060:LOC</DatedVehicleJourneyRef>
          </FramedVehicleJourneyRef>
          <JourneyPatternRef>CYPRE:JourneyPattern:Centre Aquatique - La Passerelle:LOC</JourneyPatternRef>
          <VehicleMode>BUS</VehicleMode>
          <OperatorRef>CYPRE</OperatorRef>
          <OriginRef>CYPRE:StopPoint:BP:cevaqua1:LOC</OriginRef>
          <OriginName xml:lang="FR">Centre aquatique</OriginName>
          <DestinationRef>CYPRE:StopPoint:BP:cevpas1:LOC</DestinationRef>
          <DestinationName xml:lang="FR">La Passerelle</DestinationName>
          <Monitored>true</Monitored>
          <VehicleLocation>
            <Longitude>2.89632211302557</Longitude>
            <Latitude>49.2348388178281</Latitude>
          </VehicleLocation>
          <Bearing>102</Bearing>
          <Delay>-PT1M4S</Delay>
          <VehicleRef>RCH25063</VehicleRef>
          <MonitoredCall>
            <StopPointRef>CYPRE:StopPoint:BP:cevpas1:LOC</StopPointRef>
            <Order>12</Order>
          </MonitoredCall>
        </MonitoredVehicleJourney>
      </VehicleActivity>
      <VehicleActivity>
        <RecordedAtTime>0001-01-01T00:00:00</RecordedAtTime>
        <ItemIdentifier>638926856143141047</ItemIdentifier>
        <ValidUntilTime>0001-01-01T00:00:00</ValidUntilTime>
        <VehicleMonitoringRef>CYPRE:RCH1931</VehicleMonitoringRef>
        <MonitoredVehicleJourney>
          <LineRef>CYPRE:Line:1:LOC</LineRef>
          <DirectionRef>retour</DirectionRef>
          <FramedVehicleJourneyRef>
            <DataFrameRef>2025-09-05</DataFrameRef>
            <DatedVehicleJourneyRef>CYPRE:VehicleJourney:1062:LOC</DatedVehicleJourneyRef>
          </FramedVehicleJourneyRef>
          <JourneyPatternRef>CYPRE:JourneyPattern:Centre Aqua - La Pass via Sente:LOC</JourneyPatternRef>
          <VehicleMode>BUS</VehicleMode>
          <OperatorRef>CYPRE</OperatorRef>
          <OriginRef>CYPRE:StopPoint:BP:cevaqua1:LOC</OriginRef>
          <OriginName xml:lang="FR">Centre aquatique</OriginName>
          <DestinationRef>CYPRE:StopPoint:BP:cevpas2:LOC</DestinationRef>
          <DestinationName xml:lang="FR">La Passerelle</DestinationName>
          <Monitored>true</Monitored>
          <VehicleLocation>
            <Longitude>2.89453206289155</Longitude>
            <Latitude>49.2239953264643</Latitude>
          </VehicleLocation>
          <Bearing>287</Bearing>
          <Delay>PT3M10S</Delay>
          <VehicleRef>RCH1931</VehicleRef>
          <MonitoredCall>
            <StopPointRef>CYPRE:StopPoint:BP:cevaqua1:LOC</StopPointRef>
            <Order>1</Order>
            <VehicleAtStop>true</VehicleAtStop>
          </MonitoredCall>
        </MonitoredVehicleJourney>
      </VehicleActivity>
      <VehicleActivity>
        <RecordedAtTime>0001-01-01T00:00:00</RecordedAtTime>
        <ItemIdentifier>638926856143141048</ItemIdentifier>
        <ValidUntilTime>0001-01-01T00:00:00</ValidUntilTime>
        <VehicleMonitoringRef>CYPRE:RCH1931</VehicleMonitoringRef>
        <MonitoredVehicleJourney>
          <LineRef>CYPRE:Line:2:LOC</LineRef>
          <DirectionRef>retour</DirectionRef>
          <FramedVehicleJourneyRef>
            <DataFrameRef>2025-09-05</DataFrameRef>
            <DatedVehicleJourneyRef>CYPRE:VehicleJourney:2060:LOC</DatedVehicleJourneyRef>
          </FramedVehicleJourneyRef>
          <JourneyPatternRef>CYPRE:JourneyPattern:Av. de Senlis - Centre Aquatique:LOC</JourneyPatternRef>
          <VehicleMode>BUS</VehicleMode>
          <OperatorRef>CYPRE</OperatorRef>
          <OriginRef>CYPRE:StopPoint:BP:cevsen1:LOC</OriginRef>
          <OriginName xml:lang="FR">Avenue de Senlis</OriginName>
          <DestinationRef>CYPRE:StopPoint:BP:cevaqua1:LOC</DestinationRef>
          <DestinationName xml:lang="FR">Centre aquatique</DestinationName>
          <Monitored>true</Monitored>
          <VehicleLocation>
            <Longitude>2.89690729745244</Longitude>
            <Latitude>49.2236467690644</Latitude>
          </VehicleLocation>
          <Bearing>277</Bearing>
          <Delay>PT3M53S</Delay>
          <VehicleRef>RCH1931</VehicleRef>
          <MonitoredCall>
            <StopPointRef>CYPRE:StopPoint:BP:cevaqua1:LOC</StopPointRef>
            <Order>14</Order>
          </MonitoredCall>
        </MonitoredVehicleJourney>
      </VehicleActivity>
      <VehicleActivity>
        <RecordedAtTime>0001-01-01T00:00:00</RecordedAtTime>
        <ItemIdentifier>638926856143141049</ItemIdentifier>
        <ValidUntilTime>0001-01-01T00:00:00</ValidUntilTime>
        <VehicleMonitoringRef>CYPRE:RCH25063</VehicleMonitoringRef>
        <MonitoredVehicleJourney>
          <LineRef>CYPRE:Line:1:LOC</LineRef>
          <DirectionRef>aller</DirectionRef>
          <FramedVehicleJourneyRef>
            <DataFrameRef>2025-09-05</DataFrameRef>
            <DatedVehicleJourneyRef>CYPRE:VehicleJourney:1063:LOC</DatedVehicleJourneyRef>
          </FramedVehicleJourneyRef>
          <JourneyPatternRef>CYPRE:JourneyPattern:La Passerelle - Centre Aquatique:LOC</JourneyPatternRef>
          <VehicleMode>BUS</VehicleMode>
          <OperatorRef>CYPRE</OperatorRef>
          <OriginRef>CYPRE:StopPoint:BP:cevpas2:LOC</OriginRef>
          <OriginName xml:lang="FR">La Passerelle</OriginName>
          <DestinationRef>CYPRE:StopPoint:BP:cevaqua2:LOC</DestinationRef>
          <DestinationName xml:lang="FR">Centre aquatique</DestinationName>
          <Monitored>true</Monitored>
          <VehicleLocation>
            <Longitude>2.8998375890378</Longitude>
            <Latitude>49.2343383519444</Latitude>
          </VehicleLocation>
          <Bearing>107</Bearing>
          <Delay>PT10S</Delay>
          <VehicleRef>RCH25063</VehicleRef>
          <MonitoredCall>
            <StopPointRef>CYPRE:StopPoint:BP:cevpas2:LOC</StopPointRef>
            <Order>1</Order>
            <VehicleAtStop>true</VehicleAtStop>
          </MonitoredCall>
        </MonitoredVehicleJourney>
      </VehicleActivity>
      <VehicleActivity>
        <RecordedAtTime>0001-01-01T00:00:00</RecordedAtTime>
        <ItemIdentifier>638926856143141050</ItemIdentifier>
        <ValidUntilTime>0001-01-01T00:00:00</ValidUntilTime>
        <VehicleMonitoringRef>CYPRE:RCH1935</VehicleMonitoringRef>
        <MonitoredVehicleJourney>
          <LineRef>CYPRE:Line:2:LOC</LineRef>
          <DirectionRef>retour</DirectionRef>
          <FramedVehicleJourneyRef>
            <DataFrameRef>2025-09-05</DataFrameRef>
            <DatedVehicleJourneyRef>CYPRE:VehicleJourney:2062:LOC</DatedVehicleJourneyRef>
          </FramedVehicleJourneyRef>
          <JourneyPatternRef>CYPRE:JourneyPattern:Av. de Senlis - Centre Aquatique:LOC</JourneyPatternRef>
          <VehicleMode>BUS</VehicleMode>
          <OperatorRef>CYPRE</OperatorRef>
          <OriginRef>CYPRE:StopPoint:BP:cevsen1:LOC</OriginRef>
          <OriginName xml:lang="FR">Avenue de Senlis</OriginName>
          <DestinationRef>CYPRE:StopPoint:BP:cevaqua1:LOC</DestinationRef>
          <DestinationName xml:lang="FR">Centre aquatique</DestinationName>
          <Monitored>true</Monitored>
          <VehicleLocation>
            <Longitude>2.88475825138346</Longitude>
            <Latitude>49.2306659645144</Latitude>
          </VehicleLocation>
          <Bearing>221</Bearing>
          <Delay>PT10S</Delay>
          <VehicleRef>RCH1935</VehicleRef>
          <MonitoredCall>
            <StopPointRef>CYPRE:StopPoint:BP:cevmar2:LOC</StopPointRef>
            <Order>4</Order>
          </MonitoredCall>
        </MonitoredVehicleJourney>
      </VehicleActivity>
    </VehicleMonitoringDelivery>
  </ServiceDelivery>
  <Extensions />
</Siri>