<?xml version="1.0" encoding="utf-8"?>
<Siri xmlns:xsi="http://www.w3.org/2001/XMLSchema-instance" xmlns:xsd="http://www.w3.org/2001/XMLSchema" xmlns="http://www.siri.org.uk/siri">
  <ServiceDelivery>
    <ResponseTimestamp>2025-09-05T16:13:39.1075528+02:00</ResponseTimestamp>
    <ProducerRef>CITYWAY</ProducerRef>
    <VehicleMonitoringDelivery version="2.0">
      <ResponseTimestamp>2025-09-05T16:13:39.1075541+02:00</ResponseTimestamp>
      <VehicleActivity>
        <RecordedAtTime>0001-01-01T00:00:00</RecordedAtTime>
        <ItemIdentifier>638926856191074920</ItemIdentifier>
        <ValidUntilTime>0001-01-01T00:00:00</ValidUntilTime>
        <VehicleMonitoringRef>LEBUS:TCA516</VehicleMonitoringRef>
        <MonitoredVehicleJourney>
          <LineRef>LEBUS:Line:1TAD:LOC</LineRef>
          <DirectionRef>retour</DirectionRef>
          <FramedVehicleJourneyRef>
            <DataFrameRef>2025-09-05</DataFrameRef>
            <DatedVehicleJourneyRef>LEBUS:VehicleJourney:11028:LOC</DatedVehicleJourneyRef>
          </FramedVehicleJourneyRef>
          <JourneyPatternRef>LEBUS:JourneyPattern:16:LOC</JourneyPatternRef>
          <VehicleMode>TAD</VehicleMode>
          <OperatorRef>LEBUS</OperatorRef>
          <OriginRef>LEBUS:StopPoint:BP:CATCE1:LOC</OriginRef>
          <OriginName xml:lang="FR">CATENOY - Centre</OriginName>
          <DestinationRef>LEBUS:StopPoint:BP:BRSCB3:LOC</DestinationRef>
          <DestinationName xml:lang="FR">BREUIL-LE-SEC - Croix Blanche</DestinationName>
          <Monitored>true</Monitored>
          <VehicleLocation>
            <Longitude>2.42273120705874</Longitude>
            <Latitude>49.387886809497</Latitude>
          </VehicleLocation>
          <Bearing>107</Bearing>
          <Delay>PT0S</Delay>
          <VehicleRef>TCA516</VehicleRef>
          <MonitoredCall>
            <StopPointRef>LEBUS:StopPoint:BP:CATCE1:LOC</StopPointRef>
            <Order>1</Order>
          </MonitoredCall>
        </MonitoredVehicleJourney>
      </VehicleActivity>
      <VehicleActivity>
        <RecordedAtTime>0001-01-01T00:00:00</RecordedAtTime>
        <ItemIdentifier>638926856191074921</ItemIdentifier>
        <ValidUntilTime>0001-01-01T00:00:00</ValidUntilTime>
        <VehicleMonitoringRef>LEBUS:TCA4974</VehicleMonitoringRef>
        <MonitoredVehicleJourney>
          <LineRef>LEBUS:Line:4:LOC</LineRef>
          <DirectionRef>retour</DirectionRef>
          <FramedVehicleJourneyRef>
            <DataFrameRef>2025-09-05</DataFrameRef>
            <DatedVehicleJourneyRef>LEBUS:VehicleJourney:4048:LOC</DatedVehicleJourneyRef>
          </FramedVehicleJourneyRef>
          <JourneyPatternRef>LEBUS:JourneyPattern:26:LOC</JourneyPatternRef>
          <VehicleMode>BUS</VehicleMode>
          <OperatorRef>LEBUS</OperatorRef>
          <OriginRef>LEBUS:StopPoint:BP:BRECE1:LOC</OriginRef>
          <OriginName xml:lang="FR">BREUIL-LE-VERT - Eglise</OriginName>
          <DestinationRef>LEBUS:StopPoint:BP:AGZCA1:LOC</DestinationRef>
          <DestinationName xml:lang="FR">AGNETZ - Boulincourt canonniere</DestinationName>
          <Monitored>true</Monitored>
          <VehicleLocation>
            <Longitude>2.43347260476406</Longitude>
            <Latitude>49.3827780479096</Latitude>
          </VehicleLocation>
          <Bearing>315</Bearing>
          <Delay>PT0S</Delay>
          <VehicleRef>TCA4974</VehicleRef>
          <MonitoredCall>
            <StopPointRef>LEBUS:StopPoint:BP:BRECE1:LOC</StopPointRef>
            <Order>1</Order>
          </MonitoredCall>
        </MonitoredVehicleJourney>
      </VehicleActivity>
      <VehicleActivity>
        <RecordedAtTime>0001-01-01T00:00:00</RecordedAtTime>
        <ItemIdentifier>638926856191074922</ItemIdentifier>
        <ValidUntilTime>0001-01-01T00:00:00</ValidUntilTime>
        <VehicleMonitoringRef>LEBUS:TCA4973</VehicleMonitoringRef>
        <MonitoredVehicleJourney>
          <LineRef>LEBUS:Line:2:LOC</LineRef>
          <DirectionRef>aller</DirectionRef>
          <FramedVehicleJourneyRef>
            <DataFrameRef>2025-09-05</DataFrameRef>
            <DatedVehicleJourneyRef>LEBUS:VehicleJourney:2069:LOC</DatedVehicleJourneyRef>
          </FramedVehicleJourneyRef>
          <JourneyPatternRef>LEBUS:JourneyPattern:5:LOC</JourneyPatternRef>
          <VehicleMode>BUS</VehicleMode>
          <OperatorRef>LEBUS</OperatorRef>
          <OriginRef>LEBUS:StopPoint:BP:CLMFE3:LOC</OriginRef>
          <OriginName xml:lang="FR">CLERMONT - Collège Fernel</OriginName>
          <DestinationRef>LEBUS:StopPoint:BP:BLVGA1:LOC</DestinationRef>
          <DestinationName xml:lang="FR">BREUIL LE VERT - Grand Air</DestinationName>
          <Monitored>true</Monitored>
          <VehicleLocation>
            <Longitude>2.41777955126357</Longitude>
            <Latitude>49.3849686954994</Latitude>
          </VehicleLocation>
          <Bearing>216</Bearing>
          <Delay>PT46S</Delay>
          <VehicleRef>TCA4973</VehicleRef>
          <MonitoredCall>
            <StopPointRef>LEBUS:StopPoint:BP:CLMCO3:LOC</StopPointRef>
            <Order>12</Order>
          </MonitoredCall>
        </MonitoredVehicleJourney>
      </VehicleActivity>
      <VehicleActivity>
        <RecordedAtTime>0001-01-01T00:00:00</RecordedAtTime>
        <ItemIdentifier>638926856191074923</ItemIdentifier>
        <ValidUntilTime>0001-01-01T00:00:00</ValidUntilTime>
        <VehicleMonitoringRef>LEBUS:TCA4974</VehicleMonitoringRef>
        <MonitoredVehicleJourney>
          <LineRef>LEBUS:Line:2:LOC</LineRef>
          <DirectionRef>retour</DirectionRef>
          <FramedVehicleJourneyRef>
            <DataFrameRef>2025-09-05</DataFrameRef>
            <DatedVehicleJourneyRef>LEBUS:VehicleJourney:2076:LOC</DatedVehicleJourneyRef>
          </FramedVehicleJourneyRef>
          <JourneyPatternRef>LEBUS:JourneyPattern:22:LOC</JourneyPatternRef>
          <VehicleMode>BUS</VehicleMode>
          <OperatorRef>LEBUS</OperatorRef>
          <OriginRef>LEBUS:StopPoint:BP:CLMSA3:LOC</OriginRef>
          <OriginName xml:lang="FR">CLERMONT - Les Sables</OriginName>
          <DestinationRef>LEBUS:StopPoint:BP:CLMFE3:LOC</DestinationRef>
          <DestinationName xml:lang="FR">CLERMONT - Collège Fernel</DestinationName>
          <Monitored>true</Monitored>
          <VehicleLocation>
            <Longitude>2.42324659749262</Longitude>
            <Latitude>49.3602844331064</Latitude>
          </VehicleLocation>
          <Bearing>25</Bearing>
          <Delay>PT0S</Delay>
          <VehicleRef>TCA4974</VehicleRef>
          <MonitoredCall>
            <StopPointRef>LEBUS:StopPoint:BP:CLMSA3:LOC</StopPointRef>
            <Order>23</Order>
          </MonitoredCall>
        </MonitoredVehicleJourney>
      </VehicleActivity>
      <VehicleActivity>
        <RecordedAtTime>0001-01-01T00:00:00</RecordedAtTime>
        <ItemIdentifier>638926856191074924</ItemIdentifier>
        <ValidUntilTime>0001-01-01T00:00:00</ValidUntilTime>
        <VehicleMonitoringRef>LEBUS:TCA4973</VehicleMonitoringRef>
        <MonitoredVehicleJourney>
          <LineRef>LEBUS:Line:2:LOC</LineRef>
          <DirectionRef>retour</DirectionRef>
          <FramedVehicleJourneyRef>
            <DataFrameRef>2025-09-05</DataFrameRef>
            <DatedVehicleJourneyRef>LEBUS:VehicleJourney:2062:LOC</DatedVehicleJourneyRef>
          </FramedVehicleJourneyRef>
          <JourneyPatternRef>LEBUS:JourneyPattern:22:LOC</JourneyPatternRef>
          <VehicleMode>BUS</VehicleMode>
          <OperatorRef>LEBUS</OperatorRef>
          <OriginRef>LEBUS:StopPoint:BP:CLMSA3:LOC</OriginRef>
          <OriginName xml:lang="FR">CLERMONT - Les Sables</OriginName>
          <DestinationRef>LEBUS:StopPoint:BP:CLMFE3:LOC</DestinationRef>
          <DestinationName xml:lang="FR">CLERMONT - Collège Fernel</DestinationName>
          <Monitored>true</Monitored>
          <VehicleLocation>
            <Longitude>2.39511018339507</Longitude>
            <Latitude>49.3854596971193</Latitude>
          </VehicleLocation>
          <Bearing>116</Bearing>
          <Delay>PT4M40S</Delay>
          <VehicleRef>TCA4973</VehicleRef>
          <MonitoredCall>
            <StopPointRef>LEBUS:StopPoint:BP:CLMFE3:LOC</StopPointRef>
            <Order>26</Order>
          </MonitoredCall>
        </MonitoredVehicleJourney>
      </VehicleActivity>
    </VehicleMonitoringDelivery>
  </ServiceDelivery>
  <Extensions />
</Siri>