<?xml version="1.0" encoding="UTF-8"?>
<PublicationDelivery xmlns:xsi="http://www.w3.org/2001/XMLSchema-instance"
                     xsi:schemaLocation="http://www.netex.org.uk/netex"
                     xmlns="http://www.netex.org.uk/netex"
                     xmlns:xlink="http://www.w3.org/1999/xlink"
                     xmlns:ifopt="http://www.ifopt.org.uk/ifopt"
                     xmlns:gml="http://www.opengis.net/gml/3.2"
                     xmlns:core="http://www.govtalk.gov.uk/core"
                     xmlns:siri="http://www.siri.org.uk/siri"
                     version="1.10:FR-NETEX-2.2">
   <PublicationTimestamp>2025-08-25T23:51:04+02:00</PublicationTimestamp>
   <ParticipantRef>CEC</ParticipantRef>
   <Description>Offre sur la période du 25/08/2025 au 03/01/2026</Description>
   <dataObjects>
      <CompositeFrame id="FR:CompositeFrame:NETEX_LIGNE-20250825T235104:LOC" version="1.0">
         <Name>L7</Name>
         <FrameDefaults>
            <DefaultLocale>
               <TimeZone>Europe/Paris</TimeZone>
               <DefaultLanguage>fr</DefaultLanguage>
            </DefaultLocale>
            <DefaultLocationSystem>WGS84</DefaultLocationSystem>
            <DefaultSystemOfUnits>SiMetres</DefaultSystemOfUnits>
         </FrameDefaults>
         <frames>
            <ResourceFrame id="FR:ResourceFrame:1" version="any">
               <typesOfValue>
                  <ValueSet id="FR:ValueSet:TypeOfFrame" nameOfClass="TypeOfFrame" version="any">
                     <Name>TypeOfFrame</Name>
                     <values>
                        <TypeOfFrame id="FR:TypeOfFrame:NETEX_RESEAU" version="any">
                           <Name>NETEX_RESEAU</Name>
                        </TypeOfFrame>
                        <TypeOfFrame id="FR:TypeOfFrame:NETEX_HORAIRE" version="any">
                           <Name>NETEX_HORAIRE</Name>
                        </TypeOfFrame>
                     </values>
                  </ValueSet>
               </typesOfValue>
            </ResourceFrame>
            <GeneralFrame id="FR:GeneralFrame:NETEX_RESEAU-20250825T235104:LOC" version="1.0" dataSourceRef="CEC">
               <TypeOfFrameRef ref="FR:TypeOfFrame:NETEX_RESEAU"/>
               <members>
                  <Route id="CEC:Route:FLX7-A:LOC" version="1">
                     <Name>L7 - Aller</Name>
                     <LineRef ref="CEC:Line:FLX7:LOC" versionRef="1"/>
                     <DirectionType>outbound</DirectionType>
                     <DirectionRef ref="CEC:Direction:FLX7-A:LOC" versionRef="1"/>
                  </Route>
                  <Direction id="CEC:Direction:FLX7-A:LOC" version="1">
                     <Name>L7 - Aller</Name>
                     <DirectionType>outbound</DirectionType>
                  </Direction>
                  <ServiceJourneyPattern id="CEC:ServiceJourneyPattern:83:LOC" version="1">
                     <Name>Compertrix Mairie - Compertrix</Name>
                     <PrivateCode>14951639</PrivateCode>
                     <RouteRef ref="CEC:Route:FLX7-A:LOC" versionRef="1"/>
                     <DestinationDisplayRef ref="CEC:DestinationDisplay:83:LOC" versionRef="1"/>
                     <pointsInSequence>
                        <StopPointInJourneyPattern id="CEC:StopPointInJourneyPattern:83x1:LOC" version="any" order="1">
                           <ScheduledStopPointRef ref="CEC:ScheduledStopPoint:648:LOC" versionRef="1"/>
                           <ForAlighting>false</ForAlighting>
                           <ForBoarding>true</ForBoarding>
                           <RequestStop>false</RequestStop>
                        </StopPointInJourneyPattern>
                        <StopPointInJourneyPattern id="CEC:StopPointInJourneyPattern:83x2:LOC" version="any" order="2">
                           <ScheduledStopPointRef ref="CEC:ScheduledStopPoint:649:LOC" versionRef="1"/>
                           <ForAlighting>true</ForAlighting>
                           <ForBoarding>true</ForBoarding>
                           <RequestStop>false</RequestStop>
                        </StopPointInJourneyPattern>
                        <StopPointInJourneyPattern id="CEC:StopPointInJourneyPattern:83x3:LOC" version="any" order="3">
                           <ScheduledStopPointRef ref="CEC:ScheduledStopPoint:650:LOC" versionRef="1"/>
                           <ForAlighting>true</ForAlighting>
                           <ForBoarding>false</ForBoarding>
                           <RequestStop>false</RequestStop>
                        </StopPointInJourneyPattern>
                     </pointsInSequence>
                     <ServiceJourneyPatternType>passenger</ServiceJourneyPatternType>
                  </ServiceJourneyPattern>
                  <DestinationDisplay id="CEC:DestinationDisplay:83:LOC" version="1">
                     <FrontText>Compertrix Mairie</FrontText>
                  </DestinationDisplay>
                  <ScheduledStopPoint id="CEC:ScheduledStopPoint:648:LOC" version="1">
                     <Name>(8) Tissier - Léon Bourgeois</Name>
                     <Location id="CEC:Location:d3f892f7b03944b4ae080e1e6e4d29ea:LOC">
                        <Longitude>4.3643499</Longitude>
                        <Latitude>48.9579068</Latitude>
                        <gml:pos srsName="EPSG:27572">748578.950547322 2441883.5124234</gml:pos>
                     </Location>
                  </ScheduledStopPoint>
                  <ScheduledStopPoint id="CEC:ScheduledStopPoint:649:LOC" version="1">
                     <Name>Beaux-Regards</Name>
                     <Location id="CEC:Location:b8c080e56a8c496ca10ca11661f1d0d5:LOC">
                        <Longitude>4.314086</Longitude>
                        <Latitude>48.967043</Latitude>
                        <gml:pos srsName="EPSG:27572">744871.367164208 2442806.02799742</gml:pos>
                     </Location>
                  </ScheduledStopPoint>
                  <ScheduledStopPoint id="CEC:ScheduledStopPoint:650:LOC" version="1">
                     <Name>Compertrix Mairie</Name>
                     <Location id="CEC:Location:8a4dad55ecd44e44b0ae5c5e81683916:LOC">
                        <Longitude>4.3500228</Longitude>
                        <Latitude>48.9399739</Latitude>
                        <gml:pos srsName="EPSG:27572">747580.538942714 2439861.70726218</gml:pos>
                     </Location>
                  </ScheduledStopPoint>
                  <PassengerStopAssignment id="CEC:PassengerStopAssignment:648:LOC" version="1" order="0">
                     <ScheduledStopPointRef ref="CEC:ScheduledStopPoint:648:LOC" versionRef="1"/>
                     <StopPlaceRef ref="FR:51108:StopPlace:genAUTO$995424192:CEC" versionRef="1"/>
                     <QuayRef ref="FR:51108:Quay:(8)tiss:CEC" versionRef="1"/>
                  </PassengerStopAssignment>
                  <PassengerStopAssignment id="CEC:PassengerStopAssignment:649:LOC" version="1" order="0">
                     <ScheduledStopPointRef ref="CEC:ScheduledStopPoint:649:LOC" versionRef="1"/>
                     <StopPlaceRef ref="FR:51242:StopPlace:genAUTO$1124943507:CEC" versionRef="1"/>
                     <QuayRef ref="FR:51242:Quay:beare0:CEC" versionRef="1"/>
                  </PassengerStopAssignment>
                  <PassengerStopAssignment id="CEC:PassengerStopAssignment:650:LOC" version="1" order="0">
                     <ScheduledStopPointRef ref="CEC:ScheduledStopPoint:650:LOC" versionRef="1"/>
                     <StopPlaceRef ref="FR:51160:StopPlace:genAUTO$453731357:CEC" versionRef="1"/>
                     <QuayRef ref="FR:51160:Quay:comma0:CEC" versionRef="1"/>
                  </PassengerStopAssignment>
               </members>
            </GeneralFrame>
            <GeneralFrame id="FR:GeneralFrame:NETEX_HORAIRE-20250825T235104:LOC" version="1.0" dataSourceRef="CEC">
               <TypeOfFrameRef ref="FR:TypeOfFrame:NETEX_HORAIRE"/>
               <members>
                  <ServiceJourney id="CEC:ServiceJourney:1106114:LOC" version="1">
                     <TransportMode>bus</TransportMode>
                     <dayTypes>
                        <DayTypeRef ref="CEC:Timetable:DayType:3131:LOC" versionRef="1"/>
                     </dayTypes>
                     <JourneyPatternRef ref="CEC:ServiceJourneyPattern:83:LOC" versionRef="1"/>
                     <passingTimes>
                        <TimetabledPassingTime version="any">
                           <ArrivalTime>19:45:00</ArrivalTime>
                           <ArrivalDayOffset>0</ArrivalDayOffset>
                           <DepartureTime>19:45:00</DepartureTime>
                           <DepartureDayOffset>0</DepartureDayOffset>
                        </TimetabledPassingTime>
                        <TimetabledPassingTime version="any">
                           <ArrivalTime>20:00:00</ArrivalTime>
                           <ArrivalDayOffset>0</ArrivalDayOffset>
                           <DepartureTime>20:00:00</DepartureTime>
                           <DepartureDayOffset>0</DepartureDayOffset>
                        </TimetabledPassingTime>
                        <TimetabledPassingTime version="any">
                           <ArrivalTime>20:15:00</ArrivalTime>
                           <ArrivalDayOffset>0</ArrivalDayOffset>
                           <DepartureTime>20:15:00</DepartureTime>
                           <DepartureDayOffset>0</DepartureDayOffset>
                        </TimetabledPassingTime>
                     </passingTimes>
                  </ServiceJourney>
                  <ServiceJourney id="CEC:ServiceJourney:1140183:LOC" version="1">
                     <TransportMode>bus</TransportMode>
                     <dayTypes>
                        <DayTypeRef ref="CEC:Timetable:DayType:1931:LOC" versionRef="1"/>
                     </dayTypes>
                     <JourneyPatternRef ref="CEC:ServiceJourneyPattern:83:LOC" versionRef="1"/>
                     <passingTimes>
                        <TimetabledPassingTime version="any">
                           <ArrivalTime>19:45:00</ArrivalTime>
                           <ArrivalDayOffset>0</ArrivalDayOffset>
                           <DepartureTime>19:45:00</DepartureTime>
                           <DepartureDayOffset>0</DepartureDayOffset>
                        </TimetabledPassingTime>
                        <TimetabledPassingTime version="any">
                           <ArrivalTime>20:00:00</ArrivalTime>
                           <ArrivalDayOffset>0</ArrivalDayOffset>
                           <DepartureTime>20:00:00</DepartureTime>
                           <DepartureDayOffset>0</DepartureDayOffset>
                        </TimetabledPassingTime>
                        <TimetabledPassingTime version="any">
                           <ArrivalTime>20:15:00</ArrivalTime>
                           <ArrivalDayOffset>0</ArrivalDayOffset>
                           <DepartureTime>20:15:00</DepartureTime>
                           <DepartureDayOffset>0</DepartureDayOffset>
                        </TimetabledPassingTime>
                     </passingTimes>
                  </ServiceJourney>
                  <ServiceJourney id="CEC:ServiceJourney:1141304:LOC" version="1">
                     <TransportMode>bus</TransportMode>
                     <dayTypes>
                        <DayTypeRef ref="CEC:Timetable:DayType:3032:LOC" versionRef="1"/>
                     </dayTypes>
                     <JourneyPatternRef ref="CEC:ServiceJourneyPattern:83:LOC" versionRef="1"/>
                     <passingTimes>
                        <TimetabledPassingTime version="any">
                           <ArrivalTime>19:45:00</ArrivalTime>
                           <ArrivalDayOffset>0</ArrivalDayOffset>
                           <DepartureTime>19:45:00</DepartureTime>
                           <DepartureDayOffset>0</DepartureDayOffset>
                        </TimetabledPassingTime>
                        <TimetabledPassingTime version="any">
                           <ArrivalTime>20:00:00</ArrivalTime>
                           <ArrivalDayOffset>0</ArrivalDayOffset>
                           <DepartureTime>20:00:00</DepartureTime>
                           <DepartureDayOffset>0</DepartureDayOffset>
                        </TimetabledPassingTime>
                        <TimetabledPassingTime version="any">
                           <ArrivalTime>20:15:00</ArrivalTime>
                           <ArrivalDayOffset>0</ArrivalDayOffset>
                           <DepartureTime>20:15:00</DepartureTime>
                           <DepartureDayOffset>0</DepartureDayOffset>
                        </TimetabledPassingTime>
                     </passingTimes>
                  </ServiceJourney>
                  <ServiceJourney id="CEC:ServiceJourney:1204753:LOC" version="1">
                     <TransportMode>bus</TransportMode>
                     <dayTypes>
                        <DayTypeRef ref="CEC:Timetable:DayType:463:LOC" versionRef="1"/>
                     </dayTypes>
                     <JourneyPatternRef ref="CEC:ServiceJourneyPattern:83:LOC" versionRef="1"/>
                     <passingTimes>
                        <TimetabledPassingTime version="any">
                           <ArrivalTime>19:45:00</ArrivalTime>
                           <ArrivalDayOffset>0</ArrivalDayOffset>
                           <DepartureTime>19:45:00</DepartureTime>
                           <DepartureDayOffset>0</DepartureDayOffset>
                        </TimetabledPassingTime>
                        <TimetabledPassingTime version="any">
                           <ArrivalTime>20:00:00</ArrivalTime>
                           <ArrivalDayOffset>0</ArrivalDayOffset>
                           <DepartureTime>20:00:00</DepartureTime>
                           <DepartureDayOffset>0</DepartureDayOffset>
                        </TimetabledPassingTime>
                        <TimetabledPassingTime version="any">
                           <ArrivalTime>20:15:00</ArrivalTime>
                           <ArrivalDayOffset>0</ArrivalDayOffset>
                           <DepartureTime>20:15:00</DepartureTime>
                           <DepartureDayOffset>0</DepartureDayOffset>
                        </TimetabledPassingTime>
                     </passingTimes>
                  </ServiceJourney>
               </members>
            </GeneralFrame>
         </frames>
      </CompositeFrame>
   </dataObjects>
</PublicationDelivery>
