<?xml version="1.0" encoding="UTF-8"?>
<PublicationDelivery xmlns:xsi="http://www.w3.org/2001/XMLSchema-instance"
                     xsi:schemaLocation="http://www.netex.org.uk/netex"
                     xmlns="http://www.netex.org.uk/netex"
                     xmlns:xlink="http://www.w3.org/1999/xlink"
                     xmlns:ifopt="http://www.ifopt.org.uk/ifopt"
                     xmlns:gml="http://www.opengis.net/gml/3.2"
                     xmlns:core="http://www.govtalk.gov.uk/core"
                     xmlns:siri="http://www.siri.org.uk/siri"
                     version="1.10:FR-NETEX-2.2">
   <PublicationTimestamp>2025-08-25T23:51:04+02:00</PublicationTimestamp>
   <ParticipantRef>CEC</ParticipantRef>
   <Description>Offre sur la période du 25/08/2025 au 03/01/2026</Description>
   <dataObjects>
      <CompositeFrame id="FR:CompositeFrame:NETEX_LIGNE-20250825T235104:LOC" version="1.0">
         <Name>CIM</Name>
         <FrameDefaults>
            <DefaultLocale>
               <TimeZone>Europe/Paris</TimeZone>
               <DefaultLanguage>fr</DefaultLanguage>
            </DefaultLocale>
            <DefaultLocationSystem>WGS84</DefaultLocationSystem>
            <DefaultSystemOfUnits>SiMetres</DefaultSystemOfUnits>
         </FrameDefaults>
         <frames>
            <ResourceFrame id="FR:ResourceFrame:1" version="any">
               <typesOfValue>
                  <ValueSet id="FR:ValueSet:TypeOfFrame" nameOfClass="TypeOfFrame" version="any">
                     <Name>TypeOfFrame</Name>
                     <values>
                        <TypeOfFrame id="FR:TypeOfFrame:NETEX_RESEAU" version="any">
                           <Name>NETEX_RESEAU</Name>
                        </TypeOfFrame>
                        <TypeOfFrame id="FR:TypeOfFrame:NETEX_HORAIRE" version="any">
                           <Name>NETEX_HORAIRE</Name>
                        </TypeOfFrame>
                     </values>
                  </ValueSet>
               </typesOfValue>
            </ResourceFrame>
            <GeneralFrame id="FR:GeneralFrame:NETEX_RESEAU-20250825T235104:LOC" version="1.0" dataSourceRef="CEC">
               <TypeOfFrameRef ref="FR:TypeOfFrame:NETEX_RESEAU"/>
               <members>
                  <Route id="CEC:Route:SP-A:LOC" version="1">
                     <Name>CIM - Aller</Name>
                     <LineRef ref="CEC:Line:SP:LOC" versionRef="1"/>
                     <DirectionType>outbound</DirectionType>
                     <DirectionRef ref="CEC:Direction:SP-A:LOC" versionRef="1"/>
                     <InverseRouteRef ref="CEC:Route:SP-R:LOC" versionRef="1"/>
                  </Route>
                  <Direction id="CEC:Direction:SP-A:LOC" version="1">
                     <Name>CIM - Aller</Name>
                     <DirectionType>outbound</DirectionType>
                  </Direction>
                  <Route id="CEC:Route:SP-R:LOC" version="1">
                     <Name>CIM - Retour</Name>
                     <LineRef ref="CEC:Line:SP:LOC" versionRef="1"/>
                     <DirectionType>inbound</DirectionType>
                     <DirectionRef ref="CEC:Direction:SP-R:LOC" versionRef="1"/>
                     <InverseRouteRef ref="CEC:Route:SP-A:LOC" versionRef="1"/>
                  </Route>
                  <Direction id="CEC:Direction:SP-R:LOC" version="1">
                     <Name>CIM - Retour</Name>
                     <DirectionType>inbound</DirectionType>
                  </Direction>
                  <ServiceJourneyPattern id="CEC:ServiceJourneyPattern:115:LOC" version="1">
                     <Name>Cimetière du Sud - Châlons-en-Champagne</Name>
                     <PrivateCode>14951756</PrivateCode>
                     <RouteRef ref="CEC:Route:SP-A:LOC" versionRef="1"/>
                     <DestinationDisplayRef ref="CEC:DestinationDisplay:115:LOC" versionRef="1"/>
                     <pointsInSequence>
                        <StopPointInJourneyPattern id="CEC:StopPointInJourneyPattern:115x1:LOC" version="any" order="1">
                           <ScheduledStopPointRef ref="CEC:ScheduledStopPoint:505:LOC" versionRef="1"/>
                           <ForAlighting>false</ForAlighting>
                           <ForBoarding>true</ForBoarding>
                           <RequestStop>false</RequestStop>
                        </StopPointInJourneyPattern>
                        <StopPointInJourneyPattern id="CEC:StopPointInJourneyPattern:115x2:LOC" version="any" order="2">
                           <ScheduledStopPointRef ref="CEC:ScheduledStopPoint:506:LOC" versionRef="1"/>
                           <ForAlighting>true</ForAlighting>
                           <ForBoarding>true</ForBoarding>
                           <RequestStop>false</RequestStop>
                        </StopPointInJourneyPattern>
                        <StopPointInJourneyPattern id="CEC:StopPointInJourneyPattern:115x3:LOC" version="any" order="3">
                           <ScheduledStopPointRef ref="CEC:ScheduledStopPoint:507:LOC" versionRef="1"/>
                           <ForAlighting>true</ForAlighting>
                           <ForBoarding>true</ForBoarding>
                           <RequestStop>false</RequestStop>
                        </StopPointInJourneyPattern>
                        <StopPointInJourneyPattern id="CEC:StopPointInJourneyPattern:115x4:LOC" version="any" order="4">
                           <ScheduledStopPointRef ref="CEC:ScheduledStopPoint:508:LOC" versionRef="1"/>
                           <ForAlighting>true</ForAlighting>
                           <ForBoarding>true</ForBoarding>
                           <RequestStop>false</RequestStop>
                        </StopPointInJourneyPattern>
                        <StopPointInJourneyPattern id="CEC:StopPointInJourneyPattern:115x5:LOC" version="any" order="5">
                           <ScheduledStopPointRef ref="CEC:ScheduledStopPoint:509:LOC" versionRef="1"/>
                           <ForAlighting>true</ForAlighting>
                           <ForBoarding>false</ForBoarding>
                           <RequestStop>false</RequestStop>
                        </StopPointInJourneyPattern>
                     </pointsInSequence>
                     <ServiceJourneyPatternType>passenger</ServiceJourneyPatternType>
                  </ServiceJourneyPattern>
                  <ServiceJourneyPattern id="CEC:ServiceJourneyPattern:265:LOC" version="1">
                     <Name>H. Dunant - Châlons-en-Champagne</Name>
                     <PrivateCode>14951757</PrivateCode>
                     <RouteRef ref="CEC:Route:SP-R:LOC" versionRef="1"/>
                     <DestinationDisplayRef ref="CEC:DestinationDisplay:265:LOC" versionRef="1"/>
                     <pointsInSequence>
                        <StopPointInJourneyPattern id="CEC:StopPointInJourneyPattern:265x1:LOC" version="any" order="1">
                           <ScheduledStopPointRef ref="CEC:ScheduledStopPoint:510:LOC" versionRef="1"/>
                           <ForAlighting>false</ForAlighting>
                           <ForBoarding>true</ForBoarding>
                           <RequestStop>false</RequestStop>
                        </StopPointInJourneyPattern>
                        <StopPointInJourneyPattern id="CEC:StopPointInJourneyPattern:265x2:LOC" version="any" order="2">
                           <ScheduledStopPointRef ref="CEC:ScheduledStopPoint:511:LOC" versionRef="1"/>
                           <ForAlighting>true</ForAlighting>
                           <ForBoarding>true</ForBoarding>
                           <RequestStop>false</RequestStop>
                        </StopPointInJourneyPattern>
                        <StopPointInJourneyPattern id="CEC:StopPointInJourneyPattern:265x3:LOC" version="any" order="3">
                           <ScheduledStopPointRef ref="CEC:ScheduledStopPoint:512:LOC" versionRef="1"/>
                           <ForAlighting>true</ForAlighting>
                           <ForBoarding>true</ForBoarding>
                           <RequestStop>false</RequestStop>
                        </StopPointInJourneyPattern>
                        <StopPointInJourneyPattern id="CEC:StopPointInJourneyPattern:265x4:LOC" version="any" order="4">
                           <ScheduledStopPointRef ref="CEC:ScheduledStopPoint:513:LOC" versionRef="1"/>
                           <ForAlighting>true</ForAlighting>
                           <ForBoarding>true</ForBoarding>
                           <RequestStop>false</RequestStop>
                        </StopPointInJourneyPattern>
                        <StopPointInJourneyPattern id="CEC:StopPointInJourneyPattern:265x5:LOC" version="any" order="5">
                           <ScheduledStopPointRef ref="CEC:ScheduledStopPoint:514:LOC" versionRef="1"/>
                           <ForAlighting>true</ForAlighting>
                           <ForBoarding>false</ForBoarding>
                           <RequestStop>false</RequestStop>
                        </StopPointInJourneyPattern>
                     </pointsInSequence>
                     <ServiceJourneyPatternType>passenger</ServiceJourneyPatternType>
                  </ServiceJourneyPattern>
                  <DestinationDisplay id="CEC:DestinationDisplay:115:LOC" version="1">
                     <FrontText>Cimetière du Sud</FrontText>
                  </DestinationDisplay>
                  <DestinationDisplay id="CEC:DestinationDisplay:265:LOC" version="1">
                     <FrontText>H. Dunant</FrontText>
                  </DestinationDisplay>
                  <ScheduledStopPoint id="CEC:ScheduledStopPoint:505:LOC" version="1">
                     <Name>H. Dunant</Name>
                     <Location id="CEC:Location:120465a8b42b455183a6bd74ed506f28:LOC">
                        <Longitude>4.3452035</Longitude>
                        <Latitude>48.9490606</Latitude>
                        <gml:pos srsName="EPSG:27572">747201.557848075 2440863.46046491</gml:pos>
                     </Location>
                  </ScheduledStopPoint>
                  <ScheduledStopPoint id="CEC:ScheduledStopPoint:506:LOC" version="1">
                     <Name>(11) Tissier - Prieur de la Marne</Name>
                     <Location id="CEC:Location:f337cf82466f4dd5af624e4480f0212f:LOC">
                        <Longitude>4.3647299</Longitude>
                        <Latitude>48.9567891</Latitude>
                        <gml:pos srsName="EPSG:27572">748609.994615154 2441759.89909579</gml:pos>
                     </Location>
                  </ScheduledStopPoint>
                  <ScheduledStopPoint id="CEC:ScheduledStopPoint:507:LOC" version="1">
                     <Name>Résidence Bichat</Name>
                     <Location id="CEC:Location:b8218d09f5b2412880013b87f435caf4:LOC">
                        <Longitude>4.3737388</Longitude>
                        <Latitude>48.9519559</Latitude>
                        <gml:pos srsName="EPSG:27572">749283.870908162 2441239.32840718</gml:pos>
                     </Location>
                  </ScheduledStopPoint>
                  <ScheduledStopPoint id="CEC:ScheduledStopPoint:508:LOC" version="1">
                     <Name>Président Roosevelt</Name>
                     <Location id="CEC:Location:d106e8c30731492db89856332c3c1ce6:LOC">
                        <Longitude>4.3860279</Longitude>
                        <Latitude>48.9443303</Latitude>
                        <gml:pos srsName="EPSG:27572">750206.300227394 2440414.48212162</gml:pos>
                     </Location>
                  </ScheduledStopPoint>
                  <ScheduledStopPoint id="CEC:ScheduledStopPoint:509:LOC" version="1">
                     <Name>Cimetière du Sud</Name>
                     <Location id="CEC:Location:2156b0ee61174a5d97766893566ce643:LOC">
                        <Longitude>4.4046403</Longitude>
                        <Latitude>48.9387876</Latitude>
                        <gml:pos srsName="EPSG:27572">751586.280685577 2439833.65379241</gml:pos>
                     </Location>
                  </ScheduledStopPoint>
                  <ScheduledStopPoint id="CEC:ScheduledStopPoint:510:LOC" version="1">
                     <Name>Cimetière du Sud</Name>
                     <Location id="CEC:Location:54fbec66d7644928a6b5a19ff9dada04:LOC">
                        <Longitude>4.4046403</Longitude>
                        <Latitude>48.9387876</Latitude>
                        <gml:pos srsName="EPSG:27572">751586.280685577 2439833.65379241</gml:pos>
                     </Location>
                  </ScheduledStopPoint>
                  <ScheduledStopPoint id="CEC:ScheduledStopPoint:511:LOC" version="1">
                     <Name>Président Roosevelt</Name>
                     <Location id="CEC:Location:2ad45c0a49cb448ebf4e0a267142618e:LOC">
                        <Longitude>4.3858209</Longitude>
                        <Latitude>48.9445058</Latitude>
                        <gml:pos srsName="EPSG:27572">750190.624034144 2440433.60873524</gml:pos>
                     </Location>
                  </ScheduledStopPoint>
                  <ScheduledStopPoint id="CEC:ScheduledStopPoint:512:LOC" version="1">
                     <Name>Résidence Bichat</Name>
                     <Location id="CEC:Location:e92a7007a2ab47b7a79ee1a37a11ddbc:LOC">
                        <Longitude>4.3737388</Longitude>
                        <Latitude>48.9519559</Latitude>
                        <gml:pos srsName="EPSG:27572">749283.870908162 2441239.32840718</gml:pos>
                     </Location>
                  </ScheduledStopPoint>
                  <ScheduledStopPoint id="CEC:ScheduledStopPoint:513:LOC" version="1">
                     <Name>(11) Tissier - Prieur de la Marne</Name>
                     <Location id="CEC:Location:3ed1647c912b40acb749f803091f7d56:LOC">
                        <Longitude>4.3647299</Longitude>
                        <Latitude>48.9567891</Latitude>
                        <gml:pos srsName="EPSG:27572">748609.994615154 2441759.89909579</gml:pos>
                     </Location>
                  </ScheduledStopPoint>
                  <ScheduledStopPoint id="CEC:ScheduledStopPoint:514:LOC" version="1">
                     <Name>H. Dunant</Name>
                     <Location id="CEC:Location:30c5721b575f4afb8d276f0650a39803:LOC">
                        <Longitude>4.3452035</Longitude>
                        <Latitude>48.9490606</Latitude>
                        <gml:pos srsName="EPSG:27572">747201.557848075 2440863.46046491</gml:pos>
                     </Location>
                  </ScheduledStopPoint>
                  <PassengerStopAssignment id="CEC:PassengerStopAssignment:505:LOC" version="1" order="0">
                     <ScheduledStopPointRef ref="CEC:ScheduledStopPoint:505:LOC" versionRef="1"/>
                     <StopPlaceRef ref="FR:51108:StopPlace:genAUTO$466699121:CEC" versionRef="1"/>
                     <QuayRef ref="FR:51108:Quay:hduna1:CEC" versionRef="1"/>
                  </PassengerStopAssignment>
                  <PassengerStopAssignment id="CEC:PassengerStopAssignment:506:LOC" version="1" order="0">
                     <ScheduledStopPointRef ref="CEC:ScheduledStopPoint:506:LOC" versionRef="1"/>
                     <StopPlaceRef ref="FR:51108:StopPlace:genAUTO$1351388830:CEC" versionRef="1"/>
                     <QuayRef ref="FR:51108:Quay:(11)tiss:CEC" versionRef="1"/>
                  </PassengerStopAssignment>
                  <PassengerStopAssignment id="CEC:PassengerStopAssignment:507:LOC" version="1" order="0">
                     <ScheduledStopPointRef ref="CEC:ScheduledStopPoint:507:LOC" versionRef="1"/>
                     <StopPlaceRef ref="FR:51108:StopPlace:genAUTO$756981549:CEC" versionRef="1"/>
                     <QuayRef ref="FR:51108:Quay:resib2:CEC" versionRef="1"/>
                  </PassengerStopAssignment>
                  <PassengerStopAssignment id="CEC:PassengerStopAssignment:508:LOC" version="1" order="0">
                     <ScheduledStopPointRef ref="CEC:ScheduledStopPoint:508:LOC" versionRef="1"/>
                     <StopPlaceRef ref="FR:51108:StopPlace:genAUTO$43203981:CEC" versionRef="1"/>
                     <QuayRef ref="FR:51108:Quay:pdtro2:CEC" versionRef="1"/>
                  </PassengerStopAssignment>
                  <PassengerStopAssignment id="CEC:PassengerStopAssignment:509:LOC" version="1" order="0">
                     <ScheduledStopPointRef ref="CEC:ScheduledStopPoint:509:LOC" versionRef="1"/>
                     <StopPlaceRef ref="FR:51108:StopPlace:genAUTO$291590908:CEC" versionRef="1"/>
                     <QuayRef ref="FR:51108:Quay:cimet0:CEC" versionRef="1"/>
                  </PassengerStopAssignment>
                  <PassengerStopAssignment id="CEC:PassengerStopAssignment:510:LOC" version="1" order="0">
                     <ScheduledStopPointRef ref="CEC:ScheduledStopPoint:510:LOC" versionRef="1"/>
                     <StopPlaceRef ref="FR:51108:StopPlace:genAUTO$291590908:CEC" versionRef="1"/>
                     <QuayRef ref="FR:51108:Quay:cimet0:CEC" versionRef="1"/>
                  </PassengerStopAssignment>
                  <PassengerStopAssignment id="CEC:PassengerStopAssignment:511:LOC" version="1" order="0">
                     <ScheduledStopPointRef ref="CEC:ScheduledStopPoint:511:LOC" versionRef="1"/>
                     <StopPlaceRef ref="FR:51506:StopPlace:genAUTO$1609287922:CEC" versionRef="1"/>
                     <QuayRef ref="FR:51506:Quay:pdtro3:CEC" versionRef="1"/>
                  </PassengerStopAssignment>
                  <PassengerStopAssignment id="CEC:PassengerStopAssignment:512:LOC" version="1" order="0">
                     <ScheduledStopPointRef ref="CEC:ScheduledStopPoint:512:LOC" versionRef="1"/>
                     <StopPlaceRef ref="FR:51108:StopPlace:genAUTO$756981549:CEC" versionRef="1"/>
                     <QuayRef ref="FR:51108:Quay:resib2:CEC" versionRef="1"/>
                  </PassengerStopAssignment>
                  <PassengerStopAssignment id="CEC:PassengerStopAssignment:513:LOC" version="1" order="0">
                     <ScheduledStopPointRef ref="CEC:ScheduledStopPoint:513:LOC" versionRef="1"/>
                     <StopPlaceRef ref="FR:51108:StopPlace:genAUTO$1351388830:CEC" versionRef="1"/>
                     <QuayRef ref="FR:51108:Quay:(11)tiss:CEC" versionRef="1"/>
                  </PassengerStopAssignment>
                  <PassengerStopAssignment id="CEC:PassengerStopAssignment:514:LOC" version="1" order="0">
                     <ScheduledStopPointRef ref="CEC:ScheduledStopPoint:514:LOC" versionRef="1"/>
                     <StopPlaceRef ref="FR:51108:StopPlace:genAUTO$466699121:CEC" versionRef="1"/>
                     <QuayRef ref="FR:51108:Quay:hduna1:CEC" versionRef="1"/>
                  </PassengerStopAssignment>
               </members>
            </GeneralFrame>
            <GeneralFrame id="FR:GeneralFrame:NETEX_HORAIRE-20250825T235104:LOC" version="1.0" dataSourceRef="CEC">
               <TypeOfFrameRef ref="FR:TypeOfFrame:NETEX_HORAIRE"/>
               <members>
                  <ServiceJourney id="CEC:ServiceJourney:1106659:LOC" version="1">
                     <TransportMode>bus</TransportMode>
                     <dayTypes>
                        <DayTypeRef ref="CEC:Timetable:DayType:334:LOC" versionRef="1"/>
                     </dayTypes>
                     <JourneyPatternRef ref="CEC:ServiceJourneyPattern:115:LOC" versionRef="1"/>
                     <passingTimes>
                        <TimetabledPassingTime version="any">
                           <ArrivalTime>14:35:00</ArrivalTime>
                           <ArrivalDayOffset>0</ArrivalDayOffset>
                           <DepartureTime>14:35:00</DepartureTime>
                           <DepartureDayOffset>0</DepartureDayOffset>
                        </TimetabledPassingTime>
                        <TimetabledPassingTime version="any">
                           <ArrivalTime>14:43:00</ArrivalTime>
                           <ArrivalDayOffset>0</ArrivalDayOffset>
                           <DepartureTime>14:43:00</DepartureTime>
                           <DepartureDayOffset>0</DepartureDayOffset>
                        </TimetabledPassingTime>
                        <TimetabledPassingTime version="any">
                           <ArrivalTime>14:50:00</ArrivalTime>
                           <ArrivalDayOffset>0</ArrivalDayOffset>
                           <DepartureTime>14:50:00</DepartureTime>
                           <DepartureDayOffset>0</DepartureDayOffset>
                        </TimetabledPassingTime>
                        <TimetabledPassingTime version="any">
                           <ArrivalTime>14:55:00</ArrivalTime>
                           <ArrivalDayOffset>0</ArrivalDayOffset>
                           <DepartureTime>14:55:00</DepartureTime>
                           <DepartureDayOffset>0</DepartureDayOffset>
                        </TimetabledPassingTime>
                        <TimetabledPassingTime version="any">
                           <ArrivalTime>15:05:00</ArrivalTime>
                           <ArrivalDayOffset>0</ArrivalDayOffset>
                           <DepartureTime>15:05:00</DepartureTime>
                           <DepartureDayOffset>0</DepartureDayOffset>
                        </TimetabledPassingTime>
                     </passingTimes>
                  </ServiceJourney>
                  <ServiceJourney id="CEC:ServiceJourney:1106658:LOC" version="1">
                     <TransportMode>bus</TransportMode>
                     <dayTypes>
                        <DayTypeRef ref="CEC:Timetable:DayType:334:LOC" versionRef="1"/>
                     </dayTypes>
                     <JourneyPatternRef ref="CEC:ServiceJourneyPattern:265:LOC" versionRef="1"/>
                     <passingTimes>
                        <TimetabledPassingTime version="any">
                           <ArrivalTime>15:50:00</ArrivalTime>
                           <ArrivalDayOffset>0</ArrivalDayOffset>
                           <DepartureTime>15:50:00</DepartureTime>
                           <DepartureDayOffset>0</DepartureDayOffset>
                        </TimetabledPassingTime>
                        <TimetabledPassingTime version="any">
                           <ArrivalTime>16:00:00</ArrivalTime>
                           <ArrivalDayOffset>0</ArrivalDayOffset>
                           <DepartureTime>16:00:00</DepartureTime>
                           <DepartureDayOffset>0</DepartureDayOffset>
                        </TimetabledPassingTime>
                        <TimetabledPassingTime version="any">
                           <ArrivalTime>16:05:00</ArrivalTime>
                           <ArrivalDayOffset>0</ArrivalDayOffset>
                           <DepartureTime>16:05:00</DepartureTime>
                           <DepartureDayOffset>0</DepartureDayOffset>
                        </TimetabledPassingTime>
                        <TimetabledPassingTime version="any">
                           <ArrivalTime>16:13:00</ArrivalTime>
                           <ArrivalDayOffset>0</ArrivalDayOffset>
                           <DepartureTime>16:13:00</DepartureTime>
                           <DepartureDayOffset>0</DepartureDayOffset>
                        </TimetabledPassingTime>
                        <TimetabledPassingTime version="any">
                           <ArrivalTime>16:20:00</ArrivalTime>
                           <ArrivalDayOffset>0</ArrivalDayOffset>
                           <DepartureTime>16:20:00</DepartureTime>
                           <DepartureDayOffset>0</DepartureDayOffset>
                        </TimetabledPassingTime>
                     </passingTimes>
                  </ServiceJourney>
                  <ServiceJourney id="CEC:ServiceJourney:1141040:LOC" version="1">
                     <TransportMode>bus</TransportMode>
                     <dayTypes>
                        <DayTypeRef ref="CEC:Timetable:DayType:94:LOC" versionRef="1"/>
                     </dayTypes>
                     <JourneyPatternRef ref="CEC:ServiceJourneyPattern:115:LOC" versionRef="1"/>
                     <passingTimes>
                        <TimetabledPassingTime version="any">
                           <ArrivalTime>14:35:00</ArrivalTime>
                           <ArrivalDayOffset>0</ArrivalDayOffset>
                           <DepartureTime>14:35:00</DepartureTime>
                           <DepartureDayOffset>0</DepartureDayOffset>
                        </TimetabledPassingTime>
                        <TimetabledPassingTime version="any">
                           <ArrivalTime>14:43:00</ArrivalTime>
                           <ArrivalDayOffset>0</ArrivalDayOffset>
                           <DepartureTime>14:43:00</DepartureTime>
                           <DepartureDayOffset>0</DepartureDayOffset>
                        </TimetabledPassingTime>
                        <TimetabledPassingTime version="any">
                           <ArrivalTime>14:50:00</ArrivalTime>
                           <ArrivalDayOffset>0</ArrivalDayOffset>
                           <DepartureTime>14:50:00</DepartureTime>
                           <DepartureDayOffset>0</DepartureDayOffset>
                        </TimetabledPassingTime>
                        <TimetabledPassingTime version="any">
                           <ArrivalTime>14:55:00</ArrivalTime>
                           <ArrivalDayOffset>0</ArrivalDayOffset>
                           <DepartureTime>14:55:00</DepartureTime>
                           <DepartureDayOffset>0</DepartureDayOffset>
                        </TimetabledPassingTime>
                        <TimetabledPassingTime version="any">
                           <ArrivalTime>15:05:00</ArrivalTime>
                           <ArrivalDayOffset>0</ArrivalDayOffset>
                           <DepartureTime>15:05:00</DepartureTime>
                           <DepartureDayOffset>0</DepartureDayOffset>
                        </TimetabledPassingTime>
                     </passingTimes>
                  </ServiceJourney>
                  <ServiceJourney id="CEC:ServiceJourney:1141039:LOC" version="1">
                     <TransportMode>bus</TransportMode>
                     <dayTypes>
                        <DayTypeRef ref="CEC:Timetable:DayType:94:LOC" versionRef="1"/>
                     </dayTypes>
                     <JourneyPatternRef ref="CEC:ServiceJourneyPattern:265:LOC" versionRef="1"/>
                     <passingTimes>
                        <TimetabledPassingTime version="any">
                           <ArrivalTime>15:50:00</ArrivalTime>
                           <ArrivalDayOffset>0</ArrivalDayOffset>
                           <DepartureTime>15:50:00</DepartureTime>
                           <DepartureDayOffset>0</DepartureDayOffset>
                        </TimetabledPassingTime>
                        <TimetabledPassingTime version="any">
                           <ArrivalTime>16:00:00</ArrivalTime>
                           <ArrivalDayOffset>0</ArrivalDayOffset>
                           <DepartureTime>16:00:00</DepartureTime>
                           <DepartureDayOffset>0</DepartureDayOffset>
                        </TimetabledPassingTime>
                        <TimetabledPassingTime version="any">
                           <ArrivalTime>16:05:00</ArrivalTime>
                           <ArrivalDayOffset>0</ArrivalDayOffset>
                           <DepartureTime>16:05:00</DepartureTime>
                           <DepartureDayOffset>0</DepartureDayOffset>
                        </TimetabledPassingTime>
                        <TimetabledPassingTime version="any">
                           <ArrivalTime>16:13:00</ArrivalTime>
                           <ArrivalDayOffset>0</ArrivalDayOffset>
                           <DepartureTime>16:13:00</DepartureTime>
                           <DepartureDayOffset>0</DepartureDayOffset>
                        </TimetabledPassingTime>
                        <TimetabledPassingTime version="any">
                           <ArrivalTime>16:20:00</ArrivalTime>
                           <ArrivalDayOffset>0</ArrivalDayOffset>
                           <DepartureTime>16:20:00</DepartureTime>
                           <DepartureDayOffset>0</DepartureDayOffset>
                        </TimetabledPassingTime>
                     </passingTimes>
                  </ServiceJourney>
               </members>
            </GeneralFrame>
         </frames>
      </CompositeFrame>
   </dataObjects>
</PublicationDelivery>
