<?xml version="1.0" encoding="UTF-8"?>
<PublicationDelivery xmlns:xsi="http://www.w3.org/2001/XMLSchema-instance"
                     xsi:schemaLocation="http://www.netex.org.uk/netex"
                     xmlns="http://www.netex.org.uk/netex"
                     xmlns:xlink="http://www.w3.org/1999/xlink"
                     xmlns:ifopt="http://www.ifopt.org.uk/ifopt"
                     xmlns:gml="http://www.opengis.net/gml/3.2"
                     xmlns:core="http://www.govtalk.gov.uk/core"
                     xmlns:siri="http://www.siri.org.uk/siri"
                     version="1.10:FR-NETEX-2.2">
   <PublicationTimestamp>2025-08-25T23:51:04+02:00</PublicationTimestamp>
   <ParticipantRef>CEC</ParticipantRef>
   <Description>Offre sur la période du 25/08/2025 au 03/01/2026</Description>
   <dataObjects>
      <CompositeFrame id="FR:CompositeFrame:NETEX_LIGNE-20250825T235104:LOC" version="1.0">
         <Name>JALO</Name>
         <FrameDefaults>
            <DefaultLocale>
               <TimeZone>Europe/Paris</TimeZone>
               <DefaultLanguage>fr</DefaultLanguage>
            </DefaultLocale>
            <DefaultLocationSystem>WGS84</DefaultLocationSystem>
            <DefaultSystemOfUnits>SiMetres</DefaultSystemOfUnits>
         </FrameDefaults>
         <frames>
            <ResourceFrame id="FR:ResourceFrame:1" version="any">
               <typesOfValue>
                  <ValueSet id="FR:ValueSet:TypeOfFrame" nameOfClass="TypeOfFrame" version="any">
                     <Name>TypeOfFrame</Name>
                     <values>
                        <TypeOfFrame id="FR:TypeOfFrame:NETEX_RESEAU" version="any">
                           <Name>NETEX_RESEAU</Name>
                        </TypeOfFrame>
                        <TypeOfFrame id="FR:TypeOfFrame:NETEX_HORAIRE" version="any">
                           <Name>NETEX_HORAIRE</Name>
                        </TypeOfFrame>
                     </values>
                  </ValueSet>
               </typesOfValue>
            </ResourceFrame>
            <GeneralFrame id="FR:GeneralFrame:NETEX_RESEAU-20250825T235104:LOC" version="1.0" dataSourceRef="CEC">
               <TypeOfFrameRef ref="FR:TypeOfFrame:NETEX_RESEAU"/>
               <members>
                  <Route id="CEC:Route:JALO-A:LOC" version="1">
                     <Name>JALO - Aller</Name>
                     <LineRef ref="CEC:Line:JALO:LOC" versionRef="1"/>
                     <DirectionType>outbound</DirectionType>
                     <DirectionRef ref="CEC:Direction:JALO-A:LOC" versionRef="1"/>
                     <InverseRouteRef ref="CEC:Route:JALO-R:LOC" versionRef="1"/>
                  </Route>
                  <Direction id="CEC:Direction:JALO-A:LOC" version="1">
                     <Name>JALO - Aller</Name>
                     <DirectionType>outbound</DirectionType>
                  </Direction>
                  <Route id="CEC:Route:JALO-R:LOC" version="1">
                     <Name>JALO - Retour</Name>
                     <LineRef ref="CEC:Line:JALO:LOC" versionRef="1"/>
                     <DirectionType>inbound</DirectionType>
                     <DirectionRef ref="CEC:Direction:JALO-R:LOC" versionRef="1"/>
                     <InverseRouteRef ref="CEC:Route:JALO-A:LOC" versionRef="1"/>
                  </Route>
                  <Direction id="CEC:Direction:JALO-R:LOC" version="1">
                     <Name>JALO - Retour</Name>
                     <DirectionType>inbound</DirectionType>
                  </Direction>
                  <ServiceJourneyPattern id="CEC:ServiceJourneyPattern:87:LOC" version="1">
                     <Name>Jâlons Primaire - Jâlons</Name>
                     <PrivateCode>14951652</PrivateCode>
                     <RouteRef ref="CEC:Route:JALO-A:LOC" versionRef="1"/>
                     <DestinationDisplayRef ref="CEC:DestinationDisplay:87:LOC" versionRef="1"/>
                     <pointsInSequence>
                        <StopPointInJourneyPattern id="CEC:StopPointInJourneyPattern:87x1:LOC" version="any" order="1">
                           <ScheduledStopPointRef ref="CEC:ScheduledStopPoint:686:LOC" versionRef="1"/>
                           <ForAlighting>false</ForAlighting>
                           <ForBoarding>true</ForBoarding>
                           <RequestStop>false</RequestStop>
                        </StopPointInJourneyPattern>
                        <StopPointInJourneyPattern id="CEC:StopPointInJourneyPattern:87x2:LOC" version="any" order="2">
                           <ScheduledStopPointRef ref="CEC:ScheduledStopPoint:687:LOC" versionRef="1"/>
                           <ForAlighting>true</ForAlighting>
                           <ForBoarding>true</ForBoarding>
                           <RequestStop>false</RequestStop>
                        </StopPointInJourneyPattern>
                        <StopPointInJourneyPattern id="CEC:StopPointInJourneyPattern:87x3:LOC" version="any" order="3">
                           <ScheduledStopPointRef ref="CEC:ScheduledStopPoint:688:LOC" versionRef="1"/>
                           <ForAlighting>true</ForAlighting>
                           <ForBoarding>true</ForBoarding>
                           <RequestStop>false</RequestStop>
                        </StopPointInJourneyPattern>
                        <StopPointInJourneyPattern id="CEC:StopPointInJourneyPattern:87x4:LOC" version="any" order="4">
                           <ScheduledStopPointRef ref="CEC:ScheduledStopPoint:689:LOC" versionRef="1"/>
                           <ForAlighting>true</ForAlighting>
                           <ForBoarding>false</ForBoarding>
                           <RequestStop>false</RequestStop>
                        </StopPointInJourneyPattern>
                     </pointsInSequence>
                     <ServiceJourneyPatternType>passenger</ServiceJourneyPatternType>
                  </ServiceJourneyPattern>
                  <ServiceJourneyPattern id="CEC:ServiceJourneyPattern:210:LOC" version="1">
                     <Name>Champigneul Champagne - Champigneul-Champagne</Name>
                     <PrivateCode>14951653</PrivateCode>
                     <RouteRef ref="CEC:Route:JALO-R:LOC" versionRef="1"/>
                     <DestinationDisplayRef ref="CEC:DestinationDisplay:210:LOC" versionRef="1"/>
                     <pointsInSequence>
                        <StopPointInJourneyPattern id="CEC:StopPointInJourneyPattern:210x1:LOC" version="any" order="1">
                           <ScheduledStopPointRef ref="CEC:ScheduledStopPoint:690:LOC" versionRef="1"/>
                           <ForAlighting>false</ForAlighting>
                           <ForBoarding>true</ForBoarding>
                           <RequestStop>false</RequestStop>
                        </StopPointInJourneyPattern>
                        <StopPointInJourneyPattern id="CEC:StopPointInJourneyPattern:210x2:LOC" version="any" order="2">
                           <ScheduledStopPointRef ref="CEC:ScheduledStopPoint:691:LOC" versionRef="1"/>
                           <ForAlighting>true</ForAlighting>
                           <ForBoarding>true</ForBoarding>
                           <RequestStop>false</RequestStop>
                        </StopPointInJourneyPattern>
                        <StopPointInJourneyPattern id="CEC:StopPointInJourneyPattern:210x3:LOC" version="any" order="3">
                           <ScheduledStopPointRef ref="CEC:ScheduledStopPoint:692:LOC" versionRef="1"/>
                           <ForAlighting>true</ForAlighting>
                           <ForBoarding>true</ForBoarding>
                           <RequestStop>false</RequestStop>
                        </StopPointInJourneyPattern>
                        <StopPointInJourneyPattern id="CEC:StopPointInJourneyPattern:210x4:LOC" version="any" order="4">
                           <ScheduledStopPointRef ref="CEC:ScheduledStopPoint:693:LOC" versionRef="1"/>
                           <ForAlighting>true</ForAlighting>
                           <ForBoarding>false</ForBoarding>
                           <RequestStop>false</RequestStop>
                        </StopPointInJourneyPattern>
                     </pointsInSequence>
                     <ServiceJourneyPatternType>passenger</ServiceJourneyPatternType>
                  </ServiceJourneyPattern>
                  <DestinationDisplay id="CEC:DestinationDisplay:87:LOC" version="1">
                     <FrontText>Jâlons Primaire</FrontText>
                  </DestinationDisplay>
                  <DestinationDisplay id="CEC:DestinationDisplay:210:LOC" version="1">
                     <FrontText>Champigneul Champagne</FrontText>
                  </DestinationDisplay>
                  <ScheduledStopPoint id="CEC:ScheduledStopPoint:686:LOC" version="1">
                     <Name>Aulnay Circuit Primaire 2 sens</Name>
                     <Location id="CEC:Location:184c0a84fa3e47f1b581a9e6aa0dd3ac:LOC">
                        <Longitude>4.2049814</Longitude>
                        <Latitude>49.0071126</Latitude>
                        <gml:pos srsName="EPSG:27572">736774.314637349 2447068.17672039</gml:pos>
                     </Location>
                  </ScheduledStopPoint>
                  <ScheduledStopPoint id="CEC:ScheduledStopPoint:687:LOC" version="1">
                     <Name>Cherville</Name>
                     <Location id="CEC:Location:96942d8c71ac4d45a9c8d316e5135358:LOC">
                        <Longitude>4.1635504</Longitude>
                        <Latitude>49.0182592</Latitude>
                        <gml:pos srsName="EPSG:27572">733713.260434894 2448236.97729989</gml:pos>
                     </Location>
                  </ScheduledStopPoint>
                  <ScheduledStopPoint id="CEC:ScheduledStopPoint:688:LOC" version="1">
                     <Name>Champigneul Champagne</Name>
                     <Location id="CEC:Location:423086c3a07d4f84bfb94bb5f36c1f94:LOC">
                        <Longitude>4.1668239</Longitude>
                        <Latitude>48.9712392</Latitude>
                        <gml:pos srsName="EPSG:27572">734074.574551004 2443011.61688474</gml:pos>
                     </Location>
                  </ScheduledStopPoint>
                  <ScheduledStopPoint id="CEC:ScheduledStopPoint:689:LOC" version="1">
                     <Name>Jâlons Primaire</Name>
                     <Location id="CEC:Location:bb7cd511b9f94145a631f07ae26337bb:LOC">
                        <Longitude>4.1865788</Longitude>
                        <Latitude>49.0104963</Latitude>
                        <gml:pos srsName="EPSG:27572">735418.618634747 2447412.75949081</gml:pos>
                     </Location>
                  </ScheduledStopPoint>
                  <ScheduledStopPoint id="CEC:ScheduledStopPoint:690:LOC" version="1">
                     <Name>Jâlons Primaire</Name>
                     <Location id="CEC:Location:5f2a7c3541294b7e859d72e8802f3d67:LOC">
                        <Longitude>4.1865788</Longitude>
                        <Latitude>49.0104963</Latitude>
                        <gml:pos srsName="EPSG:27572">735418.618634747 2447412.75949081</gml:pos>
                     </Location>
                  </ScheduledStopPoint>
                  <ScheduledStopPoint id="CEC:ScheduledStopPoint:691:LOC" version="1">
                     <Name>Aulnay Circuit Primaire 2 sens</Name>
                     <Location id="CEC:Location:593e1a005eaa4209aab757e5164f5f44:LOC">
                        <Longitude>4.2049814</Longitude>
                        <Latitude>49.0071126</Latitude>
                        <gml:pos srsName="EPSG:27572">736774.314637349 2447068.17672039</gml:pos>
                     </Location>
                  </ScheduledStopPoint>
                  <ScheduledStopPoint id="CEC:ScheduledStopPoint:692:LOC" version="1">
                     <Name>Cherville</Name>
                     <Location id="CEC:Location:9b009224ab5747f486ba2fc2c4b09196:LOC">
                        <Longitude>4.1635504</Longitude>
                        <Latitude>49.0182592</Latitude>
                        <gml:pos srsName="EPSG:27572">733713.260434894 2448236.97729989</gml:pos>
                     </Location>
                  </ScheduledStopPoint>
                  <ScheduledStopPoint id="CEC:ScheduledStopPoint:693:LOC" version="1">
                     <Name>Champigneul Champagne</Name>
                     <Location id="CEC:Location:d9b54465edcf4e6aa4c319591b7a35f9:LOC">
                        <Longitude>4.1668239</Longitude>
                        <Latitude>48.9712392</Latitude>
                        <gml:pos srsName="EPSG:27572">734074.574551004 2443011.61688474</gml:pos>
                     </Location>
                  </ScheduledStopPoint>
                  <PassengerStopAssignment id="CEC:PassengerStopAssignment:686:LOC" version="1" order="0">
                     <ScheduledStopPointRef ref="CEC:ScheduledStopPoint:686:LOC" versionRef="1"/>
                     <StopPlaceRef ref="FR:51023:StopPlace:genAUTO$1698540236:CEC" versionRef="1"/>
                     <QuayRef ref="FR:51023:Quay:AULNAY:CEC" versionRef="1"/>
                  </PassengerStopAssignment>
                  <PassengerStopAssignment id="CEC:PassengerStopAssignment:687:LOC" version="1" order="0">
                     <ScheduledStopPointRef ref="CEC:ScheduledStopPoint:687:LOC" versionRef="1"/>
                     <StopPlaceRef ref="FR:51150:StopPlace:genAUTO$1291980793:CEC" versionRef="1"/>
                     <QuayRef ref="FR:51150:Quay:CHERVIL:CEC" versionRef="1"/>
                  </PassengerStopAssignment>
                  <PassengerStopAssignment id="CEC:PassengerStopAssignment:688:LOC" version="1" order="0">
                     <ScheduledStopPointRef ref="CEC:ScheduledStopPoint:688:LOC" versionRef="1"/>
                     <StopPlaceRef ref="FR:51117:StopPlace:genAUTO$555949988:CEC" versionRef="1"/>
                     <QuayRef ref="FR:51117:Quay:CHAMPI:CEC" versionRef="1"/>
                  </PassengerStopAssignment>
                  <PassengerStopAssignment id="CEC:PassengerStopAssignment:689:LOC" version="1" order="0">
                     <ScheduledStopPointRef ref="CEC:ScheduledStopPoint:689:LOC" versionRef="1"/>
                     <StopPlaceRef ref="FR:51303:StopPlace:genAUTO$741384469:CEC" versionRef="1"/>
                     <QuayRef ref="FR:51303:Quay:JALONS P:CEC" versionRef="1"/>
                  </PassengerStopAssignment>
                  <PassengerStopAssignment id="CEC:PassengerStopAssignment:690:LOC" version="1" order="0">
                     <ScheduledStopPointRef ref="CEC:ScheduledStopPoint:690:LOC" versionRef="1"/>
                     <StopPlaceRef ref="FR:51303:StopPlace:genAUTO$741384469:CEC" versionRef="1"/>
                     <QuayRef ref="FR:51303:Quay:JALONS P:CEC" versionRef="1"/>
                  </PassengerStopAssignment>
                  <PassengerStopAssignment id="CEC:PassengerStopAssignment:691:LOC" version="1" order="0">
                     <ScheduledStopPointRef ref="CEC:ScheduledStopPoint:691:LOC" versionRef="1"/>
                     <StopPlaceRef ref="FR:51023:StopPlace:genAUTO$1698540236:CEC" versionRef="1"/>
                     <QuayRef ref="FR:51023:Quay:AULNAY:CEC" versionRef="1"/>
                  </PassengerStopAssignment>
                  <PassengerStopAssignment id="CEC:PassengerStopAssignment:692:LOC" version="1" order="0">
                     <ScheduledStopPointRef ref="CEC:ScheduledStopPoint:692:LOC" versionRef="1"/>
                     <StopPlaceRef ref="FR:51150:StopPlace:genAUTO$1291980793:CEC" versionRef="1"/>
                     <QuayRef ref="FR:51150:Quay:CHERVIL:CEC" versionRef="1"/>
                  </PassengerStopAssignment>
                  <PassengerStopAssignment id="CEC:PassengerStopAssignment:693:LOC" version="1" order="0">
                     <ScheduledStopPointRef ref="CEC:ScheduledStopPoint:693:LOC" versionRef="1"/>
                     <StopPlaceRef ref="FR:51117:StopPlace:genAUTO$555949988:CEC" versionRef="1"/>
                     <QuayRef ref="FR:51117:Quay:CHAMPI:CEC" versionRef="1"/>
                  </PassengerStopAssignment>
               </members>
            </GeneralFrame>
            <GeneralFrame id="FR:GeneralFrame:NETEX_HORAIRE-20250825T235104:LOC" version="1.0" dataSourceRef="CEC">
               <TypeOfFrameRef ref="FR:TypeOfFrame:NETEX_HORAIRE"/>
               <members>
                  <ServiceJourney id="CEC:ServiceJourney:1140095:LOC" version="1">
                     <TransportMode>bus</TransportMode>
                     <dayTypes>
                        <DayTypeRef ref="CEC:Timetable:DayType:2027:LOC" versionRef="1"/>
                     </dayTypes>
                     <JourneyPatternRef ref="CEC:ServiceJourneyPattern:210:LOC" versionRef="1"/>
                     <passingTimes>
                        <TimetabledPassingTime version="any">
                           <ArrivalTime>16:40:00</ArrivalTime>
                           <ArrivalDayOffset>0</ArrivalDayOffset>
                           <DepartureTime>16:40:00</DepartureTime>
                           <DepartureDayOffset>0</DepartureDayOffset>
                        </TimetabledPassingTime>
                        <TimetabledPassingTime version="any">
                           <ArrivalTime>16:43:00</ArrivalTime>
                           <ArrivalDayOffset>0</ArrivalDayOffset>
                           <DepartureTime>16:43:00</DepartureTime>
                           <DepartureDayOffset>0</DepartureDayOffset>
                        </TimetabledPassingTime>
                        <TimetabledPassingTime version="any">
                           <ArrivalTime>16:48:00</ArrivalTime>
                           <ArrivalDayOffset>0</ArrivalDayOffset>
                           <DepartureTime>16:48:00</DepartureTime>
                           <DepartureDayOffset>0</DepartureDayOffset>
                        </TimetabledPassingTime>
                        <TimetabledPassingTime version="any">
                           <ArrivalTime>17:04:00</ArrivalTime>
                           <ArrivalDayOffset>0</ArrivalDayOffset>
                           <DepartureTime>17:04:00</DepartureTime>
                           <DepartureDayOffset>0</DepartureDayOffset>
                        </TimetabledPassingTime>
                     </passingTimes>
                  </ServiceJourney>
                  <ServiceJourney id="CEC:ServiceJourney:1140096:LOC" version="1">
                     <TransportMode>bus</TransportMode>
                     <dayTypes>
                        <DayTypeRef ref="CEC:Timetable:DayType:2027:LOC" versionRef="1"/>
                     </dayTypes>
                     <JourneyPatternRef ref="CEC:ServiceJourneyPattern:87:LOC" versionRef="1"/>
                     <passingTimes>
                        <TimetabledPassingTime version="any">
                           <ArrivalTime>08:10:00</ArrivalTime>
                           <ArrivalDayOffset>0</ArrivalDayOffset>
                           <DepartureTime>08:10:00</DepartureTime>
                           <DepartureDayOffset>0</DepartureDayOffset>
                        </TimetabledPassingTime>
                        <TimetabledPassingTime version="any">
                           <ArrivalTime>08:20:00</ArrivalTime>
                           <ArrivalDayOffset>0</ArrivalDayOffset>
                           <DepartureTime>08:20:00</DepartureTime>
                           <DepartureDayOffset>0</DepartureDayOffset>
                        </TimetabledPassingTime>
                        <TimetabledPassingTime version="any">
                           <ArrivalTime>08:30:00</ArrivalTime>
                           <ArrivalDayOffset>0</ArrivalDayOffset>
                           <DepartureTime>08:30:00</DepartureTime>
                           <DepartureDayOffset>0</DepartureDayOffset>
                        </TimetabledPassingTime>
                        <TimetabledPassingTime version="any">
                           <ArrivalTime>08:40:00</ArrivalTime>
                           <ArrivalDayOffset>0</ArrivalDayOffset>
                           <DepartureTime>08:40:00</DepartureTime>
                           <DepartureDayOffset>0</DepartureDayOffset>
                        </TimetabledPassingTime>
                     </passingTimes>
                  </ServiceJourney>
               </members>
            </GeneralFrame>
         </frames>
      </CompositeFrame>
   </dataObjects>
</PublicationDelivery>
