<?xml version="1.0" encoding="UTF-8"?>
<PublicationDelivery xmlns:xsi="http://www.w3.org/2001/XMLSchema-instance"
                     xsi:schemaLocation="http://www.netex.org.uk/netex"
                     xmlns="http://www.netex.org.uk/netex"
                     xmlns:xlink="http://www.w3.org/1999/xlink"
                     xmlns:ifopt="http://www.ifopt.org.uk/ifopt"
                     xmlns:gml="http://www.opengis.net/gml/3.2"
                     xmlns:core="http://www.govtalk.gov.uk/core"
                     xmlns:siri="http://www.siri.org.uk/siri"
                     version="1.10:FR-NETEX-2.2">
   <PublicationTimestamp>2025-08-25T23:51:04+02:00</PublicationTimestamp>
   <ParticipantRef>CEC</ParticipantRef>
   <Description>Offre sur la période du 25/08/2025 au 03/01/2026</Description>
   <dataObjects>
      <CompositeFrame id="FR:CompositeFrame:NETEX_LIGNE-20250825T235104:LOC" version="1.0">
         <Name>VRAU</Name>
         <FrameDefaults>
            <DefaultLocale>
               <TimeZone>Europe/Paris</TimeZone>
               <DefaultLanguage>fr</DefaultLanguage>
            </DefaultLocale>
            <DefaultLocationSystem>WGS84</DefaultLocationSystem>
            <DefaultSystemOfUnits>SiMetres</DefaultSystemOfUnits>
         </FrameDefaults>
         <frames>
            <ResourceFrame id="FR:ResourceFrame:1" version="any">
               <typesOfValue>
                  <ValueSet id="FR:ValueSet:TypeOfFrame" nameOfClass="TypeOfFrame" version="any">
                     <Name>TypeOfFrame</Name>
                     <values>
                        <TypeOfFrame id="FR:TypeOfFrame:NETEX_RESEAU" version="any">
                           <Name>NETEX_RESEAU</Name>
                        </TypeOfFrame>
                        <TypeOfFrame id="FR:TypeOfFrame:NETEX_HORAIRE" version="any">
                           <Name>NETEX_HORAIRE</Name>
                        </TypeOfFrame>
                     </values>
                  </ValueSet>
               </typesOfValue>
            </ResourceFrame>
            <GeneralFrame id="FR:GeneralFrame:NETEX_RESEAU-20250825T235104:LOC" version="1.0" dataSourceRef="CEC">
               <TypeOfFrameRef ref="FR:TypeOfFrame:NETEX_RESEAU"/>
               <members>
                  <Route id="CEC:Route:VRAU-A:LOC" version="1">
                     <Name>VRAU - Aller</Name>
                     <LineRef ref="CEC:Line:VRAU:LOC" versionRef="1"/>
                     <DirectionType>outbound</DirectionType>
                     <DirectionRef ref="CEC:Direction:VRAU-A:LOC" versionRef="1"/>
                     <InverseRouteRef ref="CEC:Route:VRAU-R:LOC" versionRef="1"/>
                  </Route>
                  <Direction id="CEC:Direction:VRAU-A:LOC" version="1">
                     <Name>VRAU - Aller</Name>
                     <DirectionType>outbound</DirectionType>
                  </Direction>
                  <Route id="CEC:Route:VRAU-R:LOC" version="1">
                     <Name>VRAU - Retour</Name>
                     <LineRef ref="CEC:Line:VRAU:LOC" versionRef="1"/>
                     <DirectionType>inbound</DirectionType>
                     <DirectionRef ref="CEC:Direction:VRAU-R:LOC" versionRef="1"/>
                     <InverseRouteRef ref="CEC:Route:VRAU-A:LOC" versionRef="1"/>
                  </Route>
                  <Direction id="CEC:Direction:VRAU-R:LOC" version="1">
                     <Name>VRAU - Retour</Name>
                     <DirectionType>inbound</DirectionType>
                  </Direction>
                  <ServiceJourneyPattern id="CEC:ServiceJourneyPattern:116:LOC" version="1">
                     <Name>Vraux</Name>
                     <PrivateCode>14951759</PrivateCode>
                     <RouteRef ref="CEC:Route:VRAU-A:LOC" versionRef="1"/>
                     <DestinationDisplayRef ref="CEC:DestinationDisplay:116:LOC" versionRef="1"/>
                     <pointsInSequence>
                        <StopPointInJourneyPattern id="CEC:StopPointInJourneyPattern:116x1:LOC" version="any" order="1">
                           <ScheduledStopPointRef ref="CEC:ScheduledStopPoint:976:LOC" versionRef="1"/>
                           <ForAlighting>false</ForAlighting>
                           <ForBoarding>true</ForBoarding>
                           <RequestStop>false</RequestStop>
                        </StopPointInJourneyPattern>
                        <StopPointInJourneyPattern id="CEC:StopPointInJourneyPattern:116x2:LOC" version="any" order="2">
                           <ScheduledStopPointRef ref="CEC:ScheduledStopPoint:977:LOC" versionRef="1"/>
                           <ForAlighting>true</ForAlighting>
                           <ForBoarding>true</ForBoarding>
                           <RequestStop>false</RequestStop>
                        </StopPointInJourneyPattern>
                        <StopPointInJourneyPattern id="CEC:StopPointInJourneyPattern:116x3:LOC" version="any" order="3">
                           <ScheduledStopPointRef ref="CEC:ScheduledStopPoint:978:LOC" versionRef="1"/>
                           <ForAlighting>true</ForAlighting>
                           <ForBoarding>true</ForBoarding>
                           <RequestStop>false</RequestStop>
                        </StopPointInJourneyPattern>
                        <StopPointInJourneyPattern id="CEC:StopPointInJourneyPattern:116x4:LOC" version="any" order="4">
                           <ScheduledStopPointRef ref="CEC:ScheduledStopPoint:979:LOC" versionRef="1"/>
                           <ForAlighting>true</ForAlighting>
                           <ForBoarding>true</ForBoarding>
                           <RequestStop>false</RequestStop>
                        </StopPointInJourneyPattern>
                        <StopPointInJourneyPattern id="CEC:StopPointInJourneyPattern:116x5:LOC" version="any" order="5">
                           <ScheduledStopPointRef ref="CEC:ScheduledStopPoint:980:LOC" versionRef="1"/>
                           <ForAlighting>true</ForAlighting>
                           <ForBoarding>false</ForBoarding>
                           <RequestStop>false</RequestStop>
                        </StopPointInJourneyPattern>
                     </pointsInSequence>
                     <ServiceJourneyPatternType>passenger</ServiceJourneyPatternType>
                  </ServiceJourneyPattern>
                  <ServiceJourneyPattern id="CEC:ServiceJourneyPattern:266:LOC" version="1">
                     <Name>Juvugny Rue du Pressoir - Juvigny</Name>
                     <PrivateCode>14951758</PrivateCode>
                     <RouteRef ref="CEC:Route:VRAU-R:LOC" versionRef="1"/>
                     <DestinationDisplayRef ref="CEC:DestinationDisplay:266:LOC" versionRef="1"/>
                     <pointsInSequence>
                        <StopPointInJourneyPattern id="CEC:StopPointInJourneyPattern:266x1:LOC" version="any" order="1">
                           <ScheduledStopPointRef ref="CEC:ScheduledStopPoint:981:LOC" versionRef="1"/>
                           <ForAlighting>false</ForAlighting>
                           <ForBoarding>true</ForBoarding>
                           <RequestStop>false</RequestStop>
                        </StopPointInJourneyPattern>
                        <StopPointInJourneyPattern id="CEC:StopPointInJourneyPattern:266x2:LOC" version="any" order="2">
                           <ScheduledStopPointRef ref="CEC:ScheduledStopPoint:982:LOC" versionRef="1"/>
                           <ForAlighting>true</ForAlighting>
                           <ForBoarding>true</ForBoarding>
                           <RequestStop>false</RequestStop>
                        </StopPointInJourneyPattern>
                        <StopPointInJourneyPattern id="CEC:StopPointInJourneyPattern:266x3:LOC" version="any" order="3">
                           <ScheduledStopPointRef ref="CEC:ScheduledStopPoint:983:LOC" versionRef="1"/>
                           <ForAlighting>true</ForAlighting>
                           <ForBoarding>true</ForBoarding>
                           <RequestStop>false</RequestStop>
                        </StopPointInJourneyPattern>
                        <StopPointInJourneyPattern id="CEC:StopPointInJourneyPattern:266x4:LOC" version="any" order="4">
                           <ScheduledStopPointRef ref="CEC:ScheduledStopPoint:984:LOC" versionRef="1"/>
                           <ForAlighting>true</ForAlighting>
                           <ForBoarding>true</ForBoarding>
                           <RequestStop>false</RequestStop>
                        </StopPointInJourneyPattern>
                        <StopPointInJourneyPattern id="CEC:StopPointInJourneyPattern:266x5:LOC" version="any" order="5">
                           <ScheduledStopPointRef ref="CEC:ScheduledStopPoint:985:LOC" versionRef="1"/>
                           <ForAlighting>true</ForAlighting>
                           <ForBoarding>false</ForBoarding>
                           <RequestStop>false</RequestStop>
                        </StopPointInJourneyPattern>
                     </pointsInSequence>
                     <ServiceJourneyPatternType>passenger</ServiceJourneyPatternType>
                  </ServiceJourneyPattern>
                  <DestinationDisplay id="CEC:DestinationDisplay:116:LOC" version="1">
                     <FrontText>Vraux</FrontText>
                  </DestinationDisplay>
                  <DestinationDisplay id="CEC:DestinationDisplay:266:LOC" version="1">
                     <FrontText>Juvugny Rue du Pressoir</FrontText>
                  </DestinationDisplay>
                  <ScheduledStopPoint id="CEC:ScheduledStopPoint:976:LOC" version="1">
                     <Name>Juvigny Lac</Name>
                     <Location id="CEC:Location:1bd47ea128e940c98434742453a5faf0:LOC">
                        <Longitude>4.2621542</Longitude>
                        <Latitude>49.0133306</Latitude>
                        <gml:pos srsName="EPSG:27572">740941.647209754 2447860.88478711</gml:pos>
                     </Location>
                  </ScheduledStopPoint>
                  <ScheduledStopPoint id="CEC:ScheduledStopPoint:977:LOC" version="1">
                     <Name>Juvigny Abris</Name>
                     <Location id="CEC:Location:3aca2d7ad6964bf3b367ec08ea4fc97d:LOC">
                        <Longitude>4.2718025</Longitude>
                        <Latitude>49.0153524</Latitude>
                        <gml:pos srsName="EPSG:27572">741642.143161262 2448103.14257897</gml:pos>
                     </Location>
                  </ScheduledStopPoint>
                  <ScheduledStopPoint id="CEC:ScheduledStopPoint:978:LOC" version="1">
                     <Name>Juvigny Route de Louvois</Name>
                     <Location id="CEC:Location:ccfd47d91e3b45b8bb09d2b2e20fde8d:LOC">
                        <Longitude>4.2665625</Longitude>
                        <Latitude>49.0197584</Latitude>
                        <gml:pos srsName="EPSG:27572">741246.677218456 2448583.87420022</gml:pos>
                     </Location>
                  </ScheduledStopPoint>
                  <ScheduledStopPoint id="CEC:ScheduledStopPoint:979:LOC" version="1">
                     <Name>Juvugny Rue du Pressoir</Name>
                     <Location id="CEC:Location:5dee9f41b70e46fb9538fc74ac30deab:LOC">
                        <Longitude>4.2586141</Longitude>
                        <Latitude>49.0210821</Latitude>
                        <gml:pos srsName="EPSG:27572">740661.508643267 2448716.8848937</gml:pos>
                     </Location>
                  </ScheduledStopPoint>
                  <ScheduledStopPoint id="CEC:ScheduledStopPoint:980:LOC" version="1">
                     <Name>Vraux</Name>
                     <Location id="CEC:Location:2ea8f42e2f7c4418a9b47f27a8b7c2a7:LOC">
                        <Longitude>4.2420354</Longitude>
                        <Latitude>49.0258619</Latitude>
                        <gml:pos srsName="EPSG:27572">739435.616621243 2449219.10418146</gml:pos>
                     </Location>
                  </ScheduledStopPoint>
                  <ScheduledStopPoint id="CEC:ScheduledStopPoint:981:LOC" version="1">
                     <Name>Vraux</Name>
                     <Location id="CEC:Location:46a4d3a316ab451bae8c3cff85d48fc1:LOC">
                        <Longitude>4.2420354</Longitude>
                        <Latitude>49.0258619</Latitude>
                        <gml:pos srsName="EPSG:27572">739435.616621243 2449219.10418146</gml:pos>
                     </Location>
                  </ScheduledStopPoint>
                  <ScheduledStopPoint id="CEC:ScheduledStopPoint:982:LOC" version="1">
                     <Name>Juvigny Lac</Name>
                     <Location id="CEC:Location:151374c251e0430fa0db17790dbe01f0:LOC">
                        <Longitude>4.2621542</Longitude>
                        <Latitude>49.0133306</Latitude>
                        <gml:pos srsName="EPSG:27572">740941.647209754 2447860.88478711</gml:pos>
                     </Location>
                  </ScheduledStopPoint>
                  <ScheduledStopPoint id="CEC:ScheduledStopPoint:983:LOC" version="1">
                     <Name>Juvigny Abris</Name>
                     <Location id="CEC:Location:9f95a533f6de4aa0b5f96b622e5bb936:LOC">
                        <Longitude>4.2718025</Longitude>
                        <Latitude>49.0153524</Latitude>
                        <gml:pos srsName="EPSG:27572">741642.143161262 2448103.14257897</gml:pos>
                     </Location>
                  </ScheduledStopPoint>
                  <ScheduledStopPoint id="CEC:ScheduledStopPoint:984:LOC" version="1">
                     <Name>Juvigny Route de Louvois</Name>
                     <Location id="CEC:Location:f3023b95f8f3406cb2db6a347179d2cc:LOC">
                        <Longitude>4.2665625</Longitude>
                        <Latitude>49.0197584</Latitude>
                        <gml:pos srsName="EPSG:27572">741246.677218456 2448583.87420022</gml:pos>
                     </Location>
                  </ScheduledStopPoint>
                  <ScheduledStopPoint id="CEC:ScheduledStopPoint:985:LOC" version="1">
                     <Name>Juvugny Rue du Pressoir</Name>
                     <Location id="CEC:Location:d092b582baf14bab9238d66f0292ceea:LOC">
                        <Longitude>4.2586141</Longitude>
                        <Latitude>49.0210821</Latitude>
                        <gml:pos srsName="EPSG:27572">740661.508643267 2448716.8848937</gml:pos>
                     </Location>
                  </ScheduledStopPoint>
                  <PassengerStopAssignment id="CEC:PassengerStopAssignment:976:LOC" version="1" order="0">
                     <ScheduledStopPointRef ref="CEC:ScheduledStopPoint:976:LOC" versionRef="1"/>
                     <StopPlaceRef ref="FR:51312:StopPlace:genAUTO$273788463:CEC" versionRef="1"/>
                     <QuayRef ref="FR:51312:Quay:JUVIG L:CEC" versionRef="1"/>
                  </PassengerStopAssignment>
                  <PassengerStopAssignment id="CEC:PassengerStopAssignment:977:LOC" version="1" order="0">
                     <ScheduledStopPointRef ref="CEC:ScheduledStopPoint:977:LOC" versionRef="1"/>
                     <StopPlaceRef ref="FR:51312:StopPlace:genAUTO$1312501773:CEC" versionRef="1"/>
                     <QuayRef ref="FR:51312:Quay:JUVI AB:CEC" versionRef="1"/>
                  </PassengerStopAssignment>
                  <PassengerStopAssignment id="CEC:PassengerStopAssignment:978:LOC" version="1" order="0">
                     <ScheduledStopPointRef ref="CEC:ScheduledStopPoint:978:LOC" versionRef="1"/>
                     <StopPlaceRef ref="FR:51312:StopPlace:genAUTO$295104298:CEC" versionRef="1"/>
                     <QuayRef ref="FR:51312:Quay:JUVI LOU:CEC" versionRef="1"/>
                  </PassengerStopAssignment>
                  <PassengerStopAssignment id="CEC:PassengerStopAssignment:979:LOC" version="1" order="0">
                     <ScheduledStopPointRef ref="CEC:ScheduledStopPoint:979:LOC" versionRef="1"/>
                     <StopPlaceRef ref="FR:51312:StopPlace:genAUTO$1237221895:CEC" versionRef="1"/>
                     <QuayRef ref="FR:51312:Quay:JUVI PRE:CEC" versionRef="1"/>
                  </PassengerStopAssignment>
                  <PassengerStopAssignment id="CEC:PassengerStopAssignment:980:LOC" version="1" order="0">
                     <ScheduledStopPointRef ref="CEC:ScheduledStopPoint:980:LOC" versionRef="1"/>
                     <StopPlaceRef ref="FR:51656:StopPlace:genAUTO$130384724:CEC" versionRef="1"/>
                     <QuayRef ref="FR:51656:Quay:VRAUX:CEC" versionRef="1"/>
                  </PassengerStopAssignment>
                  <PassengerStopAssignment id="CEC:PassengerStopAssignment:981:LOC" version="1" order="0">
                     <ScheduledStopPointRef ref="CEC:ScheduledStopPoint:981:LOC" versionRef="1"/>
                     <StopPlaceRef ref="FR:51656:StopPlace:genAUTO$130384724:CEC" versionRef="1"/>
                     <QuayRef ref="FR:51656:Quay:VRAUX:CEC" versionRef="1"/>
                  </PassengerStopAssignment>
                  <PassengerStopAssignment id="CEC:PassengerStopAssignment:982:LOC" version="1" order="0">
                     <ScheduledStopPointRef ref="CEC:ScheduledStopPoint:982:LOC" versionRef="1"/>
                     <StopPlaceRef ref="FR:51312:StopPlace:genAUTO$273788463:CEC" versionRef="1"/>
                     <QuayRef ref="FR:51312:Quay:JUVIG L:CEC" versionRef="1"/>
                  </PassengerStopAssignment>
                  <PassengerStopAssignment id="CEC:PassengerStopAssignment:983:LOC" version="1" order="0">
                     <ScheduledStopPointRef ref="CEC:ScheduledStopPoint:983:LOC" versionRef="1"/>
                     <StopPlaceRef ref="FR:51312:StopPlace:genAUTO$1312501773:CEC" versionRef="1"/>
                     <QuayRef ref="FR:51312:Quay:JUVI AB:CEC" versionRef="1"/>
                  </PassengerStopAssignment>
                  <PassengerStopAssignment id="CEC:PassengerStopAssignment:984:LOC" version="1" order="0">
                     <ScheduledStopPointRef ref="CEC:ScheduledStopPoint:984:LOC" versionRef="1"/>
                     <StopPlaceRef ref="FR:51312:StopPlace:genAUTO$295104298:CEC" versionRef="1"/>
                     <QuayRef ref="FR:51312:Quay:JUVI LOU:CEC" versionRef="1"/>
                  </PassengerStopAssignment>
                  <PassengerStopAssignment id="CEC:PassengerStopAssignment:985:LOC" version="1" order="0">
                     <ScheduledStopPointRef ref="CEC:ScheduledStopPoint:985:LOC" versionRef="1"/>
                     <StopPlaceRef ref="FR:51312:StopPlace:genAUTO$1237221895:CEC" versionRef="1"/>
                     <QuayRef ref="FR:51312:Quay:JUVI PRE:CEC" versionRef="1"/>
                  </PassengerStopAssignment>
               </members>
            </GeneralFrame>
            <GeneralFrame id="FR:GeneralFrame:NETEX_HORAIRE-20250825T235104:LOC" version="1.0" dataSourceRef="CEC">
               <TypeOfFrameRef ref="FR:TypeOfFrame:NETEX_HORAIRE"/>
               <members>
                  <ServiceJourney id="CEC:ServiceJourney:1140421:LOC" version="1">
                     <TransportMode>bus</TransportMode>
                     <dayTypes>
                        <DayTypeRef ref="CEC:Timetable:DayType:2027:LOC" versionRef="1"/>
                     </dayTypes>
                     <JourneyPatternRef ref="CEC:ServiceJourneyPattern:116:LOC" versionRef="1"/>
                     <passingTimes>
                        <TimetabledPassingTime version="any">
                           <ArrivalTime>08:10:00</ArrivalTime>
                           <ArrivalDayOffset>0</ArrivalDayOffset>
                           <DepartureTime>08:10:00</DepartureTime>
                           <DepartureDayOffset>0</DepartureDayOffset>
                        </TimetabledPassingTime>
                        <TimetabledPassingTime version="any">
                           <ArrivalTime>08:13:00</ArrivalTime>
                           <ArrivalDayOffset>0</ArrivalDayOffset>
                           <DepartureTime>08:13:00</DepartureTime>
                           <DepartureDayOffset>0</DepartureDayOffset>
                        </TimetabledPassingTime>
                        <TimetabledPassingTime version="any">
                           <ArrivalTime>08:17:00</ArrivalTime>
                           <ArrivalDayOffset>0</ArrivalDayOffset>
                           <DepartureTime>08:17:00</DepartureTime>
                           <DepartureDayOffset>0</DepartureDayOffset>
                        </TimetabledPassingTime>
                        <TimetabledPassingTime version="any">
                           <ArrivalTime>08:20:00</ArrivalTime>
                           <ArrivalDayOffset>0</ArrivalDayOffset>
                           <DepartureTime>08:20:00</DepartureTime>
                           <DepartureDayOffset>0</DepartureDayOffset>
                        </TimetabledPassingTime>
                        <TimetabledPassingTime version="any">
                           <ArrivalTime>08:25:00</ArrivalTime>
                           <ArrivalDayOffset>0</ArrivalDayOffset>
                           <DepartureTime>08:25:00</DepartureTime>
                           <DepartureDayOffset>0</DepartureDayOffset>
                        </TimetabledPassingTime>
                     </passingTimes>
                  </ServiceJourney>
                  <ServiceJourney id="CEC:ServiceJourney:1140422:LOC" version="1">
                     <TransportMode>bus</TransportMode>
                     <dayTypes>
                        <DayTypeRef ref="CEC:Timetable:DayType:2027:LOC" versionRef="1"/>
                     </dayTypes>
                     <JourneyPatternRef ref="CEC:ServiceJourneyPattern:266:LOC" versionRef="1"/>
                     <passingTimes>
                        <TimetabledPassingTime version="any">
                           <ArrivalTime>16:35:00</ArrivalTime>
                           <ArrivalDayOffset>0</ArrivalDayOffset>
                           <DepartureTime>16:35:00</DepartureTime>
                           <DepartureDayOffset>0</DepartureDayOffset>
                        </TimetabledPassingTime>
                        <TimetabledPassingTime version="any">
                           <ArrivalTime>16:40:00</ArrivalTime>
                           <ArrivalDayOffset>0</ArrivalDayOffset>
                           <DepartureTime>16:40:00</DepartureTime>
                           <DepartureDayOffset>0</DepartureDayOffset>
                        </TimetabledPassingTime>
                        <TimetabledPassingTime version="any">
                           <ArrivalTime>16:43:00</ArrivalTime>
                           <ArrivalDayOffset>0</ArrivalDayOffset>
                           <DepartureTime>16:43:00</DepartureTime>
                           <DepartureDayOffset>0</DepartureDayOffset>
                        </TimetabledPassingTime>
                        <TimetabledPassingTime version="any">
                           <ArrivalTime>16:47:00</ArrivalTime>
                           <ArrivalDayOffset>0</ArrivalDayOffset>
                           <DepartureTime>16:47:00</DepartureTime>
                           <DepartureDayOffset>0</DepartureDayOffset>
                        </TimetabledPassingTime>
                        <TimetabledPassingTime version="any">
                           <ArrivalTime>16:50:00</ArrivalTime>
                           <ArrivalDayOffset>0</ArrivalDayOffset>
                           <DepartureTime>16:50:00</DepartureTime>
                           <DepartureDayOffset>0</DepartureDayOffset>
                        </TimetabledPassingTime>
                     </passingTimes>
                  </ServiceJourney>
               </members>
            </GeneralFrame>
         </frames>
      </CompositeFrame>
   </dataObjects>
</PublicationDelivery>
