<?xml version="1.0" encoding="UTF-8"?>
<PublicationDelivery xmlns:xsi="http://www.w3.org/2001/XMLSchema-instance"
                     xsi:schemaLocation="http://www.netex.org.uk/netex"
                     xmlns="http://www.netex.org.uk/netex"
                     xmlns:xlink="http://www.w3.org/1999/xlink"
                     xmlns:ifopt="http://www.ifopt.org.uk/ifopt"
                     xmlns:gml="http://www.opengis.net/gml/3.2"
                     xmlns:core="http://www.govtalk.gov.uk/core"
                     xmlns:siri="http://www.siri.org.uk/siri"
                     version="1.10:FR-NETEX-2.2">
   <PublicationTimestamp>2025-08-25T23:51:04+02:00</PublicationTimestamp>
   <ParticipantRef>CEC</ParticipantRef>
   <Description>Offre sur la période du 25/08/2025 au 03/01/2026</Description>
   <dataObjects>
      <CompositeFrame id="FR:CompositeFrame:NETEX_LIGNE-20250825T235104:LOC" version="1.0">
         <Name>MATO</Name>
         <FrameDefaults>
            <DefaultLocale>
               <TimeZone>Europe/Paris</TimeZone>
               <DefaultLanguage>fr</DefaultLanguage>
            </DefaultLocale>
            <DefaultLocationSystem>WGS84</DefaultLocationSystem>
            <DefaultSystemOfUnits>SiMetres</DefaultSystemOfUnits>
         </FrameDefaults>
         <frames>
            <ResourceFrame id="FR:ResourceFrame:1" version="any">
               <typesOfValue>
                  <ValueSet id="FR:ValueSet:TypeOfFrame" nameOfClass="TypeOfFrame" version="any">
                     <Name>TypeOfFrame</Name>
                     <values>
                        <TypeOfFrame id="FR:TypeOfFrame:NETEX_RESEAU" version="any">
                           <Name>NETEX_RESEAU</Name>
                        </TypeOfFrame>
                        <TypeOfFrame id="FR:TypeOfFrame:NETEX_HORAIRE" version="any">
                           <Name>NETEX_HORAIRE</Name>
                        </TypeOfFrame>
                     </values>
                  </ValueSet>
               </typesOfValue>
            </ResourceFrame>
            <GeneralFrame id="FR:GeneralFrame:NETEX_RESEAU-20250825T235104:LOC" version="1.0" dataSourceRef="CEC">
               <TypeOfFrameRef ref="FR:TypeOfFrame:NETEX_RESEAU"/>
               <members>
                  <Route id="CEC:Route:MATO-A:LOC" version="1">
                     <Name>MATO - Aller</Name>
                     <LineRef ref="CEC:Line:MATO:LOC" versionRef="1"/>
                     <DirectionType>outbound</DirectionType>
                     <DirectionRef ref="CEC:Direction:MATO-A:LOC" versionRef="1"/>
                     <InverseRouteRef ref="CEC:Route:MATO-R:LOC" versionRef="1"/>
                  </Route>
                  <Direction id="CEC:Direction:MATO-A:LOC" version="1">
                     <Name>MATO - Aller</Name>
                     <DirectionType>outbound</DirectionType>
                  </Direction>
                  <Route id="CEC:Route:MATO-R:LOC" version="1">
                     <Name>MATO - Retour</Name>
                     <LineRef ref="CEC:Line:MATO:LOC" versionRef="1"/>
                     <DirectionType>inbound</DirectionType>
                     <DirectionRef ref="CEC:Direction:MATO-R:LOC" versionRef="1"/>
                     <InverseRouteRef ref="CEC:Route:MATO-A:LOC" versionRef="1"/>
                  </Route>
                  <Direction id="CEC:Direction:MATO-R:LOC" version="1">
                     <Name>MATO - Retour</Name>
                     <DirectionType>inbound</DirectionType>
                  </Direction>
                  <ServiceJourneyPattern id="CEC:ServiceJourneyPattern:109:LOC" version="1">
                     <Name>Matougues Primaire - Matougues</Name>
                     <PrivateCode>14951723</PrivateCode>
                     <RouteRef ref="CEC:Route:MATO-A:LOC" versionRef="1"/>
                     <DestinationDisplayRef ref="CEC:DestinationDisplay:109:LOC" versionRef="1"/>
                     <pointsInSequence>
                        <StopPointInJourneyPattern id="CEC:StopPointInJourneyPattern:109x1:LOC" version="any" order="1">
                           <ScheduledStopPointRef ref="CEC:ScheduledStopPoint:913:LOC" versionRef="1"/>
                           <ForAlighting>false</ForAlighting>
                           <ForBoarding>true</ForBoarding>
                           <RequestStop>false</RequestStop>
                        </StopPointInJourneyPattern>
                        <StopPointInJourneyPattern id="CEC:StopPointInJourneyPattern:109x2:LOC" version="any" order="2">
                           <ScheduledStopPointRef ref="CEC:ScheduledStopPoint:914:LOC" versionRef="1"/>
                           <ForAlighting>true</ForAlighting>
                           <ForBoarding>true</ForBoarding>
                           <RequestStop>false</RequestStop>
                        </StopPointInJourneyPattern>
                        <StopPointInJourneyPattern id="CEC:StopPointInJourneyPattern:109x3:LOC" version="any" order="3">
                           <ScheduledStopPointRef ref="CEC:ScheduledStopPoint:915:LOC" versionRef="1"/>
                           <ForAlighting>true</ForAlighting>
                           <ForBoarding>true</ForBoarding>
                           <RequestStop>false</RequestStop>
                        </StopPointInJourneyPattern>
                        <StopPointInJourneyPattern id="CEC:StopPointInJourneyPattern:109x4:LOC" version="any" order="4">
                           <ScheduledStopPointRef ref="CEC:ScheduledStopPoint:916:LOC" versionRef="1"/>
                           <ForAlighting>true</ForAlighting>
                           <ForBoarding>true</ForBoarding>
                           <RequestStop>false</RequestStop>
                        </StopPointInJourneyPattern>
                        <StopPointInJourneyPattern id="CEC:StopPointInJourneyPattern:109x5:LOC" version="any" order="5">
                           <ScheduledStopPointRef ref="CEC:ScheduledStopPoint:917:LOC" versionRef="1"/>
                           <ForAlighting>true</ForAlighting>
                           <ForBoarding>true</ForBoarding>
                           <RequestStop>false</RequestStop>
                        </StopPointInJourneyPattern>
                        <StopPointInJourneyPattern id="CEC:StopPointInJourneyPattern:109x6:LOC" version="any" order="6">
                           <ScheduledStopPointRef ref="CEC:ScheduledStopPoint:918:LOC" versionRef="1"/>
                           <ForAlighting>true</ForAlighting>
                           <ForBoarding>false</ForBoarding>
                           <RequestStop>false</RequestStop>
                        </StopPointInJourneyPattern>
                     </pointsInSequence>
                     <ServiceJourneyPatternType>passenger</ServiceJourneyPatternType>
                  </ServiceJourneyPattern>
                  <ServiceJourneyPattern id="CEC:ServiceJourneyPattern:259:LOC" version="1">
                     <Name>Thibie</Name>
                     <PrivateCode>14951724</PrivateCode>
                     <RouteRef ref="CEC:Route:MATO-R:LOC" versionRef="1"/>
                     <DestinationDisplayRef ref="CEC:DestinationDisplay:259:LOC" versionRef="1"/>
                     <pointsInSequence>
                        <StopPointInJourneyPattern id="CEC:StopPointInJourneyPattern:259x1:LOC" version="any" order="1">
                           <ScheduledStopPointRef ref="CEC:ScheduledStopPoint:919:LOC" versionRef="1"/>
                           <ForAlighting>false</ForAlighting>
                           <ForBoarding>true</ForBoarding>
                           <RequestStop>false</RequestStop>
                        </StopPointInJourneyPattern>
                        <StopPointInJourneyPattern id="CEC:StopPointInJourneyPattern:259x2:LOC" version="any" order="2">
                           <ScheduledStopPointRef ref="CEC:ScheduledStopPoint:920:LOC" versionRef="1"/>
                           <ForAlighting>true</ForAlighting>
                           <ForBoarding>true</ForBoarding>
                           <RequestStop>false</RequestStop>
                        </StopPointInJourneyPattern>
                        <StopPointInJourneyPattern id="CEC:StopPointInJourneyPattern:259x3:LOC" version="any" order="3">
                           <ScheduledStopPointRef ref="CEC:ScheduledStopPoint:921:LOC" versionRef="1"/>
                           <ForAlighting>true</ForAlighting>
                           <ForBoarding>true</ForBoarding>
                           <RequestStop>false</RequestStop>
                        </StopPointInJourneyPattern>
                        <StopPointInJourneyPattern id="CEC:StopPointInJourneyPattern:259x4:LOC" version="any" order="4">
                           <ScheduledStopPointRef ref="CEC:ScheduledStopPoint:922:LOC" versionRef="1"/>
                           <ForAlighting>true</ForAlighting>
                           <ForBoarding>true</ForBoarding>
                           <RequestStop>false</RequestStop>
                        </StopPointInJourneyPattern>
                        <StopPointInJourneyPattern id="CEC:StopPointInJourneyPattern:259x5:LOC" version="any" order="5">
                           <ScheduledStopPointRef ref="CEC:ScheduledStopPoint:923:LOC" versionRef="1"/>
                           <ForAlighting>true</ForAlighting>
                           <ForBoarding>true</ForBoarding>
                           <RequestStop>false</RequestStop>
                        </StopPointInJourneyPattern>
                        <StopPointInJourneyPattern id="CEC:StopPointInJourneyPattern:259x6:LOC" version="any" order="6">
                           <ScheduledStopPointRef ref="CEC:ScheduledStopPoint:924:LOC" versionRef="1"/>
                           <ForAlighting>true</ForAlighting>
                           <ForBoarding>false</ForBoarding>
                           <RequestStop>false</RequestStop>
                        </StopPointInJourneyPattern>
                     </pointsInSequence>
                     <ServiceJourneyPatternType>passenger</ServiceJourneyPatternType>
                  </ServiceJourneyPattern>
                  <DestinationDisplay id="CEC:DestinationDisplay:109:LOC" version="1">
                     <FrontText>Matougues Primaire</FrontText>
                  </DestinationDisplay>
                  <DestinationDisplay id="CEC:DestinationDisplay:259:LOC" version="1">
                     <FrontText>Thibie</FrontText>
                  </DestinationDisplay>
                  <ScheduledStopPoint id="CEC:ScheduledStopPoint:913:LOC" version="1">
                     <Name>Thibie</Name>
                     <Location id="CEC:Location:8139456467d74854ad997d5e56bb5a08:LOC">
                        <Longitude>4.2154055</Longitude>
                        <Latitude>48.9293767</Latitude>
                        <gml:pos srsName="EPSG:27572">737743.905116092 2438438.63260334</gml:pos>
                     </Location>
                  </ScheduledStopPoint>
                  <ScheduledStopPoint id="CEC:ScheduledStopPoint:914:LOC" version="1">
                     <Name>St-Pierre</Name>
                     <Location id="CEC:Location:725627cc5dcd477e8c989e396104e3c8:LOC">
                        <Longitude>4.2443147</Longitude>
                        <Latitude>48.9467374</Latitude>
                        <gml:pos srsName="EPSG:27572">739815.98404296 2440420.8896055</gml:pos>
                     </Location>
                  </ScheduledStopPoint>
                  <ScheduledStopPoint id="CEC:ScheduledStopPoint:915:LOC" version="1">
                     <Name>Fontaine St-Maurice</Name>
                     <Location id="CEC:Location:f9814fd709b444a29f6843de1897d437:LOC">
                        <Longitude>4.261715</Longitude>
                        <Latitude>48.9548856</Latitude>
                        <gml:pos srsName="EPSG:27572">741068.732369081 2441358.39123914</gml:pos>
                     </Location>
                  </ScheduledStopPoint>
                  <ScheduledStopPoint id="CEC:ScheduledStopPoint:916:LOC" version="1">
                     <Name>Villers-le-Château</Name>
                     <Location id="CEC:Location:d86ca36de28e4d998354cbb5d9e9b141:LOC">
                        <Longitude>4.2617431</Longitude>
                        <Latitude>48.9549009</Latitude>
                        <gml:pos srsName="EPSG:27572">741070.749286741 2441360.14365819</gml:pos>
                     </Location>
                  </ScheduledStopPoint>
                  <ScheduledStopPoint id="CEC:ScheduledStopPoint:917:LOC" version="1">
                     <Name>Matougues Maternelle</Name>
                     <Location id="CEC:Location:5fdb39b0f9d1442a99371c2cb82bff58:LOC">
                        <Longitude>4.2425776</Longitude>
                        <Latitude>48.9937955</Latitude>
                        <gml:pos srsName="EPSG:27572">739561.777204197 2445652.74374183</gml:pos>
                     </Location>
                  </ScheduledStopPoint>
                  <ScheduledStopPoint id="CEC:ScheduledStopPoint:918:LOC" version="1">
                     <Name>Matougues Primaire</Name>
                     <Location id="CEC:Location:7fd4f2d70ae347fbaf318b7be83071c1:LOC">
                        <Longitude>4.2431369</Longitude>
                        <Latitude>48.9935285</Latitude>
                        <gml:pos srsName="EPSG:27572">739603.441222568 2445624.03381573</gml:pos>
                     </Location>
                  </ScheduledStopPoint>
                  <ScheduledStopPoint id="CEC:ScheduledStopPoint:919:LOC" version="1">
                     <Name>Matougues Maternelle</Name>
                     <Location id="CEC:Location:db5c953a75a24137838f5023fcb9a22c:LOC">
                        <Longitude>4.2425776</Longitude>
                        <Latitude>48.9937955</Latitude>
                        <gml:pos srsName="EPSG:27572">739561.777204197 2445652.74374183</gml:pos>
                     </Location>
                  </ScheduledStopPoint>
                  <ScheduledStopPoint id="CEC:ScheduledStopPoint:920:LOC" version="1">
                     <Name>Matougues Primaire</Name>
                     <Location id="CEC:Location:aedfa81297414cd6ae87c84c367950c2:LOC">
                        <Longitude>4.2431369</Longitude>
                        <Latitude>48.9935285</Latitude>
                        <gml:pos srsName="EPSG:27572">739603.441222568 2445624.03381573</gml:pos>
                     </Location>
                  </ScheduledStopPoint>
                  <ScheduledStopPoint id="CEC:ScheduledStopPoint:921:LOC" version="1">
                     <Name>Villers-le-Château</Name>
                     <Location id="CEC:Location:09a62d7fc9ba4117a8a48b4d9174918e:LOC">
                        <Longitude>4.2615963</Longitude>
                        <Latitude>48.9548589</Latitude>
                        <gml:pos srsName="EPSG:27572">741060.109167026 2441355.20812084</gml:pos>
                     </Location>
                  </ScheduledStopPoint>
                  <ScheduledStopPoint id="CEC:ScheduledStopPoint:922:LOC" version="1">
                     <Name>Fontaine St-Maurice</Name>
                     <Location id="CEC:Location:ef714debe36a4bb79a172a8df10c3181:LOC">
                        <Longitude>4.261653</Longitude>
                        <Latitude>48.9548894</Latitude>
                        <gml:pos srsName="EPSG:27572">741064.179910836 2441358.70272634</gml:pos>
                     </Location>
                  </ScheduledStopPoint>
                  <ScheduledStopPoint id="CEC:ScheduledStopPoint:923:LOC" version="1">
                     <Name>St-Pierre</Name>
                     <Location id="CEC:Location:f7af105c8c6649529d4b5f5d6bc7a1c7:LOC">
                        <Longitude>4.2443543</Longitude>
                        <Latitude>48.9468137</Latitude>
                        <gml:pos srsName="EPSG:27572">739818.679616053 2440429.44778244</gml:pos>
                     </Location>
                  </ScheduledStopPoint>
                  <ScheduledStopPoint id="CEC:ScheduledStopPoint:924:LOC" version="1">
                     <Name>Thibie</Name>
                     <Location id="CEC:Location:fee76b0a969a4856940e899688a1cfaa:LOC">
                        <Longitude>4.2152401</Longitude>
                        <Latitude>48.9293386</Latitude>
                        <gml:pos srsName="EPSG:27572">737731.883090944 2438434.10457319</gml:pos>
                     </Location>
                  </ScheduledStopPoint>
                  <PassengerStopAssignment id="CEC:PassengerStopAssignment:913:LOC" version="1" order="0">
                     <ScheduledStopPointRef ref="CEC:ScheduledStopPoint:913:LOC" versionRef="1"/>
                     <StopPlaceRef ref="FR:51566:StopPlace:genAUTO$1617265271:CEC" versionRef="1"/>
                     <QuayRef ref="FR:51566:Quay:THI-1:CEC" versionRef="1"/>
                  </PassengerStopAssignment>
                  <PassengerStopAssignment id="CEC:PassengerStopAssignment:914:LOC" version="1" order="0">
                     <ScheduledStopPointRef ref="CEC:ScheduledStopPoint:914:LOC" versionRef="1"/>
                     <StopPlaceRef ref="FR:51509:StopPlace:genAUTO$2121301693:CEC" versionRef="1"/>
                     <QuayRef ref="FR:51509:Quay:STP-1:CEC" versionRef="1"/>
                  </PassengerStopAssignment>
                  <PassengerStopAssignment id="CEC:PassengerStopAssignment:915:LOC" version="1" order="0">
                     <ScheduledStopPointRef ref="CEC:ScheduledStopPoint:915:LOC" versionRef="1"/>
                     <StopPlaceRef ref="FR:51634:StopPlace:genAUTO$527078037:CEC" versionRef="1"/>
                     <QuayRef ref="FR:51634:Quay:FONT-1:CEC" versionRef="1"/>
                  </PassengerStopAssignment>
                  <PassengerStopAssignment id="CEC:PassengerStopAssignment:916:LOC" version="1" order="0">
                     <ScheduledStopPointRef ref="CEC:ScheduledStopPoint:916:LOC" versionRef="1"/>
                     <StopPlaceRef ref="FR:51634:StopPlace:genAUTO$426048646:CEC" versionRef="1"/>
                     <QuayRef ref="FR:51634:Quay:VILLER-1:CEC" versionRef="1"/>
                  </PassengerStopAssignment>
                  <PassengerStopAssignment id="CEC:PassengerStopAssignment:917:LOC" version="1" order="0">
                     <ScheduledStopPointRef ref="CEC:ScheduledStopPoint:917:LOC" versionRef="1"/>
                     <StopPlaceRef ref="FR:51357:StopPlace:genAUTO$1659620666:CEC" versionRef="1"/>
                     <QuayRef ref="FR:51357:Quay:MATO M:CEC" versionRef="1"/>
                  </PassengerStopAssignment>
                  <PassengerStopAssignment id="CEC:PassengerStopAssignment:918:LOC" version="1" order="0">
                     <ScheduledStopPointRef ref="CEC:ScheduledStopPoint:918:LOC" versionRef="1"/>
                     <StopPlaceRef ref="FR:51357:StopPlace:genAUTO$187645059:CEC" versionRef="1"/>
                     <QuayRef ref="FR:51357:Quay:MATO P:CEC" versionRef="1"/>
                  </PassengerStopAssignment>
                  <PassengerStopAssignment id="CEC:PassengerStopAssignment:919:LOC" version="1" order="0">
                     <ScheduledStopPointRef ref="CEC:ScheduledStopPoint:919:LOC" versionRef="1"/>
                     <StopPlaceRef ref="FR:51357:StopPlace:genAUTO$1659620666:CEC" versionRef="1"/>
                     <QuayRef ref="FR:51357:Quay:MATO M:CEC" versionRef="1"/>
                  </PassengerStopAssignment>
                  <PassengerStopAssignment id="CEC:PassengerStopAssignment:920:LOC" version="1" order="0">
                     <ScheduledStopPointRef ref="CEC:ScheduledStopPoint:920:LOC" versionRef="1"/>
                     <StopPlaceRef ref="FR:51357:StopPlace:genAUTO$187645059:CEC" versionRef="1"/>
                     <QuayRef ref="FR:51357:Quay:MATO P:CEC" versionRef="1"/>
                  </PassengerStopAssignment>
                  <PassengerStopAssignment id="CEC:PassengerStopAssignment:921:LOC" version="1" order="0">
                     <ScheduledStopPointRef ref="CEC:ScheduledStopPoint:921:LOC" versionRef="1"/>
                     <StopPlaceRef ref="FR:51634:StopPlace:genAUTO$22764119:CEC" versionRef="1"/>
                     <QuayRef ref="FR:51634:Quay:VILLER-2:CEC" versionRef="1"/>
                  </PassengerStopAssignment>
                  <PassengerStopAssignment id="CEC:PassengerStopAssignment:922:LOC" version="1" order="0">
                     <ScheduledStopPointRef ref="CEC:ScheduledStopPoint:922:LOC" versionRef="1"/>
                     <StopPlaceRef ref="FR:51634:StopPlace:genAUTO$930362564:CEC" versionRef="1"/>
                     <QuayRef ref="FR:51634:Quay:FONT-2:CEC" versionRef="1"/>
                  </PassengerStopAssignment>
                  <PassengerStopAssignment id="CEC:PassengerStopAssignment:923:LOC" version="1" order="0">
                     <ScheduledStopPointRef ref="CEC:ScheduledStopPoint:923:LOC" versionRef="1"/>
                     <StopPlaceRef ref="FR:51509:StopPlace:genAUTO$2121301696:CEC" versionRef="1"/>
                     <QuayRef ref="FR:51509:Quay:STP-2:CEC" versionRef="1"/>
                  </PassengerStopAssignment>
                  <PassengerStopAssignment id="CEC:PassengerStopAssignment:924:LOC" version="1" order="0">
                     <ScheduledStopPointRef ref="CEC:ScheduledStopPoint:924:LOC" versionRef="1"/>
                     <StopPlaceRef ref="FR:51566:StopPlace:genAUTO$1617265270:CEC" versionRef="1"/>
                     <QuayRef ref="FR:51566:Quay:THI-2:CEC" versionRef="1"/>
                  </PassengerStopAssignment>
               </members>
            </GeneralFrame>
            <GeneralFrame id="FR:GeneralFrame:NETEX_HORAIRE-20250825T235104:LOC" version="1.0" dataSourceRef="CEC">
               <TypeOfFrameRef ref="FR:TypeOfFrame:NETEX_HORAIRE"/>
               <members>
                  <ServiceJourney id="CEC:ServiceJourney:1140094:LOC" version="1">
                     <TransportMode>bus</TransportMode>
                     <dayTypes>
                        <DayTypeRef ref="CEC:Timetable:DayType:2027:LOC" versionRef="1"/>
                     </dayTypes>
                     <JourneyPatternRef ref="CEC:ServiceJourneyPattern:109:LOC" versionRef="1"/>
                     <passingTimes>
                        <TimetabledPassingTime version="any">
                           <ArrivalTime>08:05:00</ArrivalTime>
                           <ArrivalDayOffset>0</ArrivalDayOffset>
                           <DepartureTime>08:05:00</DepartureTime>
                           <DepartureDayOffset>0</DepartureDayOffset>
                        </TimetabledPassingTime>
                        <TimetabledPassingTime version="any">
                           <ArrivalTime>08:10:00</ArrivalTime>
                           <ArrivalDayOffset>0</ArrivalDayOffset>
                           <DepartureTime>08:10:00</DepartureTime>
                           <DepartureDayOffset>0</DepartureDayOffset>
                        </TimetabledPassingTime>
                        <TimetabledPassingTime version="any">
                           <ArrivalTime>08:14:00</ArrivalTime>
                           <ArrivalDayOffset>0</ArrivalDayOffset>
                           <DepartureTime>08:14:00</DepartureTime>
                           <DepartureDayOffset>0</DepartureDayOffset>
                        </TimetabledPassingTime>
                        <TimetabledPassingTime version="any">
                           <ArrivalTime>08:15:00</ArrivalTime>
                           <ArrivalDayOffset>0</ArrivalDayOffset>
                           <DepartureTime>08:15:00</DepartureTime>
                           <DepartureDayOffset>0</DepartureDayOffset>
                        </TimetabledPassingTime>
                        <TimetabledPassingTime version="any">
                           <ArrivalTime>08:25:00</ArrivalTime>
                           <ArrivalDayOffset>0</ArrivalDayOffset>
                           <DepartureTime>08:25:00</DepartureTime>
                           <DepartureDayOffset>0</DepartureDayOffset>
                        </TimetabledPassingTime>
                        <TimetabledPassingTime version="any">
                           <ArrivalTime>08:30:00</ArrivalTime>
                           <ArrivalDayOffset>0</ArrivalDayOffset>
                           <DepartureTime>08:30:00</DepartureTime>
                           <DepartureDayOffset>0</DepartureDayOffset>
                        </TimetabledPassingTime>
                     </passingTimes>
                  </ServiceJourney>
                  <ServiceJourney id="CEC:ServiceJourney:1140093:LOC" version="1">
                     <TransportMode>bus</TransportMode>
                     <dayTypes>
                        <DayTypeRef ref="CEC:Timetable:DayType:2027:LOC" versionRef="1"/>
                     </dayTypes>
                     <JourneyPatternRef ref="CEC:ServiceJourneyPattern:259:LOC" versionRef="1"/>
                     <passingTimes>
                        <TimetabledPassingTime version="any">
                           <ArrivalTime>16:30:00</ArrivalTime>
                           <ArrivalDayOffset>0</ArrivalDayOffset>
                           <DepartureTime>16:30:00</DepartureTime>
                           <DepartureDayOffset>0</DepartureDayOffset>
                        </TimetabledPassingTime>
                        <TimetabledPassingTime version="any">
                           <ArrivalTime>16:38:00</ArrivalTime>
                           <ArrivalDayOffset>0</ArrivalDayOffset>
                           <DepartureTime>16:38:00</DepartureTime>
                           <DepartureDayOffset>0</DepartureDayOffset>
                        </TimetabledPassingTime>
                        <TimetabledPassingTime version="any">
                           <ArrivalTime>16:44:00</ArrivalTime>
                           <ArrivalDayOffset>0</ArrivalDayOffset>
                           <DepartureTime>16:44:00</DepartureTime>
                           <DepartureDayOffset>0</DepartureDayOffset>
                        </TimetabledPassingTime>
                        <TimetabledPassingTime version="any">
                           <ArrivalTime>16:46:00</ArrivalTime>
                           <ArrivalDayOffset>0</ArrivalDayOffset>
                           <DepartureTime>16:46:00</DepartureTime>
                           <DepartureDayOffset>0</DepartureDayOffset>
                        </TimetabledPassingTime>
                        <TimetabledPassingTime version="any">
                           <ArrivalTime>16:48:00</ArrivalTime>
                           <ArrivalDayOffset>0</ArrivalDayOffset>
                           <DepartureTime>16:48:00</DepartureTime>
                           <DepartureDayOffset>0</DepartureDayOffset>
                        </TimetabledPassingTime>
                        <TimetabledPassingTime version="any">
                           <ArrivalTime>16:55:00</ArrivalTime>
                           <ArrivalDayOffset>0</ArrivalDayOffset>
                           <DepartureTime>16:55:00</DepartureTime>
                           <DepartureDayOffset>0</DepartureDayOffset>
                        </TimetabledPassingTime>
                     </passingTimes>
                  </ServiceJourney>
               </members>
            </GeneralFrame>
         </frames>
      </CompositeFrame>
   </dataObjects>
</PublicationDelivery>
