<?xml version="1.0" encoding="UTF-8"?>
<PublicationDelivery xmlns:xsi="http://www.w3.org/2001/XMLSchema-instance"
                     xsi:schemaLocation="http://www.netex.org.uk/netex"
                     xmlns="http://www.netex.org.uk/netex"
                     xmlns:xlink="http://www.w3.org/1999/xlink"
                     xmlns:ifopt="http://www.ifopt.org.uk/ifopt"
                     xmlns:gml="http://www.opengis.net/gml/3.2"
                     xmlns:core="http://www.govtalk.gov.uk/core"
                     xmlns:siri="http://www.siri.org.uk/siri"
                     version="1.10:FR-NETEX-2.2">
   <PublicationTimestamp>2025-08-25T23:51:04+02:00</PublicationTimestamp>
   <ParticipantRef>CEC</ParticipantRef>
   <Description>Offre sur la période du 25/08/2025 au 03/01/2026</Description>
   <dataObjects>
      <CompositeFrame id="FR:CompositeFrame:NETEX_LIGNE-20250825T235104:LOC" version="1.0">
         <Name>SOMM</Name>
         <FrameDefaults>
            <DefaultLocale>
               <TimeZone>Europe/Paris</TimeZone>
               <DefaultLanguage>fr</DefaultLanguage>
            </DefaultLocale>
            <DefaultLocationSystem>WGS84</DefaultLocationSystem>
            <DefaultSystemOfUnits>SiMetres</DefaultSystemOfUnits>
         </FrameDefaults>
         <frames>
            <ResourceFrame id="FR:ResourceFrame:1" version="any">
               <typesOfValue>
                  <ValueSet id="FR:ValueSet:TypeOfFrame" nameOfClass="TypeOfFrame" version="any">
                     <Name>TypeOfFrame</Name>
                     <values>
                        <TypeOfFrame id="FR:TypeOfFrame:NETEX_RESEAU" version="any">
                           <Name>NETEX_RESEAU</Name>
                        </TypeOfFrame>
                        <TypeOfFrame id="FR:TypeOfFrame:NETEX_HORAIRE" version="any">
                           <Name>NETEX_HORAIRE</Name>
                        </TypeOfFrame>
                     </values>
                  </ValueSet>
               </typesOfValue>
            </ResourceFrame>
            <GeneralFrame id="FR:GeneralFrame:NETEX_RESEAU-20250825T235104:LOC" version="1.0" dataSourceRef="CEC">
               <TypeOfFrameRef ref="FR:TypeOfFrame:NETEX_RESEAU"/>
               <members>
                  <Route id="CEC:Route:SOMM-A:LOC" version="1">
                     <Name>SOMM - Aller</Name>
                     <LineRef ref="CEC:Line:SOMM:LOC" versionRef="1"/>
                     <DirectionType>outbound</DirectionType>
                     <DirectionRef ref="CEC:Direction:SOMM-A:LOC" versionRef="1"/>
                     <InverseRouteRef ref="CEC:Route:SOMM-R:LOC" versionRef="1"/>
                  </Route>
                  <Direction id="CEC:Direction:SOMM-A:LOC" version="1">
                     <Name>SOMM - Aller</Name>
                     <DirectionType>outbound</DirectionType>
                  </Direction>
                  <Route id="CEC:Route:SOMM-R:LOC" version="1">
                     <Name>SOMM - Retour</Name>
                     <LineRef ref="CEC:Line:SOMM:LOC" versionRef="1"/>
                     <DirectionType>inbound</DirectionType>
                     <DirectionRef ref="CEC:Direction:SOMM-R:LOC" versionRef="1"/>
                     <InverseRouteRef ref="CEC:Route:SOMM-A:LOC" versionRef="1"/>
                  </Route>
                  <Direction id="CEC:Direction:SOMM-R:LOC" version="1">
                     <Name>SOMM - Retour</Name>
                     <DirectionType>inbound</DirectionType>
                  </Direction>
                  <ServiceJourneyPattern id="CEC:ServiceJourneyPattern:111:LOC" version="1">
                     <Name>Sommesous Primaire - Sommesous</Name>
                     <PrivateCode>14951751</PrivateCode>
                     <RouteRef ref="CEC:Route:SOMM-A:LOC" versionRef="1"/>
                     <DestinationDisplayRef ref="CEC:DestinationDisplay:111:LOC" versionRef="1"/>
                     <pointsInSequence>
                        <StopPointInJourneyPattern id="CEC:StopPointInJourneyPattern:111x1:LOC" version="any" order="1">
                           <ScheduledStopPointRef ref="CEC:ScheduledStopPoint:931:LOC" versionRef="1"/>
                           <ForAlighting>false</ForAlighting>
                           <ForBoarding>true</ForBoarding>
                           <RequestStop>false</RequestStop>
                        </StopPointInJourneyPattern>
                        <StopPointInJourneyPattern id="CEC:StopPointInJourneyPattern:111x2:LOC" version="any" order="2">
                           <ScheduledStopPointRef ref="CEC:ScheduledStopPoint:932:LOC" versionRef="1"/>
                           <ForAlighting>true</ForAlighting>
                           <ForBoarding>true</ForBoarding>
                           <RequestStop>false</RequestStop>
                        </StopPointInJourneyPattern>
                        <StopPointInJourneyPattern id="CEC:StopPointInJourneyPattern:111x3:LOC" version="any" order="3">
                           <ScheduledStopPointRef ref="CEC:ScheduledStopPoint:933:LOC" versionRef="1"/>
                           <ForAlighting>true</ForAlighting>
                           <ForBoarding>true</ForBoarding>
                           <RequestStop>false</RequestStop>
                        </StopPointInJourneyPattern>
                        <StopPointInJourneyPattern id="CEC:StopPointInJourneyPattern:111x4:LOC" version="any" order="4">
                           <ScheduledStopPointRef ref="CEC:ScheduledStopPoint:934:LOC" versionRef="1"/>
                           <ForAlighting>true</ForAlighting>
                           <ForBoarding>true</ForBoarding>
                           <RequestStop>false</RequestStop>
                        </StopPointInJourneyPattern>
                        <StopPointInJourneyPattern id="CEC:StopPointInJourneyPattern:111x5:LOC" version="any" order="5">
                           <ScheduledStopPointRef ref="CEC:ScheduledStopPoint:935:LOC" versionRef="1"/>
                           <ForAlighting>true</ForAlighting>
                           <ForBoarding>true</ForBoarding>
                           <RequestStop>false</RequestStop>
                        </StopPointInJourneyPattern>
                        <StopPointInJourneyPattern id="CEC:StopPointInJourneyPattern:111x6:LOC" version="any" order="6">
                           <ScheduledStopPointRef ref="CEC:ScheduledStopPoint:936:LOC" versionRef="1"/>
                           <ForAlighting>true</ForAlighting>
                           <ForBoarding>true</ForBoarding>
                           <RequestStop>false</RequestStop>
                        </StopPointInJourneyPattern>
                        <StopPointInJourneyPattern id="CEC:StopPointInJourneyPattern:111x7:LOC" version="any" order="11">
                           <ScheduledStopPointRef ref="CEC:ScheduledStopPoint:941:LOC" versionRef="1"/>
                           <ForAlighting>true</ForAlighting>
                           <ForBoarding>false</ForBoarding>
                           <RequestStop>false</RequestStop>
                        </StopPointInJourneyPattern>
                     </pointsInSequence>
                     <ServiceJourneyPatternType>passenger</ServiceJourneyPatternType>
                  </ServiceJourneyPattern>
                  <ServiceJourneyPattern id="CEC:ServiceJourneyPattern:112:LOC" version="1">
                     <Name>Sommesous Primaire - Sommesous</Name>
                     <PrivateCode>14951748</PrivateCode>
                     <RouteRef ref="CEC:Route:SOMM-A:LOC" versionRef="1"/>
                     <DestinationDisplayRef ref="CEC:DestinationDisplay:112:LOC" versionRef="1"/>
                     <pointsInSequence>
                        <StopPointInJourneyPattern id="CEC:StopPointInJourneyPattern:112x1:LOC" version="any" order="7">
                           <ScheduledStopPointRef ref="CEC:ScheduledStopPoint:937:LOC" versionRef="1"/>
                           <ForAlighting>false</ForAlighting>
                           <ForBoarding>true</ForBoarding>
                           <RequestStop>false</RequestStop>
                        </StopPointInJourneyPattern>
                        <StopPointInJourneyPattern id="CEC:StopPointInJourneyPattern:112x2:LOC" version="any" order="8">
                           <ScheduledStopPointRef ref="CEC:ScheduledStopPoint:938:LOC" versionRef="1"/>
                           <ForAlighting>true</ForAlighting>
                           <ForBoarding>true</ForBoarding>
                           <RequestStop>false</RequestStop>
                        </StopPointInJourneyPattern>
                        <StopPointInJourneyPattern id="CEC:StopPointInJourneyPattern:112x3:LOC" version="any" order="9">
                           <ScheduledStopPointRef ref="CEC:ScheduledStopPoint:939:LOC" versionRef="1"/>
                           <ForAlighting>true</ForAlighting>
                           <ForBoarding>true</ForBoarding>
                           <RequestStop>false</RequestStop>
                        </StopPointInJourneyPattern>
                        <StopPointInJourneyPattern id="CEC:StopPointInJourneyPattern:112x4:LOC" version="any" order="10">
                           <ScheduledStopPointRef ref="CEC:ScheduledStopPoint:940:LOC" versionRef="1"/>
                           <ForAlighting>true</ForAlighting>
                           <ForBoarding>true</ForBoarding>
                           <RequestStop>false</RequestStop>
                        </StopPointInJourneyPattern>
                        <StopPointInJourneyPattern id="CEC:StopPointInJourneyPattern:112x5:LOC" version="any" order="11">
                           <ScheduledStopPointRef ref="CEC:ScheduledStopPoint:941:LOC" versionRef="1"/>
                           <ForAlighting>true</ForAlighting>
                           <ForBoarding>false</ForBoarding>
                           <RequestStop>false</RequestStop>
                        </StopPointInJourneyPattern>
                     </pointsInSequence>
                     <ServiceJourneyPatternType>passenger</ServiceJourneyPatternType>
                  </ServiceJourneyPattern>
                  <ServiceJourneyPattern id="CEC:ServiceJourneyPattern:261:LOC" version="1">
                     <Name>Montépreux</Name>
                     <PrivateCode>14951749</PrivateCode>
                     <RouteRef ref="CEC:Route:SOMM-R:LOC" versionRef="1"/>
                     <DestinationDisplayRef ref="CEC:DestinationDisplay:261:LOC" versionRef="1"/>
                     <pointsInSequence>
                        <StopPointInJourneyPattern id="CEC:StopPointInJourneyPattern:261x1:LOC" version="any" order="1">
                           <ScheduledStopPointRef ref="CEC:ScheduledStopPoint:942:LOC" versionRef="1"/>
                           <ForAlighting>false</ForAlighting>
                           <ForBoarding>true</ForBoarding>
                           <RequestStop>false</RequestStop>
                        </StopPointInJourneyPattern>
                        <StopPointInJourneyPattern id="CEC:StopPointInJourneyPattern:261x2:LOC" version="any" order="7">
                           <ScheduledStopPointRef ref="CEC:ScheduledStopPoint:948:LOC" versionRef="1"/>
                           <ForAlighting>true</ForAlighting>
                           <ForBoarding>true</ForBoarding>
                           <RequestStop>false</RequestStop>
                        </StopPointInJourneyPattern>
                        <StopPointInJourneyPattern id="CEC:StopPointInJourneyPattern:261x3:LOC" version="any" order="8">
                           <ScheduledStopPointRef ref="CEC:ScheduledStopPoint:949:LOC" versionRef="1"/>
                           <ForAlighting>true</ForAlighting>
                           <ForBoarding>true</ForBoarding>
                           <RequestStop>false</RequestStop>
                        </StopPointInJourneyPattern>
                        <StopPointInJourneyPattern id="CEC:StopPointInJourneyPattern:261x4:LOC" version="any" order="9">
                           <ScheduledStopPointRef ref="CEC:ScheduledStopPoint:950:LOC" versionRef="1"/>
                           <ForAlighting>true</ForAlighting>
                           <ForBoarding>true</ForBoarding>
                           <RequestStop>false</RequestStop>
                        </StopPointInJourneyPattern>
                        <StopPointInJourneyPattern id="CEC:StopPointInJourneyPattern:261x5:LOC" version="any" order="10">
                           <ScheduledStopPointRef ref="CEC:ScheduledStopPoint:951:LOC" versionRef="1"/>
                           <ForAlighting>true</ForAlighting>
                           <ForBoarding>true</ForBoarding>
                           <RequestStop>false</RequestStop>
                        </StopPointInJourneyPattern>
                        <StopPointInJourneyPattern id="CEC:StopPointInJourneyPattern:261x6:LOC" version="any" order="11">
                           <ScheduledStopPointRef ref="CEC:ScheduledStopPoint:952:LOC" versionRef="1"/>
                           <ForAlighting>true</ForAlighting>
                           <ForBoarding>true</ForBoarding>
                           <RequestStop>false</RequestStop>
                        </StopPointInJourneyPattern>
                        <StopPointInJourneyPattern id="CEC:StopPointInJourneyPattern:261x7:LOC" version="any" order="12">
                           <ScheduledStopPointRef ref="CEC:ScheduledStopPoint:953:LOC" versionRef="1"/>
                           <ForAlighting>true</ForAlighting>
                           <ForBoarding>false</ForBoarding>
                           <RequestStop>false</RequestStop>
                        </StopPointInJourneyPattern>
                     </pointsInSequence>
                     <ServiceJourneyPatternType>passenger</ServiceJourneyPatternType>
                  </ServiceJourneyPattern>
                  <ServiceJourneyPattern id="CEC:ServiceJourneyPattern:262:LOC" version="1">
                     <Name>Lettrée - Dommartin-Lettrée</Name>
                     <PrivateCode>14951750</PrivateCode>
                     <RouteRef ref="CEC:Route:SOMM-R:LOC" versionRef="1"/>
                     <DestinationDisplayRef ref="CEC:DestinationDisplay:262:LOC" versionRef="1"/>
                     <pointsInSequence>
                        <StopPointInJourneyPattern id="CEC:StopPointInJourneyPattern:262x1:LOC" version="any" order="1">
                           <ScheduledStopPointRef ref="CEC:ScheduledStopPoint:942:LOC" versionRef="1"/>
                           <ForAlighting>false</ForAlighting>
                           <ForBoarding>true</ForBoarding>
                           <RequestStop>false</RequestStop>
                        </StopPointInJourneyPattern>
                        <StopPointInJourneyPattern id="CEC:StopPointInJourneyPattern:262x2:LOC" version="any" order="2">
                           <ScheduledStopPointRef ref="CEC:ScheduledStopPoint:943:LOC" versionRef="1"/>
                           <ForAlighting>true</ForAlighting>
                           <ForBoarding>true</ForBoarding>
                           <RequestStop>false</RequestStop>
                        </StopPointInJourneyPattern>
                        <StopPointInJourneyPattern id="CEC:StopPointInJourneyPattern:262x3:LOC" version="any" order="3">
                           <ScheduledStopPointRef ref="CEC:ScheduledStopPoint:944:LOC" versionRef="1"/>
                           <ForAlighting>true</ForAlighting>
                           <ForBoarding>true</ForBoarding>
                           <RequestStop>false</RequestStop>
                        </StopPointInJourneyPattern>
                        <StopPointInJourneyPattern id="CEC:StopPointInJourneyPattern:262x4:LOC" version="any" order="4">
                           <ScheduledStopPointRef ref="CEC:ScheduledStopPoint:945:LOC" versionRef="1"/>
                           <ForAlighting>true</ForAlighting>
                           <ForBoarding>true</ForBoarding>
                           <RequestStop>false</RequestStop>
                        </StopPointInJourneyPattern>
                        <StopPointInJourneyPattern id="CEC:StopPointInJourneyPattern:262x5:LOC" version="any" order="5">
                           <ScheduledStopPointRef ref="CEC:ScheduledStopPoint:946:LOC" versionRef="1"/>
                           <ForAlighting>true</ForAlighting>
                           <ForBoarding>true</ForBoarding>
                           <RequestStop>false</RequestStop>
                        </StopPointInJourneyPattern>
                        <StopPointInJourneyPattern id="CEC:StopPointInJourneyPattern:262x6:LOC" version="any" order="6">
                           <ScheduledStopPointRef ref="CEC:ScheduledStopPoint:947:LOC" versionRef="1"/>
                           <ForAlighting>true</ForAlighting>
                           <ForBoarding>false</ForBoarding>
                           <RequestStop>false</RequestStop>
                        </StopPointInJourneyPattern>
                     </pointsInSequence>
                     <ServiceJourneyPatternType>passenger</ServiceJourneyPatternType>
                  </ServiceJourneyPattern>
                  <DestinationDisplay id="CEC:DestinationDisplay:111:LOC" version="1">
                     <FrontText>Sommesous Primaire</FrontText>
                  </DestinationDisplay>
                  <DestinationDisplay id="CEC:DestinationDisplay:112:LOC" version="1">
                     <FrontText>Sommesous Primaire</FrontText>
                  </DestinationDisplay>
                  <DestinationDisplay id="CEC:DestinationDisplay:261:LOC" version="1">
                     <FrontText>Montépreux</FrontText>
                  </DestinationDisplay>
                  <DestinationDisplay id="CEC:DestinationDisplay:262:LOC" version="1">
                     <FrontText>Lettrée</FrontText>
                  </DestinationDisplay>
                  <ScheduledStopPoint id="CEC:ScheduledStopPoint:931:LOC" version="1">
                     <Name>Montépreux</Name>
                     <Location id="CEC:Location:280002b0649741209f8ce0349fc50a16:LOC">
                        <Longitude>4.1388321</Longitude>
                        <Latitude>48.7124366</Latitude>
                        <gml:pos srsName="EPSG:27572">732684.460667973 2414176.0971182</gml:pos>
                     </Location>
                  </ScheduledStopPoint>
                  <ScheduledStopPoint id="CEC:ScheduledStopPoint:932:LOC" version="1">
                     <Name>La Féculerie</Name>
                     <Location id="CEC:Location:b4a93311c455420a8fd18a0d29343e22:LOC">
                        <Longitude>4.1409503</Longitude>
                        <Latitude>48.7185477</Latitude>
                        <gml:pos srsName="EPSG:27572">732824.771205816 2414859.37900072</gml:pos>
                     </Location>
                  </ScheduledStopPoint>
                  <ScheduledStopPoint id="CEC:ScheduledStopPoint:933:LOC" version="1">
                     <Name>Lenharrée</Name>
                     <Location id="CEC:Location:a5d77111f5c64610b0891e4c33ab7067:LOC">
                        <Longitude>4.1144133</Longitude>
                        <Latitude>48.7757224</Latitude>
                        <gml:pos srsName="EPSG:27572">730727.90620141 2421174.32702953</gml:pos>
                     </Location>
                  </ScheduledStopPoint>
                  <ScheduledStopPoint id="CEC:ScheduledStopPoint:934:LOC" version="1">
                     <Name>Ferme Chapelaine</Name>
                     <Location id="CEC:Location:0aa64a686d2f47cb96b340ee758ab00d:LOC">
                        <Longitude>4.1308499</Longitude>
                        <Latitude>48.7628325</Latitude>
                        <gml:pos srsName="EPSG:27572">731968.989280825 2419768.04023952</gml:pos>
                     </Location>
                  </ScheduledStopPoint>
                  <ScheduledStopPoint id="CEC:ScheduledStopPoint:935:LOC" version="1">
                     <Name>Vassimont</Name>
                     <Location id="CEC:Location:3045d6e8806e41adbf06d5f567ba3742:LOC">
                        <Longitude>4.142562</Longitude>
                        <Latitude>48.7639884</Latitude>
                        <gml:pos srsName="EPSG:27572">732827.277292217 2419916.33059414</gml:pos>
                     </Location>
                  </ScheduledStopPoint>
                  <ScheduledStopPoint id="CEC:ScheduledStopPoint:936:LOC" version="1">
                     <Name>Haussimont</Name>
                     <Location id="CEC:Location:3b995792d84a4be1bf039f3715197109:LOC">
                        <Longitude>4.167852</Longitude>
                        <Latitude>48.7477568</Latitude>
                        <gml:pos srsName="EPSG:27572">734728.965807982 2418153.9535426</gml:pos>
                     </Location>
                  </ScheduledStopPoint>
                  <ScheduledStopPoint id="CEC:ScheduledStopPoint:937:LOC" version="1">
                     <Name>Soudé Mairie</Name>
                     <Location id="CEC:Location:02611a0de54d45cabcb314265ae22544:LOC">
                        <Longitude>4.3139029</Longitude>
                        <Latitude>48.7392081</Latitude>
                        <gml:pos srsName="EPSG:27572">745495.418479661 2417463.38811002</gml:pos>
                     </Location>
                  </ScheduledStopPoint>
                  <ScheduledStopPoint id="CEC:ScheduledStopPoint:938:LOC" version="1">
                     <Name>Soudé Notre Dame</Name>
                     <Location id="CEC:Location:e4fdc190da6545919f3f6012405f0e82:LOC">
                        <Longitude>4.3086644</Longitude>
                        <Latitude>48.7479056</Latitude>
                        <gml:pos srsName="EPSG:27572">745085.785988713 2418421.05592865</gml:pos>
                     </Location>
                  </ScheduledStopPoint>
                  <ScheduledStopPoint id="CEC:ScheduledStopPoint:939:LOC" version="1">
                     <Name>Dommartin Eglise</Name>
                     <Location id="CEC:Location:456a4619ad87418e9a5dff0252c6876b:LOC">
                        <Longitude>4.2990227</Longitude>
                        <Latitude>48.7667769</Latitude>
                        <gml:pos srsName="EPSG:27572">744324.223536824 2420502.23046829</gml:pos>
                     </Location>
                  </ScheduledStopPoint>
                  <ScheduledStopPoint id="CEC:ScheduledStopPoint:940:LOC" version="1">
                     <Name>Lettrée</Name>
                     <Location id="CEC:Location:755547fe85744b318c07edd232505abf:LOC">
                        <Longitude>4.27839</Longitude>
                        <Latitude>48.7860907</Latitude>
                        <gml:pos srsName="EPSG:27572">742754.132273894 2422612.74206478</gml:pos>
                     </Location>
                  </ScheduledStopPoint>
                  <ScheduledStopPoint id="CEC:ScheduledStopPoint:941:LOC" version="1">
                     <Name>Sommesous Primaire</Name>
                     <Location id="CEC:Location:1fb45b7a2b22432681b60e2114af71f4:LOC">
                        <Longitude>4.1974664</Longitude>
                        <Latitude>48.7374152</Latitude>
                        <gml:pos srsName="EPSG:27572">736934.471981602 2417054.86022553</gml:pos>
                     </Location>
                  </ScheduledStopPoint>
                  <ScheduledStopPoint id="CEC:ScheduledStopPoint:942:LOC" version="1">
                     <Name>Sommesous Primaire</Name>
                     <Location id="CEC:Location:bf8115b5ff1043beb6ae78d67a792c62:LOC">
                        <Longitude>4.1974664</Longitude>
                        <Latitude>48.7374152</Latitude>
                        <gml:pos srsName="EPSG:27572">736934.471981602 2417054.86022553</gml:pos>
                     </Location>
                  </ScheduledStopPoint>
                  <ScheduledStopPoint id="CEC:ScheduledStopPoint:943:LOC" version="1">
                     <Name>Dommartin Eglise</Name>
                     <Location id="CEC:Location:5c98ef7ccc5e4db09c9ec756f48e147d:LOC">
                        <Longitude>4.2990227</Longitude>
                        <Latitude>48.7667769</Latitude>
                        <gml:pos srsName="EPSG:27572">744324.223536824 2420502.23046829</gml:pos>
                     </Location>
                  </ScheduledStopPoint>
                  <ScheduledStopPoint id="CEC:ScheduledStopPoint:944:LOC" version="1">
                     <Name>Soudé Notre Dame</Name>
                     <Location id="CEC:Location:2553113bef5846f29f140362bb1b75a0:LOC">
                        <Longitude>4.3086644</Longitude>
                        <Latitude>48.7479056</Latitude>
                        <gml:pos srsName="EPSG:27572">745085.785988713 2418421.05592865</gml:pos>
                     </Location>
                  </ScheduledStopPoint>
                  <ScheduledStopPoint id="CEC:ScheduledStopPoint:945:LOC" version="1">
                     <Name>Soudé St-Quentin</Name>
                     <Location id="CEC:Location:bf68d2b7898b4f02b872ccd84099e670:LOC">
                        <Longitude>4.3082052</Longitude>
                        <Latitude>48.7430152</Latitude>
                        <gml:pos srsName="EPSG:27572">745065.65339269 2417876.29050382</gml:pos>
                     </Location>
                  </ScheduledStopPoint>
                  <ScheduledStopPoint id="CEC:ScheduledStopPoint:946:LOC" version="1">
                     <Name>Soudé Mairie</Name>
                     <Location id="CEC:Location:3e57ce76e76e4befa048b4c0471d4224:LOC">
                        <Longitude>4.3139029</Longitude>
                        <Latitude>48.7392081</Latitude>
                        <gml:pos srsName="EPSG:27572">745495.418479661 2417463.38811002</gml:pos>
                     </Location>
                  </ScheduledStopPoint>
                  <ScheduledStopPoint id="CEC:ScheduledStopPoint:947:LOC" version="1">
                     <Name>Lettrée</Name>
                     <Location id="CEC:Location:49b420dd328045f2913be0450854a0e9:LOC">
                        <Longitude>4.2783061</Longitude>
                        <Latitude>48.7856749</Latitude>
                        <gml:pos srsName="EPSG:27572">742749.108131504 2422566.34189288</gml:pos>
                     </Location>
                  </ScheduledStopPoint>
                  <ScheduledStopPoint id="CEC:ScheduledStopPoint:948:LOC" version="1">
                     <Name>Haussimont</Name>
                     <Location id="CEC:Location:13fe8510e10840e1a3a61fce6789997e:LOC">
                        <Longitude>4.1677499</Longitude>
                        <Latitude>48.7478179</Latitude>
                        <gml:pos srsName="EPSG:27572">734721.297540303 2418160.57455134</gml:pos>
                     </Location>
                  </ScheduledStopPoint>
                  <ScheduledStopPoint id="CEC:ScheduledStopPoint:949:LOC" version="1">
                     <Name>Vassimont</Name>
                     <Location id="CEC:Location:461a5819669d42b0ab66dc5e5f49f13f:LOC">
                        <Longitude>4.1424094</Longitude>
                        <Latitude>48.7640494</Latitude>
                        <gml:pos srsName="EPSG:27572">732815.900362793 2419922.85778578</gml:pos>
                     </Location>
                  </ScheduledStopPoint>
                  <ScheduledStopPoint id="CEC:ScheduledStopPoint:950:LOC" version="1">
                     <Name>Ferme Chapelaine</Name>
                     <Location id="CEC:Location:d7cb0e0107174a38a4537c897af91fa7:LOC">
                        <Longitude>4.1308499</Longitude>
                        <Latitude>48.7628325</Latitude>
                        <gml:pos srsName="EPSG:27572">731968.989280825 2419768.04023952</gml:pos>
                     </Location>
                  </ScheduledStopPoint>
                  <ScheduledStopPoint id="CEC:ScheduledStopPoint:951:LOC" version="1">
                     <Name>Lenharrée</Name>
                     <Location id="CEC:Location:1719840a7ad74e8093890c345ae40329:LOC">
                        <Longitude>4.1142779</Longitude>
                        <Latitude>48.7757186</Latitude>
                        <gml:pos srsName="EPSG:27572">730717.961614245 2421173.67925275</gml:pos>
                     </Location>
                  </ScheduledStopPoint>
                  <ScheduledStopPoint id="CEC:ScheduledStopPoint:952:LOC" version="1">
                     <Name>La Féculerie</Name>
                     <Location id="CEC:Location:c985e95bcc544341992779e532124c1b:LOC">
                        <Longitude>4.1409503</Longitude>
                        <Latitude>48.7185477</Latitude>
                        <gml:pos srsName="EPSG:27572">732824.771205816 2414859.37900072</gml:pos>
                     </Location>
                  </ScheduledStopPoint>
                  <ScheduledStopPoint id="CEC:ScheduledStopPoint:953:LOC" version="1">
                     <Name>Montépreux</Name>
                     <Location id="CEC:Location:07dfc8c4ba174499bec58eaf15d1e003:LOC">
                        <Longitude>4.1388321</Longitude>
                        <Latitude>48.7124366</Latitude>
                        <gml:pos srsName="EPSG:27572">732684.460667973 2414176.0971182</gml:pos>
                     </Location>
                  </ScheduledStopPoint>
                  <PassengerStopAssignment id="CEC:PassengerStopAssignment:931:LOC" version="1" order="0">
                     <ScheduledStopPointRef ref="CEC:ScheduledStopPoint:931:LOC" versionRef="1"/>
                     <StopPlaceRef ref="FR:51377:StopPlace:genAUTO$2072953975:CEC" versionRef="1"/>
                     <QuayRef ref="FR:51377:Quay:MONTEP:CEC" versionRef="1"/>
                  </PassengerStopAssignment>
                  <PassengerStopAssignment id="CEC:PassengerStopAssignment:932:LOC" version="1" order="0">
                     <ScheduledStopPointRef ref="CEC:ScheduledStopPoint:932:LOC" versionRef="1"/>
                     <StopPlaceRef ref="FR:51377:StopPlace:genAUTO$1363779550:CEC" versionRef="1"/>
                     <QuayRef ref="FR:51377:Quay:LA FECU:CEC" versionRef="1"/>
                  </PassengerStopAssignment>
                  <PassengerStopAssignment id="CEC:PassengerStopAssignment:933:LOC" version="1" order="0">
                     <ScheduledStopPointRef ref="CEC:ScheduledStopPoint:933:LOC" versionRef="1"/>
                     <StopPlaceRef ref="FR:51319:StopPlace:genAUTO$421112167:CEC" versionRef="1"/>
                     <QuayRef ref="FR:51319:Quay:LENH-1:CEC" versionRef="1"/>
                  </PassengerStopAssignment>
                  <PassengerStopAssignment id="CEC:PassengerStopAssignment:934:LOC" version="1" order="0">
                     <ScheduledStopPointRef ref="CEC:ScheduledStopPoint:934:LOC" versionRef="1"/>
                     <StopPlaceRef ref="FR:51594:StopPlace:genAUTO$864532735:CEC" versionRef="1"/>
                     <QuayRef ref="FR:51594:Quay:FERM CH:CEC" versionRef="1"/>
                  </PassengerStopAssignment>
                  <PassengerStopAssignment id="CEC:PassengerStopAssignment:935:LOC" version="1" order="0">
                     <ScheduledStopPointRef ref="CEC:ScheduledStopPoint:935:LOC" versionRef="1"/>
                     <StopPlaceRef ref="FR:51594:StopPlace:genAUTO$1129602517:CEC" versionRef="1"/>
                     <QuayRef ref="FR:51594:Quay:VASS-1:CEC" versionRef="1"/>
                  </PassengerStopAssignment>
                  <PassengerStopAssignment id="CEC:PassengerStopAssignment:936:LOC" version="1" order="0">
                     <ScheduledStopPointRef ref="CEC:ScheduledStopPoint:936:LOC" versionRef="1"/>
                     <StopPlaceRef ref="FR:51285:StopPlace:genAUTO$2022986172:CEC" versionRef="1"/>
                     <QuayRef ref="FR:51285:Quay:HAUSS-1:CEC" versionRef="1"/>
                  </PassengerStopAssignment>
                  <PassengerStopAssignment id="CEC:PassengerStopAssignment:937:LOC" version="1" order="0">
                     <ScheduledStopPointRef ref="CEC:ScheduledStopPoint:937:LOC" versionRef="1"/>
                     <StopPlaceRef ref="FR:51555:StopPlace:genAUTO$796082574:CEC" versionRef="1"/>
                     <QuayRef ref="FR:51555:Quay:SOUD M:CEC" versionRef="1"/>
                  </PassengerStopAssignment>
                  <PassengerStopAssignment id="CEC:PassengerStopAssignment:938:LOC" version="1" order="0">
                     <ScheduledStopPointRef ref="CEC:ScheduledStopPoint:938:LOC" versionRef="1"/>
                     <StopPlaceRef ref="FR:51555:StopPlace:genAUTO$1199367101:CEC" versionRef="1"/>
                     <QuayRef ref="FR:51555:Quay:SOUD N:CEC" versionRef="1"/>
                  </PassengerStopAssignment>
                  <PassengerStopAssignment id="CEC:PassengerStopAssignment:939:LOC" version="1" order="0">
                     <ScheduledStopPointRef ref="CEC:ScheduledStopPoint:939:LOC" versionRef="1"/>
                     <StopPlaceRef ref="FR:51212:StopPlace:genAUTO$2013134018:CEC" versionRef="1"/>
                     <QuayRef ref="FR:51212:Quay:DOMMART:CEC" versionRef="1"/>
                  </PassengerStopAssignment>
                  <PassengerStopAssignment id="CEC:PassengerStopAssignment:940:LOC" version="1" order="0">
                     <ScheduledStopPointRef ref="CEC:ScheduledStopPoint:940:LOC" versionRef="1"/>
                     <StopPlaceRef ref="FR:51212:StopPlace:genAUTO$1460933549:CEC" versionRef="1"/>
                     <QuayRef ref="FR:51212:Quay:LET-1:CEC" versionRef="1"/>
                  </PassengerStopAssignment>
                  <PassengerStopAssignment id="CEC:PassengerStopAssignment:941:LOC" version="1" order="0">
                     <ScheduledStopPointRef ref="CEC:ScheduledStopPoint:941:LOC" versionRef="1"/>
                     <StopPlaceRef ref="FR:51545:StopPlace:genAUTO$306649859:CEC" versionRef="1"/>
                     <QuayRef ref="FR:51545:Quay:SOM P:CEC" versionRef="1"/>
                  </PassengerStopAssignment>
                  <PassengerStopAssignment id="CEC:PassengerStopAssignment:942:LOC" version="1" order="0">
                     <ScheduledStopPointRef ref="CEC:ScheduledStopPoint:942:LOC" versionRef="1"/>
                     <StopPlaceRef ref="FR:51545:StopPlace:genAUTO$306649859:CEC" versionRef="1"/>
                     <QuayRef ref="FR:51545:Quay:SOM P:CEC" versionRef="1"/>
                  </PassengerStopAssignment>
                  <PassengerStopAssignment id="CEC:PassengerStopAssignment:943:LOC" version="1" order="0">
                     <ScheduledStopPointRef ref="CEC:ScheduledStopPoint:943:LOC" versionRef="1"/>
                     <StopPlaceRef ref="FR:51212:StopPlace:genAUTO$2013134018:CEC" versionRef="1"/>
                     <QuayRef ref="FR:51212:Quay:DOMMART:CEC" versionRef="1"/>
                  </PassengerStopAssignment>
                  <PassengerStopAssignment id="CEC:PassengerStopAssignment:944:LOC" version="1" order="0">
                     <ScheduledStopPointRef ref="CEC:ScheduledStopPoint:944:LOC" versionRef="1"/>
                     <StopPlaceRef ref="FR:51555:StopPlace:genAUTO$1199367101:CEC" versionRef="1"/>
                     <QuayRef ref="FR:51555:Quay:SOUD N:CEC" versionRef="1"/>
                  </PassengerStopAssignment>
                  <PassengerStopAssignment id="CEC:PassengerStopAssignment:945:LOC" version="1" order="0">
                     <ScheduledStopPointRef ref="CEC:ScheduledStopPoint:945:LOC" versionRef="1"/>
                     <StopPlaceRef ref="FR:51555:StopPlace:genAUTO$1131608344:CEC" versionRef="1"/>
                     <QuayRef ref="FR:51555:Quay:SOUDESQ:CEC" versionRef="1"/>
                  </PassengerStopAssignment>
                  <PassengerStopAssignment id="CEC:PassengerStopAssignment:946:LOC" version="1" order="0">
                     <ScheduledStopPointRef ref="CEC:ScheduledStopPoint:946:LOC" versionRef="1"/>
                     <StopPlaceRef ref="FR:51555:StopPlace:genAUTO$796082574:CEC" versionRef="1"/>
                     <QuayRef ref="FR:51555:Quay:SOUD M:CEC" versionRef="1"/>
                  </PassengerStopAssignment>
                  <PassengerStopAssignment id="CEC:PassengerStopAssignment:947:LOC" version="1" order="0">
                     <ScheduledStopPointRef ref="CEC:ScheduledStopPoint:947:LOC" versionRef="1"/>
                     <StopPlaceRef ref="FR:51212:StopPlace:genAUTO$1460933552:CEC" versionRef="1"/>
                     <QuayRef ref="FR:51212:Quay:LET-2:CEC" versionRef="1"/>
                  </PassengerStopAssignment>
                  <PassengerStopAssignment id="CEC:PassengerStopAssignment:948:LOC" version="1" order="0">
                     <ScheduledStopPointRef ref="CEC:ScheduledStopPoint:948:LOC" versionRef="1"/>
                     <StopPlaceRef ref="FR:51285:StopPlace:genAUTO$2022986171:CEC" versionRef="1"/>
                     <QuayRef ref="FR:51285:Quay:HAUSS-2:CEC" versionRef="1"/>
                  </PassengerStopAssignment>
                  <PassengerStopAssignment id="CEC:PassengerStopAssignment:949:LOC" version="1" order="0">
                     <ScheduledStopPointRef ref="CEC:ScheduledStopPoint:949:LOC" versionRef="1"/>
                     <StopPlaceRef ref="FR:51594:StopPlace:genAUTO$1599280838:CEC" versionRef="1"/>
                     <QuayRef ref="FR:51594:Quay:VASS-2:CEC" versionRef="1"/>
                  </PassengerStopAssignment>
                  <PassengerStopAssignment id="CEC:PassengerStopAssignment:950:LOC" version="1" order="0">
                     <ScheduledStopPointRef ref="CEC:ScheduledStopPoint:950:LOC" versionRef="1"/>
                     <StopPlaceRef ref="FR:51594:StopPlace:genAUTO$864532735:CEC" versionRef="1"/>
                     <QuayRef ref="FR:51594:Quay:FERM CH:CEC" versionRef="1"/>
                  </PassengerStopAssignment>
                  <PassengerStopAssignment id="CEC:PassengerStopAssignment:951:LOC" version="1" order="0">
                     <ScheduledStopPointRef ref="CEC:ScheduledStopPoint:951:LOC" versionRef="1"/>
                     <StopPlaceRef ref="FR:51319:StopPlace:genAUTO$1987196108:CEC" versionRef="1"/>
                     <QuayRef ref="FR:51319:Quay:LENH-2:CEC" versionRef="1"/>
                  </PassengerStopAssignment>
                  <PassengerStopAssignment id="CEC:PassengerStopAssignment:952:LOC" version="1" order="0">
                     <ScheduledStopPointRef ref="CEC:ScheduledStopPoint:952:LOC" versionRef="1"/>
                     <StopPlaceRef ref="FR:51377:StopPlace:genAUTO$1363779550:CEC" versionRef="1"/>
                     <QuayRef ref="FR:51377:Quay:LA FECU:CEC" versionRef="1"/>
                  </PassengerStopAssignment>
                  <PassengerStopAssignment id="CEC:PassengerStopAssignment:953:LOC" version="1" order="0">
                     <ScheduledStopPointRef ref="CEC:ScheduledStopPoint:953:LOC" versionRef="1"/>
                     <StopPlaceRef ref="FR:51377:StopPlace:genAUTO$2072953975:CEC" versionRef="1"/>
                     <QuayRef ref="FR:51377:Quay:MONTEP:CEC" versionRef="1"/>
                  </PassengerStopAssignment>
               </members>
            </GeneralFrame>
            <GeneralFrame id="FR:GeneralFrame:NETEX_HORAIRE-20250825T235104:LOC" version="1.0" dataSourceRef="CEC">
               <TypeOfFrameRef ref="FR:TypeOfFrame:NETEX_HORAIRE"/>
               <members>
                  <ServiceJourney id="CEC:ServiceJourney:1140085:LOC" version="1">
                     <TransportMode>bus</TransportMode>
                     <dayTypes>
                        <DayTypeRef ref="CEC:Timetable:DayType:2027:LOC" versionRef="1"/>
                     </dayTypes>
                     <JourneyPatternRef ref="CEC:ServiceJourneyPattern:111:LOC" versionRef="1"/>
                     <passingTimes>
                        <TimetabledPassingTime version="any">
                           <ArrivalTime>07:50:00</ArrivalTime>
                           <ArrivalDayOffset>0</ArrivalDayOffset>
                           <DepartureTime>07:50:00</DepartureTime>
                           <DepartureDayOffset>0</DepartureDayOffset>
                        </TimetabledPassingTime>
                        <TimetabledPassingTime version="any">
                           <ArrivalTime>08:01:00</ArrivalTime>
                           <ArrivalDayOffset>0</ArrivalDayOffset>
                           <DepartureTime>08:01:00</DepartureTime>
                           <DepartureDayOffset>0</DepartureDayOffset>
                        </TimetabledPassingTime>
                        <TimetabledPassingTime version="any">
                           <ArrivalTime>08:11:00</ArrivalTime>
                           <ArrivalDayOffset>0</ArrivalDayOffset>
                           <DepartureTime>08:11:00</DepartureTime>
                           <DepartureDayOffset>0</DepartureDayOffset>
                        </TimetabledPassingTime>
                        <TimetabledPassingTime version="any">
                           <ArrivalTime>08:13:00</ArrivalTime>
                           <ArrivalDayOffset>0</ArrivalDayOffset>
                           <DepartureTime>08:13:00</DepartureTime>
                           <DepartureDayOffset>0</DepartureDayOffset>
                        </TimetabledPassingTime>
                        <TimetabledPassingTime version="any">
                           <ArrivalTime>08:15:00</ArrivalTime>
                           <ArrivalDayOffset>0</ArrivalDayOffset>
                           <DepartureTime>08:15:00</DepartureTime>
                           <DepartureDayOffset>0</DepartureDayOffset>
                        </TimetabledPassingTime>
                        <TimetabledPassingTime version="any">
                           <ArrivalTime>08:20:00</ArrivalTime>
                           <ArrivalDayOffset>0</ArrivalDayOffset>
                           <DepartureTime>08:20:00</DepartureTime>
                           <DepartureDayOffset>0</DepartureDayOffset>
                        </TimetabledPassingTime>
                        <TimetabledPassingTime version="any">
                           <ArrivalTime>08:25:00</ArrivalTime>
                           <ArrivalDayOffset>0</ArrivalDayOffset>
                           <DepartureTime>08:25:00</DepartureTime>
                           <DepartureDayOffset>0</DepartureDayOffset>
                        </TimetabledPassingTime>
                     </passingTimes>
                  </ServiceJourney>
                  <ServiceJourney id="CEC:ServiceJourney:1140086:LOC" version="1">
                     <TransportMode>bus</TransportMode>
                     <dayTypes>
                        <DayTypeRef ref="CEC:Timetable:DayType:2027:LOC" versionRef="1"/>
                     </dayTypes>
                     <JourneyPatternRef ref="CEC:ServiceJourneyPattern:112:LOC" versionRef="1"/>
                     <passingTimes>
                        <TimetabledPassingTime version="any">
                           <ArrivalTime>07:50:00</ArrivalTime>
                           <ArrivalDayOffset>0</ArrivalDayOffset>
                           <DepartureTime>07:50:00</DepartureTime>
                           <DepartureDayOffset>0</DepartureDayOffset>
                        </TimetabledPassingTime>
                        <TimetabledPassingTime version="any">
                           <ArrivalTime>07:54:00</ArrivalTime>
                           <ArrivalDayOffset>0</ArrivalDayOffset>
                           <DepartureTime>07:54:00</DepartureTime>
                           <DepartureDayOffset>0</DepartureDayOffset>
                        </TimetabledPassingTime>
                        <TimetabledPassingTime version="any">
                           <ArrivalTime>07:58:00</ArrivalTime>
                           <ArrivalDayOffset>0</ArrivalDayOffset>
                           <DepartureTime>07:58:00</DepartureTime>
                           <DepartureDayOffset>0</DepartureDayOffset>
                        </TimetabledPassingTime>
                        <TimetabledPassingTime version="any">
                           <ArrivalTime>08:03:00</ArrivalTime>
                           <ArrivalDayOffset>0</ArrivalDayOffset>
                           <DepartureTime>08:03:00</DepartureTime>
                           <DepartureDayOffset>0</DepartureDayOffset>
                        </TimetabledPassingTime>
                        <TimetabledPassingTime version="any">
                           <ArrivalTime>08:25:00</ArrivalTime>
                           <ArrivalDayOffset>0</ArrivalDayOffset>
                           <DepartureTime>08:25:00</DepartureTime>
                           <DepartureDayOffset>0</DepartureDayOffset>
                        </TimetabledPassingTime>
                     </passingTimes>
                  </ServiceJourney>
                  <ServiceJourney id="CEC:ServiceJourney:1140087:LOC" version="1">
                     <TransportMode>bus</TransportMode>
                     <dayTypes>
                        <DayTypeRef ref="CEC:Timetable:DayType:2027:LOC" versionRef="1"/>
                     </dayTypes>
                     <JourneyPatternRef ref="CEC:ServiceJourneyPattern:261:LOC" versionRef="1"/>
                     <passingTimes>
                        <TimetabledPassingTime version="any">
                           <ArrivalTime>16:08:00</ArrivalTime>
                           <ArrivalDayOffset>0</ArrivalDayOffset>
                           <DepartureTime>16:08:00</DepartureTime>
                           <DepartureDayOffset>0</DepartureDayOffset>
                        </TimetabledPassingTime>
                        <TimetabledPassingTime version="any">
                           <ArrivalTime>16:14:00</ArrivalTime>
                           <ArrivalDayOffset>0</ArrivalDayOffset>
                           <DepartureTime>16:14:00</DepartureTime>
                           <DepartureDayOffset>0</DepartureDayOffset>
                        </TimetabledPassingTime>
                        <TimetabledPassingTime version="any">
                           <ArrivalTime>16:19:00</ArrivalTime>
                           <ArrivalDayOffset>0</ArrivalDayOffset>
                           <DepartureTime>16:19:00</DepartureTime>
                           <DepartureDayOffset>0</DepartureDayOffset>
                        </TimetabledPassingTime>
                        <TimetabledPassingTime version="any">
                           <ArrivalTime>16:21:00</ArrivalTime>
                           <ArrivalDayOffset>0</ArrivalDayOffset>
                           <DepartureTime>16:21:00</DepartureTime>
                           <DepartureDayOffset>0</DepartureDayOffset>
                        </TimetabledPassingTime>
                        <TimetabledPassingTime version="any">
                           <ArrivalTime>16:23:00</ArrivalTime>
                           <ArrivalDayOffset>0</ArrivalDayOffset>
                           <DepartureTime>16:23:00</DepartureTime>
                           <DepartureDayOffset>0</DepartureDayOffset>
                        </TimetabledPassingTime>
                        <TimetabledPassingTime version="any">
                           <ArrivalTime>16:31:00</ArrivalTime>
                           <ArrivalDayOffset>0</ArrivalDayOffset>
                           <DepartureTime>16:31:00</DepartureTime>
                           <DepartureDayOffset>0</DepartureDayOffset>
                        </TimetabledPassingTime>
                        <TimetabledPassingTime version="any">
                           <ArrivalTime>16:42:00</ArrivalTime>
                           <ArrivalDayOffset>0</ArrivalDayOffset>
                           <DepartureTime>16:42:00</DepartureTime>
                           <DepartureDayOffset>0</DepartureDayOffset>
                        </TimetabledPassingTime>
                     </passingTimes>
                  </ServiceJourney>
                  <ServiceJourney id="CEC:ServiceJourney:1140088:LOC" version="1">
                     <TransportMode>bus</TransportMode>
                     <dayTypes>
                        <DayTypeRef ref="CEC:Timetable:DayType:2027:LOC" versionRef="1"/>
                     </dayTypes>
                     <JourneyPatternRef ref="CEC:ServiceJourneyPattern:262:LOC" versionRef="1"/>
                     <passingTimes>
                        <TimetabledPassingTime version="any">
                           <ArrivalTime>16:00:00</ArrivalTime>
                           <ArrivalDayOffset>0</ArrivalDayOffset>
                           <DepartureTime>16:00:00</DepartureTime>
                           <DepartureDayOffset>0</DepartureDayOffset>
                        </TimetabledPassingTime>
                        <TimetabledPassingTime version="any">
                           <ArrivalTime>16:35:00</ArrivalTime>
                           <ArrivalDayOffset>0</ArrivalDayOffset>
                           <DepartureTime>16:35:00</DepartureTime>
                           <DepartureDayOffset>0</DepartureDayOffset>
                        </TimetabledPassingTime>
                        <TimetabledPassingTime version="any">
                           <ArrivalTime>16:39:00</ArrivalTime>
                           <ArrivalDayOffset>0</ArrivalDayOffset>
                           <DepartureTime>16:39:00</DepartureTime>
                           <DepartureDayOffset>0</DepartureDayOffset>
                        </TimetabledPassingTime>
                        <TimetabledPassingTime version="any">
                           <ArrivalTime>16:40:00</ArrivalTime>
                           <ArrivalDayOffset>0</ArrivalDayOffset>
                           <DepartureTime>16:40:00</DepartureTime>
                           <DepartureDayOffset>0</DepartureDayOffset>
                        </TimetabledPassingTime>
                        <TimetabledPassingTime version="any">
                           <ArrivalTime>16:41:00</ArrivalTime>
                           <ArrivalDayOffset>0</ArrivalDayOffset>
                           <DepartureTime>16:41:00</DepartureTime>
                           <DepartureDayOffset>0</DepartureDayOffset>
                        </TimetabledPassingTime>
                        <TimetabledPassingTime version="any">
                           <ArrivalTime>16:52:00</ArrivalTime>
                           <ArrivalDayOffset>0</ArrivalDayOffset>
                           <DepartureTime>16:52:00</DepartureTime>
                           <DepartureDayOffset>0</DepartureDayOffset>
                        </TimetabledPassingTime>
                     </passingTimes>
                  </ServiceJourney>
               </members>
            </GeneralFrame>
         </frames>
      </CompositeFrame>
   </dataObjects>
</PublicationDelivery>
