<?xml version="1.0" encoding="UTF-8"?>
<PublicationDelivery xmlns:xsi="http://www.w3.org/2001/XMLSchema-instance"
                     xsi:schemaLocation="http://www.netex.org.uk/netex"
                     xmlns="http://www.netex.org.uk/netex"
                     xmlns:xlink="http://www.w3.org/1999/xlink"
                     xmlns:ifopt="http://www.ifopt.org.uk/ifopt"
                     xmlns:gml="http://www.opengis.net/gml/3.2"
                     xmlns:core="http://www.govtalk.gov.uk/core"
                     xmlns:siri="http://www.siri.org.uk/siri"
                     version="1.10:FR-NETEX-2.2">
   <PublicationTimestamp>2025-08-25T23:51:04+02:00</PublicationTimestamp>
   <ParticipantRef>CEC</ParticipantRef>
   <Description>Offre sur la période du 25/08/2025 au 03/01/2026</Description>
   <dataObjects>
      <CompositeFrame id="FR:CompositeFrame:NETEX_LIGNE-20250825T235104:LOC" version="1.0">
         <Name>LD</Name>
         <FrameDefaults>
            <DefaultLocale>
               <TimeZone>Europe/Paris</TimeZone>
               <DefaultLanguage>fr</DefaultLanguage>
            </DefaultLocale>
            <DefaultLocationSystem>WGS84</DefaultLocationSystem>
            <DefaultSystemOfUnits>SiMetres</DefaultSystemOfUnits>
         </FrameDefaults>
         <frames>
            <ResourceFrame id="FR:ResourceFrame:1" version="any">
               <typesOfValue>
                  <ValueSet id="FR:ValueSet:TypeOfFrame" nameOfClass="TypeOfFrame" version="any">
                     <Name>TypeOfFrame</Name>
                     <values>
                        <TypeOfFrame id="FR:TypeOfFrame:NETEX_RESEAU" version="any">
                           <Name>NETEX_RESEAU</Name>
                        </TypeOfFrame>
                        <TypeOfFrame id="FR:TypeOfFrame:NETEX_HORAIRE" version="any">
                           <Name>NETEX_HORAIRE</Name>
                        </TypeOfFrame>
                     </values>
                  </ValueSet>
               </typesOfValue>
            </ResourceFrame>
            <GeneralFrame id="FR:GeneralFrame:NETEX_RESEAU-20250825T235104:LOC" version="1.0" dataSourceRef="CEC">
               <TypeOfFrameRef ref="FR:TypeOfFrame:NETEX_RESEAU"/>
               <members>
                  <Route id="CEC:Route:LD-A:LOC" version="1">
                     <Name>LD - Aller</Name>
                     <LineRef ref="CEC:Line:LD:LOC" versionRef="1"/>
                     <DirectionType>outbound</DirectionType>
                     <DirectionRef ref="CEC:Direction:LD-A:LOC" versionRef="1"/>
                     <InverseRouteRef ref="CEC:Route:LD-R:LOC" versionRef="1"/>
                  </Route>
                  <Direction id="CEC:Direction:LD-A:LOC" version="1">
                     <Name>LD - Aller</Name>
                     <DirectionType>outbound</DirectionType>
                  </Direction>
                  <Route id="CEC:Route:LD-R:LOC" version="1">
                     <Name>LD - Retour</Name>
                     <LineRef ref="CEC:Line:LD:LOC" versionRef="1"/>
                     <DirectionType>inbound</DirectionType>
                     <DirectionRef ref="CEC:Direction:LD-R:LOC" versionRef="1"/>
                     <InverseRouteRef ref="CEC:Route:LD-A:LOC" versionRef="1"/>
                  </Route>
                  <Direction id="CEC:Direction:LD-R:LOC" version="1">
                     <Name>LD - Retour</Name>
                     <DirectionType>inbound</DirectionType>
                  </Direction>
                  <ServiceJourneyPattern id="CEC:ServiceJourneyPattern:97:LOC" version="1">
                     <Name>Lycée Oehmichen - Châlons-en-Champagne</Name>
                     <PrivateCode>14951688</PrivateCode>
                     <RouteRef ref="CEC:Route:LD-A:LOC" versionRef="1"/>
                     <DestinationDisplayRef ref="CEC:DestinationDisplay:97:LOC" versionRef="1"/>
                     <pointsInSequence>
                        <StopPointInJourneyPattern id="CEC:StopPointInJourneyPattern:97x1:LOC" version="any" order="1">
                           <ScheduledStopPointRef ref="CEC:ScheduledStopPoint:802:LOC" versionRef="1"/>
                           <ForAlighting>false</ForAlighting>
                           <ForBoarding>true</ForBoarding>
                           <RequestStop>false</RequestStop>
                        </StopPointInJourneyPattern>
                        <StopPointInJourneyPattern id="CEC:StopPointInJourneyPattern:97x2:LOC" version="any" order="2">
                           <ScheduledStopPointRef ref="CEC:ScheduledStopPoint:803:LOC" versionRef="1"/>
                           <ForAlighting>true</ForAlighting>
                           <ForBoarding>true</ForBoarding>
                           <RequestStop>false</RequestStop>
                        </StopPointInJourneyPattern>
                        <StopPointInJourneyPattern id="CEC:StopPointInJourneyPattern:97x3:LOC" version="any" order="3">
                           <ScheduledStopPointRef ref="CEC:ScheduledStopPoint:804:LOC" versionRef="1"/>
                           <ForAlighting>true</ForAlighting>
                           <ForBoarding>true</ForBoarding>
                           <RequestStop>false</RequestStop>
                        </StopPointInJourneyPattern>
                        <StopPointInJourneyPattern id="CEC:StopPointInJourneyPattern:97x4:LOC" version="any" order="4">
                           <ScheduledStopPointRef ref="CEC:ScheduledStopPoint:805:LOC" versionRef="1"/>
                           <ForAlighting>true</ForAlighting>
                           <ForBoarding>true</ForBoarding>
                           <RequestStop>false</RequestStop>
                        </StopPointInJourneyPattern>
                        <StopPointInJourneyPattern id="CEC:StopPointInJourneyPattern:97x5:LOC" version="any" order="5">
                           <ScheduledStopPointRef ref="CEC:ScheduledStopPoint:806:LOC" versionRef="1"/>
                           <ForAlighting>true</ForAlighting>
                           <ForBoarding>true</ForBoarding>
                           <RequestStop>false</RequestStop>
                        </StopPointInJourneyPattern>
                        <StopPointInJourneyPattern id="CEC:StopPointInJourneyPattern:97x6:LOC" version="any" order="6">
                           <ScheduledStopPointRef ref="CEC:ScheduledStopPoint:807:LOC" versionRef="1"/>
                           <ForAlighting>true</ForAlighting>
                           <ForBoarding>true</ForBoarding>
                           <RequestStop>false</RequestStop>
                        </StopPointInJourneyPattern>
                        <StopPointInJourneyPattern id="CEC:StopPointInJourneyPattern:97x7:LOC" version="any" order="7">
                           <ScheduledStopPointRef ref="CEC:ScheduledStopPoint:808:LOC" versionRef="1"/>
                           <ForAlighting>true</ForAlighting>
                           <ForBoarding>true</ForBoarding>
                           <RequestStop>false</RequestStop>
                        </StopPointInJourneyPattern>
                        <StopPointInJourneyPattern id="CEC:StopPointInJourneyPattern:97x8:LOC" version="any" order="8">
                           <ScheduledStopPointRef ref="CEC:ScheduledStopPoint:809:LOC" versionRef="1"/>
                           <ForAlighting>true</ForAlighting>
                           <ForBoarding>true</ForBoarding>
                           <RequestStop>false</RequestStop>
                        </StopPointInJourneyPattern>
                        <StopPointInJourneyPattern id="CEC:StopPointInJourneyPattern:97x9:LOC" version="any" order="9">
                           <ScheduledStopPointRef ref="CEC:ScheduledStopPoint:810:LOC" versionRef="1"/>
                           <ForAlighting>true</ForAlighting>
                           <ForBoarding>true</ForBoarding>
                           <RequestStop>false</RequestStop>
                        </StopPointInJourneyPattern>
                        <StopPointInJourneyPattern id="CEC:StopPointInJourneyPattern:97x10:LOC" version="any" order="10">
                           <ScheduledStopPointRef ref="CEC:ScheduledStopPoint:811:LOC" versionRef="1"/>
                           <ForAlighting>true</ForAlighting>
                           <ForBoarding>false</ForBoarding>
                           <RequestStop>false</RequestStop>
                        </StopPointInJourneyPattern>
                     </pointsInSequence>
                     <ServiceJourneyPatternType>passenger</ServiceJourneyPatternType>
                  </ServiceJourneyPattern>
                  <ServiceJourneyPattern id="CEC:ServiceJourneyPattern:98:LOC" version="1">
                     <Name>Gare Routière - Châlons-en-Champagne</Name>
                     <PrivateCode>14951692</PrivateCode>
                     <RouteRef ref="CEC:Route:LD-A:LOC" versionRef="1"/>
                     <DestinationDisplayRef ref="CEC:DestinationDisplay:98:LOC" versionRef="1"/>
                     <pointsInSequence>
                        <StopPointInJourneyPattern id="CEC:StopPointInJourneyPattern:98x1:LOC" version="any" order="2">
                           <ScheduledStopPointRef ref="CEC:ScheduledStopPoint:803:LOC" versionRef="1"/>
                           <ForAlighting>false</ForAlighting>
                           <ForBoarding>true</ForBoarding>
                           <RequestStop>false</RequestStop>
                        </StopPointInJourneyPattern>
                        <StopPointInJourneyPattern id="CEC:StopPointInJourneyPattern:98x2:LOC" version="any" order="3">
                           <ScheduledStopPointRef ref="CEC:ScheduledStopPoint:804:LOC" versionRef="1"/>
                           <ForAlighting>true</ForAlighting>
                           <ForBoarding>true</ForBoarding>
                           <RequestStop>false</RequestStop>
                        </StopPointInJourneyPattern>
                        <StopPointInJourneyPattern id="CEC:StopPointInJourneyPattern:98x3:LOC" version="any" order="5">
                           <ScheduledStopPointRef ref="CEC:ScheduledStopPoint:806:LOC" versionRef="1"/>
                           <ForAlighting>true</ForAlighting>
                           <ForBoarding>true</ForBoarding>
                           <RequestStop>false</RequestStop>
                        </StopPointInJourneyPattern>
                        <StopPointInJourneyPattern id="CEC:StopPointInJourneyPattern:98x4:LOC" version="any" order="6">
                           <ScheduledStopPointRef ref="CEC:ScheduledStopPoint:807:LOC" versionRef="1"/>
                           <ForAlighting>true</ForAlighting>
                           <ForBoarding>true</ForBoarding>
                           <RequestStop>false</RequestStop>
                        </StopPointInJourneyPattern>
                        <StopPointInJourneyPattern id="CEC:StopPointInJourneyPattern:98x5:LOC" version="any" order="8">
                           <ScheduledStopPointRef ref="CEC:ScheduledStopPoint:809:LOC" versionRef="1"/>
                           <ForAlighting>true</ForAlighting>
                           <ForBoarding>true</ForBoarding>
                           <RequestStop>false</RequestStop>
                        </StopPointInJourneyPattern>
                        <StopPointInJourneyPattern id="CEC:StopPointInJourneyPattern:98x6:LOC" version="any" order="9">
                           <ScheduledStopPointRef ref="CEC:ScheduledStopPoint:810:LOC" versionRef="1"/>
                           <ForAlighting>true</ForAlighting>
                           <ForBoarding>false</ForBoarding>
                           <RequestStop>false</RequestStop>
                        </StopPointInJourneyPattern>
                     </pointsInSequence>
                     <ServiceJourneyPatternType>passenger</ServiceJourneyPatternType>
                  </ServiceJourneyPattern>
                  <ServiceJourneyPattern id="CEC:ServiceJourneyPattern:232:LOC" version="1">
                     <Name>Aulnay - Aulnay-sur-Marne</Name>
                     <PrivateCode>14951691</PrivateCode>
                     <RouteRef ref="CEC:Route:LD-R:LOC" versionRef="1"/>
                     <DestinationDisplayRef ref="CEC:DestinationDisplay:232:LOC" versionRef="1"/>
                     <pointsInSequence>
                        <StopPointInJourneyPattern id="CEC:StopPointInJourneyPattern:232x1:LOC" version="any" order="6">
                           <ScheduledStopPointRef ref="CEC:ScheduledStopPoint:817:LOC" versionRef="1"/>
                           <ForAlighting>false</ForAlighting>
                           <ForBoarding>true</ForBoarding>
                           <RequestStop>false</RequestStop>
                        </StopPointInJourneyPattern>
                        <StopPointInJourneyPattern id="CEC:StopPointInJourneyPattern:232x2:LOC" version="any" order="8">
                           <ScheduledStopPointRef ref="CEC:ScheduledStopPoint:819:LOC" versionRef="1"/>
                           <ForAlighting>true</ForAlighting>
                           <ForBoarding>true</ForBoarding>
                           <RequestStop>false</RequestStop>
                        </StopPointInJourneyPattern>
                        <StopPointInJourneyPattern id="CEC:StopPointInJourneyPattern:232x3:LOC" version="any" order="9">
                           <ScheduledStopPointRef ref="CEC:ScheduledStopPoint:820:LOC" versionRef="1"/>
                           <ForAlighting>true</ForAlighting>
                           <ForBoarding>false</ForBoarding>
                           <RequestStop>false</RequestStop>
                        </StopPointInJourneyPattern>
                     </pointsInSequence>
                     <ServiceJourneyPatternType>passenger</ServiceJourneyPatternType>
                  </ServiceJourneyPattern>
                  <ServiceJourneyPattern id="CEC:ServiceJourneyPattern:233:LOC" version="1">
                     <Name>Cherville</Name>
                     <PrivateCode>14951684</PrivateCode>
                     <RouteRef ref="CEC:Route:LD-R:LOC" versionRef="1"/>
                     <DestinationDisplayRef ref="CEC:DestinationDisplay:233:LOC" versionRef="1"/>
                     <pointsInSequence>
                        <StopPointInJourneyPattern id="CEC:StopPointInJourneyPattern:233x1:LOC" version="any" order="2">
                           <ScheduledStopPointRef ref="CEC:ScheduledStopPoint:813:LOC" versionRef="1"/>
                           <ForAlighting>false</ForAlighting>
                           <ForBoarding>true</ForBoarding>
                           <RequestStop>false</RequestStop>
                        </StopPointInJourneyPattern>
                        <StopPointInJourneyPattern id="CEC:StopPointInJourneyPattern:233x2:LOC" version="any" order="3">
                           <ScheduledStopPointRef ref="CEC:ScheduledStopPoint:814:LOC" versionRef="1"/>
                           <ForAlighting>true</ForAlighting>
                           <ForBoarding>true</ForBoarding>
                           <RequestStop>false</RequestStop>
                        </StopPointInJourneyPattern>
                        <StopPointInJourneyPattern id="CEC:StopPointInJourneyPattern:233x3:LOC" version="any" order="4">
                           <ScheduledStopPointRef ref="CEC:ScheduledStopPoint:815:LOC" versionRef="1"/>
                           <ForAlighting>true</ForAlighting>
                           <ForBoarding>true</ForBoarding>
                           <RequestStop>false</RequestStop>
                        </StopPointInJourneyPattern>
                        <StopPointInJourneyPattern id="CEC:StopPointInJourneyPattern:233x4:LOC" version="any" order="8">
                           <ScheduledStopPointRef ref="CEC:ScheduledStopPoint:819:LOC" versionRef="1"/>
                           <ForAlighting>true</ForAlighting>
                           <ForBoarding>true</ForBoarding>
                           <RequestStop>false</RequestStop>
                        </StopPointInJourneyPattern>
                        <StopPointInJourneyPattern id="CEC:StopPointInJourneyPattern:233x5:LOC" version="any" order="9">
                           <ScheduledStopPointRef ref="CEC:ScheduledStopPoint:820:LOC" versionRef="1"/>
                           <ForAlighting>true</ForAlighting>
                           <ForBoarding>true</ForBoarding>
                           <RequestStop>false</RequestStop>
                        </StopPointInJourneyPattern>
                        <StopPointInJourneyPattern id="CEC:StopPointInJourneyPattern:233x6:LOC" version="any" order="10">
                           <ScheduledStopPointRef ref="CEC:ScheduledStopPoint:821:LOC" versionRef="1"/>
                           <ForAlighting>true</ForAlighting>
                           <ForBoarding>true</ForBoarding>
                           <RequestStop>false</RequestStop>
                        </StopPointInJourneyPattern>
                        <StopPointInJourneyPattern id="CEC:StopPointInJourneyPattern:233x7:LOC" version="any" order="11">
                           <ScheduledStopPointRef ref="CEC:ScheduledStopPoint:822:LOC" versionRef="1"/>
                           <ForAlighting>true</ForAlighting>
                           <ForBoarding>true</ForBoarding>
                           <RequestStop>false</RequestStop>
                        </StopPointInJourneyPattern>
                        <StopPointInJourneyPattern id="CEC:StopPointInJourneyPattern:233x8:LOC" version="any" order="12">
                           <ScheduledStopPointRef ref="CEC:ScheduledStopPoint:823:LOC" versionRef="1"/>
                           <ForAlighting>true</ForAlighting>
                           <ForBoarding>false</ForBoarding>
                           <RequestStop>false</RequestStop>
                        </StopPointInJourneyPattern>
                     </pointsInSequence>
                     <ServiceJourneyPatternType>passenger</ServiceJourneyPatternType>
                  </ServiceJourneyPattern>
                  <ServiceJourneyPattern id="CEC:ServiceJourneyPattern:234:LOC" version="1">
                     <Name>Cherville</Name>
                     <PrivateCode>14951686</PrivateCode>
                     <RouteRef ref="CEC:Route:LD-R:LOC" versionRef="1"/>
                     <DestinationDisplayRef ref="CEC:DestinationDisplay:234:LOC" versionRef="1"/>
                     <pointsInSequence>
                        <StopPointInJourneyPattern id="CEC:StopPointInJourneyPattern:234x1:LOC" version="any" order="1">
                           <ScheduledStopPointRef ref="CEC:ScheduledStopPoint:812:LOC" versionRef="1"/>
                           <ForAlighting>false</ForAlighting>
                           <ForBoarding>true</ForBoarding>
                           <RequestStop>false</RequestStop>
                        </StopPointInJourneyPattern>
                        <StopPointInJourneyPattern id="CEC:StopPointInJourneyPattern:234x2:LOC" version="any" order="2">
                           <ScheduledStopPointRef ref="CEC:ScheduledStopPoint:813:LOC" versionRef="1"/>
                           <ForAlighting>true</ForAlighting>
                           <ForBoarding>true</ForBoarding>
                           <RequestStop>false</RequestStop>
                        </StopPointInJourneyPattern>
                        <StopPointInJourneyPattern id="CEC:StopPointInJourneyPattern:234x3:LOC" version="any" order="4">
                           <ScheduledStopPointRef ref="CEC:ScheduledStopPoint:815:LOC" versionRef="1"/>
                           <ForAlighting>true</ForAlighting>
                           <ForBoarding>true</ForBoarding>
                           <RequestStop>false</RequestStop>
                        </StopPointInJourneyPattern>
                        <StopPointInJourneyPattern id="CEC:StopPointInJourneyPattern:234x4:LOC" version="any" order="8">
                           <ScheduledStopPointRef ref="CEC:ScheduledStopPoint:819:LOC" versionRef="1"/>
                           <ForAlighting>true</ForAlighting>
                           <ForBoarding>true</ForBoarding>
                           <RequestStop>false</RequestStop>
                        </StopPointInJourneyPattern>
                        <StopPointInJourneyPattern id="CEC:StopPointInJourneyPattern:234x5:LOC" version="any" order="9">
                           <ScheduledStopPointRef ref="CEC:ScheduledStopPoint:820:LOC" versionRef="1"/>
                           <ForAlighting>true</ForAlighting>
                           <ForBoarding>true</ForBoarding>
                           <RequestStop>false</RequestStop>
                        </StopPointInJourneyPattern>
                        <StopPointInJourneyPattern id="CEC:StopPointInJourneyPattern:234x6:LOC" version="any" order="10">
                           <ScheduledStopPointRef ref="CEC:ScheduledStopPoint:821:LOC" versionRef="1"/>
                           <ForAlighting>true</ForAlighting>
                           <ForBoarding>true</ForBoarding>
                           <RequestStop>false</RequestStop>
                        </StopPointInJourneyPattern>
                        <StopPointInJourneyPattern id="CEC:StopPointInJourneyPattern:234x7:LOC" version="any" order="11">
                           <ScheduledStopPointRef ref="CEC:ScheduledStopPoint:822:LOC" versionRef="1"/>
                           <ForAlighting>true</ForAlighting>
                           <ForBoarding>true</ForBoarding>
                           <RequestStop>false</RequestStop>
                        </StopPointInJourneyPattern>
                        <StopPointInJourneyPattern id="CEC:StopPointInJourneyPattern:234x8:LOC" version="any" order="12">
                           <ScheduledStopPointRef ref="CEC:ScheduledStopPoint:823:LOC" versionRef="1"/>
                           <ForAlighting>true</ForAlighting>
                           <ForBoarding>false</ForBoarding>
                           <RequestStop>false</RequestStop>
                        </StopPointInJourneyPattern>
                     </pointsInSequence>
                     <ServiceJourneyPatternType>passenger</ServiceJourneyPatternType>
                  </ServiceJourneyPattern>
                  <ServiceJourneyPattern id="CEC:ServiceJourneyPattern:235:LOC" version="1">
                     <Name>Cherville</Name>
                     <PrivateCode>14951687</PrivateCode>
                     <RouteRef ref="CEC:Route:LD-R:LOC" versionRef="1"/>
                     <DestinationDisplayRef ref="CEC:DestinationDisplay:235:LOC" versionRef="1"/>
                     <pointsInSequence>
                        <StopPointInJourneyPattern id="CEC:StopPointInJourneyPattern:235x1:LOC" version="any" order="1">
                           <ScheduledStopPointRef ref="CEC:ScheduledStopPoint:812:LOC" versionRef="1"/>
                           <ForAlighting>false</ForAlighting>
                           <ForBoarding>true</ForBoarding>
                           <RequestStop>false</RequestStop>
                        </StopPointInJourneyPattern>
                        <StopPointInJourneyPattern id="CEC:StopPointInJourneyPattern:235x2:LOC" version="any" order="2">
                           <ScheduledStopPointRef ref="CEC:ScheduledStopPoint:813:LOC" versionRef="1"/>
                           <ForAlighting>true</ForAlighting>
                           <ForBoarding>true</ForBoarding>
                           <RequestStop>false</RequestStop>
                        </StopPointInJourneyPattern>
                        <StopPointInJourneyPattern id="CEC:StopPointInJourneyPattern:235x3:LOC" version="any" order="3">
                           <ScheduledStopPointRef ref="CEC:ScheduledStopPoint:814:LOC" versionRef="1"/>
                           <ForAlighting>true</ForAlighting>
                           <ForBoarding>true</ForBoarding>
                           <RequestStop>false</RequestStop>
                        </StopPointInJourneyPattern>
                        <StopPointInJourneyPattern id="CEC:StopPointInJourneyPattern:235x4:LOC" version="any" order="4">
                           <ScheduledStopPointRef ref="CEC:ScheduledStopPoint:815:LOC" versionRef="1"/>
                           <ForAlighting>true</ForAlighting>
                           <ForBoarding>true</ForBoarding>
                           <RequestStop>false</RequestStop>
                        </StopPointInJourneyPattern>
                        <StopPointInJourneyPattern id="CEC:StopPointInJourneyPattern:235x5:LOC" version="any" order="6">
                           <ScheduledStopPointRef ref="CEC:ScheduledStopPoint:817:LOC" versionRef="1"/>
                           <ForAlighting>true</ForAlighting>
                           <ForBoarding>true</ForBoarding>
                           <RequestStop>false</RequestStop>
                        </StopPointInJourneyPattern>
                        <StopPointInJourneyPattern id="CEC:StopPointInJourneyPattern:235x6:LOC" version="any" order="8">
                           <ScheduledStopPointRef ref="CEC:ScheduledStopPoint:819:LOC" versionRef="1"/>
                           <ForAlighting>true</ForAlighting>
                           <ForBoarding>true</ForBoarding>
                           <RequestStop>false</RequestStop>
                        </StopPointInJourneyPattern>
                        <StopPointInJourneyPattern id="CEC:StopPointInJourneyPattern:235x7:LOC" version="any" order="9">
                           <ScheduledStopPointRef ref="CEC:ScheduledStopPoint:820:LOC" versionRef="1"/>
                           <ForAlighting>true</ForAlighting>
                           <ForBoarding>true</ForBoarding>
                           <RequestStop>false</RequestStop>
                        </StopPointInJourneyPattern>
                        <StopPointInJourneyPattern id="CEC:StopPointInJourneyPattern:235x8:LOC" version="any" order="10">
                           <ScheduledStopPointRef ref="CEC:ScheduledStopPoint:821:LOC" versionRef="1"/>
                           <ForAlighting>true</ForAlighting>
                           <ForBoarding>true</ForBoarding>
                           <RequestStop>false</RequestStop>
                        </StopPointInJourneyPattern>
                        <StopPointInJourneyPattern id="CEC:StopPointInJourneyPattern:235x9:LOC" version="any" order="11">
                           <ScheduledStopPointRef ref="CEC:ScheduledStopPoint:822:LOC" versionRef="1"/>
                           <ForAlighting>true</ForAlighting>
                           <ForBoarding>true</ForBoarding>
                           <RequestStop>false</RequestStop>
                        </StopPointInJourneyPattern>
                        <StopPointInJourneyPattern id="CEC:StopPointInJourneyPattern:235x10:LOC" version="any" order="12">
                           <ScheduledStopPointRef ref="CEC:ScheduledStopPoint:823:LOC" versionRef="1"/>
                           <ForAlighting>true</ForAlighting>
                           <ForBoarding>false</ForBoarding>
                           <RequestStop>false</RequestStop>
                        </StopPointInJourneyPattern>
                     </pointsInSequence>
                     <ServiceJourneyPatternType>passenger</ServiceJourneyPatternType>
                  </ServiceJourneyPattern>
                  <ServiceJourneyPattern id="CEC:ServiceJourneyPattern:236:LOC" version="1">
                     <Name>Cherville</Name>
                     <PrivateCode>14951690</PrivateCode>
                     <RouteRef ref="CEC:Route:LD-R:LOC" versionRef="1"/>
                     <DestinationDisplayRef ref="CEC:DestinationDisplay:236:LOC" versionRef="1"/>
                     <pointsInSequence>
                        <StopPointInJourneyPattern id="CEC:StopPointInJourneyPattern:236x1:LOC" version="any" order="2">
                           <ScheduledStopPointRef ref="CEC:ScheduledStopPoint:813:LOC" versionRef="1"/>
                           <ForAlighting>false</ForAlighting>
                           <ForBoarding>true</ForBoarding>
                           <RequestStop>false</RequestStop>
                        </StopPointInJourneyPattern>
                        <StopPointInJourneyPattern id="CEC:StopPointInJourneyPattern:236x2:LOC" version="any" order="6">
                           <ScheduledStopPointRef ref="CEC:ScheduledStopPoint:817:LOC" versionRef="1"/>
                           <ForAlighting>true</ForAlighting>
                           <ForBoarding>true</ForBoarding>
                           <RequestStop>false</RequestStop>
                        </StopPointInJourneyPattern>
                        <StopPointInJourneyPattern id="CEC:StopPointInJourneyPattern:236x3:LOC" version="any" order="8">
                           <ScheduledStopPointRef ref="CEC:ScheduledStopPoint:819:LOC" versionRef="1"/>
                           <ForAlighting>true</ForAlighting>
                           <ForBoarding>true</ForBoarding>
                           <RequestStop>false</RequestStop>
                        </StopPointInJourneyPattern>
                        <StopPointInJourneyPattern id="CEC:StopPointInJourneyPattern:236x4:LOC" version="any" order="10">
                           <ScheduledStopPointRef ref="CEC:ScheduledStopPoint:821:LOC" versionRef="1"/>
                           <ForAlighting>true</ForAlighting>
                           <ForBoarding>true</ForBoarding>
                           <RequestStop>false</RequestStop>
                        </StopPointInJourneyPattern>
                        <StopPointInJourneyPattern id="CEC:StopPointInJourneyPattern:236x5:LOC" version="any" order="11">
                           <ScheduledStopPointRef ref="CEC:ScheduledStopPoint:822:LOC" versionRef="1"/>
                           <ForAlighting>true</ForAlighting>
                           <ForBoarding>true</ForBoarding>
                           <RequestStop>false</RequestStop>
                        </StopPointInJourneyPattern>
                        <StopPointInJourneyPattern id="CEC:StopPointInJourneyPattern:236x6:LOC" version="any" order="12">
                           <ScheduledStopPointRef ref="CEC:ScheduledStopPoint:823:LOC" versionRef="1"/>
                           <ForAlighting>true</ForAlighting>
                           <ForBoarding>false</ForBoarding>
                           <RequestStop>false</RequestStop>
                        </StopPointInJourneyPattern>
                     </pointsInSequence>
                     <ServiceJourneyPatternType>passenger</ServiceJourneyPatternType>
                  </ServiceJourneyPattern>
                  <ServiceJourneyPattern id="CEC:ServiceJourneyPattern:237:LOC" version="1">
                     <Name>Cherville</Name>
                     <PrivateCode>14951685</PrivateCode>
                     <RouteRef ref="CEC:Route:LD-R:LOC" versionRef="1"/>
                     <DestinationDisplayRef ref="CEC:DestinationDisplay:237:LOC" versionRef="1"/>
                     <pointsInSequence>
                        <StopPointInJourneyPattern id="CEC:StopPointInJourneyPattern:237x1:LOC" version="any" order="6">
                           <ScheduledStopPointRef ref="CEC:ScheduledStopPoint:817:LOC" versionRef="1"/>
                           <ForAlighting>false</ForAlighting>
                           <ForBoarding>true</ForBoarding>
                           <RequestStop>false</RequestStop>
                        </StopPointInJourneyPattern>
                        <StopPointInJourneyPattern id="CEC:StopPointInJourneyPattern:237x2:LOC" version="any" order="7">
                           <ScheduledStopPointRef ref="CEC:ScheduledStopPoint:818:LOC" versionRef="1"/>
                           <ForAlighting>true</ForAlighting>
                           <ForBoarding>true</ForBoarding>
                           <RequestStop>false</RequestStop>
                        </StopPointInJourneyPattern>
                        <StopPointInJourneyPattern id="CEC:StopPointInJourneyPattern:237x3:LOC" version="any" order="8">
                           <ScheduledStopPointRef ref="CEC:ScheduledStopPoint:819:LOC" versionRef="1"/>
                           <ForAlighting>true</ForAlighting>
                           <ForBoarding>true</ForBoarding>
                           <RequestStop>false</RequestStop>
                        </StopPointInJourneyPattern>
                        <StopPointInJourneyPattern id="CEC:StopPointInJourneyPattern:237x4:LOC" version="any" order="9">
                           <ScheduledStopPointRef ref="CEC:ScheduledStopPoint:820:LOC" versionRef="1"/>
                           <ForAlighting>true</ForAlighting>
                           <ForBoarding>true</ForBoarding>
                           <RequestStop>false</RequestStop>
                        </StopPointInJourneyPattern>
                        <StopPointInJourneyPattern id="CEC:StopPointInJourneyPattern:237x5:LOC" version="any" order="10">
                           <ScheduledStopPointRef ref="CEC:ScheduledStopPoint:821:LOC" versionRef="1"/>
                           <ForAlighting>true</ForAlighting>
                           <ForBoarding>true</ForBoarding>
                           <RequestStop>false</RequestStop>
                        </StopPointInJourneyPattern>
                        <StopPointInJourneyPattern id="CEC:StopPointInJourneyPattern:237x6:LOC" version="any" order="11">
                           <ScheduledStopPointRef ref="CEC:ScheduledStopPoint:822:LOC" versionRef="1"/>
                           <ForAlighting>true</ForAlighting>
                           <ForBoarding>true</ForBoarding>
                           <RequestStop>false</RequestStop>
                        </StopPointInJourneyPattern>
                        <StopPointInJourneyPattern id="CEC:StopPointInJourneyPattern:237x7:LOC" version="any" order="12">
                           <ScheduledStopPointRef ref="CEC:ScheduledStopPoint:823:LOC" versionRef="1"/>
                           <ForAlighting>true</ForAlighting>
                           <ForBoarding>false</ForBoarding>
                           <RequestStop>false</RequestStop>
                        </StopPointInJourneyPattern>
                     </pointsInSequence>
                     <ServiceJourneyPatternType>passenger</ServiceJourneyPatternType>
                  </ServiceJourneyPattern>
                  <ServiceJourneyPattern id="CEC:ServiceJourneyPattern:238:LOC" version="1">
                     <Name>Dépôt Keolis Marne - Châlons-en-Champagne</Name>
                     <PrivateCode>14951689</PrivateCode>
                     <RouteRef ref="CEC:Route:LD-R:LOC" versionRef="1"/>
                     <DestinationDisplayRef ref="CEC:DestinationDisplay:238:LOC" versionRef="1"/>
                     <pointsInSequence>
                        <StopPointInJourneyPattern id="CEC:StopPointInJourneyPattern:238x1:LOC" version="any" order="2">
                           <ScheduledStopPointRef ref="CEC:ScheduledStopPoint:813:LOC" versionRef="1"/>
                           <ForAlighting>false</ForAlighting>
                           <ForBoarding>true</ForBoarding>
                           <RequestStop>false</RequestStop>
                        </StopPointInJourneyPattern>
                        <StopPointInJourneyPattern id="CEC:StopPointInJourneyPattern:238x2:LOC" version="any" order="3">
                           <ScheduledStopPointRef ref="CEC:ScheduledStopPoint:814:LOC" versionRef="1"/>
                           <ForAlighting>true</ForAlighting>
                           <ForBoarding>true</ForBoarding>
                           <RequestStop>false</RequestStop>
                        </StopPointInJourneyPattern>
                        <StopPointInJourneyPattern id="CEC:StopPointInJourneyPattern:238x3:LOC" version="any" order="4">
                           <ScheduledStopPointRef ref="CEC:ScheduledStopPoint:815:LOC" versionRef="1"/>
                           <ForAlighting>true</ForAlighting>
                           <ForBoarding>true</ForBoarding>
                           <RequestStop>false</RequestStop>
                        </StopPointInJourneyPattern>
                        <StopPointInJourneyPattern id="CEC:StopPointInJourneyPattern:238x4:LOC" version="any" order="5">
                           <ScheduledStopPointRef ref="CEC:ScheduledStopPoint:816:LOC" versionRef="1"/>
                           <ForAlighting>true</ForAlighting>
                           <ForBoarding>false</ForBoarding>
                           <RequestStop>false</RequestStop>
                        </StopPointInJourneyPattern>
                     </pointsInSequence>
                     <ServiceJourneyPatternType>passenger</ServiceJourneyPatternType>
                  </ServiceJourneyPattern>
                  <DestinationDisplay id="CEC:DestinationDisplay:97:LOC" version="1">
                     <FrontText>Lycée Oehmichen</FrontText>
                  </DestinationDisplay>
                  <DestinationDisplay id="CEC:DestinationDisplay:98:LOC" version="1">
                     <FrontText>Gare Routière</FrontText>
                  </DestinationDisplay>
                  <DestinationDisplay id="CEC:DestinationDisplay:232:LOC" version="1">
                     <FrontText>Aulnay</FrontText>
                  </DestinationDisplay>
                  <DestinationDisplay id="CEC:DestinationDisplay:233:LOC" version="1">
                     <FrontText>Cherville</FrontText>
                  </DestinationDisplay>
                  <DestinationDisplay id="CEC:DestinationDisplay:234:LOC" version="1">
                     <FrontText>Cherville</FrontText>
                  </DestinationDisplay>
                  <DestinationDisplay id="CEC:DestinationDisplay:235:LOC" version="1">
                     <FrontText>Cherville</FrontText>
                  </DestinationDisplay>
                  <DestinationDisplay id="CEC:DestinationDisplay:236:LOC" version="1">
                     <FrontText>Cherville</FrontText>
                  </DestinationDisplay>
                  <DestinationDisplay id="CEC:DestinationDisplay:237:LOC" version="1">
                     <FrontText>Cherville</FrontText>
                  </DestinationDisplay>
                  <DestinationDisplay id="CEC:DestinationDisplay:238:LOC" version="1">
                     <FrontText>Dépôt Keolis Marne</FrontText>
                  </DestinationDisplay>
                  <ScheduledStopPoint id="CEC:ScheduledStopPoint:802:LOC" version="1">
                     <Name>Cherville</Name>
                     <Location id="CEC:Location:059fef4c85ce4347966b143e14a76f11:LOC">
                        <Longitude>4.1635504</Longitude>
                        <Latitude>49.0182592</Latitude>
                        <gml:pos srsName="EPSG:27572">733713.260434894 2448236.97729989</gml:pos>
                     </Location>
                  </ScheduledStopPoint>
                  <ScheduledStopPoint id="CEC:ScheduledStopPoint:803:LOC" version="1">
                     <Name>Jâlons Château D&apos;Eau</Name>
                     <Location id="CEC:Location:5899e94f6fc94fe5a38e23fb40ca8f35:LOC">
                        <Longitude>4.1794119</Longitude>
                        <Latitude>49.0099965</Latitude>
                        <gml:pos srsName="EPSG:27572">734895.428059759 2447344.83760018</gml:pos>
                     </Location>
                  </ScheduledStopPoint>
                  <ScheduledStopPoint id="CEC:ScheduledStopPoint:804:LOC" version="1">
                     <Name>Jâlons Pharmacie</Name>
                     <Location id="CEC:Location:a9eaa3990b0a41f092f4841ec38292ba:LOC">
                        <Longitude>4.1850753</Longitude>
                        <Latitude>49.0094968</Latitude>
                        <gml:pos srsName="EPSG:27572">735311.202969263 2447298.97687603</gml:pos>
                     </Location>
                  </ScheduledStopPoint>
                  <ScheduledStopPoint id="CEC:ScheduledStopPoint:805:LOC" version="1">
                     <Name>Aulnay</Name>
                     <Location id="CEC:Location:97c55f6c1e2a4e8a91766b5f3e0cbb82:LOC">
                        <Longitude>4.2034126</Longitude>
                        <Latitude>49.0041143</Latitude>
                        <gml:pos srsName="EPSG:27572">736667.419773313 2446731.89140672</gml:pos>
                     </Location>
                  </ScheduledStopPoint>
                  <ScheduledStopPoint id="CEC:ScheduledStopPoint:806:LOC" version="1">
                     <Name>Matougues RD3</Name>
                     <Location id="CEC:Location:bd3e0513363c480ab3e4d1edd97cd94e:LOC">
                        <Longitude>4.2379752</Longitude>
                        <Latitude>48.9935209</Latitude>
                        <gml:pos srsName="EPSG:27572">739225.596505188 2445614.03633898</gml:pos>
                     </Location>
                  </ScheduledStopPoint>
                  <ScheduledStopPoint id="CEC:ScheduledStopPoint:807:LOC" version="1">
                     <Name>Route de Montmirail</Name>
                     <Location id="CEC:Location:6af0a14ed7c747f7a80903dc0be340e4:LOC">
                        <Longitude>4.32267</Longitude>
                        <Latitude>48.9526769</Latitude>
                        <gml:pos srsName="EPSG:27572">745540.446960686 2441223.78710099</gml:pos>
                     </Location>
                  </ScheduledStopPoint>
                  <ScheduledStopPoint id="CEC:ScheduledStopPoint:808:LOC" version="1">
                     <Name>Entrée Talon</Name>
                     <Location id="CEC:Location:80ea482db7bb41fba4219142dd74fd48:LOC">
                        <Longitude>4.3419252</Longitude>
                        <Latitude>48.9556409</Latitude>
                        <gml:pos srsName="EPSG:27572">746942.695991899 2441589.31426652</gml:pos>
                     </Location>
                  </ScheduledStopPoint>
                  <ScheduledStopPoint id="CEC:ScheduledStopPoint:809:LOC" version="1">
                     <Name>Cathédrale</Name>
                     <Location id="CEC:Location:6a10a9738ab74c10a3c74bea53c134fd:LOC">
                        <Longitude>4.3574133</Longitude>
                        <Latitude>48.9555799</Latitude>
                        <gml:pos srsName="EPSG:27572">748077.476838175 2441611.58528196</gml:pos>
                     </Location>
                  </ScheduledStopPoint>
                  <ScheduledStopPoint id="CEC:ScheduledStopPoint:810:LOC" version="1">
                     <Name>Gare Routière</Name>
                     <Location id="CEC:Location:56b3d1d64044461b96a650059621817e:LOC">
                        <Longitude>4.3655162</Longitude>
                        <Latitude>48.9627782</Latitude>
                        <gml:pos srsName="EPSG:27572">748650.39883469 2442427.60626908</gml:pos>
                     </Location>
                  </ScheduledStopPoint>
                  <ScheduledStopPoint id="CEC:ScheduledStopPoint:811:LOC" version="1">
                     <Name>Lycée Oehmichen</Name>
                     <Location id="CEC:Location:0e8bc9775641402795e51397119b991a:LOC">
                        <Longitude>4.3598114</Longitude>
                        <Latitude>48.9764577</Latitude>
                        <gml:pos srsName="EPSG:27572">748193.377175407 2443938.54379906</gml:pos>
                     </Location>
                  </ScheduledStopPoint>
                  <ScheduledStopPoint id="CEC:ScheduledStopPoint:812:LOC" version="1">
                     <Name>Lycée Oehmichen</Name>
                     <Location id="CEC:Location:cf6122f4334c4ced80a3b96af015f6cd:LOC">
                        <Longitude>4.3598114</Longitude>
                        <Latitude>48.9764577</Latitude>
                        <gml:pos srsName="EPSG:27572">748193.377175407 2443938.54379906</gml:pos>
                     </Location>
                  </ScheduledStopPoint>
                  <ScheduledStopPoint id="CEC:ScheduledStopPoint:813:LOC" version="1">
                     <Name>Gare Routière</Name>
                     <Location id="CEC:Location:7b508733b3524edfafc24419e567d6e5:LOC">
                        <Longitude>4.3655162</Longitude>
                        <Latitude>48.9627782</Latitude>
                        <gml:pos srsName="EPSG:27572">748650.39883469 2442427.60626908</gml:pos>
                     </Location>
                  </ScheduledStopPoint>
                  <ScheduledStopPoint id="CEC:ScheduledStopPoint:814:LOC" version="1">
                     <Name>Cathédrale</Name>
                     <Location id="CEC:Location:277398807a38460fa0caf1db2b33c057:LOC">
                        <Longitude>4.3570486</Longitude>
                        <Latitude>48.9555761</Latitude>
                        <gml:pos srsName="EPSG:27572">748050.771035414 2441610.47580491</gml:pos>
                     </Location>
                  </ScheduledStopPoint>
                  <ScheduledStopPoint id="CEC:ScheduledStopPoint:815:LOC" version="1">
                     <Name>Entrée Talon</Name>
                     <Location id="CEC:Location:c9c9dd7dba754dfc8893b32067398988:LOC">
                        <Longitude>4.3429318</Longitude>
                        <Latitude>48.9557134</Latitude>
                        <gml:pos srsName="EPSG:27572">747016.230470822 2441599.26076361</gml:pos>
                     </Location>
                  </ScheduledStopPoint>
                  <ScheduledStopPoint id="CEC:ScheduledStopPoint:816:LOC" version="1">
                     <Name>Dépôt Keolis Marne</Name>
                     <Location id="CEC:Location:f7f0c12f66ff4f3abd8ac518203c633a:LOC">
                        <Longitude>4.3404279</Longitude>
                        <Latitude>48.9571973</Latitude>
                        <gml:pos srsName="EPSG:27572">746828.595034852 2441759.65020492</gml:pos>
                     </Location>
                  </ScheduledStopPoint>
                  <ScheduledStopPoint id="CEC:ScheduledStopPoint:817:LOC" version="1">
                     <Name>Route de Montmirail</Name>
                     <Location id="CEC:Location:92babae6484b48288b47b86c937faf5b:LOC">
                        <Longitude>4.32267</Longitude>
                        <Latitude>48.9526769</Latitude>
                        <gml:pos srsName="EPSG:27572">745540.446960686 2441223.78710099</gml:pos>
                     </Location>
                  </ScheduledStopPoint>
                  <ScheduledStopPoint id="CEC:ScheduledStopPoint:818:LOC" version="1">
                     <Name>Entrée Talon</Name>
                     <Location id="CEC:Location:8abb5bfb17da43e5a0455945fd725848:LOC">
                        <Longitude>4.3419252</Longitude>
                        <Latitude>48.9556409</Latitude>
                        <gml:pos srsName="EPSG:27572">746942.695991899 2441589.31426652</gml:pos>
                     </Location>
                  </ScheduledStopPoint>
                  <ScheduledStopPoint id="CEC:ScheduledStopPoint:819:LOC" version="1">
                     <Name>Matougues RD3</Name>
                     <Location id="CEC:Location:d5038a20124a447a8c8cd719c37f7ee8:LOC">
                        <Longitude>4.2377601</Longitude>
                        <Latitude>48.9936925</Latitude>
                        <gml:pos srsName="EPSG:27572">739209.388288966 2445632.74540744</gml:pos>
                     </Location>
                  </ScheduledStopPoint>
                  <ScheduledStopPoint id="CEC:ScheduledStopPoint:820:LOC" version="1">
                     <Name>Aulnay</Name>
                     <Location id="CEC:Location:9ccb8e9d6aa64cb4b8ac3886c3f4a2bb:LOC">
                        <Longitude>4.2032433</Longitude>
                        <Latitude>49.0042745</Latitude>
                        <gml:pos srsName="EPSG:27572">736654.605277169 2446749.41921146</gml:pos>
                     </Location>
                  </ScheduledStopPoint>
                  <ScheduledStopPoint id="CEC:ScheduledStopPoint:821:LOC" version="1">
                     <Name>Jâlons Pharmacie</Name>
                     <Location id="CEC:Location:8efe01ff15224c14a037bfd26682f444:LOC">
                        <Longitude>4.1849061</Longitude>
                        <Latitude>49.009554</Latitude>
                        <gml:pos srsName="EPSG:27572">735298.670585225 2447305.0492149</gml:pos>
                     </Location>
                  </ScheduledStopPoint>
                  <ScheduledStopPoint id="CEC:ScheduledStopPoint:822:LOC" version="1">
                     <Name>Jâlons Château D&apos;Eau</Name>
                     <Location id="CEC:Location:926cce246cd84009bdc51073d862c8ef:LOC">
                        <Longitude>4.1789413</Longitude>
                        <Latitude>49.0101415</Latitude>
                        <gml:pos srsName="EPSG:27572">734860.609797441 2447360.16162998</gml:pos>
                     </Location>
                  </ScheduledStopPoint>
                  <ScheduledStopPoint id="CEC:ScheduledStopPoint:823:LOC" version="1">
                     <Name>Cherville</Name>
                     <Location id="CEC:Location:52e81dc146394d24bd0bab52102c9c04:LOC">
                        <Longitude>4.1635504</Longitude>
                        <Latitude>49.0182592</Latitude>
                        <gml:pos srsName="EPSG:27572">733713.260434894 2448236.97729989</gml:pos>
                     </Location>
                  </ScheduledStopPoint>
                  <PassengerStopAssignment id="CEC:PassengerStopAssignment:802:LOC" version="1" order="0">
                     <ScheduledStopPointRef ref="CEC:ScheduledStopPoint:802:LOC" versionRef="1"/>
                     <StopPlaceRef ref="FR:51150:StopPlace:genAUTO$1291980793:CEC" versionRef="1"/>
                     <QuayRef ref="FR:51150:Quay:CHERVIL:CEC" versionRef="1"/>
                  </PassengerStopAssignment>
                  <PassengerStopAssignment id="CEC:PassengerStopAssignment:803:LOC" version="1" order="0">
                     <ScheduledStopPointRef ref="CEC:ScheduledStopPoint:803:LOC" versionRef="1"/>
                     <StopPlaceRef ref="FR:51303:StopPlace:genAUTO$197047650:CEC" versionRef="1"/>
                     <QuayRef ref="FR:51303:Quay:JAL CH-1:CEC" versionRef="1"/>
                  </PassengerStopAssignment>
                  <PassengerStopAssignment id="CEC:PassengerStopAssignment:804:LOC" version="1" order="0">
                     <ScheduledStopPointRef ref="CEC:ScheduledStopPoint:804:LOC" versionRef="1"/>
                     <StopPlaceRef ref="FR:51303:StopPlace:genAUTO$197046961:CEC" versionRef="1"/>
                     <QuayRef ref="FR:51303:Quay:JAL PH-1:CEC" versionRef="1"/>
                  </PassengerStopAssignment>
                  <PassengerStopAssignment id="CEC:PassengerStopAssignment:805:LOC" version="1" order="0">
                     <ScheduledStopPointRef ref="CEC:ScheduledStopPoint:805:LOC" versionRef="1"/>
                     <StopPlaceRef ref="FR:51023:StopPlace:genAUTO$808754162:CEC" versionRef="1"/>
                     <QuayRef ref="FR:51023:Quay:AULNAY-1:CEC" versionRef="1"/>
                  </PassengerStopAssignment>
                  <PassengerStopAssignment id="CEC:PassengerStopAssignment:806:LOC" version="1" order="0">
                     <ScheduledStopPointRef ref="CEC:ScheduledStopPoint:806:LOC" versionRef="1"/>
                     <StopPlaceRef ref="FR:51357:StopPlace:genAUTO$284004539:CEC" versionRef="1"/>
                     <QuayRef ref="FR:51357:Quay:MA RD3-1:CEC" versionRef="1"/>
                  </PassengerStopAssignment>
                  <PassengerStopAssignment id="CEC:PassengerStopAssignment:807:LOC" version="1" order="0">
                     <ScheduledStopPointRef ref="CEC:ScheduledStopPoint:807:LOC" versionRef="1"/>
                     <StopPlaceRef ref="FR:51242:StopPlace:genAUTO$1616546454:CEC" versionRef="1"/>
                     <QuayRef ref="FR:51242:Quay:roumo2:CEC" versionRef="1"/>
                  </PassengerStopAssignment>
                  <PassengerStopAssignment id="CEC:PassengerStopAssignment:808:LOC" version="1" order="0">
                     <ScheduledStopPointRef ref="CEC:ScheduledStopPoint:808:LOC" versionRef="1"/>
                     <StopPlaceRef ref="FR:51108:StopPlace:genAUTO$695781824:CEC" versionRef="1"/>
                     <QuayRef ref="FR:51108:Quay:entta0:CEC" versionRef="1"/>
                  </PassengerStopAssignment>
                  <PassengerStopAssignment id="CEC:PassengerStopAssignment:809:LOC" version="1" order="0">
                     <ScheduledStopPointRef ref="CEC:ScheduledStopPoint:809:LOC" versionRef="1"/>
                     <StopPlaceRef ref="FR:51108:StopPlace:genAUTO$1787059683:CEC" versionRef="1"/>
                     <QuayRef ref="FR:51108:Quay:cathe0:CEC" versionRef="1"/>
                  </PassengerStopAssignment>
                  <PassengerStopAssignment id="CEC:PassengerStopAssignment:810:LOC" version="1" order="0">
                     <ScheduledStopPointRef ref="CEC:ScheduledStopPoint:810:LOC" versionRef="1"/>
                     <StopPlaceRef ref="FR:51108:StopPlace:genAUTO$1413845497:CEC" versionRef="1"/>
                     <QuayRef ref="FR:51108:Quay:GAREROUT:CEC" versionRef="1"/>
                  </PassengerStopAssignment>
                  <PassengerStopAssignment id="CEC:PassengerStopAssignment:811:LOC" version="1" order="0">
                     <ScheduledStopPointRef ref="CEC:ScheduledStopPoint:811:LOC" versionRef="1"/>
                     <StopPlaceRef ref="FR:51108:StopPlace:genAUTO$743277260:CEC" versionRef="1"/>
                     <QuayRef ref="FR:51108:Quay:lycoe2:CEC" versionRef="1"/>
                  </PassengerStopAssignment>
                  <PassengerStopAssignment id="CEC:PassengerStopAssignment:812:LOC" version="1" order="0">
                     <ScheduledStopPointRef ref="CEC:ScheduledStopPoint:812:LOC" versionRef="1"/>
                     <StopPlaceRef ref="FR:51108:StopPlace:genAUTO$743277260:CEC" versionRef="1"/>
                     <QuayRef ref="FR:51108:Quay:lycoe2:CEC" versionRef="1"/>
                  </PassengerStopAssignment>
                  <PassengerStopAssignment id="CEC:PassengerStopAssignment:813:LOC" version="1" order="0">
                     <ScheduledStopPointRef ref="CEC:ScheduledStopPoint:813:LOC" versionRef="1"/>
                     <StopPlaceRef ref="FR:51108:StopPlace:genAUTO$1413845497:CEC" versionRef="1"/>
                     <QuayRef ref="FR:51108:Quay:GAREROUT:CEC" versionRef="1"/>
                  </PassengerStopAssignment>
                  <PassengerStopAssignment id="CEC:PassengerStopAssignment:814:LOC" version="1" order="0">
                     <ScheduledStopPointRef ref="CEC:ScheduledStopPoint:814:LOC" versionRef="1"/>
                     <StopPlaceRef ref="FR:51108:StopPlace:genAUTO$941823672:CEC" versionRef="1"/>
                     <QuayRef ref="FR:51108:Quay:cathe1:CEC" versionRef="1"/>
                  </PassengerStopAssignment>
                  <PassengerStopAssignment id="CEC:PassengerStopAssignment:815:LOC" version="1" order="0">
                     <ScheduledStopPointRef ref="CEC:ScheduledStopPoint:815:LOC" versionRef="1"/>
                     <StopPlaceRef ref="FR:51108:StopPlace:genAUTO$2033101531:CEC" versionRef="1"/>
                     <QuayRef ref="FR:51108:Quay:entta1:CEC" versionRef="1"/>
                  </PassengerStopAssignment>
                  <PassengerStopAssignment id="CEC:PassengerStopAssignment:816:LOC" version="1" order="0">
                     <ScheduledStopPointRef ref="CEC:ScheduledStopPoint:816:LOC" versionRef="1"/>
                     <StopPlaceRef ref="FR:51108:StopPlace:genAUTO$1443278510:CEC" versionRef="1"/>
                     <QuayRef ref="FR:51108:Quay:D KM:CEC" versionRef="1"/>
                  </PassengerStopAssignment>
                  <PassengerStopAssignment id="CEC:PassengerStopAssignment:817:LOC" version="1" order="0">
                     <ScheduledStopPointRef ref="CEC:ScheduledStopPoint:817:LOC" versionRef="1"/>
                     <StopPlaceRef ref="FR:51242:StopPlace:genAUTO$1616546454:CEC" versionRef="1"/>
                     <QuayRef ref="FR:51242:Quay:roumo2:CEC" versionRef="1"/>
                  </PassengerStopAssignment>
                  <PassengerStopAssignment id="CEC:PassengerStopAssignment:818:LOC" version="1" order="0">
                     <ScheduledStopPointRef ref="CEC:ScheduledStopPoint:818:LOC" versionRef="1"/>
                     <StopPlaceRef ref="FR:51108:StopPlace:genAUTO$695781824:CEC" versionRef="1"/>
                     <QuayRef ref="FR:51108:Quay:entta0:CEC" versionRef="1"/>
                  </PassengerStopAssignment>
                  <PassengerStopAssignment id="CEC:PassengerStopAssignment:819:LOC" version="1" order="0">
                     <ScheduledStopPointRef ref="CEC:ScheduledStopPoint:819:LOC" versionRef="1"/>
                     <StopPlaceRef ref="FR:51357:StopPlace:genAUTO$119279988:CEC" versionRef="1"/>
                     <QuayRef ref="FR:51357:Quay:MA RD3-2:CEC" versionRef="1"/>
                  </PassengerStopAssignment>
                  <PassengerStopAssignment id="CEC:PassengerStopAssignment:820:LOC" version="1" order="0">
                     <ScheduledStopPointRef ref="CEC:ScheduledStopPoint:820:LOC" versionRef="1"/>
                     <StopPlaceRef ref="FR:51023:StopPlace:genAUTO$757329779:CEC" versionRef="1"/>
                     <QuayRef ref="FR:51023:Quay:AULNAY-2:CEC" versionRef="1"/>
                  </PassengerStopAssignment>
                  <PassengerStopAssignment id="CEC:PassengerStopAssignment:821:LOC" version="1" order="0">
                     <ScheduledStopPointRef ref="CEC:ScheduledStopPoint:821:LOC" versionRef="1"/>
                     <StopPlaceRef ref="FR:51303:StopPlace:genAUTO$1369036980:CEC" versionRef="1"/>
                     <QuayRef ref="FR:51303:Quay:JAL PH-2:CEC" versionRef="1"/>
                  </PassengerStopAssignment>
                  <PassengerStopAssignment id="CEC:PassengerStopAssignment:822:LOC" version="1" order="0">
                     <ScheduledStopPointRef ref="CEC:ScheduledStopPoint:822:LOC" versionRef="1"/>
                     <StopPlaceRef ref="FR:51303:StopPlace:genAUTO$1369036291:CEC" versionRef="1"/>
                     <QuayRef ref="FR:51303:Quay:JAL CH-2:CEC" versionRef="1"/>
                  </PassengerStopAssignment>
                  <PassengerStopAssignment id="CEC:PassengerStopAssignment:823:LOC" version="1" order="0">
                     <ScheduledStopPointRef ref="CEC:ScheduledStopPoint:823:LOC" versionRef="1"/>
                     <StopPlaceRef ref="FR:51150:StopPlace:genAUTO$1291980793:CEC" versionRef="1"/>
                     <QuayRef ref="FR:51150:Quay:CHERVIL:CEC" versionRef="1"/>
                  </PassengerStopAssignment>
               </members>
            </GeneralFrame>
            <GeneralFrame id="FR:GeneralFrame:NETEX_HORAIRE-20250825T235104:LOC" version="1.0" dataSourceRef="CEC">
               <TypeOfFrameRef ref="FR:TypeOfFrame:NETEX_HORAIRE"/>
               <members>
                  <ServiceJourney id="CEC:ServiceJourney:1140143:LOC" version="1">
                     <TransportMode>bus</TransportMode>
                     <dayTypes>
                        <DayTypeRef ref="CEC:Timetable:DayType:2027:LOC" versionRef="1"/>
                     </dayTypes>
                     <JourneyPatternRef ref="CEC:ServiceJourneyPattern:232:LOC" versionRef="1"/>
                     <passingTimes>
                        <TimetabledPassingTime version="any">
                           <ArrivalTime>16:35:00</ArrivalTime>
                           <ArrivalDayOffset>0</ArrivalDayOffset>
                           <DepartureTime>16:35:00</DepartureTime>
                           <DepartureDayOffset>0</DepartureDayOffset>
                        </TimetabledPassingTime>
                        <TimetabledPassingTime version="any">
                           <ArrivalTime>16:45:00</ArrivalTime>
                           <ArrivalDayOffset>0</ArrivalDayOffset>
                           <DepartureTime>16:45:00</DepartureTime>
                           <DepartureDayOffset>0</DepartureDayOffset>
                        </TimetabledPassingTime>
                        <TimetabledPassingTime version="any">
                           <ArrivalTime>16:50:00</ArrivalTime>
                           <ArrivalDayOffset>0</ArrivalDayOffset>
                           <DepartureTime>16:50:00</DepartureTime>
                           <DepartureDayOffset>0</DepartureDayOffset>
                        </TimetabledPassingTime>
                     </passingTimes>
                  </ServiceJourney>
                  <ServiceJourney id="CEC:ServiceJourney:1140144:LOC" version="1">
                     <TransportMode>bus</TransportMode>
                     <dayTypes>
                        <DayTypeRef ref="CEC:Timetable:DayType:2027:LOC" versionRef="1"/>
                     </dayTypes>
                     <JourneyPatternRef ref="CEC:ServiceJourneyPattern:233:LOC" versionRef="1"/>
                     <passingTimes>
                        <TimetabledPassingTime version="any">
                           <ArrivalTime>17:15:00</ArrivalTime>
                           <ArrivalDayOffset>0</ArrivalDayOffset>
                           <DepartureTime>17:15:00</DepartureTime>
                           <DepartureDayOffset>0</DepartureDayOffset>
                        </TimetabledPassingTime>
                        <TimetabledPassingTime version="any">
                           <ArrivalTime>17:20:00</ArrivalTime>
                           <ArrivalDayOffset>0</ArrivalDayOffset>
                           <DepartureTime>17:20:00</DepartureTime>
                           <DepartureDayOffset>0</DepartureDayOffset>
                        </TimetabledPassingTime>
                        <TimetabledPassingTime version="any">
                           <ArrivalTime>17:25:00</ArrivalTime>
                           <ArrivalDayOffset>0</ArrivalDayOffset>
                           <DepartureTime>17:25:00</DepartureTime>
                           <DepartureDayOffset>0</DepartureDayOffset>
                        </TimetabledPassingTime>
                        <TimetabledPassingTime version="any">
                           <ArrivalTime>17:40:00</ArrivalTime>
                           <ArrivalDayOffset>0</ArrivalDayOffset>
                           <DepartureTime>17:40:00</DepartureTime>
                           <DepartureDayOffset>0</DepartureDayOffset>
                        </TimetabledPassingTime>
                        <TimetabledPassingTime version="any">
                           <ArrivalTime>17:43:00</ArrivalTime>
                           <ArrivalDayOffset>0</ArrivalDayOffset>
                           <DepartureTime>17:43:00</DepartureTime>
                           <DepartureDayOffset>0</DepartureDayOffset>
                        </TimetabledPassingTime>
                        <TimetabledPassingTime version="any">
                           <ArrivalTime>17:45:00</ArrivalTime>
                           <ArrivalDayOffset>0</ArrivalDayOffset>
                           <DepartureTime>17:45:00</DepartureTime>
                           <DepartureDayOffset>0</DepartureDayOffset>
                        </TimetabledPassingTime>
                        <TimetabledPassingTime version="any">
                           <ArrivalTime>17:46:00</ArrivalTime>
                           <ArrivalDayOffset>0</ArrivalDayOffset>
                           <DepartureTime>17:46:00</DepartureTime>
                           <DepartureDayOffset>0</DepartureDayOffset>
                        </TimetabledPassingTime>
                        <TimetabledPassingTime version="any">
                           <ArrivalTime>17:53:00</ArrivalTime>
                           <ArrivalDayOffset>0</ArrivalDayOffset>
                           <DepartureTime>17:53:00</DepartureTime>
                           <DepartureDayOffset>0</DepartureDayOffset>
                        </TimetabledPassingTime>
                     </passingTimes>
                  </ServiceJourney>
                  <ServiceJourney id="CEC:ServiceJourney:1140145:LOC" version="1">
                     <TransportMode>bus</TransportMode>
                     <dayTypes>
                        <DayTypeRef ref="CEC:Timetable:DayType:2027:LOC" versionRef="1"/>
                     </dayTypes>
                     <JourneyPatternRef ref="CEC:ServiceJourneyPattern:234:LOC" versionRef="1"/>
                     <passingTimes>
                        <TimetabledPassingTime version="any">
                           <ArrivalTime>18:05:00</ArrivalTime>
                           <ArrivalDayOffset>0</ArrivalDayOffset>
                           <DepartureTime>18:05:00</DepartureTime>
                           <DepartureDayOffset>0</DepartureDayOffset>
                        </TimetabledPassingTime>
                        <TimetabledPassingTime version="any">
                           <ArrivalTime>18:15:00</ArrivalTime>
                           <ArrivalDayOffset>0</ArrivalDayOffset>
                           <DepartureTime>18:15:00</DepartureTime>
                           <DepartureDayOffset>0</DepartureDayOffset>
                        </TimetabledPassingTime>
                        <TimetabledPassingTime version="any">
                           <ArrivalTime>18:25:00</ArrivalTime>
                           <ArrivalDayOffset>0</ArrivalDayOffset>
                           <DepartureTime>18:25:00</DepartureTime>
                           <DepartureDayOffset>0</DepartureDayOffset>
                        </TimetabledPassingTime>
                        <TimetabledPassingTime version="any">
                           <ArrivalTime>18:40:00</ArrivalTime>
                           <ArrivalDayOffset>0</ArrivalDayOffset>
                           <DepartureTime>18:40:00</DepartureTime>
                           <DepartureDayOffset>0</DepartureDayOffset>
                        </TimetabledPassingTime>
                        <TimetabledPassingTime version="any">
                           <ArrivalTime>18:45:00</ArrivalTime>
                           <ArrivalDayOffset>0</ArrivalDayOffset>
                           <DepartureTime>18:45:00</DepartureTime>
                           <DepartureDayOffset>0</DepartureDayOffset>
                        </TimetabledPassingTime>
                        <TimetabledPassingTime version="any">
                           <ArrivalTime>18:49:00</ArrivalTime>
                           <ArrivalDayOffset>0</ArrivalDayOffset>
                           <DepartureTime>18:49:00</DepartureTime>
                           <DepartureDayOffset>0</DepartureDayOffset>
                        </TimetabledPassingTime>
                        <TimetabledPassingTime version="any">
                           <ArrivalTime>18:50:00</ArrivalTime>
                           <ArrivalDayOffset>0</ArrivalDayOffset>
                           <DepartureTime>18:50:00</DepartureTime>
                           <DepartureDayOffset>0</DepartureDayOffset>
                        </TimetabledPassingTime>
                        <TimetabledPassingTime version="any">
                           <ArrivalTime>18:55:00</ArrivalTime>
                           <ArrivalDayOffset>0</ArrivalDayOffset>
                           <DepartureTime>18:55:00</DepartureTime>
                           <DepartureDayOffset>0</DepartureDayOffset>
                        </TimetabledPassingTime>
                     </passingTimes>
                  </ServiceJourney>
                  <ServiceJourney id="CEC:ServiceJourney:1140147:LOC" version="1">
                     <TransportMode>bus</TransportMode>
                     <dayTypes>
                        <DayTypeRef ref="CEC:Timetable:DayType:2027:LOC" versionRef="1"/>
                     </dayTypes>
                     <JourneyPatternRef ref="CEC:ServiceJourneyPattern:236:LOC" versionRef="1"/>
                     <passingTimes>
                        <TimetabledPassingTime version="any">
                           <ArrivalTime>16:15:00</ArrivalTime>
                           <ArrivalDayOffset>0</ArrivalDayOffset>
                           <DepartureTime>16:15:00</DepartureTime>
                           <DepartureDayOffset>0</DepartureDayOffset>
                        </TimetabledPassingTime>
                        <TimetabledPassingTime version="any">
                           <ArrivalTime>16:35:00</ArrivalTime>
                           <ArrivalDayOffset>0</ArrivalDayOffset>
                           <DepartureTime>16:35:00</DepartureTime>
                           <DepartureDayOffset>0</DepartureDayOffset>
                        </TimetabledPassingTime>
                        <TimetabledPassingTime version="any">
                           <ArrivalTime>16:45:00</ArrivalTime>
                           <ArrivalDayOffset>0</ArrivalDayOffset>
                           <DepartureTime>16:45:00</DepartureTime>
                           <DepartureDayOffset>0</DepartureDayOffset>
                        </TimetabledPassingTime>
                        <TimetabledPassingTime version="any">
                           <ArrivalTime>16:49:00</ArrivalTime>
                           <ArrivalDayOffset>0</ArrivalDayOffset>
                           <DepartureTime>16:49:00</DepartureTime>
                           <DepartureDayOffset>0</DepartureDayOffset>
                        </TimetabledPassingTime>
                        <TimetabledPassingTime version="any">
                           <ArrivalTime>16:50:00</ArrivalTime>
                           <ArrivalDayOffset>0</ArrivalDayOffset>
                           <DepartureTime>16:50:00</DepartureTime>
                           <DepartureDayOffset>0</DepartureDayOffset>
                        </TimetabledPassingTime>
                        <TimetabledPassingTime version="any">
                           <ArrivalTime>16:55:00</ArrivalTime>
                           <ArrivalDayOffset>0</ArrivalDayOffset>
                           <DepartureTime>16:55:00</DepartureTime>
                           <DepartureDayOffset>0</DepartureDayOffset>
                        </TimetabledPassingTime>
                     </passingTimes>
                  </ServiceJourney>
                  <ServiceJourney id="CEC:ServiceJourney:1140146:LOC" version="1">
                     <TransportMode>bus</TransportMode>
                     <dayTypes>
                        <DayTypeRef ref="CEC:Timetable:DayType:254:LOC" versionRef="1"/>
                     </dayTypes>
                     <JourneyPatternRef ref="CEC:ServiceJourneyPattern:235:LOC" versionRef="1"/>
                     <passingTimes>
                        <TimetabledPassingTime version="any">
                           <ArrivalTime>12:05:00</ArrivalTime>
                           <ArrivalDayOffset>0</ArrivalDayOffset>
                           <DepartureTime>12:05:00</DepartureTime>
                           <DepartureDayOffset>0</DepartureDayOffset>
                        </TimetabledPassingTime>
                        <TimetabledPassingTime version="any">
                           <ArrivalTime>12:15:00</ArrivalTime>
                           <ArrivalDayOffset>0</ArrivalDayOffset>
                           <DepartureTime>12:15:00</DepartureTime>
                           <DepartureDayOffset>0</DepartureDayOffset>
                        </TimetabledPassingTime>
                        <TimetabledPassingTime version="any">
                           <ArrivalTime>12:20:00</ArrivalTime>
                           <ArrivalDayOffset>0</ArrivalDayOffset>
                           <DepartureTime>12:20:00</DepartureTime>
                           <DepartureDayOffset>0</DepartureDayOffset>
                        </TimetabledPassingTime>
                        <TimetabledPassingTime version="any">
                           <ArrivalTime>12:25:00</ArrivalTime>
                           <ArrivalDayOffset>0</ArrivalDayOffset>
                           <DepartureTime>12:25:00</DepartureTime>
                           <DepartureDayOffset>0</DepartureDayOffset>
                        </TimetabledPassingTime>
                        <TimetabledPassingTime version="any">
                           <ArrivalTime>12:30:00</ArrivalTime>
                           <ArrivalDayOffset>0</ArrivalDayOffset>
                           <DepartureTime>12:30:00</DepartureTime>
                           <DepartureDayOffset>0</DepartureDayOffset>
                        </TimetabledPassingTime>
                        <TimetabledPassingTime version="any">
                           <ArrivalTime>12:40:00</ArrivalTime>
                           <ArrivalDayOffset>0</ArrivalDayOffset>
                           <DepartureTime>12:40:00</DepartureTime>
                           <DepartureDayOffset>0</DepartureDayOffset>
                        </TimetabledPassingTime>
                        <TimetabledPassingTime version="any">
                           <ArrivalTime>12:45:00</ArrivalTime>
                           <ArrivalDayOffset>0</ArrivalDayOffset>
                           <DepartureTime>12:45:00</DepartureTime>
                           <DepartureDayOffset>0</DepartureDayOffset>
                        </TimetabledPassingTime>
                        <TimetabledPassingTime version="any">
                           <ArrivalTime>12:50:00</ArrivalTime>
                           <ArrivalDayOffset>0</ArrivalDayOffset>
                           <DepartureTime>12:50:00</DepartureTime>
                           <DepartureDayOffset>0</DepartureDayOffset>
                        </TimetabledPassingTime>
                        <TimetabledPassingTime version="any">
                           <ArrivalTime>12:51:00</ArrivalTime>
                           <ArrivalDayOffset>0</ArrivalDayOffset>
                           <DepartureTime>12:51:00</DepartureTime>
                           <DepartureDayOffset>0</DepartureDayOffset>
                        </TimetabledPassingTime>
                        <TimetabledPassingTime version="any">
                           <ArrivalTime>12:55:00</ArrivalTime>
                           <ArrivalDayOffset>0</ArrivalDayOffset>
                           <DepartureTime>12:55:00</DepartureTime>
                           <DepartureDayOffset>0</DepartureDayOffset>
                        </TimetabledPassingTime>
                     </passingTimes>
                  </ServiceJourney>
                  <ServiceJourney id="CEC:ServiceJourney:1140148:LOC" version="1">
                     <TransportMode>bus</TransportMode>
                     <dayTypes>
                        <DayTypeRef ref="CEC:Timetable:DayType:254:LOC" versionRef="1"/>
                     </dayTypes>
                     <JourneyPatternRef ref="CEC:ServiceJourneyPattern:237:LOC" versionRef="1"/>
                     <passingTimes>
                        <TimetabledPassingTime version="any">
                           <ArrivalTime>11:50:00</ArrivalTime>
                           <ArrivalDayOffset>0</ArrivalDayOffset>
                           <DepartureTime>11:50:00</DepartureTime>
                           <DepartureDayOffset>0</DepartureDayOffset>
                        </TimetabledPassingTime>
                        <TimetabledPassingTime version="any">
                           <ArrivalTime>12:05:00</ArrivalTime>
                           <ArrivalDayOffset>0</ArrivalDayOffset>
                           <DepartureTime>12:05:00</DepartureTime>
                           <DepartureDayOffset>0</DepartureDayOffset>
                        </TimetabledPassingTime>
                        <TimetabledPassingTime version="any">
                           <ArrivalTime>12:20:00</ArrivalTime>
                           <ArrivalDayOffset>0</ArrivalDayOffset>
                           <DepartureTime>12:20:00</DepartureTime>
                           <DepartureDayOffset>0</DepartureDayOffset>
                        </TimetabledPassingTime>
                        <TimetabledPassingTime version="any">
                           <ArrivalTime>12:25:00</ArrivalTime>
                           <ArrivalDayOffset>0</ArrivalDayOffset>
                           <DepartureTime>12:25:00</DepartureTime>
                           <DepartureDayOffset>0</DepartureDayOffset>
                        </TimetabledPassingTime>
                        <TimetabledPassingTime version="any">
                           <ArrivalTime>12:29:00</ArrivalTime>
                           <ArrivalDayOffset>0</ArrivalDayOffset>
                           <DepartureTime>12:29:00</DepartureTime>
                           <DepartureDayOffset>0</DepartureDayOffset>
                        </TimetabledPassingTime>
                        <TimetabledPassingTime version="any">
                           <ArrivalTime>12:30:00</ArrivalTime>
                           <ArrivalDayOffset>0</ArrivalDayOffset>
                           <DepartureTime>12:30:00</DepartureTime>
                           <DepartureDayOffset>0</DepartureDayOffset>
                        </TimetabledPassingTime>
                        <TimetabledPassingTime version="any">
                           <ArrivalTime>12:35:00</ArrivalTime>
                           <ArrivalDayOffset>0</ArrivalDayOffset>
                           <DepartureTime>12:35:00</DepartureTime>
                           <DepartureDayOffset>0</DepartureDayOffset>
                        </TimetabledPassingTime>
                     </passingTimes>
                  </ServiceJourney>
                  <ServiceJourney id="CEC:ServiceJourney:1140149:LOC" version="1">
                     <TransportMode>bus</TransportMode>
                     <dayTypes>
                        <DayTypeRef ref="CEC:Timetable:DayType:254:LOC" versionRef="1"/>
                     </dayTypes>
                     <JourneyPatternRef ref="CEC:ServiceJourneyPattern:238:LOC" versionRef="1"/>
                     <passingTimes>
                        <TimetabledPassingTime version="any">
                           <ArrivalTime>18:15:00</ArrivalTime>
                           <ArrivalDayOffset>0</ArrivalDayOffset>
                           <DepartureTime>18:15:00</DepartureTime>
                           <DepartureDayOffset>0</DepartureDayOffset>
                        </TimetabledPassingTime>
                        <TimetabledPassingTime version="any">
                           <ArrivalTime>18:20:00</ArrivalTime>
                           <ArrivalDayOffset>0</ArrivalDayOffset>
                           <DepartureTime>18:20:00</DepartureTime>
                           <DepartureDayOffset>0</DepartureDayOffset>
                        </TimetabledPassingTime>
                        <TimetabledPassingTime version="any">
                           <ArrivalTime>18:24:00</ArrivalTime>
                           <ArrivalDayOffset>0</ArrivalDayOffset>
                           <DepartureTime>18:24:00</DepartureTime>
                           <DepartureDayOffset>0</DepartureDayOffset>
                        </TimetabledPassingTime>
                        <TimetabledPassingTime version="any">
                           <ArrivalTime>19:24:00</ArrivalTime>
                           <ArrivalDayOffset>0</ArrivalDayOffset>
                           <DepartureTime>19:24:00</DepartureTime>
                           <DepartureDayOffset>0</DepartureDayOffset>
                        </TimetabledPassingTime>
                     </passingTimes>
                  </ServiceJourney>
                  <ServiceJourney id="CEC:ServiceJourney:1140141:LOC" version="1">
                     <TransportMode>bus</TransportMode>
                     <dayTypes>
                        <DayTypeRef ref="CEC:Timetable:DayType:1931:LOC" versionRef="1"/>
                     </dayTypes>
                     <JourneyPatternRef ref="CEC:ServiceJourneyPattern:97:LOC" versionRef="1"/>
                     <passingTimes>
                        <TimetabledPassingTime version="any">
                           <ArrivalTime>06:55:00</ArrivalTime>
                           <ArrivalDayOffset>0</ArrivalDayOffset>
                           <DepartureTime>06:55:00</DepartureTime>
                           <DepartureDayOffset>0</DepartureDayOffset>
                        </TimetabledPassingTime>
                        <TimetabledPassingTime version="any">
                           <ArrivalTime>07:00:00</ArrivalTime>
                           <ArrivalDayOffset>0</ArrivalDayOffset>
                           <DepartureTime>07:00:00</DepartureTime>
                           <DepartureDayOffset>0</DepartureDayOffset>
                        </TimetabledPassingTime>
                        <TimetabledPassingTime version="any">
                           <ArrivalTime>07:01:00</ArrivalTime>
                           <ArrivalDayOffset>0</ArrivalDayOffset>
                           <DepartureTime>07:01:00</DepartureTime>
                           <DepartureDayOffset>0</DepartureDayOffset>
                        </TimetabledPassingTime>
                        <TimetabledPassingTime version="any">
                           <ArrivalTime>07:05:00</ArrivalTime>
                           <ArrivalDayOffset>0</ArrivalDayOffset>
                           <DepartureTime>07:05:00</DepartureTime>
                           <DepartureDayOffset>0</DepartureDayOffset>
                        </TimetabledPassingTime>
                        <TimetabledPassingTime version="any">
                           <ArrivalTime>07:11:00</ArrivalTime>
                           <ArrivalDayOffset>0</ArrivalDayOffset>
                           <DepartureTime>07:11:00</DepartureTime>
                           <DepartureDayOffset>0</DepartureDayOffset>
                        </TimetabledPassingTime>
                        <TimetabledPassingTime version="any">
                           <ArrivalTime>07:21:00</ArrivalTime>
                           <ArrivalDayOffset>0</ArrivalDayOffset>
                           <DepartureTime>07:21:00</DepartureTime>
                           <DepartureDayOffset>0</DepartureDayOffset>
                        </TimetabledPassingTime>
                        <TimetabledPassingTime version="any">
                           <ArrivalTime>07:28:00</ArrivalTime>
                           <ArrivalDayOffset>0</ArrivalDayOffset>
                           <DepartureTime>07:28:00</DepartureTime>
                           <DepartureDayOffset>0</DepartureDayOffset>
                        </TimetabledPassingTime>
                        <TimetabledPassingTime version="any">
                           <ArrivalTime>07:31:00</ArrivalTime>
                           <ArrivalDayOffset>0</ArrivalDayOffset>
                           <DepartureTime>07:31:00</DepartureTime>
                           <DepartureDayOffset>0</DepartureDayOffset>
                        </TimetabledPassingTime>
                        <TimetabledPassingTime version="any">
                           <ArrivalTime>07:38:00</ArrivalTime>
                           <ArrivalDayOffset>0</ArrivalDayOffset>
                           <DepartureTime>07:38:00</DepartureTime>
                           <DepartureDayOffset>0</DepartureDayOffset>
                        </TimetabledPassingTime>
                        <TimetabledPassingTime version="any">
                           <ArrivalTime>07:45:00</ArrivalTime>
                           <ArrivalDayOffset>0</ArrivalDayOffset>
                           <DepartureTime>07:45:00</DepartureTime>
                           <DepartureDayOffset>0</DepartureDayOffset>
                        </TimetabledPassingTime>
                     </passingTimes>
                  </ServiceJourney>
                  <ServiceJourney id="CEC:ServiceJourney:1144482:LOC" version="1">
                     <TransportMode>bus</TransportMode>
                     <dayTypes>
                        <DayTypeRef ref="CEC:Timetable:DayType:1931:LOC" versionRef="1"/>
                     </dayTypes>
                     <JourneyPatternRef ref="CEC:ServiceJourneyPattern:98:LOC" versionRef="1"/>
                     <passingTimes>
                        <TimetabledPassingTime version="any">
                           <ArrivalTime>07:10:00</ArrivalTime>
                           <ArrivalDayOffset>0</ArrivalDayOffset>
                           <DepartureTime>07:10:00</DepartureTime>
                           <DepartureDayOffset>0</DepartureDayOffset>
                        </TimetabledPassingTime>
                        <TimetabledPassingTime version="any">
                           <ArrivalTime>07:12:00</ArrivalTime>
                           <ArrivalDayOffset>0</ArrivalDayOffset>
                           <DepartureTime>07:12:00</DepartureTime>
                           <DepartureDayOffset>0</DepartureDayOffset>
                        </TimetabledPassingTime>
                        <TimetabledPassingTime version="any">
                           <ArrivalTime>07:18:00</ArrivalTime>
                           <ArrivalDayOffset>0</ArrivalDayOffset>
                           <DepartureTime>07:18:00</DepartureTime>
                           <DepartureDayOffset>0</DepartureDayOffset>
                        </TimetabledPassingTime>
                        <TimetabledPassingTime version="any">
                           <ArrivalTime>07:28:00</ArrivalTime>
                           <ArrivalDayOffset>0</ArrivalDayOffset>
                           <DepartureTime>07:28:00</DepartureTime>
                           <DepartureDayOffset>0</DepartureDayOffset>
                        </TimetabledPassingTime>
                        <TimetabledPassingTime version="any">
                           <ArrivalTime>07:35:00</ArrivalTime>
                           <ArrivalDayOffset>0</ArrivalDayOffset>
                           <DepartureTime>07:35:00</DepartureTime>
                           <DepartureDayOffset>0</DepartureDayOffset>
                        </TimetabledPassingTime>
                        <TimetabledPassingTime version="any">
                           <ArrivalTime>07:40:00</ArrivalTime>
                           <ArrivalDayOffset>0</ArrivalDayOffset>
                           <DepartureTime>07:40:00</DepartureTime>
                           <DepartureDayOffset>0</DepartureDayOffset>
                        </TimetabledPassingTime>
                     </passingTimes>
                  </ServiceJourney>
               </members>
            </GeneralFrame>
         </frames>
      </CompositeFrame>
   </dataObjects>
</PublicationDelivery>
