<?xml version='1.0' encoding='UTF-8'?>
<PublicationDelivery xmlns="http://www.netex.org.uk/netex" xmlns:gis="http://www.opengis.net/gml/3.2" xmlns:siri="http://www.siri.org.uk/siri" version="1.1:FR-NETEX_COMMUN-2.2">
  <PublicationTimestamp>2025-07-02T12:16:00Z</PublicationTimestamp>
  <ParticipantRef>VIENNE</ParticipantRef>
  <dataObjects>
    <GeneralFrame version="any" id="VIENNE:GeneralFrame:NETEX_COMMUN-20250702121600Z:LOC">
      <TypeOfFrameRef ref="FR:TypeOfFrame:NETEX_COMMUN:">version="1.1:FR-NETEX_COMMUN-2.2"</TypeOfFrameRef>
      <members>
        <Network version="any" id="VIENNE:Network:86:LOC">
          <Name>Cars Régionaux 86 - Vienne</Name>
          <members>
            <LineRef ref="VIENNE:Line:3954:LOC"/>
            <LineRef ref="VIENNE:Line:3946:LOC"/>
            <LineRef ref="VIENNE:FlexibleLine:3955:LOC"/>
            <LineRef ref="VIENNE:Line:3939:LOC"/>
            <LineRef ref="VIENNE:Line:3950:LOC"/>
            <LineRef ref="VIENNE:Line:3940:LOC"/>
            <LineRef ref="VIENNE:Line:3942:LOC"/>
            <LineRef ref="VIENNE:Line:3948:LOC"/>
            <LineRef ref="VIENNE:Line:3945:LOC"/>
            <LineRef ref="VIENNE:FlexibleLine:3951:LOC"/>
            <LineRef ref="VIENNE:Line:3943:LOC"/>
            <LineRef ref="VIENNE:Line:3944:LOC"/>
            <LineRef ref="VIENNE:Line:3953:LOC"/>
            <LineRef ref="VIENNE:Line:3941:LOC"/>
            <LineRef ref="VIENNE:Line:3947:LOC"/>
            <LineRef ref="VIENNE:Line:3949:LOC"/>
            <LineRef ref="VIENNE:Line:3952:LOC"/>
          </members>
          <AuthorityRef ref="VIENNE:Authority:86:LOC" version="any"/>
        </Network>
        <Line version="any" id="VIENNE:Line:3949:LOC">
          <keyList>
            <KeyValue>
              <Key>route_sort_order</Key>
              <Value>5</Value>
            </KeyValue>
          </keyList>
          <Name>CIVRAY - ST SAVIOL</Name>
          <ShortName>CIVRAY - ST SAVIOL</ShortName>
          <TransportMode>bus</TransportMode>
          <PublicCode>127</PublicCode>
          <PrivateCode>3949</PrivateCode>
          <OperatorRef ref="VIENNE:Operator:86o:LOC" version="any"/>
          <Presentation>
            <Colour>FFFFFF</Colour>
            <TextColour>000000</TextColour>
          </Presentation>
          <AccessibilityAssessment version="any" id="VIENNE:AccessibilityAssessment:line_3949:LOC">
            <MobilityImpairedAccess>false</MobilityImpairedAccess>
            <limitations>
              <AccessibilityLimitation version="any" id="VIENNE:AccessibilityLimitation:line_3949:LOC">
                <WheelchairAccess>false</WheelchairAccess>
              </AccessibilityLimitation>
            </limitations>
          </AccessibilityAssessment>
        </Line>
        <Line version="any" id="VIENNE:Line:3939:LOC">
          <keyList>
            <KeyValue>
              <Key>route_sort_order</Key>
              <Value>10</Value>
            </KeyValue>
          </keyList>
          <Name>LOUDUN - POITIERS</Name>
          <ShortName>LOUDUN - POITIERS</ShortName>
          <TransportMode>bus</TransportMode>
          <PublicCode>110</PublicCode>
          <PrivateCode>3939</PrivateCode>
          <OperatorRef ref="VIENNE:Operator:86o:LOC" version="any"/>
          <Presentation>
            <Colour>FFFFFF</Colour>
            <TextColour>000000</TextColour>
          </Presentation>
          <AccessibilityAssessment version="any" id="VIENNE:AccessibilityAssessment:line_3939:LOC">
            <MobilityImpairedAccess>false</MobilityImpairedAccess>
            <limitations>
              <AccessibilityLimitation version="any" id="VIENNE:AccessibilityLimitation:line_3939:LOC">
                <WheelchairAccess>false</WheelchairAccess>
              </AccessibilityLimitation>
            </limitations>
          </AccessibilityAssessment>
        </Line>
        <Line version="any" id="VIENNE:Line:3947:LOC">
          <keyList>
            <KeyValue>
              <Key>route_sort_order</Key>
              <Value>6</Value>
            </KeyValue>
          </keyList>
          <Name>GENCAY - POITIERS</Name>
          <ShortName>GENCAY - POITIERS</ShortName>
          <TransportMode>bus</TransportMode>
          <PublicCode>125</PublicCode>
          <PrivateCode>3947</PrivateCode>
          <OperatorRef ref="VIENNE:Operator:86o:LOC" version="any"/>
          <Presentation>
            <Colour>FFFFFF</Colour>
            <TextColour>000000</TextColour>
          </Presentation>
          <AccessibilityAssessment version="any" id="VIENNE:AccessibilityAssessment:line_3947:LOC">
            <MobilityImpairedAccess>false</MobilityImpairedAccess>
            <limitations>
              <AccessibilityLimitation version="any" id="VIENNE:AccessibilityLimitation:line_3947:LOC">
                <WheelchairAccess>false</WheelchairAccess>
              </AccessibilityLimitation>
            </limitations>
          </AccessibilityAssessment>
        </Line>
        <Line version="any" id="VIENNE:Line:3948:LOC">
          <keyList>
            <KeyValue>
              <Key>route_sort_order</Key>
              <Value>16</Value>
            </KeyValue>
          </keyList>
          <Name>VALENCE EN POITOU - POITIERS</Name>
          <ShortName>VALENCE EN POITOU - POITIERS</ShortName>
          <TransportMode>bus</TransportMode>
          <PublicCode>126</PublicCode>
          <PrivateCode>3948</PrivateCode>
          <OperatorRef ref="VIENNE:Operator:86o:LOC" version="any"/>
          <Presentation>
            <Colour>FFFFFF</Colour>
            <TextColour>000000</TextColour>
          </Presentation>
          <AccessibilityAssessment version="any" id="VIENNE:AccessibilityAssessment:line_3948:LOC">
            <MobilityImpairedAccess>false</MobilityImpairedAccess>
            <limitations>
              <AccessibilityLimitation version="any" id="VIENNE:AccessibilityLimitation:line_3948:LOC">
                <WheelchairAccess>false</WheelchairAccess>
              </AccessibilityLimitation>
            </limitations>
          </AccessibilityAssessment>
        </Line>
        <Line version="any" id="VIENNE:Line:3941:LOC">
          <keyList>
            <KeyValue>
              <Key>route_sort_order</Key>
              <Value>2</Value>
            </KeyValue>
          </keyList>
          <Name>CHATELLERAULT - POITIERS</Name>
          <ShortName>CHATELLERAULT - POITIERS</ShortName>
          <TransportMode>bus</TransportMode>
          <PublicCode>112</PublicCode>
          <PrivateCode>3941</PrivateCode>
          <OperatorRef ref="VIENNE:Operator:86o:LOC" version="any"/>
          <Presentation>
            <Colour>FFFFFF</Colour>
            <TextColour>000000</TextColour>
          </Presentation>
          <AccessibilityAssessment version="any" id="VIENNE:AccessibilityAssessment:line_3941:LOC">
            <MobilityImpairedAccess>false</MobilityImpairedAccess>
            <limitations>
              <AccessibilityLimitation version="any" id="VIENNE:AccessibilityLimitation:line_3941:LOC">
                <WheelchairAccess>false</WheelchairAccess>
              </AccessibilityLimitation>
            </limitations>
          </AccessibilityAssessment>
        </Line>
        <Line version="any" id="VIENNE:Line:3952:LOC">
          <keyList>
            <KeyValue>
              <Key>route_sort_order</Key>
              <Value>14</Value>
            </KeyValue>
          </keyList>
          <Name>ST SAVIN - CHAUVIGNY</Name>
          <ShortName>ST SAVIN - CHAUVIGNY</ShortName>
          <TransportMode>bus</TransportMode>
          <PublicCode>242</PublicCode>
          <PrivateCode>3952</PrivateCode>
          <OperatorRef ref="VIENNE:Operator:86o:LOC" version="any"/>
          <Presentation>
            <Colour>FFFFFF</Colour>
            <TextColour>000000</TextColour>
          </Presentation>
          <AccessibilityAssessment version="any" id="VIENNE:AccessibilityAssessment:line_3952:LOC">
            <MobilityImpairedAccess>false</MobilityImpairedAccess>
            <limitations>
              <AccessibilityLimitation version="any" id="VIENNE:AccessibilityLimitation:line_3952:LOC">
                <WheelchairAccess>false</WheelchairAccess>
              </AccessibilityLimitation>
            </limitations>
          </AccessibilityAssessment>
        </Line>
        <Line version="any" id="VIENNE:Line:3953:LOC">
          <keyList>
            <KeyValue>
              <Key>route_sort_order</Key>
              <Value>3</Value>
            </KeyValue>
          </keyList>
          <Name>CHAUVIGNY - CIVAUX - MONTMORILLON</Name>
          <ShortName>CHAUVIGNY - CIVAUX - MONTMORILLON</ShortName>
          <TransportMode>bus</TransportMode>
          <PublicCode>243</PublicCode>
          <PrivateCode>3953</PrivateCode>
          <OperatorRef ref="VIENNE:Operator:86o:LOC" version="any"/>
          <Presentation>
            <Colour>FFFFFF</Colour>
            <TextColour>000000</TextColour>
          </Presentation>
          <AccessibilityAssessment version="any" id="VIENNE:AccessibilityAssessment:line_3953:LOC">
            <MobilityImpairedAccess>false</MobilityImpairedAccess>
            <limitations>
              <AccessibilityLimitation version="any" id="VIENNE:AccessibilityLimitation:line_3953:LOC">
                <WheelchairAccess>false</WheelchairAccess>
              </AccessibilityLimitation>
            </limitations>
          </AccessibilityAssessment>
        </Line>
        <Line version="any" id="VIENNE:Line:3942:LOC">
          <keyList>
            <KeyValue>
              <Key>route_sort_order</Key>
              <Value>18</Value>
            </KeyValue>
          </keyList>
          <Name>VOUILLE-POITIERS</Name>
          <ShortName>VOUILLE-POITIERS</ShortName>
          <TransportMode>bus</TransportMode>
          <PublicCode>113</PublicCode>
          <PrivateCode>3942</PrivateCode>
          <OperatorRef ref="VIENNE:Operator:86o:LOC" version="any"/>
          <Presentation>
            <Colour>FFFFFF</Colour>
            <TextColour>000000</TextColour>
          </Presentation>
          <AccessibilityAssessment version="any" id="VIENNE:AccessibilityAssessment:line_3942:LOC">
            <MobilityImpairedAccess>false</MobilityImpairedAccess>
            <limitations>
              <AccessibilityLimitation version="any" id="VIENNE:AccessibilityLimitation:line_3942:LOC">
                <WheelchairAccess>false</WheelchairAccess>
              </AccessibilityLimitation>
            </limitations>
          </AccessibilityAssessment>
        </Line>
        <Line version="any" id="VIENNE:Line:3950:LOC">
          <keyList>
            <KeyValue>
              <Key>route_sort_order</Key>
              <Value>7</Value>
            </KeyValue>
          </keyList>
          <Name>L'ISLE JOURDAIN - POITIERS</Name>
          <ShortName>L'ISLE JOURDAIN - POITIERS</ShortName>
          <TransportMode>bus</TransportMode>
          <PublicCode>240</PublicCode>
          <PrivateCode>3950</PrivateCode>
          <OperatorRef ref="VIENNE:Operator:86o:LOC" version="any"/>
          <Presentation>
            <Colour>FFFFFF</Colour>
            <TextColour>000000</TextColour>
          </Presentation>
          <AccessibilityAssessment version="any" id="VIENNE:AccessibilityAssessment:line_3950:LOC">
            <MobilityImpairedAccess>false</MobilityImpairedAccess>
            <limitations>
              <AccessibilityLimitation version="any" id="VIENNE:AccessibilityLimitation:line_3950:LOC">
                <WheelchairAccess>false</WheelchairAccess>
              </AccessibilityLimitation>
            </limitations>
          </AccessibilityAssessment>
        </Line>
        <Line version="any" id="VIENNE:Line:3940:LOC">
          <keyList>
            <KeyValue>
              <Key>route_sort_order</Key>
              <Value>8</Value>
            </KeyValue>
          </keyList>
          <Name>LENCLOITRE - POITIERS</Name>
          <ShortName>LENCLOITRE - POITIERS</ShortName>
          <TransportMode>bus</TransportMode>
          <PublicCode>111</PublicCode>
          <PrivateCode>3940</PrivateCode>
          <OperatorRef ref="VIENNE:Operator:86o:LOC" version="any"/>
          <Presentation>
            <Colour>FFFFFF</Colour>
            <TextColour>000000</TextColour>
          </Presentation>
          <AccessibilityAssessment version="any" id="VIENNE:AccessibilityAssessment:line_3940:LOC">
            <MobilityImpairedAccess>false</MobilityImpairedAccess>
            <limitations>
              <AccessibilityLimitation version="any" id="VIENNE:AccessibilityLimitation:line_3940:LOC">
                <WheelchairAccess>false</WheelchairAccess>
              </AccessibilityLimitation>
            </limitations>
          </AccessibilityAssessment>
        </Line>
        <Line version="any" id="VIENNE:Line:3945:LOC">
          <keyList>
            <KeyValue>
              <Key>route_sort_order</Key>
              <Value>9</Value>
            </KeyValue>
          </keyList>
          <Name>LOUDUN - CHATELLERAULT</Name>
          <ShortName>LOUDUN - CHATELLERAULT</ShortName>
          <TransportMode>bus</TransportMode>
          <PublicCode>116</PublicCode>
          <PrivateCode>3945</PrivateCode>
          <OperatorRef ref="VIENNE:Operator:86o:LOC" version="any"/>
          <Presentation>
            <Colour>FFFFFF</Colour>
            <TextColour>000000</TextColour>
          </Presentation>
          <AccessibilityAssessment version="any" id="VIENNE:AccessibilityAssessment:line_3945:LOC">
            <MobilityImpairedAccess>false</MobilityImpairedAccess>
            <limitations>
              <AccessibilityLimitation version="any" id="VIENNE:AccessibilityLimitation:line_3945:LOC">
                <WheelchairAccess>false</WheelchairAccess>
              </AccessibilityLimitation>
            </limitations>
          </AccessibilityAssessment>
        </Line>
        <Line version="any" id="VIENNE:Line:3946:LOC">
          <keyList>
            <KeyValue>
              <Key>route_sort_order</Key>
              <Value>13</Value>
            </KeyValue>
          </keyList>
          <Name>NEUVILLE-AVANTON-JAUNAY-MARIGNY</Name>
          <ShortName>NEUVILLE-AVANTON-JAUNAY-MARIGNY</ShortName>
          <TransportMode>bus</TransportMode>
          <PublicCode>117</PublicCode>
          <PrivateCode>3946</PrivateCode>
          <OperatorRef ref="VIENNE:Operator:86o:LOC" version="any"/>
          <Presentation>
            <Colour>FFFFFF</Colour>
            <TextColour>000000</TextColour>
          </Presentation>
          <AccessibilityAssessment version="any" id="VIENNE:AccessibilityAssessment:line_3946:LOC">
            <MobilityImpairedAccess>false</MobilityImpairedAccess>
            <limitations>
              <AccessibilityLimitation version="any" id="VIENNE:AccessibilityLimitation:line_3946:LOC">
                <WheelchairAccess>false</WheelchairAccess>
              </AccessibilityLimitation>
            </limitations>
          </AccessibilityAssessment>
        </Line>
        <Line version="any" id="VIENNE:Line:3954:LOC">
          <keyList>
            <KeyValue>
              <Key>route_sort_order</Key>
              <Value>4</Value>
            </KeyValue>
          </keyList>
          <Name>CHAUVIGNY - MONTMORILLON</Name>
          <ShortName>CHAUVIGNY - MONTMORILLON</ShortName>
          <TransportMode>bus</TransportMode>
          <PublicCode>244</PublicCode>
          <PrivateCode>3954</PrivateCode>
          <OperatorRef ref="VIENNE:Operator:86o:LOC" version="any"/>
          <Presentation>
            <Colour>FFFFFF</Colour>
            <TextColour>000000</TextColour>
          </Presentation>
          <AccessibilityAssessment version="any" id="VIENNE:AccessibilityAssessment:line_3954:LOC">
            <MobilityImpairedAccess>false</MobilityImpairedAccess>
            <limitations>
              <AccessibilityLimitation version="any" id="VIENNE:AccessibilityLimitation:line_3954:LOC">
                <WheelchairAccess>false</WheelchairAccess>
              </AccessibilityLimitation>
            </limitations>
          </AccessibilityAssessment>
        </Line>
        <Line version="any" id="VIENNE:Line:3943:LOC">
          <keyList>
            <KeyValue>
              <Key>route_sort_order</Key>
              <Value>12</Value>
            </KeyValue>
          </keyList>
          <Name>NEUVILLE DU POITOU - POITIERS</Name>
          <ShortName>NEUVILLE DU POITOU - POITIERS</ShortName>
          <TransportMode>bus</TransportMode>
          <PublicCode>114</PublicCode>
          <PrivateCode>3943</PrivateCode>
          <OperatorRef ref="VIENNE:Operator:86o:LOC" version="any"/>
          <Presentation>
            <Colour>FFFFFF</Colour>
            <TextColour>000000</TextColour>
          </Presentation>
          <AccessibilityAssessment version="any" id="VIENNE:AccessibilityAssessment:line_3943:LOC">
            <MobilityImpairedAccess>false</MobilityImpairedAccess>
            <limitations>
              <AccessibilityLimitation version="any" id="VIENNE:AccessibilityLimitation:line_3943:LOC">
                <WheelchairAccess>false</WheelchairAccess>
              </AccessibilityLimitation>
            </limitations>
          </AccessibilityAssessment>
        </Line>
        <Line version="any" id="VIENNE:Line:3944:LOC">
          <keyList>
            <KeyValue>
              <Key>route_sort_order</Key>
              <Value>15</Value>
            </KeyValue>
          </keyList>
          <Name>THOUARS - LOUDUN - CHINON</Name>
          <ShortName>THOUARS - LOUDUN - CHINON</ShortName>
          <TransportMode>bus</TransportMode>
          <PublicCode>115</PublicCode>
          <PrivateCode>3944</PrivateCode>
          <OperatorRef ref="VIENNE:Operator:86o:LOC" version="any"/>
          <Presentation>
            <Colour>FFFFFF</Colour>
            <TextColour>000000</TextColour>
          </Presentation>
          <AccessibilityAssessment version="any" id="VIENNE:AccessibilityAssessment:line_3944:LOC">
            <MobilityImpairedAccess>false</MobilityImpairedAccess>
            <limitations>
              <AccessibilityLimitation version="any" id="VIENNE:AccessibilityLimitation:line_3944:LOC">
                <WheelchairAccess>false</WheelchairAccess>
              </AccessibilityLimitation>
            </limitations>
          </AccessibilityAssessment>
        </Line>
        <FlexibleLine version="any" id="VIENNE:FlexibleLine:3955:LOC">
          <keyList>
            <KeyValue>
              <Key>route_sort_order</Key>
              <Value>11</Value>
            </KeyValue>
          </keyList>
          <Name>LUCHAPT - CONFOLENS</Name>
          <ShortName>LUCHAPT - CONFOLENS</ShortName>
          <TransportMode>bus</TransportMode>
          <PublicCode>245</PublicCode>
          <PrivateCode>3955</PrivateCode>
          <OperatorRef ref="VIENNE:Operator:86o:LOC" version="any"/>
          <Presentation>
            <Colour>FFFFFF</Colour>
            <TextColour>000000</TextColour>
          </Presentation>
          <AccessibilityAssessment version="any" id="VIENNE:AccessibilityAssessment:line_3955:LOC">
            <MobilityImpairedAccess>false</MobilityImpairedAccess>
            <limitations>
              <AccessibilityLimitation version="any" id="VIENNE:AccessibilityLimitation:line_3955:LOC">
                <WheelchairAccess>false</WheelchairAccess>
              </AccessibilityLimitation>
            </limitations>
          </AccessibilityAssessment>
          <FlexibleLineType>mixedFlexible</FlexibleLineType>
        </FlexibleLine>
        <FlexibleLine version="any" id="VIENNE:FlexibleLine:3951:LOC">
          <keyList>
            <KeyValue>
              <Key>route_sort_order</Key>
              <Value>17</Value>
            </KeyValue>
          </keyList>
          <Name>VERNON - POITIERS</Name>
          <ShortName>VERNON - POITIERS</ShortName>
          <TransportMode>bus</TransportMode>
          <PublicCode>241</PublicCode>
          <PrivateCode>3951</PrivateCode>
          <OperatorRef ref="VIENNE:Operator:86o:LOC" version="any"/>
          <Presentation>
            <Colour>FFFFFF</Colour>
            <TextColour>000000</TextColour>
          </Presentation>
          <AccessibilityAssessment version="any" id="VIENNE:AccessibilityAssessment:line_3951:LOC">
            <MobilityImpairedAccess>false</MobilityImpairedAccess>
            <limitations>
              <AccessibilityLimitation version="any" id="VIENNE:AccessibilityLimitation:line_3951:LOC">
                <WheelchairAccess>false</WheelchairAccess>
              </AccessibilityLimitation>
            </limitations>
          </AccessibilityAssessment>
          <FlexibleLineType>mixedFlexible</FlexibleLineType>
        </FlexibleLine>
        <Operator version="any" id="VIENNE:Operator:86o:LOC">
          <CompanyNumber>86o</CompanyNumber>
          <Name>Cars Régionaux 86 - Vienne</Name>
          <ContactDetails>
            <Phone>0549462745</Phone>
            <Url>https://www.nouvelle-aquitaine.fr/</Url>
          </ContactDetails>
          <OrganisationType>operator</OrganisationType>
        </Operator>
        <Authority version="any" id="VIENNE:Authority:86:LOC">
          <CompanyNumber>86</CompanyNumber>
          <Name>Cars Régionaux 86 - Vienne</Name>
          <ContactDetails>
            <Phone>0549462745</Phone>
            <Url>https://www.nouvelle-aquitaine.fr/</Url>
          </ContactDetails>
          <OrganisationType>authority</OrganisationType>
        </Authority>
      </members>
    </GeneralFrame>
  </dataObjects>
</PublicationDelivery>