<?xml version="1.0" encoding="UTF-8"?>
<PublicationDelivery xmlns:xsi="http://www.w3.org/2001/XMLSchema-instance"
                     xsi:schemaLocation="http://www.netex.org.uk/netex"
                     xmlns="http://www.netex.org.uk/netex"
                     xmlns:xlink="http://www.w3.org/1999/xlink"
                     xmlns:ifopt="http://www.ifopt.org.uk/ifopt"
                     xmlns:gml="http://www.opengis.net/gml/3.2"
                     xmlns:core="http://www.govtalk.gov.uk/core"
                     xmlns:siri="http://www.siri.org.uk/siri"
                     version="1.10:FR-NETEX-2.2">
   <PublicationTimestamp>2025-09-05T00:03:02+02:00</PublicationTimestamp>
   <ParticipantRef>CITELINE</ParticipantRef>
   <Description>Offre sur la période du 05/09/2025 au 30/08/2026</Description>
   <dataObjects>
      <CompositeFrame id="FR:CompositeFrame:NETEX_LIGNE-20250905T000302:LOC" version="1.0">
         <Name>ZOUFFTGEN -&gt; THIONVILLE Foch</Name>
         <FrameDefaults>
            <DefaultLocale>
               <TimeZone>Europe/Paris</TimeZone>
               <DefaultLanguage>fr</DefaultLanguage>
            </DefaultLocale>
            <DefaultLocationSystem>WGS84</DefaultLocationSystem>
            <DefaultSystemOfUnits>SiMetres</DefaultSystemOfUnits>
         </FrameDefaults>
         <frames>
            <ResourceFrame id="FR:ResourceFrame:1" version="any">
               <typesOfValue>
                  <ValueSet id="FR:ValueSet:TypeOfFrame" nameOfClass="TypeOfFrame" version="any">
                     <Name>TypeOfFrame</Name>
                     <values>
                        <TypeOfFrame id="FR:TypeOfFrame:NETEX_RESEAU" version="any">
                           <Name>NETEX_RESEAU</Name>
                        </TypeOfFrame>
                        <TypeOfFrame id="FR:TypeOfFrame:NETEX_HORAIRE" version="any">
                           <Name>NETEX_HORAIRE</Name>
                        </TypeOfFrame>
                     </values>
                  </ValueSet>
               </typesOfValue>
            </ResourceFrame>
            <GeneralFrame id="FR:GeneralFrame:NETEX_RESEAU-20250905T000302:LOC" version="1.0" dataSourceRef="CITELINE">
               <TypeOfFrameRef ref="FR:TypeOfFrame:NETEX_RESEAU"/>
               <members>
                  <Route id="CITELINE:Route:S108-A:LOC" version="1">
                     <Name>ZOUFFTGEN -&gt; THIONVILLE Foch - Aller</Name>
                     <LineRef ref="CITELINE:Line:S108:LOC" versionRef="1"/>
                     <DirectionType>outbound</DirectionType>
                     <DirectionRef ref="CITELINE:Direction:S108-A:LOC" versionRef="1"/>
                  </Route>
                  <Direction id="CITELINE:Direction:S108-A:LOC" version="1">
                     <Name>ZOUFFTGEN -&gt; THIONVILLE Foch - Aller</Name>
                     <DirectionType>outbound</DirectionType>
                  </Direction>
                  <ServiceJourneyPattern id="CITELINE:ServiceJourneyPattern:98:LOC" version="1">
                     <Name>FOCH FLUO</Name>
                     <PrivateCode>14980909</PrivateCode>
                     <RouteRef ref="CITELINE:Route:S108-A:LOC" versionRef="1"/>
                     <DestinationDisplayRef ref="CITELINE:DestinationDisplay:98:LOC" versionRef="1"/>
                     <pointsInSequence>
                        <StopPointInJourneyPattern id="CITELINE:StopPointInJourneyPattern:98x1:LOC" version="any" order="1">
                           <ScheduledStopPointRef ref="CITELINE:ScheduledStopPoint:2616:LOC" versionRef="1"/>
                           <ForAlighting>false</ForAlighting>
                           <ForBoarding>true</ForBoarding>
                           <RequestStop>false</RequestStop>
                        </StopPointInJourneyPattern>
                        <StopPointInJourneyPattern id="CITELINE:StopPointInJourneyPattern:98x2:LOC" version="any" order="2">
                           <ScheduledStopPointRef ref="CITELINE:ScheduledStopPoint:2617:LOC" versionRef="1"/>
                           <ForAlighting>true</ForAlighting>
                           <ForBoarding>true</ForBoarding>
                           <RequestStop>false</RequestStop>
                        </StopPointInJourneyPattern>
                        <StopPointInJourneyPattern id="CITELINE:StopPointInJourneyPattern:98x3:LOC" version="any" order="3">
                           <ScheduledStopPointRef ref="CITELINE:ScheduledStopPoint:2618:LOC" versionRef="1"/>
                           <ForAlighting>true</ForAlighting>
                           <ForBoarding>true</ForBoarding>
                           <RequestStop>false</RequestStop>
                        </StopPointInJourneyPattern>
                        <StopPointInJourneyPattern id="CITELINE:StopPointInJourneyPattern:98x4:LOC" version="any" order="4">
                           <ScheduledStopPointRef ref="CITELINE:ScheduledStopPoint:2619:LOC" versionRef="1"/>
                           <ForAlighting>true</ForAlighting>
                           <ForBoarding>true</ForBoarding>
                           <RequestStop>false</RequestStop>
                        </StopPointInJourneyPattern>
                        <StopPointInJourneyPattern id="CITELINE:StopPointInJourneyPattern:98x5:LOC" version="any" order="5">
                           <ScheduledStopPointRef ref="CITELINE:ScheduledStopPoint:2620:LOC" versionRef="1"/>
                           <ForAlighting>true</ForAlighting>
                           <ForBoarding>true</ForBoarding>
                           <RequestStop>false</RequestStop>
                        </StopPointInJourneyPattern>
                        <StopPointInJourneyPattern id="CITELINE:StopPointInJourneyPattern:98x6:LOC" version="any" order="6">
                           <ScheduledStopPointRef ref="CITELINE:ScheduledStopPoint:2621:LOC" versionRef="1"/>
                           <ForAlighting>true</ForAlighting>
                           <ForBoarding>true</ForBoarding>
                           <RequestStop>false</RequestStop>
                        </StopPointInJourneyPattern>
                        <StopPointInJourneyPattern id="CITELINE:StopPointInJourneyPattern:98x7:LOC" version="any" order="7">
                           <ScheduledStopPointRef ref="CITELINE:ScheduledStopPoint:2622:LOC" versionRef="1"/>
                           <ForAlighting>true</ForAlighting>
                           <ForBoarding>true</ForBoarding>
                           <RequestStop>false</RequestStop>
                        </StopPointInJourneyPattern>
                        <StopPointInJourneyPattern id="CITELINE:StopPointInJourneyPattern:98x8:LOC" version="any" order="8">
                           <ScheduledStopPointRef ref="CITELINE:ScheduledStopPoint:2623:LOC" versionRef="1"/>
                           <ForAlighting>true</ForAlighting>
                           <ForBoarding>true</ForBoarding>
                           <RequestStop>false</RequestStop>
                        </StopPointInJourneyPattern>
                        <StopPointInJourneyPattern id="CITELINE:StopPointInJourneyPattern:98x9:LOC" version="any" order="9">
                           <ScheduledStopPointRef ref="CITELINE:ScheduledStopPoint:2624:LOC" versionRef="1"/>
                           <ForAlighting>true</ForAlighting>
                           <ForBoarding>true</ForBoarding>
                           <RequestStop>false</RequestStop>
                        </StopPointInJourneyPattern>
                        <StopPointInJourneyPattern id="CITELINE:StopPointInJourneyPattern:98x10:LOC" version="any" order="10">
                           <ScheduledStopPointRef ref="CITELINE:ScheduledStopPoint:2625:LOC" versionRef="1"/>
                           <ForAlighting>true</ForAlighting>
                           <ForBoarding>false</ForBoarding>
                           <RequestStop>false</RequestStop>
                        </StopPointInJourneyPattern>
                     </pointsInSequence>
                     <ServiceJourneyPatternType>passenger</ServiceJourneyPatternType>
                  </ServiceJourneyPattern>
                  <DestinationDisplay id="CITELINE:DestinationDisplay:98:LOC" version="1">
                     <FrontText>FOCH FLUO</FrontText>
                  </DestinationDisplay>
                  <ScheduledStopPoint id="CITELINE:ScheduledStopPoint:2616:LOC" version="1">
                     <Name>GARE SNCF - ZOUFFTGEN</Name>
                     <Location id="CITELINE:Location:87ca5c17964442d783a7a331eee04aaf:LOC">
                        <Longitude>6.1307501</Longitude>
                        <Latitude>49.4549183</Latitude>
                        <gml:pos srsName="EPSG:27572">875255.996268351 2501928.27115045</gml:pos>
                     </Location>
                  </ScheduledStopPoint>
                  <ScheduledStopPoint id="CITELINE:ScheduledStopPoint:2617:LOC" version="1">
                     <Name>ROUTE DE KANFEN</Name>
                     <Location id="CITELINE:Location:b3c41fea3d694a8383234b6bc06b71c7:LOC">
                        <Longitude>6.1320101</Longitude>
                        <Latitude>49.4581983</Latitude>
                        <gml:pos srsName="EPSG:27572">875329.709726186 2502297.41047854</gml:pos>
                     </Location>
                  </ScheduledStopPoint>
                  <ScheduledStopPoint id="CITELINE:ScheduledStopPoint:2618:LOC" version="1">
                     <Name>EGLISE - ZOUFFTGEN</Name>
                     <Location id="CITELINE:Location:3cbb8250a8fc4c6191a739a20946dcc1:LOC">
                        <Longitude>6.1338001</Longitude>
                        <Latitude>49.4614083</Latitude>
                        <gml:pos srsName="EPSG:27572">875442.201897948 2502660.62491239</gml:pos>
                     </Location>
                  </ScheduledStopPoint>
                  <ScheduledStopPoint id="CITELINE:ScheduledStopPoint:2619:LOC" version="1">
                     <Name>RUE PRINCIPALE</Name>
                     <Location id="CITELINE:Location:84a825dfa82d40c785a92fab40ba7def:LOC">
                        <Longitude>6.1404401</Longitude>
                        <Latitude>49.4615483</Latitude>
                        <gml:pos srsName="EPSG:27572">875922.713076652 2502699.47758164</gml:pos>
                     </Location>
                  </ScheduledStopPoint>
                  <ScheduledStopPoint id="CITELINE:ScheduledStopPoint:2620:LOC" version="1">
                     <Name>ROUTE DE ZOUFFTGEN</Name>
                     <Location id="CITELINE:Location:c45fc7d710e248ce90d63987e58d5f85:LOC">
                        <Longitude>6.1713901</Longitude>
                        <Latitude>49.4599483</Latitude>
                        <gml:pos srsName="EPSG:27572">878174.612546914 2502630.63676968</gml:pos>
                     </Location>
                  </ScheduledStopPoint>
                  <ScheduledStopPoint id="CITELINE:ScheduledStopPoint:2621:LOC" version="1">
                     <Name>LE MARRONNIER</Name>
                     <Location id="CITELINE:Location:8569054949b44b9683d89244ff93439a:LOC">
                        <Longitude>6.1753001</Longitude>
                        <Latitude>49.4569083</Latitude>
                        <gml:pos srsName="EPSG:27572">878474.529366367 2502306.44817173</gml:pos>
                     </Location>
                  </ScheduledStopPoint>
                  <ScheduledStopPoint id="CITELINE:ScheduledStopPoint:2622:LOC" version="1">
                     <Name>MAISON FORTE</Name>
                     <Location id="CITELINE:Location:45a68d2ebf9b4976bf67da1fb645c439:LOC">
                        <Longitude>6.1775301</Longitude>
                        <Latitude>49.4576083</Latitude>
                        <gml:pos srsName="EPSG:27572">878632.363258829 2502392.18572334</gml:pos>
                     </Location>
                  </ScheduledStopPoint>
                  <ScheduledStopPoint id="CITELINE:ScheduledStopPoint:2623:LOC" version="1">
                     <Name>STADE - ROUSSY LE VILLAGE</Name>
                     <Location id="CITELINE:Location:574215a803dc414b987ab243bdc9e7f6:LOC">
                        <Longitude>6.1767501</Longitude>
                        <Latitude>49.4512383</Latitude>
                        <gml:pos srsName="EPSG:27572">878610.454250903 2501681.11625039</gml:pos>
                     </Location>
                  </ScheduledStopPoint>
                  <ScheduledStopPoint id="CITELINE:ScheduledStopPoint:2624:LOC" version="1">
                     <Name>LUXEMBOURG</Name>
                     <Location id="CITELINE:Location:ca98bd2f61cf421e901658a0b5c61048:LOC">
                        <Longitude>6.1685131</Longitude>
                        <Latitude>49.3601073</Latitude>
                        <gml:pos srsName="EPSG:27572">878507.644851022 2491519.18132018</gml:pos>
                     </Location>
                  </ScheduledStopPoint>
                  <ScheduledStopPoint id="CITELINE:ScheduledStopPoint:2625:LOC" version="1">
                     <Name>FOCH FLUO</Name>
                     <Location id="CITELINE:Location:6e05d949221c4f83a6abbb145a510c35:LOC">
                        <Longitude>6.1626171</Longitude>
                        <Latitude>49.3599663</Latitude>
                        <gml:pos srsName="EPSG:27572">878080.230859976 2491482.63244175</gml:pos>
                     </Location>
                  </ScheduledStopPoint>
                  <PassengerStopAssignment id="CITELINE:PassengerStopAssignment:2616:LOC" version="1" order="0">
                     <ScheduledStopPointRef ref="CITELINE:ScheduledStopPoint:2616:LOC" versionRef="1"/>
                     <StopPlaceRef ref="FR:57764:StopPlace:genplace_ZOGARE:CITELINE" versionRef="1"/>
                     <QuayRef ref="FR:57764:Quay:770:CITELINE" versionRef="1"/>
                  </PassengerStopAssignment>
                  <PassengerStopAssignment id="CITELINE:PassengerStopAssignment:2617:LOC" version="1" order="0">
                     <ScheduledStopPointRef ref="CITELINE:ScheduledStopPoint:2617:LOC" versionRef="1"/>
                     <StopPlaceRef ref="FR:57764:StopPlace:genplace_ZOKANF:CITELINE" versionRef="1"/>
                     <QuayRef ref="FR:57764:Quay:10771:CITELINE" versionRef="1"/>
                  </PassengerStopAssignment>
                  <PassengerStopAssignment id="CITELINE:PassengerStopAssignment:2618:LOC" version="1" order="0">
                     <ScheduledStopPointRef ref="CITELINE:ScheduledStopPoint:2618:LOC" versionRef="1"/>
                     <StopPlaceRef ref="FR:57764:StopPlace:genplace_ZOEGLI:CITELINE" versionRef="1"/>
                     <QuayRef ref="FR:57764:Quay:10772:CITELINE" versionRef="1"/>
                  </PassengerStopAssignment>
                  <PassengerStopAssignment id="CITELINE:PassengerStopAssignment:2619:LOC" version="1" order="0">
                     <ScheduledStopPointRef ref="CITELINE:ScheduledStopPoint:2619:LOC" versionRef="1"/>
                     <StopPlaceRef ref="FR:57764:StopPlace:genplace_ZOPRIN:CITELINE" versionRef="1"/>
                     <QuayRef ref="FR:57764:Quay:10773:CITELINE" versionRef="1"/>
                  </PassengerStopAssignment>
                  <PassengerStopAssignment id="CITELINE:PassengerStopAssignment:2620:LOC" version="1" order="0">
                     <ScheduledStopPointRef ref="CITELINE:ScheduledStopPoint:2620:LOC" versionRef="1"/>
                     <StopPlaceRef ref="FR:57600:StopPlace:genplace_RSZOUF:CITELINE" versionRef="1"/>
                     <QuayRef ref="FR:57600:Quay:10774:CITELINE" versionRef="1"/>
                  </PassengerStopAssignment>
                  <PassengerStopAssignment id="CITELINE:PassengerStopAssignment:2621:LOC" version="1" order="0">
                     <ScheduledStopPointRef ref="CITELINE:ScheduledStopPoint:2621:LOC" versionRef="1"/>
                     <StopPlaceRef ref="FR:57600:StopPlace:genplace_RSMARR:CITELINE" versionRef="1"/>
                     <QuayRef ref="FR:57600:Quay:769:CITELINE" versionRef="1"/>
                  </PassengerStopAssignment>
                  <PassengerStopAssignment id="CITELINE:PassengerStopAssignment:2622:LOC" version="1" order="0">
                     <ScheduledStopPointRef ref="CITELINE:ScheduledStopPoint:2622:LOC" versionRef="1"/>
                     <StopPlaceRef ref="FR:57600:StopPlace:genplace_RSFORT:CITELINE" versionRef="1"/>
                     <QuayRef ref="FR:57600:Quay:768:CITELINE" versionRef="1"/>
                  </PassengerStopAssignment>
                  <PassengerStopAssignment id="CITELINE:PassengerStopAssignment:2623:LOC" version="1" order="0">
                     <ScheduledStopPointRef ref="CITELINE:ScheduledStopPoint:2623:LOC" versionRef="1"/>
                     <StopPlaceRef ref="FR:57600:StopPlace:genplace_RSSTAD:CITELINE" versionRef="1"/>
                     <QuayRef ref="FR:57600:Quay:10777:CITELINE" versionRef="1"/>
                  </PassengerStopAssignment>
                  <PassengerStopAssignment id="CITELINE:PassengerStopAssignment:2624:LOC" version="1" order="0">
                     <ScheduledStopPointRef ref="CITELINE:ScheduledStopPoint:2624:LOC" versionRef="1"/>
                     <StopPlaceRef ref="FR:57672:StopPlace:genplace_TLUXEM:CITELINE" versionRef="1"/>
                     <QuayRef ref="FR:57672:Quay:3:CITELINE" versionRef="1"/>
                  </PassengerStopAssignment>
                  <PassengerStopAssignment id="CITELINE:PassengerStopAssignment:2625:LOC" version="1" order="0">
                     <ScheduledStopPointRef ref="CITELINE:ScheduledStopPoint:2625:LOC" versionRef="1"/>
                     <StopPlaceRef ref="FR:57672:StopPlace:genplace_TFOCH:CITELINE" versionRef="1"/>
                     <QuayRef ref="FR:57672:Quay:2529:CITELINE" versionRef="1"/>
                  </PassengerStopAssignment>
               </members>
            </GeneralFrame>
            <GeneralFrame id="FR:GeneralFrame:NETEX_HORAIRE-20250905T000302:LOC" version="1.0" dataSourceRef="CITELINE">
               <TypeOfFrameRef ref="FR:TypeOfFrame:NETEX_HORAIRE"/>
               <members>
                  <ServiceJourney id="CITELINE:ServiceJourney:4519243-25-26-MER_NS37-Mercredi-01:LOC" version="1">
                     <TransportMode>bus</TransportMode>
                     <dayTypes>
                        <DayTypeRef ref="CITELINE:Timetable:DayType:74:LOC" versionRef="1"/>
                     </dayTypes>
                     <JourneyPatternRef ref="CITELINE:ServiceJourneyPattern:98:LOC" versionRef="1"/>
                     <passingTimes>
                        <TimetabledPassingTime version="any">
                           <ArrivalTime>06:40:00</ArrivalTime>
                           <ArrivalDayOffset>0</ArrivalDayOffset>
                           <DepartureTime>06:40:00</DepartureTime>
                           <DepartureDayOffset>0</DepartureDayOffset>
                        </TimetabledPassingTime>
                        <TimetabledPassingTime version="any">
                           <ArrivalTime>06:42:00</ArrivalTime>
                           <ArrivalDayOffset>0</ArrivalDayOffset>
                           <DepartureTime>06:42:00</DepartureTime>
                           <DepartureDayOffset>0</DepartureDayOffset>
                        </TimetabledPassingTime>
                        <TimetabledPassingTime version="any">
                           <ArrivalTime>06:43:00</ArrivalTime>
                           <ArrivalDayOffset>0</ArrivalDayOffset>
                           <DepartureTime>06:43:00</DepartureTime>
                           <DepartureDayOffset>0</DepartureDayOffset>
                        </TimetabledPassingTime>
                        <TimetabledPassingTime version="any">
                           <ArrivalTime>06:45:00</ArrivalTime>
                           <ArrivalDayOffset>0</ArrivalDayOffset>
                           <DepartureTime>06:45:00</DepartureTime>
                           <DepartureDayOffset>0</DepartureDayOffset>
                        </TimetabledPassingTime>
                        <TimetabledPassingTime version="any">
                           <ArrivalTime>06:53:00</ArrivalTime>
                           <ArrivalDayOffset>0</ArrivalDayOffset>
                           <DepartureTime>06:53:00</DepartureTime>
                           <DepartureDayOffset>0</DepartureDayOffset>
                        </TimetabledPassingTime>
                        <TimetabledPassingTime version="any">
                           <ArrivalTime>06:56:00</ArrivalTime>
                           <ArrivalDayOffset>0</ArrivalDayOffset>
                           <DepartureTime>06:56:00</DepartureTime>
                           <DepartureDayOffset>0</DepartureDayOffset>
                        </TimetabledPassingTime>
                        <TimetabledPassingTime version="any">
                           <ArrivalTime>06:58:00</ArrivalTime>
                           <ArrivalDayOffset>0</ArrivalDayOffset>
                           <DepartureTime>06:58:00</DepartureTime>
                           <DepartureDayOffset>0</DepartureDayOffset>
                        </TimetabledPassingTime>
                        <TimetabledPassingTime version="any">
                           <ArrivalTime>07:04:00</ArrivalTime>
                           <ArrivalDayOffset>0</ArrivalDayOffset>
                           <DepartureTime>07:04:00</DepartureTime>
                           <DepartureDayOffset>0</DepartureDayOffset>
                        </TimetabledPassingTime>
                        <TimetabledPassingTime version="any">
                           <ArrivalTime>07:24:00</ArrivalTime>
                           <ArrivalDayOffset>0</ArrivalDayOffset>
                           <DepartureTime>07:24:00</DepartureTime>
                           <DepartureDayOffset>0</DepartureDayOffset>
                        </TimetabledPassingTime>
                        <TimetabledPassingTime version="any">
                           <ArrivalTime>07:25:00</ArrivalTime>
                           <ArrivalDayOffset>0</ArrivalDayOffset>
                           <DepartureTime>07:25:00</DepartureTime>
                           <DepartureDayOffset>0</DepartureDayOffset>
                        </TimetabledPassingTime>
                     </passingTimes>
                  </ServiceJourney>
                  <ServiceJourney id="CITELINE:ServiceJourney:4519243-25-26-SCO_NS36-L-Ma-J-V-01:LOC" version="1">
                     <TransportMode>bus</TransportMode>
                     <dayTypes>
                        <DayTypeRef ref="CITELINE:Timetable:DayType:127:LOC" versionRef="1"/>
                     </dayTypes>
                     <JourneyPatternRef ref="CITELINE:ServiceJourneyPattern:98:LOC" versionRef="1"/>
                     <passingTimes>
                        <TimetabledPassingTime version="any">
                           <ArrivalTime>06:40:00</ArrivalTime>
                           <ArrivalDayOffset>0</ArrivalDayOffset>
                           <DepartureTime>06:40:00</DepartureTime>
                           <DepartureDayOffset>0</DepartureDayOffset>
                        </TimetabledPassingTime>
                        <TimetabledPassingTime version="any">
                           <ArrivalTime>06:42:00</ArrivalTime>
                           <ArrivalDayOffset>0</ArrivalDayOffset>
                           <DepartureTime>06:42:00</DepartureTime>
                           <DepartureDayOffset>0</DepartureDayOffset>
                        </TimetabledPassingTime>
                        <TimetabledPassingTime version="any">
                           <ArrivalTime>06:43:00</ArrivalTime>
                           <ArrivalDayOffset>0</ArrivalDayOffset>
                           <DepartureTime>06:43:00</DepartureTime>
                           <DepartureDayOffset>0</DepartureDayOffset>
                        </TimetabledPassingTime>
                        <TimetabledPassingTime version="any">
                           <ArrivalTime>06:45:00</ArrivalTime>
                           <ArrivalDayOffset>0</ArrivalDayOffset>
                           <DepartureTime>06:45:00</DepartureTime>
                           <DepartureDayOffset>0</DepartureDayOffset>
                        </TimetabledPassingTime>
                        <TimetabledPassingTime version="any">
                           <ArrivalTime>06:53:00</ArrivalTime>
                           <ArrivalDayOffset>0</ArrivalDayOffset>
                           <DepartureTime>06:53:00</DepartureTime>
                           <DepartureDayOffset>0</DepartureDayOffset>
                        </TimetabledPassingTime>
                        <TimetabledPassingTime version="any">
                           <ArrivalTime>06:56:00</ArrivalTime>
                           <ArrivalDayOffset>0</ArrivalDayOffset>
                           <DepartureTime>06:56:00</DepartureTime>
                           <DepartureDayOffset>0</DepartureDayOffset>
                        </TimetabledPassingTime>
                        <TimetabledPassingTime version="any">
                           <ArrivalTime>06:58:00</ArrivalTime>
                           <ArrivalDayOffset>0</ArrivalDayOffset>
                           <DepartureTime>06:58:00</DepartureTime>
                           <DepartureDayOffset>0</DepartureDayOffset>
                        </TimetabledPassingTime>
                        <TimetabledPassingTime version="any">
                           <ArrivalTime>07:04:00</ArrivalTime>
                           <ArrivalDayOffset>0</ArrivalDayOffset>
                           <DepartureTime>07:04:00</DepartureTime>
                           <DepartureDayOffset>0</DepartureDayOffset>
                        </TimetabledPassingTime>
                        <TimetabledPassingTime version="any">
                           <ArrivalTime>07:24:00</ArrivalTime>
                           <ArrivalDayOffset>0</ArrivalDayOffset>
                           <DepartureTime>07:24:00</DepartureTime>
                           <DepartureDayOffset>0</DepartureDayOffset>
                        </TimetabledPassingTime>
                        <TimetabledPassingTime version="any">
                           <ArrivalTime>07:25:00</ArrivalTime>
                           <ArrivalDayOffset>0</ArrivalDayOffset>
                           <DepartureTime>07:25:00</DepartureTime>
                           <DepartureDayOffset>0</DepartureDayOffset>
                        </TimetabledPassingTime>
                     </passingTimes>
                  </ServiceJourney>
                  <ServiceJourney id="CITELINE:ServiceJourney:4519243-25-26-SCO_NS37-L-Ma-J-V-01:LOC" version="1">
                     <TransportMode>bus</TransportMode>
                     <dayTypes>
                        <DayTypeRef ref="CITELINE:Timetable:DayType:527:LOC" versionRef="1"/>
                     </dayTypes>
                     <JourneyPatternRef ref="CITELINE:ServiceJourneyPattern:98:LOC" versionRef="1"/>
                     <passingTimes>
                        <TimetabledPassingTime version="any">
                           <ArrivalTime>06:40:00</ArrivalTime>
                           <ArrivalDayOffset>0</ArrivalDayOffset>
                           <DepartureTime>06:40:00</DepartureTime>
                           <DepartureDayOffset>0</DepartureDayOffset>
                        </TimetabledPassingTime>
                        <TimetabledPassingTime version="any">
                           <ArrivalTime>06:42:00</ArrivalTime>
                           <ArrivalDayOffset>0</ArrivalDayOffset>
                           <DepartureTime>06:42:00</DepartureTime>
                           <DepartureDayOffset>0</DepartureDayOffset>
                        </TimetabledPassingTime>
                        <TimetabledPassingTime version="any">
                           <ArrivalTime>06:43:00</ArrivalTime>
                           <ArrivalDayOffset>0</ArrivalDayOffset>
                           <DepartureTime>06:43:00</DepartureTime>
                           <DepartureDayOffset>0</DepartureDayOffset>
                        </TimetabledPassingTime>
                        <TimetabledPassingTime version="any">
                           <ArrivalTime>06:45:00</ArrivalTime>
                           <ArrivalDayOffset>0</ArrivalDayOffset>
                           <DepartureTime>06:45:00</DepartureTime>
                           <DepartureDayOffset>0</DepartureDayOffset>
                        </TimetabledPassingTime>
                        <TimetabledPassingTime version="any">
                           <ArrivalTime>06:53:00</ArrivalTime>
                           <ArrivalDayOffset>0</ArrivalDayOffset>
                           <DepartureTime>06:53:00</DepartureTime>
                           <DepartureDayOffset>0</DepartureDayOffset>
                        </TimetabledPassingTime>
                        <TimetabledPassingTime version="any">
                           <ArrivalTime>06:56:00</ArrivalTime>
                           <ArrivalDayOffset>0</ArrivalDayOffset>
                           <DepartureTime>06:56:00</DepartureTime>
                           <DepartureDayOffset>0</DepartureDayOffset>
                        </TimetabledPassingTime>
                        <TimetabledPassingTime version="any">
                           <ArrivalTime>06:58:00</ArrivalTime>
                           <ArrivalDayOffset>0</ArrivalDayOffset>
                           <DepartureTime>06:58:00</DepartureTime>
                           <DepartureDayOffset>0</DepartureDayOffset>
                        </TimetabledPassingTime>
                        <TimetabledPassingTime version="any">
                           <ArrivalTime>07:04:00</ArrivalTime>
                           <ArrivalDayOffset>0</ArrivalDayOffset>
                           <DepartureTime>07:04:00</DepartureTime>
                           <DepartureDayOffset>0</DepartureDayOffset>
                        </TimetabledPassingTime>
                        <TimetabledPassingTime version="any">
                           <ArrivalTime>07:24:00</ArrivalTime>
                           <ArrivalDayOffset>0</ArrivalDayOffset>
                           <DepartureTime>07:24:00</DepartureTime>
                           <DepartureDayOffset>0</DepartureDayOffset>
                        </TimetabledPassingTime>
                        <TimetabledPassingTime version="any">
                           <ArrivalTime>07:25:00</ArrivalTime>
                           <ArrivalDayOffset>0</ArrivalDayOffset>
                           <DepartureTime>07:25:00</DepartureTime>
                           <DepartureDayOffset>0</DepartureDayOffset>
                        </TimetabledPassingTime>
                     </passingTimes>
                  </ServiceJourney>
               </members>
            </GeneralFrame>
         </frames>
      </CompositeFrame>
   </dataObjects>
</PublicationDelivery>
