<?xml version="1.0" encoding="UTF-8"?>
<PublicationDelivery xmlns:xsi="http://www.w3.org/2001/XMLSchema-instance"
                     xsi:schemaLocation="http://www.netex.org.uk/netex"
                     xmlns="http://www.netex.org.uk/netex"
                     xmlns:xlink="http://www.w3.org/1999/xlink"
                     xmlns:ifopt="http://www.ifopt.org.uk/ifopt"
                     xmlns:gml="http://www.opengis.net/gml/3.2"
                     xmlns:core="http://www.govtalk.gov.uk/core"
                     xmlns:siri="http://www.siri.org.uk/siri"
                     version="1.10:FR-NETEX-2.2">
   <PublicationTimestamp>2025-09-05T00:03:02+02:00</PublicationTimestamp>
   <ParticipantRef>CITELINE</ParticipantRef>
   <Description>Offre sur la période du 05/09/2025 au 30/08/2026</Description>
   <dataObjects>
      <CompositeFrame id="FR:CompositeFrame:NETEX_LIGNE-20250905T000302:LOC" version="1.0">
         <Name>MONDORFF -&gt; THIONVILLE Foch</Name>
         <FrameDefaults>
            <DefaultLocale>
               <TimeZone>Europe/Paris</TimeZone>
               <DefaultLanguage>fr</DefaultLanguage>
            </DefaultLocale>
            <DefaultLocationSystem>WGS84</DefaultLocationSystem>
            <DefaultSystemOfUnits>SiMetres</DefaultSystemOfUnits>
         </FrameDefaults>
         <frames>
            <ResourceFrame id="FR:ResourceFrame:1" version="any">
               <typesOfValue>
                  <ValueSet id="FR:ValueSet:TypeOfFrame" nameOfClass="TypeOfFrame" version="any">
                     <Name>TypeOfFrame</Name>
                     <values>
                        <TypeOfFrame id="FR:TypeOfFrame:NETEX_RESEAU" version="any">
                           <Name>NETEX_RESEAU</Name>
                        </TypeOfFrame>
                        <TypeOfFrame id="FR:TypeOfFrame:NETEX_HORAIRE" version="any">
                           <Name>NETEX_HORAIRE</Name>
                        </TypeOfFrame>
                     </values>
                  </ValueSet>
               </typesOfValue>
            </ResourceFrame>
            <GeneralFrame id="FR:GeneralFrame:NETEX_RESEAU-20250905T000302:LOC" version="1.0" dataSourceRef="CITELINE">
               <TypeOfFrameRef ref="FR:TypeOfFrame:NETEX_RESEAU"/>
               <members>
                  <Route id="CITELINE:Route:S106-A:LOC" version="1">
                     <Name>MONDORFF -&gt; THIONVILLE Foch - Aller</Name>
                     <LineRef ref="CITELINE:Line:S106:LOC" versionRef="1"/>
                     <DirectionType>outbound</DirectionType>
                     <DirectionRef ref="CITELINE:Direction:S106-A:LOC" versionRef="1"/>
                  </Route>
                  <Direction id="CITELINE:Direction:S106-A:LOC" version="1">
                     <Name>MONDORFF -&gt; THIONVILLE Foch - Aller</Name>
                     <DirectionType>outbound</DirectionType>
                  </Direction>
                  <ServiceJourneyPattern id="CITELINE:ServiceJourneyPattern:97:LOC" version="1">
                     <Name>FOCH FLUO</Name>
                     <PrivateCode>14980908</PrivateCode>
                     <RouteRef ref="CITELINE:Route:S106-A:LOC" versionRef="1"/>
                     <DestinationDisplayRef ref="CITELINE:DestinationDisplay:97:LOC" versionRef="1"/>
                     <pointsInSequence>
                        <StopPointInJourneyPattern id="CITELINE:StopPointInJourneyPattern:97x1:LOC" version="any" order="1">
                           <ScheduledStopPointRef ref="CITELINE:ScheduledStopPoint:2607:LOC" versionRef="1"/>
                           <ForAlighting>false</ForAlighting>
                           <ForBoarding>true</ForBoarding>
                           <RequestStop>false</RequestStop>
                        </StopPointInJourneyPattern>
                        <StopPointInJourneyPattern id="CITELINE:StopPointInJourneyPattern:97x2:LOC" version="any" order="2">
                           <ScheduledStopPointRef ref="CITELINE:ScheduledStopPoint:2608:LOC" versionRef="1"/>
                           <ForAlighting>true</ForAlighting>
                           <ForBoarding>true</ForBoarding>
                           <RequestStop>false</RequestStop>
                        </StopPointInJourneyPattern>
                        <StopPointInJourneyPattern id="CITELINE:StopPointInJourneyPattern:97x3:LOC" version="any" order="3">
                           <ScheduledStopPointRef ref="CITELINE:ScheduledStopPoint:2609:LOC" versionRef="1"/>
                           <ForAlighting>true</ForAlighting>
                           <ForBoarding>true</ForBoarding>
                           <RequestStop>false</RequestStop>
                        </StopPointInJourneyPattern>
                        <StopPointInJourneyPattern id="CITELINE:StopPointInJourneyPattern:97x4:LOC" version="any" order="4">
                           <ScheduledStopPointRef ref="CITELINE:ScheduledStopPoint:2610:LOC" versionRef="1"/>
                           <ForAlighting>true</ForAlighting>
                           <ForBoarding>true</ForBoarding>
                           <RequestStop>false</RequestStop>
                        </StopPointInJourneyPattern>
                        <StopPointInJourneyPattern id="CITELINE:StopPointInJourneyPattern:97x5:LOC" version="any" order="5">
                           <ScheduledStopPointRef ref="CITELINE:ScheduledStopPoint:2611:LOC" versionRef="1"/>
                           <ForAlighting>true</ForAlighting>
                           <ForBoarding>true</ForBoarding>
                           <RequestStop>false</RequestStop>
                        </StopPointInJourneyPattern>
                        <StopPointInJourneyPattern id="CITELINE:StopPointInJourneyPattern:97x6:LOC" version="any" order="6">
                           <ScheduledStopPointRef ref="CITELINE:ScheduledStopPoint:2612:LOC" versionRef="1"/>
                           <ForAlighting>true</ForAlighting>
                           <ForBoarding>true</ForBoarding>
                           <RequestStop>false</RequestStop>
                        </StopPointInJourneyPattern>
                        <StopPointInJourneyPattern id="CITELINE:StopPointInJourneyPattern:97x7:LOC" version="any" order="7">
                           <ScheduledStopPointRef ref="CITELINE:ScheduledStopPoint:2613:LOC" versionRef="1"/>
                           <ForAlighting>true</ForAlighting>
                           <ForBoarding>true</ForBoarding>
                           <RequestStop>false</RequestStop>
                        </StopPointInJourneyPattern>
                        <StopPointInJourneyPattern id="CITELINE:StopPointInJourneyPattern:97x8:LOC" version="any" order="8">
                           <ScheduledStopPointRef ref="CITELINE:ScheduledStopPoint:2614:LOC" versionRef="1"/>
                           <ForAlighting>true</ForAlighting>
                           <ForBoarding>true</ForBoarding>
                           <RequestStop>false</RequestStop>
                        </StopPointInJourneyPattern>
                        <StopPointInJourneyPattern id="CITELINE:StopPointInJourneyPattern:97x9:LOC" version="any" order="9">
                           <ScheduledStopPointRef ref="CITELINE:ScheduledStopPoint:2615:LOC" versionRef="1"/>
                           <ForAlighting>true</ForAlighting>
                           <ForBoarding>false</ForBoarding>
                           <RequestStop>false</RequestStop>
                        </StopPointInJourneyPattern>
                     </pointsInSequence>
                     <ServiceJourneyPatternType>passenger</ServiceJourneyPatternType>
                  </ServiceJourneyPattern>
                  <DestinationDisplay id="CITELINE:DestinationDisplay:97:LOC" version="1">
                     <FrontText>FOCH FLUO</FrontText>
                  </DestinationDisplay>
                  <ScheduledStopPoint id="CITELINE:ScheduledStopPoint:2607:LOC" version="1">
                     <Name>REPUBLIQUE - MONDORFF</Name>
                     <Location id="CITELINE:Location:0c8edc7d61764c2ab4db6a9b9c91050b:LOC">
                        <Longitude>6.2722801</Longitude>
                        <Latitude>49.5041483</Latitude>
                        <gml:pos srsName="EPSG:27572">885240.653653341 2507906.93978945</gml:pos>
                     </Location>
                  </ScheduledStopPoint>
                  <ScheduledStopPoint id="CITELINE:ScheduledStopPoint:2608:LOC" version="1">
                     <Name>LES CHALETS</Name>
                     <Location id="CITELINE:Location:3cc8476e07ab4facad8ff0b974f54c7b:LOC">
                        <Longitude>6.3176001</Longitude>
                        <Latitude>49.4370983</Latitude>
                        <gml:pos srsName="EPSG:27572">888900.222919918 2500617.31655056</gml:pos>
                     </Location>
                  </ScheduledStopPoint>
                  <ScheduledStopPoint id="CITELINE:ScheduledStopPoint:2609:LOC" version="1">
                     <Name>VIENNE</Name>
                     <Location id="CITELINE:Location:c91f3545cb2c4fada93a2600d04c4446:LOC">
                        <Longitude>6.3144901</Longitude>
                        <Latitude>49.4321183</Latitude>
                        <gml:pos srsName="EPSG:27572">888702.771172568 2500052.20551044</gml:pos>
                     </Location>
                  </ScheduledStopPoint>
                  <ScheduledStopPoint id="CITELINE:ScheduledStopPoint:2610:LOC" version="1">
                     <Name>GRAND RUE - BERG SUR MOSELLE</Name>
                     <Location id="CITELINE:Location:c6a4c9a672bd4b41a0701cfae2317ee7:LOC">
                        <Longitude>6.3107701</Longitude>
                        <Latitude>49.4305483</Latitude>
                        <gml:pos srsName="EPSG:27572">888441.854581099 2499863.99481945</gml:pos>
                     </Location>
                  </ScheduledStopPoint>
                  <ScheduledStopPoint id="CITELINE:ScheduledStopPoint:2611:LOC" version="1">
                     <Name>LOTISSEMENT</Name>
                     <Location id="CITELINE:Location:4c49c656d2134cb685be8576589c85a0:LOC">
                        <Longitude>6.3064701</Longitude>
                        <Latitude>49.4363883</Latitude>
                        <gml:pos srsName="EPSG:27572">888097.220104485 2500497.5316875</gml:pos>
                     </Location>
                  </ScheduledStopPoint>
                  <ScheduledStopPoint id="CITELINE:ScheduledStopPoint:2612:LOC" version="1">
                     <Name>PONT - GAVISSE</Name>
                     <Location id="CITELINE:Location:93068ba450644a2fa2fb3b6544a9fffe:LOC">
                        <Longitude>6.2845801</Longitude>
                        <Latitude>49.4318383</Latitude>
                        <gml:pos srsName="EPSG:27572">886535.450996035 2499911.64407574</gml:pos>
                     </Location>
                  </ScheduledStopPoint>
                  <ScheduledStopPoint id="CITELINE:ScheduledStopPoint:2613:LOC" version="1">
                     <Name>FORGE</Name>
                     <Location id="CITELINE:Location:c1f3e9d00ba74891b359da300fc4161c:LOC">
                        <Longitude>6.2805301</Longitude>
                        <Latitude>49.4320483</Latitude>
                        <gml:pos srsName="EPSG:27572">886240.593299447 2499920.238613</gml:pos>
                     </Location>
                  </ScheduledStopPoint>
                  <ScheduledStopPoint id="CITELINE:ScheduledStopPoint:2614:LOC" version="1">
                     <Name>ROUTE DE RODEMACK</Name>
                     <Location id="CITELINE:Location:0f90355d3cdd4c7f8646cf00aad48fbc:LOC">
                        <Longitude>6.2742901</Longitude>
                        <Latitude>49.4419183</Latitude>
                        <gml:pos srsName="EPSG:27572">885733.085499985 2500994.93334546</gml:pos>
                     </Location>
                  </ScheduledStopPoint>
                  <ScheduledStopPoint id="CITELINE:ScheduledStopPoint:2615:LOC" version="1">
                     <Name>FOCH FLUO</Name>
                     <Location id="CITELINE:Location:5b066553b4084ac192a6e95a49cc828c:LOC">
                        <Longitude>6.1626171</Longitude>
                        <Latitude>49.3599663</Latitude>
                        <gml:pos srsName="EPSG:27572">878080.230859976 2491482.63244175</gml:pos>
                     </Location>
                  </ScheduledStopPoint>
                  <PassengerStopAssignment id="CITELINE:PassengerStopAssignment:2607:LOC" version="1" order="0">
                     <ScheduledStopPointRef ref="CITELINE:ScheduledStopPoint:2607:LOC" versionRef="1"/>
                     <StopPlaceRef ref="FR:57475:StopPlace:genAUTO$888507268:CITELINE" versionRef="1"/>
                     <QuayRef ref="FR:57475:Quay:10779:CITELINE" versionRef="1"/>
                  </PassengerStopAssignment>
                  <PassengerStopAssignment id="CITELINE:PassengerStopAssignment:2608:LOC" version="1" order="0">
                     <ScheduledStopPointRef ref="CITELINE:ScheduledStopPoint:2608:LOC" versionRef="1"/>
                     <StopPlaceRef ref="FR:57062:StopPlace:genplace_BGCHAL:CITELINE" versionRef="1"/>
                     <QuayRef ref="FR:57062:Quay:10748:CITELINE" versionRef="1"/>
                  </PassengerStopAssignment>
                  <PassengerStopAssignment id="CITELINE:PassengerStopAssignment:2609:LOC" version="1" order="0">
                     <ScheduledStopPointRef ref="CITELINE:ScheduledStopPoint:2609:LOC" versionRef="1"/>
                     <StopPlaceRef ref="FR:57062:StopPlace:genplace_BGVIEN:CITELINE" versionRef="1"/>
                     <QuayRef ref="FR:57062:Quay:10749:CITELINE" versionRef="1"/>
                  </PassengerStopAssignment>
                  <PassengerStopAssignment id="CITELINE:PassengerStopAssignment:2610:LOC" version="1" order="0">
                     <ScheduledStopPointRef ref="CITELINE:ScheduledStopPoint:2610:LOC" versionRef="1"/>
                     <StopPlaceRef ref="FR:57062:StopPlace:genplace_BGGRUE:CITELINE" versionRef="1"/>
                     <QuayRef ref="FR:57062:Quay:10750:CITELINE" versionRef="1"/>
                  </PassengerStopAssignment>
                  <PassengerStopAssignment id="CITELINE:PassengerStopAssignment:2611:LOC" version="1" order="0">
                     <ScheduledStopPointRef ref="CITELINE:ScheduledStopPoint:2611:LOC" versionRef="1"/>
                     <StopPlaceRef ref="FR:57062:StopPlace:genplace_BGLOTI:CITELINE" versionRef="1"/>
                     <QuayRef ref="FR:57062:Quay:10751:CITELINE" versionRef="1"/>
                  </PassengerStopAssignment>
                  <PassengerStopAssignment id="CITELINE:PassengerStopAssignment:2612:LOC" version="1" order="0">
                     <ScheduledStopPointRef ref="CITELINE:ScheduledStopPoint:2612:LOC" versionRef="1"/>
                     <StopPlaceRef ref="FR:57245:StopPlace:genplace_GAPONT:CITELINE" versionRef="1"/>
                     <QuayRef ref="FR:57245:Quay:10753:CITELINE" versionRef="1"/>
                  </PassengerStopAssignment>
                  <PassengerStopAssignment id="CITELINE:PassengerStopAssignment:2613:LOC" version="1" order="0">
                     <ScheduledStopPointRef ref="CITELINE:ScheduledStopPoint:2613:LOC" versionRef="1"/>
                     <StopPlaceRef ref="FR:57245:StopPlace:genplace_GAFORG:CITELINE" versionRef="1"/>
                     <QuayRef ref="FR:57245:Quay:10754:CITELINE" versionRef="1"/>
                  </PassengerStopAssignment>
                  <PassengerStopAssignment id="CITELINE:PassengerStopAssignment:2614:LOC" version="1" order="0">
                     <ScheduledStopPointRef ref="CITELINE:ScheduledStopPoint:2614:LOC" versionRef="1"/>
                     <StopPlaceRef ref="FR:57214:StopPlace:genAUTO$2051306677:CITELINE" versionRef="1"/>
                     <QuayRef ref="FR:57214:Quay:10756:CITELINE" versionRef="1"/>
                  </PassengerStopAssignment>
                  <PassengerStopAssignment id="CITELINE:PassengerStopAssignment:2615:LOC" version="1" order="0">
                     <ScheduledStopPointRef ref="CITELINE:ScheduledStopPoint:2615:LOC" versionRef="1"/>
                     <StopPlaceRef ref="FR:57672:StopPlace:genplace_TFOCH:CITELINE" versionRef="1"/>
                     <QuayRef ref="FR:57672:Quay:2529:CITELINE" versionRef="1"/>
                  </PassengerStopAssignment>
               </members>
            </GeneralFrame>
            <GeneralFrame id="FR:GeneralFrame:NETEX_HORAIRE-20250905T000302:LOC" version="1.0" dataSourceRef="CITELINE">
               <TypeOfFrameRef ref="FR:TypeOfFrame:NETEX_HORAIRE"/>
               <members>
                  <ServiceJourney id="CITELINE:ServiceJourney:4519242-25-26-MER_NS37-Mercredi-01:LOC" version="1">
                     <TransportMode>bus</TransportMode>
                     <dayTypes>
                        <DayTypeRef ref="CITELINE:Timetable:DayType:74:LOC" versionRef="1"/>
                     </dayTypes>
                     <JourneyPatternRef ref="CITELINE:ServiceJourneyPattern:97:LOC" versionRef="1"/>
                     <passingTimes>
                        <TimetabledPassingTime version="any">
                           <ArrivalTime>06:39:00</ArrivalTime>
                           <ArrivalDayOffset>0</ArrivalDayOffset>
                           <DepartureTime>06:39:00</DepartureTime>
                           <DepartureDayOffset>0</DepartureDayOffset>
                        </TimetabledPassingTime>
                        <TimetabledPassingTime version="any">
                           <ArrivalTime>06:55:00</ArrivalTime>
                           <ArrivalDayOffset>0</ArrivalDayOffset>
                           <DepartureTime>06:55:00</DepartureTime>
                           <DepartureDayOffset>0</DepartureDayOffset>
                        </TimetabledPassingTime>
                        <TimetabledPassingTime version="any">
                           <ArrivalTime>06:56:00</ArrivalTime>
                           <ArrivalDayOffset>0</ArrivalDayOffset>
                           <DepartureTime>06:56:00</DepartureTime>
                           <DepartureDayOffset>0</DepartureDayOffset>
                        </TimetabledPassingTime>
                        <TimetabledPassingTime version="any">
                           <ArrivalTime>06:57:00</ArrivalTime>
                           <ArrivalDayOffset>0</ArrivalDayOffset>
                           <DepartureTime>06:57:00</DepartureTime>
                           <DepartureDayOffset>0</DepartureDayOffset>
                        </TimetabledPassingTime>
                        <TimetabledPassingTime version="any">
                           <ArrivalTime>06:58:00</ArrivalTime>
                           <ArrivalDayOffset>0</ArrivalDayOffset>
                           <DepartureTime>06:58:00</DepartureTime>
                           <DepartureDayOffset>0</DepartureDayOffset>
                        </TimetabledPassingTime>
                        <TimetabledPassingTime version="any">
                           <ArrivalTime>07:02:00</ArrivalTime>
                           <ArrivalDayOffset>0</ArrivalDayOffset>
                           <DepartureTime>07:02:00</DepartureTime>
                           <DepartureDayOffset>0</DepartureDayOffset>
                        </TimetabledPassingTime>
                        <TimetabledPassingTime version="any">
                           <ArrivalTime>07:03:00</ArrivalTime>
                           <ArrivalDayOffset>0</ArrivalDayOffset>
                           <DepartureTime>07:03:00</DepartureTime>
                           <DepartureDayOffset>0</DepartureDayOffset>
                        </TimetabledPassingTime>
                        <TimetabledPassingTime version="any">
                           <ArrivalTime>07:06:00</ArrivalTime>
                           <ArrivalDayOffset>0</ArrivalDayOffset>
                           <DepartureTime>07:06:00</DepartureTime>
                           <DepartureDayOffset>0</DepartureDayOffset>
                        </TimetabledPassingTime>
                        <TimetabledPassingTime version="any">
                           <ArrivalTime>07:30:00</ArrivalTime>
                           <ArrivalDayOffset>0</ArrivalDayOffset>
                           <DepartureTime>07:30:00</DepartureTime>
                           <DepartureDayOffset>0</DepartureDayOffset>
                        </TimetabledPassingTime>
                     </passingTimes>
                  </ServiceJourney>
                  <ServiceJourney id="CITELINE:ServiceJourney:4519242-25-26-SCO_NS36-L-Ma-J-V-01:LOC" version="1">
                     <TransportMode>bus</TransportMode>
                     <dayTypes>
                        <DayTypeRef ref="CITELINE:Timetable:DayType:127:LOC" versionRef="1"/>
                     </dayTypes>
                     <JourneyPatternRef ref="CITELINE:ServiceJourneyPattern:97:LOC" versionRef="1"/>
                     <passingTimes>
                        <TimetabledPassingTime version="any">
                           <ArrivalTime>06:39:00</ArrivalTime>
                           <ArrivalDayOffset>0</ArrivalDayOffset>
                           <DepartureTime>06:39:00</DepartureTime>
                           <DepartureDayOffset>0</DepartureDayOffset>
                        </TimetabledPassingTime>
                        <TimetabledPassingTime version="any">
                           <ArrivalTime>06:55:00</ArrivalTime>
                           <ArrivalDayOffset>0</ArrivalDayOffset>
                           <DepartureTime>06:55:00</DepartureTime>
                           <DepartureDayOffset>0</DepartureDayOffset>
                        </TimetabledPassingTime>
                        <TimetabledPassingTime version="any">
                           <ArrivalTime>06:56:00</ArrivalTime>
                           <ArrivalDayOffset>0</ArrivalDayOffset>
                           <DepartureTime>06:56:00</DepartureTime>
                           <DepartureDayOffset>0</DepartureDayOffset>
                        </TimetabledPassingTime>
                        <TimetabledPassingTime version="any">
                           <ArrivalTime>06:57:00</ArrivalTime>
                           <ArrivalDayOffset>0</ArrivalDayOffset>
                           <DepartureTime>06:57:00</DepartureTime>
                           <DepartureDayOffset>0</DepartureDayOffset>
                        </TimetabledPassingTime>
                        <TimetabledPassingTime version="any">
                           <ArrivalTime>06:58:00</ArrivalTime>
                           <ArrivalDayOffset>0</ArrivalDayOffset>
                           <DepartureTime>06:58:00</DepartureTime>
                           <DepartureDayOffset>0</DepartureDayOffset>
                        </TimetabledPassingTime>
                        <TimetabledPassingTime version="any">
                           <ArrivalTime>07:02:00</ArrivalTime>
                           <ArrivalDayOffset>0</ArrivalDayOffset>
                           <DepartureTime>07:02:00</DepartureTime>
                           <DepartureDayOffset>0</DepartureDayOffset>
                        </TimetabledPassingTime>
                        <TimetabledPassingTime version="any">
                           <ArrivalTime>07:03:00</ArrivalTime>
                           <ArrivalDayOffset>0</ArrivalDayOffset>
                           <DepartureTime>07:03:00</DepartureTime>
                           <DepartureDayOffset>0</DepartureDayOffset>
                        </TimetabledPassingTime>
                        <TimetabledPassingTime version="any">
                           <ArrivalTime>07:06:00</ArrivalTime>
                           <ArrivalDayOffset>0</ArrivalDayOffset>
                           <DepartureTime>07:06:00</DepartureTime>
                           <DepartureDayOffset>0</DepartureDayOffset>
                        </TimetabledPassingTime>
                        <TimetabledPassingTime version="any">
                           <ArrivalTime>07:30:00</ArrivalTime>
                           <ArrivalDayOffset>0</ArrivalDayOffset>
                           <DepartureTime>07:30:00</DepartureTime>
                           <DepartureDayOffset>0</DepartureDayOffset>
                        </TimetabledPassingTime>
                     </passingTimes>
                  </ServiceJourney>
                  <ServiceJourney id="CITELINE:ServiceJourney:4519242-25-26-SCO_NS37-L-Ma-J-V-01:LOC" version="1">
                     <TransportMode>bus</TransportMode>
                     <dayTypes>
                        <DayTypeRef ref="CITELINE:Timetable:DayType:527:LOC" versionRef="1"/>
                     </dayTypes>
                     <JourneyPatternRef ref="CITELINE:ServiceJourneyPattern:97:LOC" versionRef="1"/>
                     <passingTimes>
                        <TimetabledPassingTime version="any">
                           <ArrivalTime>06:39:00</ArrivalTime>
                           <ArrivalDayOffset>0</ArrivalDayOffset>
                           <DepartureTime>06:39:00</DepartureTime>
                           <DepartureDayOffset>0</DepartureDayOffset>
                        </TimetabledPassingTime>
                        <TimetabledPassingTime version="any">
                           <ArrivalTime>06:55:00</ArrivalTime>
                           <ArrivalDayOffset>0</ArrivalDayOffset>
                           <DepartureTime>06:55:00</DepartureTime>
                           <DepartureDayOffset>0</DepartureDayOffset>
                        </TimetabledPassingTime>
                        <TimetabledPassingTime version="any">
                           <ArrivalTime>06:56:00</ArrivalTime>
                           <ArrivalDayOffset>0</ArrivalDayOffset>
                           <DepartureTime>06:56:00</DepartureTime>
                           <DepartureDayOffset>0</DepartureDayOffset>
                        </TimetabledPassingTime>
                        <TimetabledPassingTime version="any">
                           <ArrivalTime>06:57:00</ArrivalTime>
                           <ArrivalDayOffset>0</ArrivalDayOffset>
                           <DepartureTime>06:57:00</DepartureTime>
                           <DepartureDayOffset>0</DepartureDayOffset>
                        </TimetabledPassingTime>
                        <TimetabledPassingTime version="any">
                           <ArrivalTime>06:58:00</ArrivalTime>
                           <ArrivalDayOffset>0</ArrivalDayOffset>
                           <DepartureTime>06:58:00</DepartureTime>
                           <DepartureDayOffset>0</DepartureDayOffset>
                        </TimetabledPassingTime>
                        <TimetabledPassingTime version="any">
                           <ArrivalTime>07:02:00</ArrivalTime>
                           <ArrivalDayOffset>0</ArrivalDayOffset>
                           <DepartureTime>07:02:00</DepartureTime>
                           <DepartureDayOffset>0</DepartureDayOffset>
                        </TimetabledPassingTime>
                        <TimetabledPassingTime version="any">
                           <ArrivalTime>07:03:00</ArrivalTime>
                           <ArrivalDayOffset>0</ArrivalDayOffset>
                           <DepartureTime>07:03:00</DepartureTime>
                           <DepartureDayOffset>0</DepartureDayOffset>
                        </TimetabledPassingTime>
                        <TimetabledPassingTime version="any">
                           <ArrivalTime>07:06:00</ArrivalTime>
                           <ArrivalDayOffset>0</ArrivalDayOffset>
                           <DepartureTime>07:06:00</DepartureTime>
                           <DepartureDayOffset>0</DepartureDayOffset>
                        </TimetabledPassingTime>
                        <TimetabledPassingTime version="any">
                           <ArrivalTime>07:30:00</ArrivalTime>
                           <ArrivalDayOffset>0</ArrivalDayOffset>
                           <DepartureTime>07:30:00</DepartureTime>
                           <DepartureDayOffset>0</DepartureDayOffset>
                        </TimetabledPassingTime>
                     </passingTimes>
                  </ServiceJourney>
               </members>
            </GeneralFrame>
         </frames>
      </CompositeFrame>
   </dataObjects>
</PublicationDelivery>
