<?xml version="1.0" encoding="UTF-8"?>
<PublicationDelivery xmlns:xsi="http://www.w3.org/2001/XMLSchema-instance"
                     xsi:schemaLocation="http://www.netex.org.uk/netex"
                     xmlns="http://www.netex.org.uk/netex"
                     xmlns:xlink="http://www.w3.org/1999/xlink"
                     xmlns:ifopt="http://www.ifopt.org.uk/ifopt"
                     xmlns:gml="http://www.opengis.net/gml/3.2"
                     xmlns:core="http://www.govtalk.gov.uk/core"
                     xmlns:siri="http://www.siri.org.uk/siri"
                     version="1.10:FR-NETEX-2.2">
   <PublicationTimestamp>2025-09-05T00:03:00+02:00</PublicationTimestamp>
   <ParticipantRef>CITELINE</ParticipantRef>
   <Description>Offre sur la période du 05/09/2025 au 30/08/2026</Description>
   <dataObjects>
      <CompositeFrame id="FR:CompositeFrame:NETEX_LIGNE-20250905T000300:LOC" version="1.0">
         <Name>ANGEVILLERS Place &lt;-&gt; FONTOY Collège</Name>
         <FrameDefaults>
            <DefaultLocale>
               <TimeZone>Europe/Paris</TimeZone>
               <DefaultLanguage>fr</DefaultLanguage>
            </DefaultLocale>
            <DefaultLocationSystem>WGS84</DefaultLocationSystem>
            <DefaultSystemOfUnits>SiMetres</DefaultSystemOfUnits>
         </FrameDefaults>
         <frames>
            <ResourceFrame id="FR:ResourceFrame:1" version="any">
               <typesOfValue>
                  <ValueSet id="FR:ValueSet:TypeOfFrame" nameOfClass="TypeOfFrame" version="any">
                     <Name>TypeOfFrame</Name>
                     <values>
                        <TypeOfFrame id="FR:TypeOfFrame:NETEX_RESEAU" version="any">
                           <Name>NETEX_RESEAU</Name>
                        </TypeOfFrame>
                        <TypeOfFrame id="FR:TypeOfFrame:NETEX_HORAIRE" version="any">
                           <Name>NETEX_HORAIRE</Name>
                        </TypeOfFrame>
                     </values>
                  </ValueSet>
               </typesOfValue>
            </ResourceFrame>
            <GeneralFrame id="FR:GeneralFrame:NETEX_RESEAU-20250905T000300:LOC" version="1.0" dataSourceRef="CITELINE">
               <TypeOfFrameRef ref="FR:TypeOfFrame:NETEX_RESEAU"/>
               <members>
                  <Route id="CITELINE:Route:33-A:LOC" version="1">
                     <Name>ANGEVILLERS Place &lt;-&gt; FONTOY Collège - Aller</Name>
                     <LineRef ref="CITELINE:Line:33:LOC" versionRef="1"/>
                     <DirectionType>outbound</DirectionType>
                     <DirectionRef ref="CITELINE:Direction:33-A:LOC" versionRef="1"/>
                     <InverseRouteRef ref="CITELINE:Route:33-R:LOC" versionRef="1"/>
                  </Route>
                  <Direction id="CITELINE:Direction:33-A:LOC" version="1">
                     <Name>ANGEVILLERS Place &lt;-&gt; FONTOY Collège - Aller</Name>
                     <DirectionType>outbound</DirectionType>
                  </Direction>
                  <Route id="CITELINE:Route:33-R:LOC" version="1">
                     <Name>ANGEVILLERS Place &lt;-&gt; FONTOY Collège - Retour</Name>
                     <LineRef ref="CITELINE:Line:33:LOC" versionRef="1"/>
                     <DirectionType>inbound</DirectionType>
                     <DirectionRef ref="CITELINE:Direction:33-R:LOC" versionRef="1"/>
                     <InverseRouteRef ref="CITELINE:Route:33-A:LOC" versionRef="1"/>
                  </Route>
                  <Direction id="CITELINE:Direction:33-R:LOC" version="1">
                     <Name>ANGEVILLERS Place &lt;-&gt; FONTOY Collège - Retour</Name>
                     <DirectionType>inbound</DirectionType>
                  </Direction>
                  <ServiceJourneyPattern id="CITELINE:ServiceJourneyPattern:11:LOC" version="1">
                     <Name>COLLÈGE MARIE CURIE</Name>
                     <PrivateCode>14980827</PrivateCode>
                     <RouteRef ref="CITELINE:Route:33-A:LOC" versionRef="1"/>
                     <DestinationDisplayRef ref="CITELINE:DestinationDisplay:11:LOC" versionRef="1"/>
                     <pointsInSequence>
                        <StopPointInJourneyPattern id="CITELINE:StopPointInJourneyPattern:11x1:LOC" version="any" order="8">
                           <ScheduledStopPointRef ref="CITELINE:ScheduledStopPoint:76:LOC" versionRef="1"/>
                           <ForAlighting>false</ForAlighting>
                           <ForBoarding>true</ForBoarding>
                           <RequestStop>false</RequestStop>
                        </StopPointInJourneyPattern>
                        <StopPointInJourneyPattern id="CITELINE:StopPointInJourneyPattern:11x2:LOC" version="any" order="9">
                           <ScheduledStopPointRef ref="CITELINE:ScheduledStopPoint:77:LOC" versionRef="1"/>
                           <ForAlighting>true</ForAlighting>
                           <ForBoarding>true</ForBoarding>
                           <RequestStop>false</RequestStop>
                        </StopPointInJourneyPattern>
                        <StopPointInJourneyPattern id="CITELINE:StopPointInJourneyPattern:11x3:LOC" version="any" order="10">
                           <ScheduledStopPointRef ref="CITELINE:ScheduledStopPoint:78:LOC" versionRef="1"/>
                           <ForAlighting>true</ForAlighting>
                           <ForBoarding>true</ForBoarding>
                           <RequestStop>false</RequestStop>
                        </StopPointInJourneyPattern>
                        <StopPointInJourneyPattern id="CITELINE:StopPointInJourneyPattern:11x4:LOC" version="any" order="11">
                           <ScheduledStopPointRef ref="CITELINE:ScheduledStopPoint:79:LOC" versionRef="1"/>
                           <ForAlighting>true</ForAlighting>
                           <ForBoarding>false</ForBoarding>
                           <RequestStop>false</RequestStop>
                        </StopPointInJourneyPattern>
                     </pointsInSequence>
                     <ServiceJourneyPatternType>passenger</ServiceJourneyPatternType>
                  </ServiceJourneyPattern>
                  <ServiceJourneyPattern id="CITELINE:ServiceJourneyPattern:12:LOC" version="1">
                     <Name>COLLÈGE MARIE CURIE</Name>
                     <PrivateCode>14980828</PrivateCode>
                     <RouteRef ref="CITELINE:Route:33-A:LOC" versionRef="1"/>
                     <DestinationDisplayRef ref="CITELINE:DestinationDisplay:12:LOC" versionRef="1"/>
                     <pointsInSequence>
                        <StopPointInJourneyPattern id="CITELINE:StopPointInJourneyPattern:12x1:LOC" version="any" order="1">
                           <ScheduledStopPointRef ref="CITELINE:ScheduledStopPoint:69:LOC" versionRef="1"/>
                           <ForAlighting>false</ForAlighting>
                           <ForBoarding>true</ForBoarding>
                           <RequestStop>false</RequestStop>
                        </StopPointInJourneyPattern>
                        <StopPointInJourneyPattern id="CITELINE:StopPointInJourneyPattern:12x2:LOC" version="any" order="2">
                           <ScheduledStopPointRef ref="CITELINE:ScheduledStopPoint:70:LOC" versionRef="1"/>
                           <ForAlighting>true</ForAlighting>
                           <ForBoarding>true</ForBoarding>
                           <RequestStop>false</RequestStop>
                        </StopPointInJourneyPattern>
                        <StopPointInJourneyPattern id="CITELINE:StopPointInJourneyPattern:12x3:LOC" version="any" order="3">
                           <ScheduledStopPointRef ref="CITELINE:ScheduledStopPoint:71:LOC" versionRef="1"/>
                           <ForAlighting>true</ForAlighting>
                           <ForBoarding>true</ForBoarding>
                           <RequestStop>false</RequestStop>
                        </StopPointInJourneyPattern>
                        <StopPointInJourneyPattern id="CITELINE:StopPointInJourneyPattern:12x4:LOC" version="any" order="4">
                           <ScheduledStopPointRef ref="CITELINE:ScheduledStopPoint:72:LOC" versionRef="1"/>
                           <ForAlighting>true</ForAlighting>
                           <ForBoarding>true</ForBoarding>
                           <RequestStop>false</RequestStop>
                        </StopPointInJourneyPattern>
                        <StopPointInJourneyPattern id="CITELINE:StopPointInJourneyPattern:12x5:LOC" version="any" order="5">
                           <ScheduledStopPointRef ref="CITELINE:ScheduledStopPoint:73:LOC" versionRef="1"/>
                           <ForAlighting>true</ForAlighting>
                           <ForBoarding>true</ForBoarding>
                           <RequestStop>false</RequestStop>
                        </StopPointInJourneyPattern>
                        <StopPointInJourneyPattern id="CITELINE:StopPointInJourneyPattern:12x6:LOC" version="any" order="6">
                           <ScheduledStopPointRef ref="CITELINE:ScheduledStopPoint:74:LOC" versionRef="1"/>
                           <ForAlighting>true</ForAlighting>
                           <ForBoarding>true</ForBoarding>
                           <RequestStop>false</RequestStop>
                        </StopPointInJourneyPattern>
                        <StopPointInJourneyPattern id="CITELINE:StopPointInJourneyPattern:12x7:LOC" version="any" order="7">
                           <ScheduledStopPointRef ref="CITELINE:ScheduledStopPoint:75:LOC" versionRef="1"/>
                           <ForAlighting>true</ForAlighting>
                           <ForBoarding>true</ForBoarding>
                           <RequestStop>false</RequestStop>
                        </StopPointInJourneyPattern>
                        <StopPointInJourneyPattern id="CITELINE:StopPointInJourneyPattern:12x8:LOC" version="any" order="11">
                           <ScheduledStopPointRef ref="CITELINE:ScheduledStopPoint:79:LOC" versionRef="1"/>
                           <ForAlighting>true</ForAlighting>
                           <ForBoarding>false</ForBoarding>
                           <RequestStop>false</RequestStop>
                        </StopPointInJourneyPattern>
                     </pointsInSequence>
                     <ServiceJourneyPatternType>passenger</ServiceJourneyPatternType>
                  </ServiceJourneyPattern>
                  <ServiceJourneyPattern id="CITELINE:ServiceJourneyPattern:128:LOC" version="1">
                     <Name>PLACE GABRIEL MAIRE</Name>
                     <PrivateCode>14980829</PrivateCode>
                     <RouteRef ref="CITELINE:Route:33-R:LOC" versionRef="1"/>
                     <DestinationDisplayRef ref="CITELINE:DestinationDisplay:128:LOC" versionRef="1"/>
                     <pointsInSequence>
                        <StopPointInJourneyPattern id="CITELINE:StopPointInJourneyPattern:128x1:LOC" version="any" order="1">
                           <ScheduledStopPointRef ref="CITELINE:ScheduledStopPoint:80:LOC" versionRef="1"/>
                           <ForAlighting>false</ForAlighting>
                           <ForBoarding>true</ForBoarding>
                           <RequestStop>false</RequestStop>
                        </StopPointInJourneyPattern>
                        <StopPointInJourneyPattern id="CITELINE:StopPointInJourneyPattern:128x2:LOC" version="any" order="2">
                           <ScheduledStopPointRef ref="CITELINE:ScheduledStopPoint:81:LOC" versionRef="1"/>
                           <ForAlighting>true</ForAlighting>
                           <ForBoarding>true</ForBoarding>
                           <RequestStop>false</RequestStop>
                        </StopPointInJourneyPattern>
                        <StopPointInJourneyPattern id="CITELINE:StopPointInJourneyPattern:128x3:LOC" version="any" order="3">
                           <ScheduledStopPointRef ref="CITELINE:ScheduledStopPoint:82:LOC" versionRef="1"/>
                           <ForAlighting>true</ForAlighting>
                           <ForBoarding>true</ForBoarding>
                           <RequestStop>false</RequestStop>
                        </StopPointInJourneyPattern>
                        <StopPointInJourneyPattern id="CITELINE:StopPointInJourneyPattern:128x4:LOC" version="any" order="4">
                           <ScheduledStopPointRef ref="CITELINE:ScheduledStopPoint:83:LOC" versionRef="1"/>
                           <ForAlighting>true</ForAlighting>
                           <ForBoarding>true</ForBoarding>
                           <RequestStop>false</RequestStop>
                        </StopPointInJourneyPattern>
                        <StopPointInJourneyPattern id="CITELINE:StopPointInJourneyPattern:128x5:LOC" version="any" order="5">
                           <ScheduledStopPointRef ref="CITELINE:ScheduledStopPoint:84:LOC" versionRef="1"/>
                           <ForAlighting>true</ForAlighting>
                           <ForBoarding>true</ForBoarding>
                           <RequestStop>false</RequestStop>
                        </StopPointInJourneyPattern>
                        <StopPointInJourneyPattern id="CITELINE:StopPointInJourneyPattern:128x6:LOC" version="any" order="6">
                           <ScheduledStopPointRef ref="CITELINE:ScheduledStopPoint:85:LOC" versionRef="1"/>
                           <ForAlighting>true</ForAlighting>
                           <ForBoarding>true</ForBoarding>
                           <RequestStop>false</RequestStop>
                        </StopPointInJourneyPattern>
                        <StopPointInJourneyPattern id="CITELINE:StopPointInJourneyPattern:128x7:LOC" version="any" order="7">
                           <ScheduledStopPointRef ref="CITELINE:ScheduledStopPoint:86:LOC" versionRef="1"/>
                           <ForAlighting>true</ForAlighting>
                           <ForBoarding>true</ForBoarding>
                           <RequestStop>false</RequestStop>
                        </StopPointInJourneyPattern>
                        <StopPointInJourneyPattern id="CITELINE:StopPointInJourneyPattern:128x8:LOC" version="any" order="8">
                           <ScheduledStopPointRef ref="CITELINE:ScheduledStopPoint:87:LOC" versionRef="1"/>
                           <ForAlighting>true</ForAlighting>
                           <ForBoarding>true</ForBoarding>
                           <RequestStop>false</RequestStop>
                        </StopPointInJourneyPattern>
                        <StopPointInJourneyPattern id="CITELINE:StopPointInJourneyPattern:128x9:LOC" version="any" order="9">
                           <ScheduledStopPointRef ref="CITELINE:ScheduledStopPoint:88:LOC" versionRef="1"/>
                           <ForAlighting>true</ForAlighting>
                           <ForBoarding>true</ForBoarding>
                           <RequestStop>false</RequestStop>
                        </StopPointInJourneyPattern>
                        <StopPointInJourneyPattern id="CITELINE:StopPointInJourneyPattern:128x10:LOC" version="any" order="10">
                           <ScheduledStopPointRef ref="CITELINE:ScheduledStopPoint:89:LOC" versionRef="1"/>
                           <ForAlighting>true</ForAlighting>
                           <ForBoarding>true</ForBoarding>
                           <RequestStop>false</RequestStop>
                        </StopPointInJourneyPattern>
                        <StopPointInJourneyPattern id="CITELINE:StopPointInJourneyPattern:128x11:LOC" version="any" order="11">
                           <ScheduledStopPointRef ref="CITELINE:ScheduledStopPoint:90:LOC" versionRef="1"/>
                           <ForAlighting>true</ForAlighting>
                           <ForBoarding>true</ForBoarding>
                           <RequestStop>false</RequestStop>
                        </StopPointInJourneyPattern>
                        <StopPointInJourneyPattern id="CITELINE:StopPointInJourneyPattern:128x12:LOC" version="any" order="12">
                           <ScheduledStopPointRef ref="CITELINE:ScheduledStopPoint:91:LOC" versionRef="1"/>
                           <ForAlighting>true</ForAlighting>
                           <ForBoarding>true</ForBoarding>
                           <RequestStop>false</RequestStop>
                        </StopPointInJourneyPattern>
                        <StopPointInJourneyPattern id="CITELINE:StopPointInJourneyPattern:128x13:LOC" version="any" order="13">
                           <ScheduledStopPointRef ref="CITELINE:ScheduledStopPoint:92:LOC" versionRef="1"/>
                           <ForAlighting>true</ForAlighting>
                           <ForBoarding>true</ForBoarding>
                           <RequestStop>false</RequestStop>
                        </StopPointInJourneyPattern>
                        <StopPointInJourneyPattern id="CITELINE:StopPointInJourneyPattern:128x14:LOC" version="any" order="14">
                           <ScheduledStopPointRef ref="CITELINE:ScheduledStopPoint:93:LOC" versionRef="1"/>
                           <ForAlighting>true</ForAlighting>
                           <ForBoarding>true</ForBoarding>
                           <RequestStop>false</RequestStop>
                        </StopPointInJourneyPattern>
                        <StopPointInJourneyPattern id="CITELINE:StopPointInJourneyPattern:128x15:LOC" version="any" order="15">
                           <ScheduledStopPointRef ref="CITELINE:ScheduledStopPoint:94:LOC" versionRef="1"/>
                           <ForAlighting>true</ForAlighting>
                           <ForBoarding>false</ForBoarding>
                           <RequestStop>false</RequestStop>
                        </StopPointInJourneyPattern>
                     </pointsInSequence>
                     <ServiceJourneyPatternType>passenger</ServiceJourneyPatternType>
                  </ServiceJourneyPattern>
                  <DestinationDisplay id="CITELINE:DestinationDisplay:11:LOC" version="1">
                     <FrontText>COLLÈGE MARIE CURIE</FrontText>
                  </DestinationDisplay>
                  <DestinationDisplay id="CITELINE:DestinationDisplay:12:LOC" version="1">
                     <FrontText>COLLÈGE MARIE CURIE</FrontText>
                  </DestinationDisplay>
                  <DestinationDisplay id="CITELINE:DestinationDisplay:128:LOC" version="1">
                     <FrontText>PLACE GABRIEL MAIRE</FrontText>
                  </DestinationDisplay>
                  <ScheduledStopPoint id="CITELINE:ScheduledStopPoint:69:LOC" version="1">
                     <Name>MINE - BOULANGE</Name>
                     <Location id="CITELINE:Location:c7856ddb4a734b57891f476d866fe103:LOC">
                        <Longitude>5.9472661</Longitude>
                        <Latitude>49.3830933</Latitude>
                        <gml:pos srsName="EPSG:27572">862321.775593336 2493314.02647269</gml:pos>
                     </Location>
                  </ScheduledStopPoint>
                  <ScheduledStopPoint id="CITELINE:ScheduledStopPoint:70:LOC" version="1">
                     <Name>PONT</Name>
                     <Location id="CITELINE:Location:03998fe832764d6eab098ba99021accc:LOC">
                        <Longitude>5.9411641</Longitude>
                        <Latitude>49.3835633</Latitude>
                        <gml:pos srsName="EPSG:27572">861876.379146012 2493345.94742395</gml:pos>
                     </Location>
                  </ScheduledStopPoint>
                  <ScheduledStopPoint id="CITELINE:ScheduledStopPoint:71:LOC" version="1">
                     <Name>CITÉ DU BOIS</Name>
                     <Location id="CITELINE:Location:0fa112fc55f549c4bb9b95d1c3ff661d:LOC">
                        <Longitude>5.9372241</Longitude>
                        <Latitude>49.3843363</Latitude>
                        <gml:pos srsName="EPSG:27572">861586.401508426 2493418.78924501</gml:pos>
                     </Location>
                  </ScheduledStopPoint>
                  <ScheduledStopPoint id="CITELINE:ScheduledStopPoint:72:LOC" version="1">
                     <Name>CARREFOUR DE LA CROIX</Name>
                     <Location id="CITELINE:Location:f29d8953d3cf43428c7856bec8cf42a5:LOC">
                        <Longitude>5.9498181</Longitude>
                        <Latitude>49.3818223</Latitude>
                        <gml:pos srsName="EPSG:27572">862513.548183417 2493181.20823548</gml:pos>
                     </Location>
                  </ScheduledStopPoint>
                  <ScheduledStopPoint id="CITELINE:ScheduledStopPoint:73:LOC" version="1">
                     <Name>VILLAGE - BOULANGE</Name>
                     <Location id="CITELINE:Location:12dfec4e12784f2d81c65743ec827548:LOC">
                        <Longitude>5.9521661</Longitude>
                        <Latitude>49.3795913</Latitude>
                        <gml:pos srsName="EPSG:27572">862695.432091425 2492940.9621569</gml:pos>
                     </Location>
                  </ScheduledStopPoint>
                  <ScheduledStopPoint id="CITELINE:ScheduledStopPoint:74:LOC" version="1">
                     <Name>BAS</Name>
                     <Location id="CITELINE:Location:f8cac72f68cb49eb8e6e099b5d8686bb:LOC">
                        <Longitude>5.9526531</Longitude>
                        <Latitude>49.3775963</Latitude>
                        <gml:pos srsName="EPSG:27572">862741.001708931 2492720.74437942</gml:pos>
                     </Location>
                  </ScheduledStopPoint>
                  <ScheduledStopPoint id="CITELINE:ScheduledStopPoint:75:LOC" version="1">
                     <Name>CIMETIÈRE - BOULANGE</Name>
                     <Location id="CITELINE:Location:71f0879367b747b0ab4ebcc3ef254f7b:LOC">
                        <Longitude>5.9514681</Longitude>
                        <Latitude>49.3745983</Latitude>
                        <gml:pos srsName="EPSG:27572">862670.303902031 2492383.40575076</gml:pos>
                     </Location>
                  </ScheduledStopPoint>
                  <ScheduledStopPoint id="CITELINE:ScheduledStopPoint:76:LOC" version="1">
                     <Name>PLACE GABRIEL MAIRE</Name>
                     <Location id="CITELINE:Location:75cc4539205b485695e07d242cc10174:LOC">
                        <Longitude>6.0435921</Longitude>
                        <Latitude>49.3867633</Latitude>
                        <gml:pos srsName="EPSG:27572">869295.465396117 2494047.81853456</gml:pos>
                     </Location>
                  </ScheduledStopPoint>
                  <ScheduledStopPoint id="CITELINE:ScheduledStopPoint:77:LOC" version="1">
                     <Name>PLAN D&apos;EAU</Name>
                     <Location id="CITELINE:Location:8e575e17b81b452e99596674405c7cb3:LOC">
                        <Longitude>5.9910451</Longitude>
                        <Latitude>49.3880353</Latitude>
                        <gml:pos srsName="EPSG:27572">865474.469996296 2494010.53793587</gml:pos>
                     </Location>
                  </ScheduledStopPoint>
                  <ScheduledStopPoint id="CITELINE:ScheduledStopPoint:78:LOC" version="1">
                     <Name>CENTRE - HAVANGE</Name>
                     <Location id="CITELINE:Location:9a427b760911415da69322d1860a12e9:LOC">
                        <Longitude>5.9945021</Longitude>
                        <Latitude>49.3885283</Latitude>
                        <gml:pos srsName="EPSG:27572">865722.860238696 2494077.03849186</gml:pos>
                     </Location>
                  </ScheduledStopPoint>
                  <ScheduledStopPoint id="CITELINE:ScheduledStopPoint:79:LOC" version="1">
                     <Name>COLLÈGE MARIE CURIE</Name>
                     <Location id="CITELINE:Location:20668b855b9a46269ef287eb7b65fbbd:LOC">
                        <Longitude>5.9862791</Longitude>
                        <Latitude>49.3562623</Latitude>
                        <gml:pos srsName="EPSG:27572">865292.651815496 2490461.36912758</gml:pos>
                     </Location>
                  </ScheduledStopPoint>
                  <ScheduledStopPoint id="CITELINE:ScheduledStopPoint:80:LOC" version="1">
                     <Name>COLLÈGE MARIE CURIE</Name>
                     <Location id="CITELINE:Location:1bcf123ca893455dbecbe1ef92e36f43:LOC">
                        <Longitude>5.9862791</Longitude>
                        <Latitude>49.3562623</Latitude>
                        <gml:pos srsName="EPSG:27572">865292.651815496 2490461.36912758</gml:pos>
                     </Location>
                  </ScheduledStopPoint>
                  <ScheduledStopPoint id="CITELINE:ScheduledStopPoint:81:LOC" version="1">
                     <Name>SUPER U</Name>
                     <Location id="CITELINE:Location:5cacac976d93405697a06b93069d67da:LOC">
                        <Longitude>5.9801831</Longitude>
                        <Latitude>49.3568593</Latitude>
                        <gml:pos srsName="EPSG:27572">864846.788820606 2490507.19904054</gml:pos>
                     </Location>
                  </ScheduledStopPoint>
                  <ScheduledStopPoint id="CITELINE:ScheduledStopPoint:82:LOC" version="1">
                     <Name>CIMETIÈRE - BOULANGE</Name>
                     <Location id="CITELINE:Location:0e47f47c795d4ad89d300b04711ecfbe:LOC">
                        <Longitude>5.9515111</Longitude>
                        <Latitude>49.3740333</Latitude>
                        <gml:pos srsName="EPSG:27572">862676.317274268 2492320.72129903</gml:pos>
                     </Location>
                  </ScheduledStopPoint>
                  <ScheduledStopPoint id="CITELINE:ScheduledStopPoint:83:LOC" version="1">
                     <Name>BAS</Name>
                     <Location id="CITELINE:Location:33441a5c58324dcd990f80fc16bb36a3:LOC">
                        <Longitude>5.9527931</Longitude>
                        <Latitude>49.3772423</Latitude>
                        <gml:pos srsName="EPSG:27572">862752.978662231 2492681.84731821</gml:pos>
                     </Location>
                  </ScheduledStopPoint>
                  <ScheduledStopPoint id="CITELINE:ScheduledStopPoint:84:LOC" version="1">
                     <Name>VILLAGE - BOULANGE</Name>
                     <Location id="CITELINE:Location:d03dcb9fb38a470e871a671c0f563c96:LOC">
                        <Longitude>5.9529301</Longitude>
                        <Latitude>49.3787813</Latitude>
                        <gml:pos srsName="EPSG:27572">862755.0475767 2492853.44283675</gml:pos>
                     </Location>
                  </ScheduledStopPoint>
                  <ScheduledStopPoint id="CITELINE:ScheduledStopPoint:85:LOC" version="1">
                     <Name>MINE - BOULANGE</Name>
                     <Location id="CITELINE:Location:9b1fc59bf578461f930bf8adbe6148d0:LOC">
                        <Longitude>5.9472661</Longitude>
                        <Latitude>49.3830933</Latitude>
                        <gml:pos srsName="EPSG:27572">862321.775593336 2493314.02647269</gml:pos>
                     </Location>
                  </ScheduledStopPoint>
                  <ScheduledStopPoint id="CITELINE:ScheduledStopPoint:86:LOC" version="1">
                     <Name>PONT</Name>
                     <Location id="CITELINE:Location:ccc23fb655934c7d98675b25c4cc8b62:LOC">
                        <Longitude>5.9411641</Longitude>
                        <Latitude>49.3835633</Latitude>
                        <gml:pos srsName="EPSG:27572">861876.379146012 2493345.94742395</gml:pos>
                     </Location>
                  </ScheduledStopPoint>
                  <ScheduledStopPoint id="CITELINE:ScheduledStopPoint:87:LOC" version="1">
                     <Name>CITÉ DU BOIS</Name>
                     <Location id="CITELINE:Location:118e4143191e4f8392976fc3ba4a3c2f:LOC">
                        <Longitude>5.9372241</Longitude>
                        <Latitude>49.3843363</Latitude>
                        <gml:pos srsName="EPSG:27572">861586.401508426 2493418.78924501</gml:pos>
                     </Location>
                  </ScheduledStopPoint>
                  <ScheduledStopPoint id="CITELINE:ScheduledStopPoint:88:LOC" version="1">
                     <Name>CROIX</Name>
                     <Location id="CITELINE:Location:ddbbda615f9842cd953d330862ddefcf:LOC">
                        <Longitude>5.9505951</Longitude>
                        <Latitude>49.3822243</Latitude>
                        <gml:pos srsName="EPSG:27572">862567.902167947 2493228.50595015</gml:pos>
                     </Location>
                  </ScheduledStopPoint>
                  <ScheduledStopPoint id="CITELINE:ScheduledStopPoint:89:LOC" version="1">
                     <Name>CASTORS - BOULANGE</Name>
                     <Location id="CITELINE:Location:ecea2a6f13bb44f9a6843dd135f81a4a:LOC">
                        <Longitude>5.9536671</Longitude>
                        <Latitude>49.3842433</Latitude>
                        <gml:pos srsName="EPSG:27572">862780.591126206 2493463.28548601</gml:pos>
                     </Location>
                  </ScheduledStopPoint>
                  <ScheduledStopPoint id="CITELINE:ScheduledStopPoint:90:LOC" version="1">
                     <Name>SILO</Name>
                     <Location id="CITELINE:Location:8c69b081f15f4ccaafba79773751858a:LOC">
                        <Longitude>5.9583411</Longitude>
                        <Latitude>49.3875753</Latitude>
                        <gml:pos srsName="EPSG:27572">863102.825992901 2493849.44089872</gml:pos>
                     </Location>
                  </ScheduledStopPoint>
                  <ScheduledStopPoint id="CITELINE:ScheduledStopPoint:91:LOC" version="1">
                     <Name>LUDELANGE CARREFOUR</Name>
                     <Location id="CITELINE:Location:4169a1f869f44f01bf7cdd950cd9f017:LOC">
                        <Longitude>5.9723671</Longitude>
                        <Latitude>49.3977033</Latitude>
                        <gml:pos srsName="EPSG:27572">864068.871217367 2495022.71527769</gml:pos>
                     </Location>
                  </ScheduledStopPoint>
                  <ScheduledStopPoint id="CITELINE:ScheduledStopPoint:92:LOC" version="1">
                     <Name>PLAN D&apos;EAU</Name>
                     <Location id="CITELINE:Location:27618c0825e74d869bb3dda99c975240:LOC">
                        <Longitude>5.9910451</Longitude>
                        <Latitude>49.3880353</Latitude>
                        <gml:pos srsName="EPSG:27572">865474.469996296 2494010.53793587</gml:pos>
                     </Location>
                  </ScheduledStopPoint>
                  <ScheduledStopPoint id="CITELINE:ScheduledStopPoint:93:LOC" version="1">
                     <Name>CENTRE - HAVANGE</Name>
                     <Location id="CITELINE:Location:7eaa18e32f754b29aa79a2f4b5fc485d:LOC">
                        <Longitude>5.9945021</Longitude>
                        <Latitude>49.3885283</Latitude>
                        <gml:pos srsName="EPSG:27572">865722.860238696 2494077.03849186</gml:pos>
                     </Location>
                  </ScheduledStopPoint>
                  <ScheduledStopPoint id="CITELINE:ScheduledStopPoint:94:LOC" version="1">
                     <Name>PLACE GABRIEL MAIRE</Name>
                     <Location id="CITELINE:Location:efc9cf8ddd8645c1b268e801c0fc0297:LOC">
                        <Longitude>6.0432881</Longitude>
                        <Latitude>49.3869353</Latitude>
                        <gml:pos srsName="EPSG:27572">869272.495743641 2494065.90285058</gml:pos>
                     </Location>
                  </ScheduledStopPoint>
                  <PassengerStopAssignment id="CITELINE:PassengerStopAssignment:69:LOC" version="1" order="0">
                     <ScheduledStopPointRef ref="CITELINE:ScheduledStopPoint:69:LOC" versionRef="1"/>
                     <StopPlaceRef ref="FR:57096:StopPlace:genplace_BOMINE:CITELINE" versionRef="1"/>
                     <QuayRef ref="FR:57096:Quay:3077:CITELINE" versionRef="1"/>
                  </PassengerStopAssignment>
                  <PassengerStopAssignment id="CITELINE:PassengerStopAssignment:70:LOC" version="1" order="0">
                     <ScheduledStopPointRef ref="CITELINE:ScheduledStopPoint:70:LOC" versionRef="1"/>
                     <StopPlaceRef ref="FR:57096:StopPlace:genplace_BOPONT:CITELINE" versionRef="1"/>
                     <QuayRef ref="FR:57096:Quay:3076:CITELINE" versionRef="1"/>
                  </PassengerStopAssignment>
                  <PassengerStopAssignment id="CITELINE:PassengerStopAssignment:71:LOC" version="1" order="0">
                     <ScheduledStopPointRef ref="CITELINE:ScheduledStopPoint:71:LOC" versionRef="1"/>
                     <StopPlaceRef ref="FR:57096:StopPlace:genplace_BOCITE:CITELINE" versionRef="1"/>
                     <QuayRef ref="FR:57096:Quay:425:CITELINE" versionRef="1"/>
                  </PassengerStopAssignment>
                  <PassengerStopAssignment id="CITELINE:PassengerStopAssignment:72:LOC" version="1" order="0">
                     <ScheduledStopPointRef ref="CITELINE:ScheduledStopPoint:72:LOC" versionRef="1"/>
                     <StopPlaceRef ref="FR:57096:StopPlace:genplace_BOCCRO:CITELINE" versionRef="1"/>
                     <QuayRef ref="FR:57096:Quay:11836:CITELINE" versionRef="1"/>
                  </PassengerStopAssignment>
                  <PassengerStopAssignment id="CITELINE:PassengerStopAssignment:73:LOC" version="1" order="0">
                     <ScheduledStopPointRef ref="CITELINE:ScheduledStopPoint:73:LOC" versionRef="1"/>
                     <StopPlaceRef ref="FR:57096:StopPlace:genplace_BOVILL:CITELINE" versionRef="1"/>
                     <QuayRef ref="FR:57096:Quay:10650:CITELINE" versionRef="1"/>
                  </PassengerStopAssignment>
                  <PassengerStopAssignment id="CITELINE:PassengerStopAssignment:74:LOC" version="1" order="0">
                     <ScheduledStopPointRef ref="CITELINE:ScheduledStopPoint:74:LOC" versionRef="1"/>
                     <StopPlaceRef ref="FR:57096:StopPlace:genplace_BOBAS:CITELINE" versionRef="1"/>
                     <QuayRef ref="FR:57096:Quay:13021:CITELINE" versionRef="1"/>
                  </PassengerStopAssignment>
                  <PassengerStopAssignment id="CITELINE:PassengerStopAssignment:75:LOC" version="1" order="0">
                     <ScheduledStopPointRef ref="CITELINE:ScheduledStopPoint:75:LOC" versionRef="1"/>
                     <StopPlaceRef ref="FR:57096:StopPlace:genplace_BOCIME:CITELINE" versionRef="1"/>
                     <QuayRef ref="FR:57096:Quay:13070:CITELINE" versionRef="1"/>
                  </PassengerStopAssignment>
                  <PassengerStopAssignment id="CITELINE:PassengerStopAssignment:76:LOC" version="1" order="0">
                     <ScheduledStopPointRef ref="CITELINE:ScheduledStopPoint:76:LOC" versionRef="1"/>
                     <StopPlaceRef ref="FR:57022:StopPlace:genplace_ANPLAC:CITELINE" versionRef="1"/>
                     <QuayRef ref="FR:57022:Quay:10402:CITELINE" versionRef="1"/>
                  </PassengerStopAssignment>
                  <PassengerStopAssignment id="CITELINE:PassengerStopAssignment:77:LOC" version="1" order="0">
                     <ScheduledStopPointRef ref="CITELINE:ScheduledStopPoint:77:LOC" versionRef="1"/>
                     <StopPlaceRef ref="FR:57305:StopPlace:genplace_HAPLAN:CITELINE" versionRef="1"/>
                     <QuayRef ref="FR:57305:Quay:12390:CITELINE" versionRef="1"/>
                  </PassengerStopAssignment>
                  <PassengerStopAssignment id="CITELINE:PassengerStopAssignment:78:LOC" version="1" order="0">
                     <ScheduledStopPointRef ref="CITELINE:ScheduledStopPoint:78:LOC" versionRef="1"/>
                     <StopPlaceRef ref="FR:57305:StopPlace:genplace_HACENT:CITELINE" versionRef="1"/>
                     <QuayRef ref="FR:57305:Quay:10404:CITELINE" versionRef="1"/>
                  </PassengerStopAssignment>
                  <PassengerStopAssignment id="CITELINE:PassengerStopAssignment:79:LOC" version="1" order="0">
                     <ScheduledStopPointRef ref="CITELINE:ScheduledStopPoint:79:LOC" versionRef="1"/>
                     <StopPlaceRef ref="FR:57226:StopPlace:genplace_FOCOLL:CITELINE" versionRef="1"/>
                     <QuayRef ref="FR:57226:Quay:51:CITELINE" versionRef="1"/>
                  </PassengerStopAssignment>
                  <PassengerStopAssignment id="CITELINE:PassengerStopAssignment:80:LOC" version="1" order="0">
                     <ScheduledStopPointRef ref="CITELINE:ScheduledStopPoint:80:LOC" versionRef="1"/>
                     <StopPlaceRef ref="FR:57226:StopPlace:genplace_FOCOLL:CITELINE" versionRef="1"/>
                     <QuayRef ref="FR:57226:Quay:51:CITELINE" versionRef="1"/>
                  </PassengerStopAssignment>
                  <PassengerStopAssignment id="CITELINE:PassengerStopAssignment:81:LOC" version="1" order="0">
                     <ScheduledStopPointRef ref="CITELINE:ScheduledStopPoint:81:LOC" versionRef="1"/>
                     <StopPlaceRef ref="FR:57226:StopPlace:genplace_FOSUPU:CITELINE" versionRef="1"/>
                     <QuayRef ref="FR:57226:Quay:2133:CITELINE" versionRef="1"/>
                  </PassengerStopAssignment>
                  <PassengerStopAssignment id="CITELINE:PassengerStopAssignment:82:LOC" version="1" order="0">
                     <ScheduledStopPointRef ref="CITELINE:ScheduledStopPoint:82:LOC" versionRef="1"/>
                     <StopPlaceRef ref="FR:57096:StopPlace:genplace_BOCIME:CITELINE" versionRef="1"/>
                     <QuayRef ref="FR:57096:Quay:3070:CITELINE" versionRef="1"/>
                  </PassengerStopAssignment>
                  <PassengerStopAssignment id="CITELINE:PassengerStopAssignment:83:LOC" version="1" order="0">
                     <ScheduledStopPointRef ref="CITELINE:ScheduledStopPoint:83:LOC" versionRef="1"/>
                     <StopPlaceRef ref="FR:57096:StopPlace:genplace_BOBAS:CITELINE" versionRef="1"/>
                     <QuayRef ref="FR:57096:Quay:3021:CITELINE" versionRef="1"/>
                  </PassengerStopAssignment>
                  <PassengerStopAssignment id="CITELINE:PassengerStopAssignment:84:LOC" version="1" order="0">
                     <ScheduledStopPointRef ref="CITELINE:ScheduledStopPoint:84:LOC" versionRef="1"/>
                     <StopPlaceRef ref="FR:57096:StopPlace:genplace_BOVILL:CITELINE" versionRef="1"/>
                     <QuayRef ref="FR:57096:Quay:650:CITELINE" versionRef="1"/>
                  </PassengerStopAssignment>
                  <PassengerStopAssignment id="CITELINE:PassengerStopAssignment:85:LOC" version="1" order="0">
                     <ScheduledStopPointRef ref="CITELINE:ScheduledStopPoint:85:LOC" versionRef="1"/>
                     <StopPlaceRef ref="FR:57096:StopPlace:genplace_BOMINE:CITELINE" versionRef="1"/>
                     <QuayRef ref="FR:57096:Quay:3077:CITELINE" versionRef="1"/>
                  </PassengerStopAssignment>
                  <PassengerStopAssignment id="CITELINE:PassengerStopAssignment:86:LOC" version="1" order="0">
                     <ScheduledStopPointRef ref="CITELINE:ScheduledStopPoint:86:LOC" versionRef="1"/>
                     <StopPlaceRef ref="FR:57096:StopPlace:genplace_BOPONT:CITELINE" versionRef="1"/>
                     <QuayRef ref="FR:57096:Quay:3076:CITELINE" versionRef="1"/>
                  </PassengerStopAssignment>
                  <PassengerStopAssignment id="CITELINE:PassengerStopAssignment:87:LOC" version="1" order="0">
                     <ScheduledStopPointRef ref="CITELINE:ScheduledStopPoint:87:LOC" versionRef="1"/>
                     <StopPlaceRef ref="FR:57096:StopPlace:genplace_BOCITE:CITELINE" versionRef="1"/>
                     <QuayRef ref="FR:57096:Quay:425:CITELINE" versionRef="1"/>
                  </PassengerStopAssignment>
                  <PassengerStopAssignment id="CITELINE:PassengerStopAssignment:88:LOC" version="1" order="0">
                     <ScheduledStopPointRef ref="CITELINE:ScheduledStopPoint:88:LOC" versionRef="1"/>
                     <StopPlaceRef ref="FR:57096:StopPlace:genplace_BOCROI:CITELINE" versionRef="1"/>
                     <QuayRef ref="FR:57096:Quay:13019:CITELINE" versionRef="1"/>
                  </PassengerStopAssignment>
                  <PassengerStopAssignment id="CITELINE:PassengerStopAssignment:89:LOC" version="1" order="0">
                     <ScheduledStopPointRef ref="CITELINE:ScheduledStopPoint:89:LOC" versionRef="1"/>
                     <StopPlaceRef ref="FR:57096:StopPlace:genplace_BOCAST:CITELINE" versionRef="1"/>
                     <QuayRef ref="FR:57096:Quay:10423:CITELINE" versionRef="1"/>
                  </PassengerStopAssignment>
                  <PassengerStopAssignment id="CITELINE:PassengerStopAssignment:90:LOC" version="1" order="0">
                     <ScheduledStopPointRef ref="CITELINE:ScheduledStopPoint:90:LOC" versionRef="1"/>
                     <StopPlaceRef ref="FR:57096:StopPlace:genplace_BOSILO:CITELINE" versionRef="1"/>
                     <QuayRef ref="FR:57096:Quay:10422:CITELINE" versionRef="1"/>
                  </PassengerStopAssignment>
                  <PassengerStopAssignment id="CITELINE:PassengerStopAssignment:91:LOC" version="1" order="0">
                     <ScheduledStopPointRef ref="CITELINE:ScheduledStopPoint:91:LOC" versionRef="1"/>
                     <StopPlaceRef ref="FR:57678:StopPlace:genplace_TRLUDC:CITELINE" versionRef="1"/>
                     <QuayRef ref="FR:57678:Quay:20405:CITELINE" versionRef="1"/>
                  </PassengerStopAssignment>
                  <PassengerStopAssignment id="CITELINE:PassengerStopAssignment:92:LOC" version="1" order="0">
                     <ScheduledStopPointRef ref="CITELINE:ScheduledStopPoint:92:LOC" versionRef="1"/>
                     <StopPlaceRef ref="FR:57305:StopPlace:genplace_HAPLAN:CITELINE" versionRef="1"/>
                     <QuayRef ref="FR:57305:Quay:12390:CITELINE" versionRef="1"/>
                  </PassengerStopAssignment>
                  <PassengerStopAssignment id="CITELINE:PassengerStopAssignment:93:LOC" version="1" order="0">
                     <ScheduledStopPointRef ref="CITELINE:ScheduledStopPoint:93:LOC" versionRef="1"/>
                     <StopPlaceRef ref="FR:57305:StopPlace:genplace_HACENT:CITELINE" versionRef="1"/>
                     <QuayRef ref="FR:57305:Quay:10404:CITELINE" versionRef="1"/>
                  </PassengerStopAssignment>
                  <PassengerStopAssignment id="CITELINE:PassengerStopAssignment:94:LOC" version="1" order="0">
                     <ScheduledStopPointRef ref="CITELINE:ScheduledStopPoint:94:LOC" versionRef="1"/>
                     <StopPlaceRef ref="FR:57022:StopPlace:genplace_ANPLAC:CITELINE" versionRef="1"/>
                     <QuayRef ref="FR:57022:Quay:402:CITELINE" versionRef="1"/>
                  </PassengerStopAssignment>
               </members>
            </GeneralFrame>
            <GeneralFrame id="FR:GeneralFrame:NETEX_HORAIRE-20250905T000300:LOC" version="1.0" dataSourceRef="CITELINE">
               <TypeOfFrameRef ref="FR:TypeOfFrame:NETEX_HORAIRE"/>
               <members>
                  <ServiceJourney id="CITELINE:ServiceJourney:4505043-25-26-MER_NS37-Mercredi-01:LOC" version="1">
                     <TransportMode>bus</TransportMode>
                     <dayTypes>
                        <DayTypeRef ref="CITELINE:Timetable:DayType:74:LOC" versionRef="1"/>
                     </dayTypes>
                     <JourneyPatternRef ref="CITELINE:ServiceJourneyPattern:11:LOC" versionRef="1"/>
                     <passingTimes>
                        <TimetabledPassingTime version="any">
                           <ArrivalTime>07:05:00</ArrivalTime>
                           <ArrivalDayOffset>0</ArrivalDayOffset>
                           <DepartureTime>07:05:00</DepartureTime>
                           <DepartureDayOffset>0</DepartureDayOffset>
                        </TimetabledPassingTime>
                        <TimetabledPassingTime version="any">
                           <ArrivalTime>07:16:00</ArrivalTime>
                           <ArrivalDayOffset>0</ArrivalDayOffset>
                           <DepartureTime>07:16:00</DepartureTime>
                           <DepartureDayOffset>0</DepartureDayOffset>
                        </TimetabledPassingTime>
                        <TimetabledPassingTime version="any">
                           <ArrivalTime>07:16:00</ArrivalTime>
                           <ArrivalDayOffset>0</ArrivalDayOffset>
                           <DepartureTime>07:16:00</DepartureTime>
                           <DepartureDayOffset>0</DepartureDayOffset>
                        </TimetabledPassingTime>
                        <TimetabledPassingTime version="any">
                           <ArrivalTime>07:25:00</ArrivalTime>
                           <ArrivalDayOffset>0</ArrivalDayOffset>
                           <DepartureTime>07:25:00</DepartureTime>
                           <DepartureDayOffset>0</DepartureDayOffset>
                        </TimetabledPassingTime>
                     </passingTimes>
                  </ServiceJourney>
                  <ServiceJourney id="CITELINE:ServiceJourney:4505044-25-26-MER_NS37-Mercredi-01:LOC" version="1">
                     <TransportMode>bus</TransportMode>
                     <dayTypes>
                        <DayTypeRef ref="CITELINE:Timetable:DayType:74:LOC" versionRef="1"/>
                     </dayTypes>
                     <JourneyPatternRef ref="CITELINE:ServiceJourneyPattern:12:LOC" versionRef="1"/>
                     <passingTimes>
                        <TimetabledPassingTime version="any">
                           <ArrivalTime>07:33:00</ArrivalTime>
                           <ArrivalDayOffset>0</ArrivalDayOffset>
                           <DepartureTime>07:33:00</DepartureTime>
                           <DepartureDayOffset>0</DepartureDayOffset>
                        </TimetabledPassingTime>
                        <TimetabledPassingTime version="any">
                           <ArrivalTime>07:35:00</ArrivalTime>
                           <ArrivalDayOffset>0</ArrivalDayOffset>
                           <DepartureTime>07:35:00</DepartureTime>
                           <DepartureDayOffset>0</DepartureDayOffset>
                        </TimetabledPassingTime>
                        <TimetabledPassingTime version="any">
                           <ArrivalTime>07:36:00</ArrivalTime>
                           <ArrivalDayOffset>0</ArrivalDayOffset>
                           <DepartureTime>07:36:00</DepartureTime>
                           <DepartureDayOffset>0</DepartureDayOffset>
                        </TimetabledPassingTime>
                        <TimetabledPassingTime version="any">
                           <ArrivalTime>07:38:00</ArrivalTime>
                           <ArrivalDayOffset>0</ArrivalDayOffset>
                           <DepartureTime>07:38:00</DepartureTime>
                           <DepartureDayOffset>0</DepartureDayOffset>
                        </TimetabledPassingTime>
                        <TimetabledPassingTime version="any">
                           <ArrivalTime>07:39:00</ArrivalTime>
                           <ArrivalDayOffset>0</ArrivalDayOffset>
                           <DepartureTime>07:39:00</DepartureTime>
                           <DepartureDayOffset>0</DepartureDayOffset>
                        </TimetabledPassingTime>
                        <TimetabledPassingTime version="any">
                           <ArrivalTime>07:40:00</ArrivalTime>
                           <ArrivalDayOffset>0</ArrivalDayOffset>
                           <DepartureTime>07:40:00</DepartureTime>
                           <DepartureDayOffset>0</DepartureDayOffset>
                        </TimetabledPassingTime>
                        <TimetabledPassingTime version="any">
                           <ArrivalTime>07:40:00</ArrivalTime>
                           <ArrivalDayOffset>0</ArrivalDayOffset>
                           <DepartureTime>07:40:00</DepartureTime>
                           <DepartureDayOffset>0</DepartureDayOffset>
                        </TimetabledPassingTime>
                        <TimetabledPassingTime version="any">
                           <ArrivalTime>07:48:00</ArrivalTime>
                           <ArrivalDayOffset>0</ArrivalDayOffset>
                           <DepartureTime>07:48:00</DepartureTime>
                           <DepartureDayOffset>0</DepartureDayOffset>
                        </TimetabledPassingTime>
                     </passingTimes>
                  </ServiceJourney>
                  <ServiceJourney id="CITELINE:ServiceJourney:4505043-25-26-SCO_NS36-L-Ma-J-V-01:LOC" version="1">
                     <TransportMode>bus</TransportMode>
                     <dayTypes>
                        <DayTypeRef ref="CITELINE:Timetable:DayType:127:LOC" versionRef="1"/>
                     </dayTypes>
                     <JourneyPatternRef ref="CITELINE:ServiceJourneyPattern:11:LOC" versionRef="1"/>
                     <passingTimes>
                        <TimetabledPassingTime version="any">
                           <ArrivalTime>07:05:00</ArrivalTime>
                           <ArrivalDayOffset>0</ArrivalDayOffset>
                           <DepartureTime>07:05:00</DepartureTime>
                           <DepartureDayOffset>0</DepartureDayOffset>
                        </TimetabledPassingTime>
                        <TimetabledPassingTime version="any">
                           <ArrivalTime>07:16:00</ArrivalTime>
                           <ArrivalDayOffset>0</ArrivalDayOffset>
                           <DepartureTime>07:16:00</DepartureTime>
                           <DepartureDayOffset>0</DepartureDayOffset>
                        </TimetabledPassingTime>
                        <TimetabledPassingTime version="any">
                           <ArrivalTime>07:16:00</ArrivalTime>
                           <ArrivalDayOffset>0</ArrivalDayOffset>
                           <DepartureTime>07:16:00</DepartureTime>
                           <DepartureDayOffset>0</DepartureDayOffset>
                        </TimetabledPassingTime>
                        <TimetabledPassingTime version="any">
                           <ArrivalTime>07:25:00</ArrivalTime>
                           <ArrivalDayOffset>0</ArrivalDayOffset>
                           <DepartureTime>07:25:00</DepartureTime>
                           <DepartureDayOffset>0</DepartureDayOffset>
                        </TimetabledPassingTime>
                     </passingTimes>
                  </ServiceJourney>
                  <ServiceJourney id="CITELINE:ServiceJourney:4505044-25-26-SCO_NS36-L-Ma-J-V-01:LOC" version="1">
                     <TransportMode>bus</TransportMode>
                     <dayTypes>
                        <DayTypeRef ref="CITELINE:Timetable:DayType:127:LOC" versionRef="1"/>
                     </dayTypes>
                     <JourneyPatternRef ref="CITELINE:ServiceJourneyPattern:12:LOC" versionRef="1"/>
                     <passingTimes>
                        <TimetabledPassingTime version="any">
                           <ArrivalTime>07:33:00</ArrivalTime>
                           <ArrivalDayOffset>0</ArrivalDayOffset>
                           <DepartureTime>07:33:00</DepartureTime>
                           <DepartureDayOffset>0</DepartureDayOffset>
                        </TimetabledPassingTime>
                        <TimetabledPassingTime version="any">
                           <ArrivalTime>07:35:00</ArrivalTime>
                           <ArrivalDayOffset>0</ArrivalDayOffset>
                           <DepartureTime>07:35:00</DepartureTime>
                           <DepartureDayOffset>0</DepartureDayOffset>
                        </TimetabledPassingTime>
                        <TimetabledPassingTime version="any">
                           <ArrivalTime>07:36:00</ArrivalTime>
                           <ArrivalDayOffset>0</ArrivalDayOffset>
                           <DepartureTime>07:36:00</DepartureTime>
                           <DepartureDayOffset>0</DepartureDayOffset>
                        </TimetabledPassingTime>
                        <TimetabledPassingTime version="any">
                           <ArrivalTime>07:38:00</ArrivalTime>
                           <ArrivalDayOffset>0</ArrivalDayOffset>
                           <DepartureTime>07:38:00</DepartureTime>
                           <DepartureDayOffset>0</DepartureDayOffset>
                        </TimetabledPassingTime>
                        <TimetabledPassingTime version="any">
                           <ArrivalTime>07:39:00</ArrivalTime>
                           <ArrivalDayOffset>0</ArrivalDayOffset>
                           <DepartureTime>07:39:00</DepartureTime>
                           <DepartureDayOffset>0</DepartureDayOffset>
                        </TimetabledPassingTime>
                        <TimetabledPassingTime version="any">
                           <ArrivalTime>07:40:00</ArrivalTime>
                           <ArrivalDayOffset>0</ArrivalDayOffset>
                           <DepartureTime>07:40:00</DepartureTime>
                           <DepartureDayOffset>0</DepartureDayOffset>
                        </TimetabledPassingTime>
                        <TimetabledPassingTime version="any">
                           <ArrivalTime>07:40:00</ArrivalTime>
                           <ArrivalDayOffset>0</ArrivalDayOffset>
                           <DepartureTime>07:40:00</DepartureTime>
                           <DepartureDayOffset>0</DepartureDayOffset>
                        </TimetabledPassingTime>
                        <TimetabledPassingTime version="any">
                           <ArrivalTime>07:48:00</ArrivalTime>
                           <ArrivalDayOffset>0</ArrivalDayOffset>
                           <DepartureTime>07:48:00</DepartureTime>
                           <DepartureDayOffset>0</DepartureDayOffset>
                        </TimetabledPassingTime>
                     </passingTimes>
                  </ServiceJourney>
                  <ServiceJourney id="CITELINE:ServiceJourney:4505043-25-26-SCO_NS37-L-Ma-J-V-01:LOC" version="1">
                     <TransportMode>bus</TransportMode>
                     <dayTypes>
                        <DayTypeRef ref="CITELINE:Timetable:DayType:527:LOC" versionRef="1"/>
                     </dayTypes>
                     <JourneyPatternRef ref="CITELINE:ServiceJourneyPattern:11:LOC" versionRef="1"/>
                     <passingTimes>
                        <TimetabledPassingTime version="any">
                           <ArrivalTime>07:05:00</ArrivalTime>
                           <ArrivalDayOffset>0</ArrivalDayOffset>
                           <DepartureTime>07:05:00</DepartureTime>
                           <DepartureDayOffset>0</DepartureDayOffset>
                        </TimetabledPassingTime>
                        <TimetabledPassingTime version="any">
                           <ArrivalTime>07:16:00</ArrivalTime>
                           <ArrivalDayOffset>0</ArrivalDayOffset>
                           <DepartureTime>07:16:00</DepartureTime>
                           <DepartureDayOffset>0</DepartureDayOffset>
                        </TimetabledPassingTime>
                        <TimetabledPassingTime version="any">
                           <ArrivalTime>07:16:00</ArrivalTime>
                           <ArrivalDayOffset>0</ArrivalDayOffset>
                           <DepartureTime>07:16:00</DepartureTime>
                           <DepartureDayOffset>0</DepartureDayOffset>
                        </TimetabledPassingTime>
                        <TimetabledPassingTime version="any">
                           <ArrivalTime>07:25:00</ArrivalTime>
                           <ArrivalDayOffset>0</ArrivalDayOffset>
                           <DepartureTime>07:25:00</DepartureTime>
                           <DepartureDayOffset>0</DepartureDayOffset>
                        </TimetabledPassingTime>
                     </passingTimes>
                  </ServiceJourney>
                  <ServiceJourney id="CITELINE:ServiceJourney:4505044-25-26-SCO_NS37-L-Ma-J-V-01:LOC" version="1">
                     <TransportMode>bus</TransportMode>
                     <dayTypes>
                        <DayTypeRef ref="CITELINE:Timetable:DayType:527:LOC" versionRef="1"/>
                     </dayTypes>
                     <JourneyPatternRef ref="CITELINE:ServiceJourneyPattern:12:LOC" versionRef="1"/>
                     <passingTimes>
                        <TimetabledPassingTime version="any">
                           <ArrivalTime>07:33:00</ArrivalTime>
                           <ArrivalDayOffset>0</ArrivalDayOffset>
                           <DepartureTime>07:33:00</DepartureTime>
                           <DepartureDayOffset>0</DepartureDayOffset>
                        </TimetabledPassingTime>
                        <TimetabledPassingTime version="any">
                           <ArrivalTime>07:35:00</ArrivalTime>
                           <ArrivalDayOffset>0</ArrivalDayOffset>
                           <DepartureTime>07:35:00</DepartureTime>
                           <DepartureDayOffset>0</DepartureDayOffset>
                        </TimetabledPassingTime>
                        <TimetabledPassingTime version="any">
                           <ArrivalTime>07:36:00</ArrivalTime>
                           <ArrivalDayOffset>0</ArrivalDayOffset>
                           <DepartureTime>07:36:00</DepartureTime>
                           <DepartureDayOffset>0</DepartureDayOffset>
                        </TimetabledPassingTime>
                        <TimetabledPassingTime version="any">
                           <ArrivalTime>07:38:00</ArrivalTime>
                           <ArrivalDayOffset>0</ArrivalDayOffset>
                           <DepartureTime>07:38:00</DepartureTime>
                           <DepartureDayOffset>0</DepartureDayOffset>
                        </TimetabledPassingTime>
                        <TimetabledPassingTime version="any">
                           <ArrivalTime>07:39:00</ArrivalTime>
                           <ArrivalDayOffset>0</ArrivalDayOffset>
                           <DepartureTime>07:39:00</DepartureTime>
                           <DepartureDayOffset>0</DepartureDayOffset>
                        </TimetabledPassingTime>
                        <TimetabledPassingTime version="any">
                           <ArrivalTime>07:40:00</ArrivalTime>
                           <ArrivalDayOffset>0</ArrivalDayOffset>
                           <DepartureTime>07:40:00</DepartureTime>
                           <DepartureDayOffset>0</DepartureDayOffset>
                        </TimetabledPassingTime>
                        <TimetabledPassingTime version="any">
                           <ArrivalTime>07:40:00</ArrivalTime>
                           <ArrivalDayOffset>0</ArrivalDayOffset>
                           <DepartureTime>07:40:00</DepartureTime>
                           <DepartureDayOffset>0</DepartureDayOffset>
                        </TimetabledPassingTime>
                        <TimetabledPassingTime version="any">
                           <ArrivalTime>07:48:00</ArrivalTime>
                           <ArrivalDayOffset>0</ArrivalDayOffset>
                           <DepartureTime>07:48:00</DepartureTime>
                           <DepartureDayOffset>0</DepartureDayOffset>
                        </TimetabledPassingTime>
                     </passingTimes>
                  </ServiceJourney>
                  <ServiceJourney id="CITELINE:ServiceJourney:4505040-25-26-SCO_NS36-L-Ma-J-V-01-1101100:LOC" version="1">
                     <TransportMode>bus</TransportMode>
                     <dayTypes>
                        <DayTypeRef ref="CITELINE:Timetable:DayType:227:LOC" versionRef="1"/>
                     </dayTypes>
                     <JourneyPatternRef ref="CITELINE:ServiceJourneyPattern:128:LOC" versionRef="1"/>
                     <passingTimes>
                        <TimetabledPassingTime version="any">
                           <ArrivalTime>16:37:00</ArrivalTime>
                           <ArrivalDayOffset>0</ArrivalDayOffset>
                           <DepartureTime>16:37:00</DepartureTime>
                           <DepartureDayOffset>0</DepartureDayOffset>
                        </TimetabledPassingTime>
                        <TimetabledPassingTime version="any">
                           <ArrivalTime>16:38:00</ArrivalTime>
                           <ArrivalDayOffset>0</ArrivalDayOffset>
                           <DepartureTime>16:38:00</DepartureTime>
                           <DepartureDayOffset>0</DepartureDayOffset>
                        </TimetabledPassingTime>
                        <TimetabledPassingTime version="any">
                           <ArrivalTime>16:44:00</ArrivalTime>
                           <ArrivalDayOffset>0</ArrivalDayOffset>
                           <DepartureTime>16:44:00</DepartureTime>
                           <DepartureDayOffset>0</DepartureDayOffset>
                        </TimetabledPassingTime>
                        <TimetabledPassingTime version="any">
                           <ArrivalTime>16:45:00</ArrivalTime>
                           <ArrivalDayOffset>0</ArrivalDayOffset>
                           <DepartureTime>16:45:00</DepartureTime>
                           <DepartureDayOffset>0</DepartureDayOffset>
                        </TimetabledPassingTime>
                        <TimetabledPassingTime version="any">
                           <ArrivalTime>16:46:00</ArrivalTime>
                           <ArrivalDayOffset>0</ArrivalDayOffset>
                           <DepartureTime>16:46:00</DepartureTime>
                           <DepartureDayOffset>0</DepartureDayOffset>
                        </TimetabledPassingTime>
                        <TimetabledPassingTime version="any">
                           <ArrivalTime>16:47:00</ArrivalTime>
                           <ArrivalDayOffset>0</ArrivalDayOffset>
                           <DepartureTime>16:47:00</DepartureTime>
                           <DepartureDayOffset>0</DepartureDayOffset>
                        </TimetabledPassingTime>
                        <TimetabledPassingTime version="any">
                           <ArrivalTime>16:47:00</ArrivalTime>
                           <ArrivalDayOffset>0</ArrivalDayOffset>
                           <DepartureTime>16:47:00</DepartureTime>
                           <DepartureDayOffset>0</DepartureDayOffset>
                        </TimetabledPassingTime>
                        <TimetabledPassingTime version="any">
                           <ArrivalTime>16:48:00</ArrivalTime>
                           <ArrivalDayOffset>0</ArrivalDayOffset>
                           <DepartureTime>16:48:00</DepartureTime>
                           <DepartureDayOffset>0</DepartureDayOffset>
                        </TimetabledPassingTime>
                        <TimetabledPassingTime version="any">
                           <ArrivalTime>16:50:00</ArrivalTime>
                           <ArrivalDayOffset>0</ArrivalDayOffset>
                           <DepartureTime>16:50:00</DepartureTime>
                           <DepartureDayOffset>0</DepartureDayOffset>
                        </TimetabledPassingTime>
                        <TimetabledPassingTime version="any">
                           <ArrivalTime>16:51:00</ArrivalTime>
                           <ArrivalDayOffset>0</ArrivalDayOffset>
                           <DepartureTime>16:51:00</DepartureTime>
                           <DepartureDayOffset>0</DepartureDayOffset>
                        </TimetabledPassingTime>
                        <TimetabledPassingTime version="any">
                           <ArrivalTime>16:52:00</ArrivalTime>
                           <ArrivalDayOffset>0</ArrivalDayOffset>
                           <DepartureTime>16:52:00</DepartureTime>
                           <DepartureDayOffset>0</DepartureDayOffset>
                        </TimetabledPassingTime>
                        <TimetabledPassingTime version="any">
                           <ArrivalTime>16:55:00</ArrivalTime>
                           <ArrivalDayOffset>0</ArrivalDayOffset>
                           <DepartureTime>16:55:00</DepartureTime>
                           <DepartureDayOffset>0</DepartureDayOffset>
                        </TimetabledPassingTime>
                        <TimetabledPassingTime version="any">
                           <ArrivalTime>16:58:00</ArrivalTime>
                           <ArrivalDayOffset>0</ArrivalDayOffset>
                           <DepartureTime>16:58:00</DepartureTime>
                           <DepartureDayOffset>0</DepartureDayOffset>
                        </TimetabledPassingTime>
                        <TimetabledPassingTime version="any">
                           <ArrivalTime>16:58:00</ArrivalTime>
                           <ArrivalDayOffset>0</ArrivalDayOffset>
                           <DepartureTime>16:58:00</DepartureTime>
                           <DepartureDayOffset>0</DepartureDayOffset>
                        </TimetabledPassingTime>
                        <TimetabledPassingTime version="any">
                           <ArrivalTime>17:08:00</ArrivalTime>
                           <ArrivalDayOffset>0</ArrivalDayOffset>
                           <DepartureTime>17:08:00</DepartureTime>
                           <DepartureDayOffset>0</DepartureDayOffset>
                        </TimetabledPassingTime>
                     </passingTimes>
                  </ServiceJourney>
                  <ServiceJourney id="CITELINE:ServiceJourney:4505042-25-26-SCO_NS36-L-Ma-J-V-01-1101100:LOC" version="1">
                     <TransportMode>bus</TransportMode>
                     <dayTypes>
                        <DayTypeRef ref="CITELINE:Timetable:DayType:227:LOC" versionRef="1"/>
                     </dayTypes>
                     <JourneyPatternRef ref="CITELINE:ServiceJourneyPattern:128:LOC" versionRef="1"/>
                     <passingTimes>
                        <TimetabledPassingTime version="any">
                           <ArrivalTime>15:35:00</ArrivalTime>
                           <ArrivalDayOffset>0</ArrivalDayOffset>
                           <DepartureTime>15:35:00</DepartureTime>
                           <DepartureDayOffset>0</DepartureDayOffset>
                        </TimetabledPassingTime>
                        <TimetabledPassingTime version="any">
                           <ArrivalTime>15:36:00</ArrivalTime>
                           <ArrivalDayOffset>0</ArrivalDayOffset>
                           <DepartureTime>15:36:00</DepartureTime>
                           <DepartureDayOffset>0</DepartureDayOffset>
                        </TimetabledPassingTime>
                        <TimetabledPassingTime version="any">
                           <ArrivalTime>15:42:00</ArrivalTime>
                           <ArrivalDayOffset>0</ArrivalDayOffset>
                           <DepartureTime>15:42:00</DepartureTime>
                           <DepartureDayOffset>0</DepartureDayOffset>
                        </TimetabledPassingTime>
                        <TimetabledPassingTime version="any">
                           <ArrivalTime>15:43:00</ArrivalTime>
                           <ArrivalDayOffset>0</ArrivalDayOffset>
                           <DepartureTime>15:43:00</DepartureTime>
                           <DepartureDayOffset>0</DepartureDayOffset>
                        </TimetabledPassingTime>
                        <TimetabledPassingTime version="any">
                           <ArrivalTime>15:44:00</ArrivalTime>
                           <ArrivalDayOffset>0</ArrivalDayOffset>
                           <DepartureTime>15:44:00</DepartureTime>
                           <DepartureDayOffset>0</DepartureDayOffset>
                        </TimetabledPassingTime>
                        <TimetabledPassingTime version="any">
                           <ArrivalTime>15:45:00</ArrivalTime>
                           <ArrivalDayOffset>0</ArrivalDayOffset>
                           <DepartureTime>15:45:00</DepartureTime>
                           <DepartureDayOffset>0</DepartureDayOffset>
                        </TimetabledPassingTime>
                        <TimetabledPassingTime version="any">
                           <ArrivalTime>15:45:00</ArrivalTime>
                           <ArrivalDayOffset>0</ArrivalDayOffset>
                           <DepartureTime>15:45:00</DepartureTime>
                           <DepartureDayOffset>0</DepartureDayOffset>
                        </TimetabledPassingTime>
                        <TimetabledPassingTime version="any">
                           <ArrivalTime>15:46:00</ArrivalTime>
                           <ArrivalDayOffset>0</ArrivalDayOffset>
                           <DepartureTime>15:46:00</DepartureTime>
                           <DepartureDayOffset>0</DepartureDayOffset>
                        </TimetabledPassingTime>
                        <TimetabledPassingTime version="any">
                           <ArrivalTime>15:48:00</ArrivalTime>
                           <ArrivalDayOffset>0</ArrivalDayOffset>
                           <DepartureTime>15:48:00</DepartureTime>
                           <DepartureDayOffset>0</DepartureDayOffset>
                        </TimetabledPassingTime>
                        <TimetabledPassingTime version="any">
                           <ArrivalTime>15:49:00</ArrivalTime>
                           <ArrivalDayOffset>0</ArrivalDayOffset>
                           <DepartureTime>15:49:00</DepartureTime>
                           <DepartureDayOffset>0</DepartureDayOffset>
                        </TimetabledPassingTime>
                        <TimetabledPassingTime version="any">
                           <ArrivalTime>15:50:00</ArrivalTime>
                           <ArrivalDayOffset>0</ArrivalDayOffset>
                           <DepartureTime>15:50:00</DepartureTime>
                           <DepartureDayOffset>0</DepartureDayOffset>
                        </TimetabledPassingTime>
                        <TimetabledPassingTime version="any">
                           <ArrivalTime>15:53:00</ArrivalTime>
                           <ArrivalDayOffset>0</ArrivalDayOffset>
                           <DepartureTime>15:53:00</DepartureTime>
                           <DepartureDayOffset>0</DepartureDayOffset>
                        </TimetabledPassingTime>
                        <TimetabledPassingTime version="any">
                           <ArrivalTime>15:56:00</ArrivalTime>
                           <ArrivalDayOffset>0</ArrivalDayOffset>
                           <DepartureTime>15:56:00</DepartureTime>
                           <DepartureDayOffset>0</DepartureDayOffset>
                        </TimetabledPassingTime>
                        <TimetabledPassingTime version="any">
                           <ArrivalTime>15:56:00</ArrivalTime>
                           <ArrivalDayOffset>0</ArrivalDayOffset>
                           <DepartureTime>15:56:00</DepartureTime>
                           <DepartureDayOffset>0</DepartureDayOffset>
                        </TimetabledPassingTime>
                        <TimetabledPassingTime version="any">
                           <ArrivalTime>16:06:00</ArrivalTime>
                           <ArrivalDayOffset>0</ArrivalDayOffset>
                           <DepartureTime>16:06:00</DepartureTime>
                           <DepartureDayOffset>0</DepartureDayOffset>
                        </TimetabledPassingTime>
                     </passingTimes>
                  </ServiceJourney>
                  <ServiceJourney id="CITELINE:ServiceJourney:4505040-25-26-SCO_NS37-L-Ma-J-V-01-1101100:LOC" version="1">
                     <TransportMode>bus</TransportMode>
                     <dayTypes>
                        <DayTypeRef ref="CITELINE:Timetable:DayType:627:LOC" versionRef="1"/>
                     </dayTypes>
                     <JourneyPatternRef ref="CITELINE:ServiceJourneyPattern:128:LOC" versionRef="1"/>
                     <passingTimes>
                        <TimetabledPassingTime version="any">
                           <ArrivalTime>16:37:00</ArrivalTime>
                           <ArrivalDayOffset>0</ArrivalDayOffset>
                           <DepartureTime>16:37:00</DepartureTime>
                           <DepartureDayOffset>0</DepartureDayOffset>
                        </TimetabledPassingTime>
                        <TimetabledPassingTime version="any">
                           <ArrivalTime>16:38:00</ArrivalTime>
                           <ArrivalDayOffset>0</ArrivalDayOffset>
                           <DepartureTime>16:38:00</DepartureTime>
                           <DepartureDayOffset>0</DepartureDayOffset>
                        </TimetabledPassingTime>
                        <TimetabledPassingTime version="any">
                           <ArrivalTime>16:44:00</ArrivalTime>
                           <ArrivalDayOffset>0</ArrivalDayOffset>
                           <DepartureTime>16:44:00</DepartureTime>
                           <DepartureDayOffset>0</DepartureDayOffset>
                        </TimetabledPassingTime>
                        <TimetabledPassingTime version="any">
                           <ArrivalTime>16:45:00</ArrivalTime>
                           <ArrivalDayOffset>0</ArrivalDayOffset>
                           <DepartureTime>16:45:00</DepartureTime>
                           <DepartureDayOffset>0</DepartureDayOffset>
                        </TimetabledPassingTime>
                        <TimetabledPassingTime version="any">
                           <ArrivalTime>16:46:00</ArrivalTime>
                           <ArrivalDayOffset>0</ArrivalDayOffset>
                           <DepartureTime>16:46:00</DepartureTime>
                           <DepartureDayOffset>0</DepartureDayOffset>
                        </TimetabledPassingTime>
                        <TimetabledPassingTime version="any">
                           <ArrivalTime>16:47:00</ArrivalTime>
                           <ArrivalDayOffset>0</ArrivalDayOffset>
                           <DepartureTime>16:47:00</DepartureTime>
                           <DepartureDayOffset>0</DepartureDayOffset>
                        </TimetabledPassingTime>
                        <TimetabledPassingTime version="any">
                           <ArrivalTime>16:47:00</ArrivalTime>
                           <ArrivalDayOffset>0</ArrivalDayOffset>
                           <DepartureTime>16:47:00</DepartureTime>
                           <DepartureDayOffset>0</DepartureDayOffset>
                        </TimetabledPassingTime>
                        <TimetabledPassingTime version="any">
                           <ArrivalTime>16:48:00</ArrivalTime>
                           <ArrivalDayOffset>0</ArrivalDayOffset>
                           <DepartureTime>16:48:00</DepartureTime>
                           <DepartureDayOffset>0</DepartureDayOffset>
                        </TimetabledPassingTime>
                        <TimetabledPassingTime version="any">
                           <ArrivalTime>16:50:00</ArrivalTime>
                           <ArrivalDayOffset>0</ArrivalDayOffset>
                           <DepartureTime>16:50:00</DepartureTime>
                           <DepartureDayOffset>0</DepartureDayOffset>
                        </TimetabledPassingTime>
                        <TimetabledPassingTime version="any">
                           <ArrivalTime>16:51:00</ArrivalTime>
                           <ArrivalDayOffset>0</ArrivalDayOffset>
                           <DepartureTime>16:51:00</DepartureTime>
                           <DepartureDayOffset>0</DepartureDayOffset>
                        </TimetabledPassingTime>
                        <TimetabledPassingTime version="any">
                           <ArrivalTime>16:52:00</ArrivalTime>
                           <ArrivalDayOffset>0</ArrivalDayOffset>
                           <DepartureTime>16:52:00</DepartureTime>
                           <DepartureDayOffset>0</DepartureDayOffset>
                        </TimetabledPassingTime>
                        <TimetabledPassingTime version="any">
                           <ArrivalTime>16:55:00</ArrivalTime>
                           <ArrivalDayOffset>0</ArrivalDayOffset>
                           <DepartureTime>16:55:00</DepartureTime>
                           <DepartureDayOffset>0</DepartureDayOffset>
                        </TimetabledPassingTime>
                        <TimetabledPassingTime version="any">
                           <ArrivalTime>16:58:00</ArrivalTime>
                           <ArrivalDayOffset>0</ArrivalDayOffset>
                           <DepartureTime>16:58:00</DepartureTime>
                           <DepartureDayOffset>0</DepartureDayOffset>
                        </TimetabledPassingTime>
                        <TimetabledPassingTime version="any">
                           <ArrivalTime>16:58:00</ArrivalTime>
                           <ArrivalDayOffset>0</ArrivalDayOffset>
                           <DepartureTime>16:58:00</DepartureTime>
                           <DepartureDayOffset>0</DepartureDayOffset>
                        </TimetabledPassingTime>
                        <TimetabledPassingTime version="any">
                           <ArrivalTime>17:08:00</ArrivalTime>
                           <ArrivalDayOffset>0</ArrivalDayOffset>
                           <DepartureTime>17:08:00</DepartureTime>
                           <DepartureDayOffset>0</DepartureDayOffset>
                        </TimetabledPassingTime>
                     </passingTimes>
                  </ServiceJourney>
                  <ServiceJourney id="CITELINE:ServiceJourney:4505042-25-26-SCO_NS37-L-Ma-J-V-01-1101100:LOC" version="1">
                     <TransportMode>bus</TransportMode>
                     <dayTypes>
                        <DayTypeRef ref="CITELINE:Timetable:DayType:627:LOC" versionRef="1"/>
                     </dayTypes>
                     <JourneyPatternRef ref="CITELINE:ServiceJourneyPattern:128:LOC" versionRef="1"/>
                     <passingTimes>
                        <TimetabledPassingTime version="any">
                           <ArrivalTime>15:35:00</ArrivalTime>
                           <ArrivalDayOffset>0</ArrivalDayOffset>
                           <DepartureTime>15:35:00</DepartureTime>
                           <DepartureDayOffset>0</DepartureDayOffset>
                        </TimetabledPassingTime>
                        <TimetabledPassingTime version="any">
                           <ArrivalTime>15:36:00</ArrivalTime>
                           <ArrivalDayOffset>0</ArrivalDayOffset>
                           <DepartureTime>15:36:00</DepartureTime>
                           <DepartureDayOffset>0</DepartureDayOffset>
                        </TimetabledPassingTime>
                        <TimetabledPassingTime version="any">
                           <ArrivalTime>15:42:00</ArrivalTime>
                           <ArrivalDayOffset>0</ArrivalDayOffset>
                           <DepartureTime>15:42:00</DepartureTime>
                           <DepartureDayOffset>0</DepartureDayOffset>
                        </TimetabledPassingTime>
                        <TimetabledPassingTime version="any">
                           <ArrivalTime>15:43:00</ArrivalTime>
                           <ArrivalDayOffset>0</ArrivalDayOffset>
                           <DepartureTime>15:43:00</DepartureTime>
                           <DepartureDayOffset>0</DepartureDayOffset>
                        </TimetabledPassingTime>
                        <TimetabledPassingTime version="any">
                           <ArrivalTime>15:44:00</ArrivalTime>
                           <ArrivalDayOffset>0</ArrivalDayOffset>
                           <DepartureTime>15:44:00</DepartureTime>
                           <DepartureDayOffset>0</DepartureDayOffset>
                        </TimetabledPassingTime>
                        <TimetabledPassingTime version="any">
                           <ArrivalTime>15:45:00</ArrivalTime>
                           <ArrivalDayOffset>0</ArrivalDayOffset>
                           <DepartureTime>15:45:00</DepartureTime>
                           <DepartureDayOffset>0</DepartureDayOffset>
                        </TimetabledPassingTime>
                        <TimetabledPassingTime version="any">
                           <ArrivalTime>15:45:00</ArrivalTime>
                           <ArrivalDayOffset>0</ArrivalDayOffset>
                           <DepartureTime>15:45:00</DepartureTime>
                           <DepartureDayOffset>0</DepartureDayOffset>
                        </TimetabledPassingTime>
                        <TimetabledPassingTime version="any">
                           <ArrivalTime>15:46:00</ArrivalTime>
                           <ArrivalDayOffset>0</ArrivalDayOffset>
                           <DepartureTime>15:46:00</DepartureTime>
                           <DepartureDayOffset>0</DepartureDayOffset>
                        </TimetabledPassingTime>
                        <TimetabledPassingTime version="any">
                           <ArrivalTime>15:48:00</ArrivalTime>
                           <ArrivalDayOffset>0</ArrivalDayOffset>
                           <DepartureTime>15:48:00</DepartureTime>
                           <DepartureDayOffset>0</DepartureDayOffset>
                        </TimetabledPassingTime>
                        <TimetabledPassingTime version="any">
                           <ArrivalTime>15:49:00</ArrivalTime>
                           <ArrivalDayOffset>0</ArrivalDayOffset>
                           <DepartureTime>15:49:00</DepartureTime>
                           <DepartureDayOffset>0</DepartureDayOffset>
                        </TimetabledPassingTime>
                        <TimetabledPassingTime version="any">
                           <ArrivalTime>15:50:00</ArrivalTime>
                           <ArrivalDayOffset>0</ArrivalDayOffset>
                           <DepartureTime>15:50:00</DepartureTime>
                           <DepartureDayOffset>0</DepartureDayOffset>
                        </TimetabledPassingTime>
                        <TimetabledPassingTime version="any">
                           <ArrivalTime>15:53:00</ArrivalTime>
                           <ArrivalDayOffset>0</ArrivalDayOffset>
                           <DepartureTime>15:53:00</DepartureTime>
                           <DepartureDayOffset>0</DepartureDayOffset>
                        </TimetabledPassingTime>
                        <TimetabledPassingTime version="any">
                           <ArrivalTime>15:56:00</ArrivalTime>
                           <ArrivalDayOffset>0</ArrivalDayOffset>
                           <DepartureTime>15:56:00</DepartureTime>
                           <DepartureDayOffset>0</DepartureDayOffset>
                        </TimetabledPassingTime>
                        <TimetabledPassingTime version="any">
                           <ArrivalTime>15:56:00</ArrivalTime>
                           <ArrivalDayOffset>0</ArrivalDayOffset>
                           <DepartureTime>15:56:00</DepartureTime>
                           <DepartureDayOffset>0</DepartureDayOffset>
                        </TimetabledPassingTime>
                        <TimetabledPassingTime version="any">
                           <ArrivalTime>16:06:00</ArrivalTime>
                           <ArrivalDayOffset>0</ArrivalDayOffset>
                           <DepartureTime>16:06:00</DepartureTime>
                           <DepartureDayOffset>0</DepartureDayOffset>
                        </TimetabledPassingTime>
                     </passingTimes>
                  </ServiceJourney>
                  <ServiceJourney id="CITELINE:ServiceJourney:4505041-25-26-MER_NS37-Mercredi-01-0010000:LOC" version="1">
                     <TransportMode>bus</TransportMode>
                     <dayTypes>
                        <DayTypeRef ref="CITELINE:Timetable:DayType:84:LOC" versionRef="1"/>
                     </dayTypes>
                     <JourneyPatternRef ref="CITELINE:ServiceJourneyPattern:128:LOC" versionRef="1"/>
                     <passingTimes>
                        <TimetabledPassingTime version="any">
                           <ArrivalTime>12:02:00</ArrivalTime>
                           <ArrivalDayOffset>0</ArrivalDayOffset>
                           <DepartureTime>12:02:00</DepartureTime>
                           <DepartureDayOffset>0</DepartureDayOffset>
                        </TimetabledPassingTime>
                        <TimetabledPassingTime version="any">
                           <ArrivalTime>12:03:00</ArrivalTime>
                           <ArrivalDayOffset>0</ArrivalDayOffset>
                           <DepartureTime>12:03:00</DepartureTime>
                           <DepartureDayOffset>0</DepartureDayOffset>
                        </TimetabledPassingTime>
                        <TimetabledPassingTime version="any">
                           <ArrivalTime>12:09:00</ArrivalTime>
                           <ArrivalDayOffset>0</ArrivalDayOffset>
                           <DepartureTime>12:09:00</DepartureTime>
                           <DepartureDayOffset>0</DepartureDayOffset>
                        </TimetabledPassingTime>
                        <TimetabledPassingTime version="any">
                           <ArrivalTime>12:10:00</ArrivalTime>
                           <ArrivalDayOffset>0</ArrivalDayOffset>
                           <DepartureTime>12:10:00</DepartureTime>
                           <DepartureDayOffset>0</DepartureDayOffset>
                        </TimetabledPassingTime>
                        <TimetabledPassingTime version="any">
                           <ArrivalTime>12:11:00</ArrivalTime>
                           <ArrivalDayOffset>0</ArrivalDayOffset>
                           <DepartureTime>12:11:00</DepartureTime>
                           <DepartureDayOffset>0</DepartureDayOffset>
                        </TimetabledPassingTime>
                        <TimetabledPassingTime version="any">
                           <ArrivalTime>12:12:00</ArrivalTime>
                           <ArrivalDayOffset>0</ArrivalDayOffset>
                           <DepartureTime>12:12:00</DepartureTime>
                           <DepartureDayOffset>0</DepartureDayOffset>
                        </TimetabledPassingTime>
                        <TimetabledPassingTime version="any">
                           <ArrivalTime>12:12:00</ArrivalTime>
                           <ArrivalDayOffset>0</ArrivalDayOffset>
                           <DepartureTime>12:12:00</DepartureTime>
                           <DepartureDayOffset>0</DepartureDayOffset>
                        </TimetabledPassingTime>
                        <TimetabledPassingTime version="any">
                           <ArrivalTime>12:13:00</ArrivalTime>
                           <ArrivalDayOffset>0</ArrivalDayOffset>
                           <DepartureTime>12:13:00</DepartureTime>
                           <DepartureDayOffset>0</DepartureDayOffset>
                        </TimetabledPassingTime>
                        <TimetabledPassingTime version="any">
                           <ArrivalTime>12:15:00</ArrivalTime>
                           <ArrivalDayOffset>0</ArrivalDayOffset>
                           <DepartureTime>12:15:00</DepartureTime>
                           <DepartureDayOffset>0</DepartureDayOffset>
                        </TimetabledPassingTime>
                        <TimetabledPassingTime version="any">
                           <ArrivalTime>12:16:00</ArrivalTime>
                           <ArrivalDayOffset>0</ArrivalDayOffset>
                           <DepartureTime>12:16:00</DepartureTime>
                           <DepartureDayOffset>0</DepartureDayOffset>
                        </TimetabledPassingTime>
                        <TimetabledPassingTime version="any">
                           <ArrivalTime>12:17:00</ArrivalTime>
                           <ArrivalDayOffset>0</ArrivalDayOffset>
                           <DepartureTime>12:17:00</DepartureTime>
                           <DepartureDayOffset>0</DepartureDayOffset>
                        </TimetabledPassingTime>
                        <TimetabledPassingTime version="any">
                           <ArrivalTime>12:20:00</ArrivalTime>
                           <ArrivalDayOffset>0</ArrivalDayOffset>
                           <DepartureTime>12:20:00</DepartureTime>
                           <DepartureDayOffset>0</DepartureDayOffset>
                        </TimetabledPassingTime>
                        <TimetabledPassingTime version="any">
                           <ArrivalTime>12:23:00</ArrivalTime>
                           <ArrivalDayOffset>0</ArrivalDayOffset>
                           <DepartureTime>12:23:00</DepartureTime>
                           <DepartureDayOffset>0</DepartureDayOffset>
                        </TimetabledPassingTime>
                        <TimetabledPassingTime version="any">
                           <ArrivalTime>12:23:00</ArrivalTime>
                           <ArrivalDayOffset>0</ArrivalDayOffset>
                           <DepartureTime>12:23:00</DepartureTime>
                           <DepartureDayOffset>0</DepartureDayOffset>
                        </TimetabledPassingTime>
                        <TimetabledPassingTime version="any">
                           <ArrivalTime>12:33:00</ArrivalTime>
                           <ArrivalDayOffset>0</ArrivalDayOffset>
                           <DepartureTime>12:33:00</DepartureTime>
                           <DepartureDayOffset>0</DepartureDayOffset>
                        </TimetabledPassingTime>
                     </passingTimes>
                  </ServiceJourney>
               </members>
            </GeneralFrame>
         </frames>
      </CompositeFrame>
   </dataObjects>
</PublicationDelivery>
