<?xml version="1.0" encoding="UTF-8"?>
<PublicationDelivery xmlns:xsi="http://www.w3.org/2001/XMLSchema-instance"
                     xsi:schemaLocation="http://www.netex.org.uk/netex"
                     xmlns="http://www.netex.org.uk/netex"
                     xmlns:xlink="http://www.w3.org/1999/xlink"
                     xmlns:ifopt="http://www.ifopt.org.uk/ifopt"
                     xmlns:gml="http://www.opengis.net/gml/3.2"
                     xmlns:core="http://www.govtalk.gov.uk/core"
                     xmlns:siri="http://www.siri.org.uk/siri"
                     version="1.10:FR-NETEX-2.2">
   <PublicationTimestamp>2025-09-05T00:03:00+02:00</PublicationTimestamp>
   <ParticipantRef>CITELINE</ParticipantRef>
   <Description>Offre sur la période du 05/09/2025 au 30/08/2026</Description>
   <dataObjects>
      <CompositeFrame id="FR:CompositeFrame:NETEX_LIGNE-20250905T000300:LOC" version="1.0">
         <Name>FONTOY Collège -&gt; FAMECK Lycée</Name>
         <FrameDefaults>
            <DefaultLocale>
               <TimeZone>Europe/Paris</TimeZone>
               <DefaultLanguage>fr</DefaultLanguage>
            </DefaultLocale>
            <DefaultLocationSystem>WGS84</DefaultLocationSystem>
            <DefaultSystemOfUnits>SiMetres</DefaultSystemOfUnits>
         </FrameDefaults>
         <frames>
            <ResourceFrame id="FR:ResourceFrame:1" version="any">
               <typesOfValue>
                  <ValueSet id="FR:ValueSet:TypeOfFrame" nameOfClass="TypeOfFrame" version="any">
                     <Name>TypeOfFrame</Name>
                     <values>
                        <TypeOfFrame id="FR:TypeOfFrame:NETEX_RESEAU" version="any">
                           <Name>NETEX_RESEAU</Name>
                        </TypeOfFrame>
                        <TypeOfFrame id="FR:TypeOfFrame:NETEX_HORAIRE" version="any">
                           <Name>NETEX_HORAIRE</Name>
                        </TypeOfFrame>
                     </values>
                  </ValueSet>
               </typesOfValue>
            </ResourceFrame>
            <GeneralFrame id="FR:GeneralFrame:NETEX_RESEAU-20250905T000300:LOC" version="1.0" dataSourceRef="CITELINE">
               <TypeOfFrameRef ref="FR:TypeOfFrame:NETEX_RESEAU"/>
               <members>
                  <Route id="CITELINE:Route:48-R:LOC" version="1">
                     <Name>FONTOY Collège -&gt; FAMECK Lycée - Retour</Name>
                     <LineRef ref="CITELINE:Line:48:LOC" versionRef="1"/>
                     <DirectionType>inbound</DirectionType>
                     <DirectionRef ref="CITELINE:Direction:48-R:LOC" versionRef="1"/>
                  </Route>
                  <Direction id="CITELINE:Direction:48-R:LOC" version="1">
                     <Name>FONTOY Collège -&gt; FAMECK Lycée - Retour</Name>
                     <DirectionType>inbound</DirectionType>
                  </Direction>
                  <ServiceJourneyPattern id="CITELINE:ServiceJourneyPattern:156:LOC" version="1">
                     <Name>LYCÉE ST EXUPÉRY</Name>
                     <PrivateCode>14980772</PrivateCode>
                     <RouteRef ref="CITELINE:Route:48-R:LOC" versionRef="1"/>
                     <DestinationDisplayRef ref="CITELINE:DestinationDisplay:156:LOC" versionRef="1"/>
                     <pointsInSequence>
                        <StopPointInJourneyPattern id="CITELINE:StopPointInJourneyPattern:156x1:LOC" version="any" order="1">
                           <ScheduledStopPointRef ref="CITELINE:ScheduledStopPoint:2253:LOC" versionRef="1"/>
                           <ForAlighting>false</ForAlighting>
                           <ForBoarding>true</ForBoarding>
                           <RequestStop>false</RequestStop>
                        </StopPointInJourneyPattern>
                        <StopPointInJourneyPattern id="CITELINE:StopPointInJourneyPattern:156x2:LOC" version="any" order="2">
                           <ScheduledStopPointRef ref="CITELINE:ScheduledStopPoint:2254:LOC" versionRef="1"/>
                           <ForAlighting>true</ForAlighting>
                           <ForBoarding>true</ForBoarding>
                           <RequestStop>false</RequestStop>
                        </StopPointInJourneyPattern>
                        <StopPointInJourneyPattern id="CITELINE:StopPointInJourneyPattern:156x3:LOC" version="any" order="3">
                           <ScheduledStopPointRef ref="CITELINE:ScheduledStopPoint:2255:LOC" versionRef="1"/>
                           <ForAlighting>true</ForAlighting>
                           <ForBoarding>true</ForBoarding>
                           <RequestStop>false</RequestStop>
                        </StopPointInJourneyPattern>
                        <StopPointInJourneyPattern id="CITELINE:StopPointInJourneyPattern:156x4:LOC" version="any" order="4">
                           <ScheduledStopPointRef ref="CITELINE:ScheduledStopPoint:2256:LOC" versionRef="1"/>
                           <ForAlighting>true</ForAlighting>
                           <ForBoarding>true</ForBoarding>
                           <RequestStop>false</RequestStop>
                        </StopPointInJourneyPattern>
                        <StopPointInJourneyPattern id="CITELINE:StopPointInJourneyPattern:156x5:LOC" version="any" order="5">
                           <ScheduledStopPointRef ref="CITELINE:ScheduledStopPoint:2257:LOC" versionRef="1"/>
                           <ForAlighting>true</ForAlighting>
                           <ForBoarding>true</ForBoarding>
                           <RequestStop>false</RequestStop>
                        </StopPointInJourneyPattern>
                        <StopPointInJourneyPattern id="CITELINE:StopPointInJourneyPattern:156x6:LOC" version="any" order="6">
                           <ScheduledStopPointRef ref="CITELINE:ScheduledStopPoint:2258:LOC" versionRef="1"/>
                           <ForAlighting>true</ForAlighting>
                           <ForBoarding>true</ForBoarding>
                           <RequestStop>false</RequestStop>
                        </StopPointInJourneyPattern>
                        <StopPointInJourneyPattern id="CITELINE:StopPointInJourneyPattern:156x7:LOC" version="any" order="7">
                           <ScheduledStopPointRef ref="CITELINE:ScheduledStopPoint:2259:LOC" versionRef="1"/>
                           <ForAlighting>true</ForAlighting>
                           <ForBoarding>true</ForBoarding>
                           <RequestStop>false</RequestStop>
                        </StopPointInJourneyPattern>
                        <StopPointInJourneyPattern id="CITELINE:StopPointInJourneyPattern:156x8:LOC" version="any" order="8">
                           <ScheduledStopPointRef ref="CITELINE:ScheduledStopPoint:2260:LOC" versionRef="1"/>
                           <ForAlighting>true</ForAlighting>
                           <ForBoarding>true</ForBoarding>
                           <RequestStop>false</RequestStop>
                        </StopPointInJourneyPattern>
                        <StopPointInJourneyPattern id="CITELINE:StopPointInJourneyPattern:156x9:LOC" version="any" order="9">
                           <ScheduledStopPointRef ref="CITELINE:ScheduledStopPoint:2261:LOC" versionRef="1"/>
                           <ForAlighting>true</ForAlighting>
                           <ForBoarding>true</ForBoarding>
                           <RequestStop>false</RequestStop>
                        </StopPointInJourneyPattern>
                        <StopPointInJourneyPattern id="CITELINE:StopPointInJourneyPattern:156x10:LOC" version="any" order="10">
                           <ScheduledStopPointRef ref="CITELINE:ScheduledStopPoint:2262:LOC" versionRef="1"/>
                           <ForAlighting>true</ForAlighting>
                           <ForBoarding>true</ForBoarding>
                           <RequestStop>false</RequestStop>
                        </StopPointInJourneyPattern>
                        <StopPointInJourneyPattern id="CITELINE:StopPointInJourneyPattern:156x11:LOC" version="any" order="11">
                           <ScheduledStopPointRef ref="CITELINE:ScheduledStopPoint:2263:LOC" versionRef="1"/>
                           <ForAlighting>true</ForAlighting>
                           <ForBoarding>true</ForBoarding>
                           <RequestStop>false</RequestStop>
                        </StopPointInJourneyPattern>
                        <StopPointInJourneyPattern id="CITELINE:StopPointInJourneyPattern:156x12:LOC" version="any" order="12">
                           <ScheduledStopPointRef ref="CITELINE:ScheduledStopPoint:2264:LOC" versionRef="1"/>
                           <ForAlighting>true</ForAlighting>
                           <ForBoarding>true</ForBoarding>
                           <RequestStop>false</RequestStop>
                        </StopPointInJourneyPattern>
                        <StopPointInJourneyPattern id="CITELINE:StopPointInJourneyPattern:156x13:LOC" version="any" order="13">
                           <ScheduledStopPointRef ref="CITELINE:ScheduledStopPoint:2265:LOC" versionRef="1"/>
                           <ForAlighting>true</ForAlighting>
                           <ForBoarding>true</ForBoarding>
                           <RequestStop>false</RequestStop>
                        </StopPointInJourneyPattern>
                        <StopPointInJourneyPattern id="CITELINE:StopPointInJourneyPattern:156x14:LOC" version="any" order="14">
                           <ScheduledStopPointRef ref="CITELINE:ScheduledStopPoint:2266:LOC" versionRef="1"/>
                           <ForAlighting>true</ForAlighting>
                           <ForBoarding>true</ForBoarding>
                           <RequestStop>false</RequestStop>
                        </StopPointInJourneyPattern>
                        <StopPointInJourneyPattern id="CITELINE:StopPointInJourneyPattern:156x15:LOC" version="any" order="15">
                           <ScheduledStopPointRef ref="CITELINE:ScheduledStopPoint:2267:LOC" versionRef="1"/>
                           <ForAlighting>true</ForAlighting>
                           <ForBoarding>true</ForBoarding>
                           <RequestStop>false</RequestStop>
                        </StopPointInJourneyPattern>
                        <StopPointInJourneyPattern id="CITELINE:StopPointInJourneyPattern:156x16:LOC" version="any" order="16">
                           <ScheduledStopPointRef ref="CITELINE:ScheduledStopPoint:2268:LOC" versionRef="1"/>
                           <ForAlighting>true</ForAlighting>
                           <ForBoarding>true</ForBoarding>
                           <RequestStop>false</RequestStop>
                        </StopPointInJourneyPattern>
                        <StopPointInJourneyPattern id="CITELINE:StopPointInJourneyPattern:156x17:LOC" version="any" order="17">
                           <ScheduledStopPointRef ref="CITELINE:ScheduledStopPoint:2269:LOC" versionRef="1"/>
                           <ForAlighting>true</ForAlighting>
                           <ForBoarding>true</ForBoarding>
                           <RequestStop>false</RequestStop>
                        </StopPointInJourneyPattern>
                        <StopPointInJourneyPattern id="CITELINE:StopPointInJourneyPattern:156x18:LOC" version="any" order="18">
                           <ScheduledStopPointRef ref="CITELINE:ScheduledStopPoint:2270:LOC" versionRef="1"/>
                           <ForAlighting>true</ForAlighting>
                           <ForBoarding>true</ForBoarding>
                           <RequestStop>false</RequestStop>
                        </StopPointInJourneyPattern>
                        <StopPointInJourneyPattern id="CITELINE:StopPointInJourneyPattern:156x19:LOC" version="any" order="19">
                           <ScheduledStopPointRef ref="CITELINE:ScheduledStopPoint:2271:LOC" versionRef="1"/>
                           <ForAlighting>true</ForAlighting>
                           <ForBoarding>true</ForBoarding>
                           <RequestStop>false</RequestStop>
                        </StopPointInJourneyPattern>
                        <StopPointInJourneyPattern id="CITELINE:StopPointInJourneyPattern:156x20:LOC" version="any" order="20">
                           <ScheduledStopPointRef ref="CITELINE:ScheduledStopPoint:2272:LOC" versionRef="1"/>
                           <ForAlighting>true</ForAlighting>
                           <ForBoarding>true</ForBoarding>
                           <RequestStop>false</RequestStop>
                        </StopPointInJourneyPattern>
                        <StopPointInJourneyPattern id="CITELINE:StopPointInJourneyPattern:156x21:LOC" version="any" order="21">
                           <ScheduledStopPointRef ref="CITELINE:ScheduledStopPoint:2273:LOC" versionRef="1"/>
                           <ForAlighting>true</ForAlighting>
                           <ForBoarding>true</ForBoarding>
                           <RequestStop>false</RequestStop>
                        </StopPointInJourneyPattern>
                        <StopPointInJourneyPattern id="CITELINE:StopPointInJourneyPattern:156x22:LOC" version="any" order="22">
                           <ScheduledStopPointRef ref="CITELINE:ScheduledStopPoint:2274:LOC" versionRef="1"/>
                           <ForAlighting>true</ForAlighting>
                           <ForBoarding>true</ForBoarding>
                           <RequestStop>false</RequestStop>
                        </StopPointInJourneyPattern>
                        <StopPointInJourneyPattern id="CITELINE:StopPointInJourneyPattern:156x23:LOC" version="any" order="23">
                           <ScheduledStopPointRef ref="CITELINE:ScheduledStopPoint:2275:LOC" versionRef="1"/>
                           <ForAlighting>true</ForAlighting>
                           <ForBoarding>true</ForBoarding>
                           <RequestStop>false</RequestStop>
                        </StopPointInJourneyPattern>
                        <StopPointInJourneyPattern id="CITELINE:StopPointInJourneyPattern:156x24:LOC" version="any" order="24">
                           <ScheduledStopPointRef ref="CITELINE:ScheduledStopPoint:2276:LOC" versionRef="1"/>
                           <ForAlighting>true</ForAlighting>
                           <ForBoarding>true</ForBoarding>
                           <RequestStop>false</RequestStop>
                        </StopPointInJourneyPattern>
                        <StopPointInJourneyPattern id="CITELINE:StopPointInJourneyPattern:156x25:LOC" version="any" order="25">
                           <ScheduledStopPointRef ref="CITELINE:ScheduledStopPoint:2277:LOC" versionRef="1"/>
                           <ForAlighting>true</ForAlighting>
                           <ForBoarding>true</ForBoarding>
                           <RequestStop>false</RequestStop>
                        </StopPointInJourneyPattern>
                        <StopPointInJourneyPattern id="CITELINE:StopPointInJourneyPattern:156x26:LOC" version="any" order="26">
                           <ScheduledStopPointRef ref="CITELINE:ScheduledStopPoint:2278:LOC" versionRef="1"/>
                           <ForAlighting>true</ForAlighting>
                           <ForBoarding>true</ForBoarding>
                           <RequestStop>false</RequestStop>
                        </StopPointInJourneyPattern>
                        <StopPointInJourneyPattern id="CITELINE:StopPointInJourneyPattern:156x27:LOC" version="any" order="27">
                           <ScheduledStopPointRef ref="CITELINE:ScheduledStopPoint:2279:LOC" versionRef="1"/>
                           <ForAlighting>true</ForAlighting>
                           <ForBoarding>true</ForBoarding>
                           <RequestStop>false</RequestStop>
                        </StopPointInJourneyPattern>
                        <StopPointInJourneyPattern id="CITELINE:StopPointInJourneyPattern:156x28:LOC" version="any" order="28">
                           <ScheduledStopPointRef ref="CITELINE:ScheduledStopPoint:2280:LOC" versionRef="1"/>
                           <ForAlighting>true</ForAlighting>
                           <ForBoarding>true</ForBoarding>
                           <RequestStop>false</RequestStop>
                        </StopPointInJourneyPattern>
                        <StopPointInJourneyPattern id="CITELINE:StopPointInJourneyPattern:156x29:LOC" version="any" order="29">
                           <ScheduledStopPointRef ref="CITELINE:ScheduledStopPoint:2281:LOC" versionRef="1"/>
                           <ForAlighting>true</ForAlighting>
                           <ForBoarding>true</ForBoarding>
                           <RequestStop>false</RequestStop>
                        </StopPointInJourneyPattern>
                        <StopPointInJourneyPattern id="CITELINE:StopPointInJourneyPattern:156x30:LOC" version="any" order="30">
                           <ScheduledStopPointRef ref="CITELINE:ScheduledStopPoint:2282:LOC" versionRef="1"/>
                           <ForAlighting>true</ForAlighting>
                           <ForBoarding>true</ForBoarding>
                           <RequestStop>false</RequestStop>
                        </StopPointInJourneyPattern>
                        <StopPointInJourneyPattern id="CITELINE:StopPointInJourneyPattern:156x31:LOC" version="any" order="31">
                           <ScheduledStopPointRef ref="CITELINE:ScheduledStopPoint:2283:LOC" versionRef="1"/>
                           <ForAlighting>true</ForAlighting>
                           <ForBoarding>true</ForBoarding>
                           <RequestStop>false</RequestStop>
                        </StopPointInJourneyPattern>
                        <StopPointInJourneyPattern id="CITELINE:StopPointInJourneyPattern:156x32:LOC" version="any" order="32">
                           <ScheduledStopPointRef ref="CITELINE:ScheduledStopPoint:2284:LOC" versionRef="1"/>
                           <ForAlighting>true</ForAlighting>
                           <ForBoarding>true</ForBoarding>
                           <RequestStop>false</RequestStop>
                        </StopPointInJourneyPattern>
                        <StopPointInJourneyPattern id="CITELINE:StopPointInJourneyPattern:156x33:LOC" version="any" order="33">
                           <ScheduledStopPointRef ref="CITELINE:ScheduledStopPoint:2285:LOC" versionRef="1"/>
                           <ForAlighting>true</ForAlighting>
                           <ForBoarding>false</ForBoarding>
                           <RequestStop>false</RequestStop>
                        </StopPointInJourneyPattern>
                     </pointsInSequence>
                     <ServiceJourneyPatternType>passenger</ServiceJourneyPatternType>
                  </ServiceJourneyPattern>
                  <DestinationDisplay id="CITELINE:DestinationDisplay:156:LOC" version="1">
                     <FrontText>LYCÉE ST EXUPÉRY</FrontText>
                  </DestinationDisplay>
                  <ScheduledStopPoint id="CITELINE:ScheduledStopPoint:2253:LOC" version="1">
                     <Name>COLLÈGE MARIE CURIE</Name>
                     <Location id="CITELINE:Location:1b0e32c9094849089576874fb67b618d:LOC">
                        <Longitude>5.9862791</Longitude>
                        <Latitude>49.3562623</Latitude>
                        <gml:pos srsName="EPSG:27572">865292.651815496 2490461.36912758</gml:pos>
                     </Location>
                  </ScheduledStopPoint>
                  <ScheduledStopPoint id="CITELINE:ScheduledStopPoint:2254:LOC" version="1">
                     <Name>GARE - FONTOY</Name>
                     <Location id="CITELINE:Location:59330ddbbad84f99822a93c6966f25a7:LOC">
                        <Longitude>5.9898701</Longitude>
                        <Latitude>49.3558933</Latitude>
                        <gml:pos srsName="EPSG:27572">865555.392120786 2490432.46202556</gml:pos>
                     </Location>
                  </ScheduledStopPoint>
                  <ScheduledStopPoint id="CITELINE:ScheduledStopPoint:2255:LOC" version="1">
                     <Name>EGLISE DE FONTOY</Name>
                     <Location id="CITELINE:Location:07e37b8fd40540fc812e949238fb814c:LOC">
                        <Longitude>5.9952451</Longitude>
                        <Latitude>49.3560763</Latitude>
                        <gml:pos srsName="EPSG:27572">865944.859066774 2490470.98053834</gml:pos>
                     </Location>
                  </ScheduledStopPoint>
                  <ScheduledStopPoint id="CITELINE:ScheduledStopPoint:2256:LOC" version="1">
                     <Name>PLACE DES FÊTES - FONTOY</Name>
                     <Location id="CITELINE:Location:204b1cc7707e4fa68debae5a9fe05f68:LOC">
                        <Longitude>5.9985521</Longitude>
                        <Latitude>49.3566283</Latitude>
                        <gml:pos srsName="EPSG:27572">866182.201203499 2490543.55256292</gml:pos>
                     </Location>
                  </ScheduledStopPoint>
                  <ScheduledStopPoint id="CITELINE:ScheduledStopPoint:2257:LOC" version="1">
                     <Name>RUE DU MOULIN</Name>
                     <Location id="CITELINE:Location:cf0023ed7be24feb8c8b97f329e7cec9:LOC">
                        <Longitude>5.9995811</Longitude>
                        <Latitude>49.3535973</Latitude>
                        <gml:pos srsName="EPSG:27572">866272.657087961 2490210.00512904</gml:pos>
                     </Location>
                  </ScheduledStopPoint>
                  <ScheduledStopPoint id="CITELINE:ScheduledStopPoint:2258:LOC" version="1">
                     <Name>BRASSERIE - FONTOY</Name>
                     <Location id="CITELINE:Location:7ee5c2294381427ab5e8c466df658153:LOC">
                        <Longitude>6.0048051</Longitude>
                        <Latitude>49.3493623</Latitude>
                        <gml:pos srsName="EPSG:27572">866674.108040999 2489756.80407404</gml:pos>
                     </Location>
                  </ScheduledStopPoint>
                  <ScheduledStopPoint id="CITELINE:ScheduledStopPoint:2259:LOC" version="1">
                     <Name>MOULIN BRÛLÉ</Name>
                     <Location id="CITELINE:Location:50e7f42a7eab466789989c45012c81f7:LOC">
                        <Longitude>6.0053601</Longitude>
                        <Latitude>49.3427543</Latitude>
                        <gml:pos srsName="EPSG:27572">866748.741217159 2489023.91931614</gml:pos>
                     </Location>
                  </ScheduledStopPoint>
                  <ScheduledStopPoint id="CITELINE:ScheduledStopPoint:2260:LOC" version="1">
                     <Name>HAUT PONT</Name>
                     <Location id="CITELINE:Location:610386a17bd54138950633baf4d4db64:LOC">
                        <Longitude>6.0117831</Longitude>
                        <Latitude>49.3400103</Latitude>
                        <gml:pos srsName="EPSG:27572">867229.667256233 2488740.61959536</gml:pos>
                     </Location>
                  </ScheduledStopPoint>
                  <ScheduledStopPoint id="CITELINE:ScheduledStopPoint:2261:LOC" version="1">
                     <Name>CARL LUEG</Name>
                     <Location id="CITELINE:Location:488cd92741424ed5be0077fd1cd1cf3a:LOC">
                        <Longitude>6.0150251</Longitude>
                        <Latitude>49.3406273</Latitude>
                        <gml:pos srsName="EPSG:27572">867462.008249121 2488820.2504839</gml:pos>
                     </Location>
                  </ScheduledStopPoint>
                  <ScheduledStopPoint id="CITELINE:ScheduledStopPoint:2262:LOC" version="1">
                     <Name>BÂTIMENT Y</Name>
                     <Location id="CITELINE:Location:3f20852ea8794f10ac7c230f7a24b18f:LOC">
                        <Longitude>6.0196401</Longitude>
                        <Latitude>49.3417223</Latitude>
                        <gml:pos srsName="EPSG:27572">867791.606333867 2488957.71687886</gml:pos>
                     </Location>
                  </ScheduledStopPoint>
                  <ScheduledStopPoint id="CITELINE:ScheduledStopPoint:2263:LOC" version="1">
                     <Name>STADE STE GENEVIEVE</Name>
                     <Location id="CITELINE:Location:e02b6959a54d4267b5f60a11bb914a8b:LOC">
                        <Longitude>6.0239471</Longitude>
                        <Latitude>49.3427463</Latitude>
                        <gml:pos srsName="EPSG:27572">868099.182818429 2489086.2573686</gml:pos>
                     </Location>
                  </ScheduledStopPoint>
                  <ScheduledStopPoint id="CITELINE:ScheduledStopPoint:2264:LOC" version="1">
                     <Name>MINE D&apos;HAVANGE</Name>
                     <Location id="CITELINE:Location:69a1ac5f866a4967bdf418bef6ad7136:LOC">
                        <Longitude>6.0287571</Longitude>
                        <Latitude>49.3434923</Latitude>
                        <gml:pos srsName="EPSG:27572">868444.742278434 2489185.62067146</gml:pos>
                     </Location>
                  </ScheduledStopPoint>
                  <ScheduledStopPoint id="CITELINE:ScheduledStopPoint:2265:LOC" version="1">
                     <Name>VIADUC</Name>
                     <Location id="CITELINE:Location:05df7a1feb604e078f33fe05bdd4918f:LOC">
                        <Longitude>6.0365181</Longitude>
                        <Latitude>49.3420643</Latitude>
                        <gml:pos srsName="EPSG:27572">869016.066057912 2489053.36892116</gml:pos>
                     </Location>
                  </ScheduledStopPoint>
                  <ScheduledStopPoint id="CITELINE:ScheduledStopPoint:2266:LOC" version="1">
                     <Name>PLACE DES FÊTES - KNUTANGE</Name>
                     <Location id="CITELINE:Location:381fb51a65884582aa233006bc0db382:LOC">
                        <Longitude>6.0391251</Longitude>
                        <Latitude>49.3408183</Latitude>
                        <gml:pos srsName="EPSG:27572">869212.002191965 2488923.74926868</gml:pos>
                     </Location>
                  </ScheduledStopPoint>
                  <ScheduledStopPoint id="CITELINE:ScheduledStopPoint:2267:LOC" version="1">
                     <Name>EGLISE ST CHARLES</Name>
                     <Location id="CITELINE:Location:5da8b9707f20434784706f3aa33950a1:LOC">
                        <Longitude>6.0423091</Longitude>
                        <Latitude>49.3391943</Latitude>
                        <gml:pos srsName="EPSG:27572">869451.852583451 2488754.08400783</gml:pos>
                     </Location>
                  </ScheduledStopPoint>
                  <ScheduledStopPoint id="CITELINE:ScheduledStopPoint:2268:LOC" version="1">
                     <Name>RTE DE NILVANGE</Name>
                     <Location id="CITELINE:Location:27918449fdf3476f9c3f3aeb7d3cad1e:LOC">
                        <Longitude>6.0468991</Longitude>
                        <Latitude>49.3368413</Latitude>
                        <gml:pos srsName="EPSG:27572">869797.704090292 2488508.19592077</gml:pos>
                     </Location>
                  </ScheduledStopPoint>
                  <ScheduledStopPoint id="CITELINE:ScheduledStopPoint:2269:LOC" version="1">
                     <Name>ST JACQUES</Name>
                     <Location id="CITELINE:Location:d0c09d4ff54f43728f38d06a74e92a6e:LOC">
                        <Longitude>6.0507831</Longitude>
                        <Latitude>49.3333573</Latitude>
                        <gml:pos srsName="EPSG:27572">870098.23107155 2488134.14842597</gml:pos>
                     </Location>
                  </ScheduledStopPoint>
                  <ScheduledStopPoint id="CITELINE:ScheduledStopPoint:2270:LOC" version="1">
                     <Name>STE BERTHE</Name>
                     <Location id="CITELINE:Location:c6b03f6efeba46288ab370117ff245af:LOC">
                        <Longitude>6.0543211</Longitude>
                        <Latitude>49.3320373</Latitude>
                        <gml:pos srsName="EPSG:27572">870362.264489704 2487999.54043325</gml:pos>
                     </Location>
                  </ScheduledStopPoint>
                  <ScheduledStopPoint id="CITELINE:ScheduledStopPoint:2271:LOC" version="1">
                     <Name>STATION FOCH</Name>
                     <Location id="CITELINE:Location:3d6d58b20d1f440a958a04324328ddf3:LOC">
                        <Longitude>6.0588881</Longitude>
                        <Latitude>49.3303143</Latitude>
                        <gml:pos srsName="EPSG:27572">870703.209273833 2487823.67867148</gml:pos>
                     </Location>
                  </ScheduledStopPoint>
                  <ScheduledStopPoint id="CITELINE:ScheduledStopPoint:2272:LOC" version="1">
                     <Name>EGLISE ST MARTIN</Name>
                     <Location id="CITELINE:Location:16c5b15559354a8f967513a6afdbd28f:LOC">
                        <Longitude>6.0636411</Longitude>
                        <Latitude>49.3295933</Latitude>
                        <gml:pos srsName="EPSG:27572">871052.406188835 2487759.88917974</gml:pos>
                     </Location>
                  </ScheduledStopPoint>
                  <ScheduledStopPoint id="CITELINE:ScheduledStopPoint:2273:LOC" version="1">
                     <Name>ESPLANADE (FRESQUE)</Name>
                     <Location id="CITELINE:Location:4e612c785ec545b59742cb46ce877ae0:LOC">
                        <Longitude>6.0659371</Longitude>
                        <Latitude>49.3287983</Latitude>
                        <gml:pos srsName="EPSG:27572">871223.45157366 2487679.41364224</gml:pos>
                     </Location>
                  </ScheduledStopPoint>
                  <ScheduledStopPoint id="CITELINE:ScheduledStopPoint:2274:LOC" version="1">
                     <Name>HÔPITAL - HAYANGE</Name>
                     <Location id="CITELINE:Location:388eb83527864321b8243ca094edac04:LOC">
                        <Longitude>6.0694211</Longitude>
                        <Latitude>49.3270733</Latitude>
                        <gml:pos srsName="EPSG:27572">871485.749286501 2487499.64092514</gml:pos>
                     </Location>
                  </ScheduledStopPoint>
                  <ScheduledStopPoint id="CITELINE:ScheduledStopPoint:2275:LOC" version="1">
                     <Name>BUREAU CENTRAL</Name>
                     <Location id="CITELINE:Location:a6d9a2d36e094f3ca4c62e36dedcfb2f:LOC">
                        <Longitude>6.0750221</Longitude>
                        <Latitude>49.3241823</Latitude>
                        <gml:pos srsName="EPSG:27572">871908.086231689 2487197.55681535</gml:pos>
                     </Location>
                  </ScheduledStopPoint>
                  <ScheduledStopPoint id="CITELINE:ScheduledStopPoint:2276:LOC" version="1">
                     <Name>POINT DU JOUR</Name>
                     <Location id="CITELINE:Location:5bc555894b4d4cd09506cf36741f397f:LOC">
                        <Longitude>6.0789161</Longitude>
                        <Latitude>49.3226783</Latitude>
                        <gml:pos srsName="EPSG:27572">872199.055117674 2487043.8080431</gml:pos>
                     </Location>
                  </ScheduledStopPoint>
                  <ScheduledStopPoint id="CITELINE:ScheduledStopPoint:2277:LOC" version="1">
                     <Name>FENDERIE</Name>
                     <Location id="CITELINE:Location:55397a2cc962434dbd2aab41d6bfe470:LOC">
                        <Longitude>6.0836261</Longitude>
                        <Latitude>49.3217603</Latitude>
                        <gml:pos srsName="EPSG:27572">872546.239199465 2486958.05788749</gml:pos>
                     </Location>
                  </ScheduledStopPoint>
                  <ScheduledStopPoint id="CITELINE:ScheduledStopPoint:2278:LOC" version="1">
                     <Name>MAIRIE - SERÉMANGE</Name>
                     <Location id="CITELINE:Location:eef118fe93fc4e5b82a12a7ad86a39b6:LOC">
                        <Longitude>6.0938391</Longitude>
                        <Latitude>49.3192403</Latitude>
                        <gml:pos srsName="EPSG:27572">873301.915333664 2486713.32720997</gml:pos>
                     </Location>
                  </ScheduledStopPoint>
                  <ScheduledStopPoint id="CITELINE:ScheduledStopPoint:2279:LOC" version="1">
                     <Name>CIMETIÈRE - SERÉMANGE</Name>
                     <Location id="CITELINE:Location:7e1d8d7c1cb24de6b885b0f3c5ad7dcc:LOC">
                        <Longitude>6.0939701</Longitude>
                        <Latitude>49.3163453</Latitude>
                        <gml:pos srsName="EPSG:27572">873326.833170266 2486391.902972</gml:pos>
                     </Location>
                  </ScheduledStopPoint>
                  <ScheduledStopPoint id="CITELINE:ScheduledStopPoint:2280:LOC" version="1">
                     <Name>CITÉ BOSMENT</Name>
                     <Location id="CITELINE:Location:df4a20c14116474f9a7fb1d2db3151df:LOC">
                        <Longitude>6.0966321</Longitude>
                        <Latitude>49.3140523</Latitude>
                        <gml:pos srsName="EPSG:27572">873532.528705185 2486146.21608439</gml:pos>
                     </Location>
                  </ScheduledStopPoint>
                  <ScheduledStopPoint id="CITELINE:ScheduledStopPoint:2281:LOC" version="1">
                     <Name>ST NICOLAS</Name>
                     <Location id="CITELINE:Location:019bf7cba5294ec2826477665d84453c:LOC">
                        <Longitude>6.1004391</Longitude>
                        <Latitude>49.3096243</Latitude>
                        <gml:pos srsName="EPSG:27572">873832.848668176 2485667.14792947</gml:pos>
                     </Location>
                  </ScheduledStopPoint>
                  <ScheduledStopPoint id="CITELINE:ScheduledStopPoint:2282:LOC" version="1">
                     <Name>JEANNE D&apos;ARC</Name>
                     <Location id="CITELINE:Location:d418eb995acd4793a37fe787ad6ce2a8:LOC">
                        <Longitude>6.1017801</Longitude>
                        <Latitude>49.3062673</Latitude>
                        <gml:pos srsName="EPSG:27572">873948.224368016 2485298.57809948</gml:pos>
                     </Location>
                  </ScheduledStopPoint>
                  <ScheduledStopPoint id="CITELINE:ScheduledStopPoint:2283:LOC" version="1">
                     <Name>DE WENDEL</Name>
                     <Location id="CITELINE:Location:29e33bf6408a43d9a840de230b8f1263:LOC">
                        <Longitude>6.1044151</Longitude>
                        <Latitude>49.3030923</Latitude>
                        <gml:pos srsName="EPSG:27572">874156.722828031 2484954.7588371</gml:pos>
                     </Location>
                  </ScheduledStopPoint>
                  <ScheduledStopPoint id="CITELINE:ScheduledStopPoint:2284:LOC" version="1">
                     <Name>MERMOZ</Name>
                     <Location id="CITELINE:Location:675eac930b9e4a0f88a488433ac4c8ac:LOC">
                        <Longitude>6.1067271</Longitude>
                        <Latitude>49.3019993</Latitude>
                        <gml:pos srsName="EPSG:27572">874330.649399081 2484841.30196532</gml:pos>
                     </Location>
                  </ScheduledStopPoint>
                  <ScheduledStopPoint id="CITELINE:ScheduledStopPoint:2285:LOC" version="1">
                     <Name>LYCÉE ST EXUPÉRY</Name>
                     <Location id="CITELINE:Location:aa50f18ce78e46aba90c64a9f40f68e1:LOC">
                        <Longitude>6.1113991</Longitude>
                        <Latitude>49.3060153</Latitude>
                        <gml:pos srsName="EPSG:27572">874648.876941672 2485304.12246718</gml:pos>
                     </Location>
                  </ScheduledStopPoint>
                  <PassengerStopAssignment id="CITELINE:PassengerStopAssignment:2253:LOC" version="1" order="0">
                     <ScheduledStopPointRef ref="CITELINE:ScheduledStopPoint:2253:LOC" versionRef="1"/>
                     <StopPlaceRef ref="FR:57226:StopPlace:genplace_FOCOLL:CITELINE" versionRef="1"/>
                     <QuayRef ref="FR:57226:Quay:51:CITELINE" versionRef="1"/>
                  </PassengerStopAssignment>
                  <PassengerStopAssignment id="CITELINE:PassengerStopAssignment:2254:LOC" version="1" order="0">
                     <ScheduledStopPointRef ref="CITELINE:ScheduledStopPoint:2254:LOC" versionRef="1"/>
                     <StopPlaceRef ref="FR:57226:StopPlace:genplace_FOGARE:CITELINE" versionRef="1"/>
                     <QuayRef ref="FR:57226:Quay:12306:CITELINE" versionRef="1"/>
                  </PassengerStopAssignment>
                  <PassengerStopAssignment id="CITELINE:PassengerStopAssignment:2255:LOC" version="1" order="0">
                     <ScheduledStopPointRef ref="CITELINE:ScheduledStopPoint:2255:LOC" versionRef="1"/>
                     <StopPlaceRef ref="FR:57226:StopPlace:genplace_FOEGLI:CITELINE" versionRef="1"/>
                     <QuayRef ref="FR:57226:Quay:10050:CITELINE" versionRef="1"/>
                  </PassengerStopAssignment>
                  <PassengerStopAssignment id="CITELINE:PassengerStopAssignment:2256:LOC" version="1" order="0">
                     <ScheduledStopPointRef ref="CITELINE:ScheduledStopPoint:2256:LOC" versionRef="1"/>
                     <StopPlaceRef ref="FR:57226:StopPlace:genplace_FOPLAC:CITELINE" versionRef="1"/>
                     <QuayRef ref="FR:57226:Quay:10049:CITELINE" versionRef="1"/>
                  </PassengerStopAssignment>
                  <PassengerStopAssignment id="CITELINE:PassengerStopAssignment:2257:LOC" version="1" order="0">
                     <ScheduledStopPointRef ref="CITELINE:ScheduledStopPoint:2257:LOC" versionRef="1"/>
                     <StopPlaceRef ref="FR:57226:StopPlace:genplace_FOMOUL:CITELINE" versionRef="1"/>
                     <QuayRef ref="FR:57226:Quay:10048:CITELINE" versionRef="1"/>
                  </PassengerStopAssignment>
                  <PassengerStopAssignment id="CITELINE:PassengerStopAssignment:2258:LOC" version="1" order="0">
                     <ScheduledStopPointRef ref="CITELINE:ScheduledStopPoint:2258:LOC" versionRef="1"/>
                     <StopPlaceRef ref="FR:57226:StopPlace:genplace_FOBRAS:CITELINE" versionRef="1"/>
                     <QuayRef ref="FR:57226:Quay:10047:CITELINE" versionRef="1"/>
                  </PassengerStopAssignment>
                  <PassengerStopAssignment id="CITELINE:PassengerStopAssignment:2259:LOC" version="1" order="0">
                     <ScheduledStopPointRef ref="CITELINE:ScheduledStopPoint:2259:LOC" versionRef="1"/>
                     <StopPlaceRef ref="FR:57226:StopPlace:genplace_FOBRUL:CITELINE" versionRef="1"/>
                     <QuayRef ref="FR:57226:Quay:10046:CITELINE" versionRef="1"/>
                  </PassengerStopAssignment>
                  <PassengerStopAssignment id="CITELINE:PassengerStopAssignment:2260:LOC" version="1" order="0">
                     <ScheduledStopPointRef ref="CITELINE:ScheduledStopPoint:2260:LOC" versionRef="1"/>
                     <StopPlaceRef ref="FR:57226:StopPlace:genplace_FOHPON:CITELINE" versionRef="1"/>
                     <QuayRef ref="FR:57226:Quay:10045:CITELINE" versionRef="1"/>
                  </PassengerStopAssignment>
                  <PassengerStopAssignment id="CITELINE:PassengerStopAssignment:2261:LOC" version="1" order="0">
                     <ScheduledStopPointRef ref="CITELINE:ScheduledStopPoint:2261:LOC" versionRef="1"/>
                     <StopPlaceRef ref="FR:57226:StopPlace:genplace_FOLUEG:CITELINE" versionRef="1"/>
                     <QuayRef ref="FR:57226:Quay:10044:CITELINE" versionRef="1"/>
                  </PassengerStopAssignment>
                  <PassengerStopAssignment id="CITELINE:PassengerStopAssignment:2262:LOC" version="1" order="0">
                     <ScheduledStopPointRef ref="CITELINE:ScheduledStopPoint:2262:LOC" versionRef="1"/>
                     <StopPlaceRef ref="FR:57368:StopPlace:genplace_KNBATY:CITELINE" versionRef="1"/>
                     <QuayRef ref="FR:57368:Quay:10043:CITELINE" versionRef="1"/>
                  </PassengerStopAssignment>
                  <PassengerStopAssignment id="CITELINE:PassengerStopAssignment:2263:LOC" version="1" order="0">
                     <ScheduledStopPointRef ref="CITELINE:ScheduledStopPoint:2263:LOC" versionRef="1"/>
                     <StopPlaceRef ref="FR:57368:StopPlace:genplace_KNSTAD:CITELINE" versionRef="1"/>
                     <QuayRef ref="FR:57368:Quay:10042:CITELINE" versionRef="1"/>
                  </PassengerStopAssignment>
                  <PassengerStopAssignment id="CITELINE:PassengerStopAssignment:2264:LOC" version="1" order="0">
                     <ScheduledStopPointRef ref="CITELINE:ScheduledStopPoint:2264:LOC" versionRef="1"/>
                     <StopPlaceRef ref="FR:57368:StopPlace:genplace_KNMINE:CITELINE" versionRef="1"/>
                     <QuayRef ref="FR:57368:Quay:10041:CITELINE" versionRef="1"/>
                  </PassengerStopAssignment>
                  <PassengerStopAssignment id="CITELINE:PassengerStopAssignment:2265:LOC" version="1" order="0">
                     <ScheduledStopPointRef ref="CITELINE:ScheduledStopPoint:2265:LOC" versionRef="1"/>
                     <StopPlaceRef ref="FR:57368:StopPlace:genplace_KNVIAD:CITELINE" versionRef="1"/>
                     <QuayRef ref="FR:57368:Quay:10040:CITELINE" versionRef="1"/>
                  </PassengerStopAssignment>
                  <PassengerStopAssignment id="CITELINE:PassengerStopAssignment:2266:LOC" version="1" order="0">
                     <ScheduledStopPointRef ref="CITELINE:ScheduledStopPoint:2266:LOC" versionRef="1"/>
                     <StopPlaceRef ref="FR:57368:StopPlace:genplace_KNPLAC:CITELINE" versionRef="1"/>
                     <QuayRef ref="FR:57368:Quay:10039:CITELINE" versionRef="1"/>
                  </PassengerStopAssignment>
                  <PassengerStopAssignment id="CITELINE:PassengerStopAssignment:2267:LOC" version="1" order="0">
                     <ScheduledStopPointRef ref="CITELINE:ScheduledStopPoint:2267:LOC" versionRef="1"/>
                     <StopPlaceRef ref="FR:57368:StopPlace:genplace_KNEGLI:CITELINE" versionRef="1"/>
                     <QuayRef ref="FR:57368:Quay:10038:CITELINE" versionRef="1"/>
                  </PassengerStopAssignment>
                  <PassengerStopAssignment id="CITELINE:PassengerStopAssignment:2268:LOC" version="1" order="0">
                     <ScheduledStopPointRef ref="CITELINE:ScheduledStopPoint:2268:LOC" versionRef="1"/>
                     <StopPlaceRef ref="FR:57508:StopPlace:genplace_KNRNIL:CITELINE" versionRef="1"/>
                     <QuayRef ref="FR:57368:Quay:3017:CITELINE" versionRef="1"/>
                  </PassengerStopAssignment>
                  <PassengerStopAssignment id="CITELINE:PassengerStopAssignment:2269:LOC" version="1" order="0">
                     <ScheduledStopPointRef ref="CITELINE:ScheduledStopPoint:2269:LOC" versionRef="1"/>
                     <StopPlaceRef ref="FR:57508:StopPlace:genplace_HYSTJA:CITELINE" versionRef="1"/>
                     <QuayRef ref="FR:57306:Quay:10036:CITELINE" versionRef="1"/>
                  </PassengerStopAssignment>
                  <PassengerStopAssignment id="CITELINE:PassengerStopAssignment:2270:LOC" version="1" order="0">
                     <ScheduledStopPointRef ref="CITELINE:ScheduledStopPoint:2270:LOC" versionRef="1"/>
                     <StopPlaceRef ref="FR:57306:StopPlace:genplace_HYSTBE:CITELINE" versionRef="1"/>
                     <QuayRef ref="FR:57306:Quay:10035:CITELINE" versionRef="1"/>
                  </PassengerStopAssignment>
                  <PassengerStopAssignment id="CITELINE:PassengerStopAssignment:2271:LOC" version="1" order="0">
                     <ScheduledStopPointRef ref="CITELINE:ScheduledStopPoint:2271:LOC" versionRef="1"/>
                     <StopPlaceRef ref="FR:57306:StopPlace:genplace_HYFOCH:CITELINE" versionRef="1"/>
                     <QuayRef ref="FR:57306:Quay:10034:CITELINE" versionRef="1"/>
                  </PassengerStopAssignment>
                  <PassengerStopAssignment id="CITELINE:PassengerStopAssignment:2272:LOC" version="1" order="0">
                     <ScheduledStopPointRef ref="CITELINE:ScheduledStopPoint:2272:LOC" versionRef="1"/>
                     <StopPlaceRef ref="FR:57306:StopPlace:genplace_HYEGLI:CITELINE" versionRef="1"/>
                     <QuayRef ref="FR:57306:Quay:2530:CITELINE" versionRef="1"/>
                  </PassengerStopAssignment>
                  <PassengerStopAssignment id="CITELINE:PassengerStopAssignment:2273:LOC" version="1" order="0">
                     <ScheduledStopPointRef ref="CITELINE:ScheduledStopPoint:2273:LOC" versionRef="1"/>
                     <StopPlaceRef ref="FR:57306:StopPlace:genplace_HYESPL:CITELINE" versionRef="1"/>
                     <QuayRef ref="FR:57306:Quay:3121:CITELINE" versionRef="1"/>
                  </PassengerStopAssignment>
                  <PassengerStopAssignment id="CITELINE:PassengerStopAssignment:2274:LOC" version="1" order="0">
                     <ScheduledStopPointRef ref="CITELINE:ScheduledStopPoint:2274:LOC" versionRef="1"/>
                     <StopPlaceRef ref="FR:57306:StopPlace:genplace_HYHOPI:CITELINE" versionRef="1"/>
                     <QuayRef ref="FR:57306:Quay:10032:CITELINE" versionRef="1"/>
                  </PassengerStopAssignment>
                  <PassengerStopAssignment id="CITELINE:PassengerStopAssignment:2275:LOC" version="1" order="0">
                     <ScheduledStopPointRef ref="CITELINE:ScheduledStopPoint:2275:LOC" versionRef="1"/>
                     <StopPlaceRef ref="FR:57306:StopPlace:genplace_HYBURC:CITELINE" versionRef="1"/>
                     <QuayRef ref="FR:57306:Quay:10031:CITELINE" versionRef="1"/>
                  </PassengerStopAssignment>
                  <PassengerStopAssignment id="CITELINE:PassengerStopAssignment:2276:LOC" version="1" order="0">
                     <ScheduledStopPointRef ref="CITELINE:ScheduledStopPoint:2276:LOC" versionRef="1"/>
                     <StopPlaceRef ref="FR:57647:StopPlace:genAUTO$128993460:CITELINE" versionRef="1"/>
                     <QuayRef ref="FR:57647:Quay:20325:CITELINE" versionRef="1"/>
                  </PassengerStopAssignment>
                  <PassengerStopAssignment id="CITELINE:PassengerStopAssignment:2277:LOC" version="1" order="0">
                     <ScheduledStopPointRef ref="CITELINE:ScheduledStopPoint:2277:LOC" versionRef="1"/>
                     <StopPlaceRef ref="FR:57647:StopPlace:genplace_SEFEND:CITELINE" versionRef="1"/>
                     <QuayRef ref="FR:57647:Quay:10030:CITELINE" versionRef="1"/>
                  </PassengerStopAssignment>
                  <PassengerStopAssignment id="CITELINE:PassengerStopAssignment:2278:LOC" version="1" order="0">
                     <ScheduledStopPointRef ref="CITELINE:ScheduledStopPoint:2278:LOC" versionRef="1"/>
                     <StopPlaceRef ref="FR:57647:StopPlace:genplace_SEMAIR:CITELINE" versionRef="1"/>
                     <QuayRef ref="FR:57647:Quay:10592:CITELINE" versionRef="1"/>
                  </PassengerStopAssignment>
                  <PassengerStopAssignment id="CITELINE:PassengerStopAssignment:2279:LOC" version="1" order="0">
                     <ScheduledStopPointRef ref="CITELINE:ScheduledStopPoint:2279:LOC" versionRef="1"/>
                     <StopPlaceRef ref="FR:57647:StopPlace:genplace_SECIME:CITELINE" versionRef="1"/>
                     <QuayRef ref="FR:57647:Quay:10320:CITELINE" versionRef="1"/>
                  </PassengerStopAssignment>
                  <PassengerStopAssignment id="CITELINE:PassengerStopAssignment:2280:LOC" version="1" order="0">
                     <ScheduledStopPointRef ref="CITELINE:ScheduledStopPoint:2280:LOC" versionRef="1"/>
                     <StopPlaceRef ref="FR:57206:StopPlace:genplace_SEPTAU:CITELINE" versionRef="1"/>
                     <QuayRef ref="FR:57206:Quay:475:CITELINE" versionRef="1"/>
                  </PassengerStopAssignment>
                  <PassengerStopAssignment id="CITELINE:PassengerStopAssignment:2281:LOC" version="1" order="0">
                     <ScheduledStopPointRef ref="CITELINE:ScheduledStopPoint:2281:LOC" versionRef="1"/>
                     <StopPlaceRef ref="FR:57206:StopPlace:genplace_FASTNI:CITELINE" versionRef="1"/>
                     <QuayRef ref="FR:57206:Quay:313:CITELINE" versionRef="1"/>
                  </PassengerStopAssignment>
                  <PassengerStopAssignment id="CITELINE:PassengerStopAssignment:2282:LOC" version="1" order="0">
                     <ScheduledStopPointRef ref="CITELINE:ScheduledStopPoint:2282:LOC" versionRef="1"/>
                     <StopPlaceRef ref="FR:57206:StopPlace:genplace_FAJARC:CITELINE" versionRef="1"/>
                     <QuayRef ref="FR:57206:Quay:10328:CITELINE" versionRef="1"/>
                  </PassengerStopAssignment>
                  <PassengerStopAssignment id="CITELINE:PassengerStopAssignment:2283:LOC" version="1" order="0">
                     <ScheduledStopPointRef ref="CITELINE:ScheduledStopPoint:2283:LOC" versionRef="1"/>
                     <StopPlaceRef ref="FR:57206:StopPlace:genplace_FAWEND:CITELINE" versionRef="1"/>
                     <QuayRef ref="FR:57206:Quay:3181:CITELINE" versionRef="1"/>
                  </PassengerStopAssignment>
                  <PassengerStopAssignment id="CITELINE:PassengerStopAssignment:2284:LOC" version="1" order="0">
                     <ScheduledStopPointRef ref="CITELINE:ScheduledStopPoint:2284:LOC" versionRef="1"/>
                     <StopPlaceRef ref="FR:57206:StopPlace:genplace_FAMERM:CITELINE" versionRef="1"/>
                     <QuayRef ref="FR:57206:Quay:10177:CITELINE" versionRef="1"/>
                  </PassengerStopAssignment>
                  <PassengerStopAssignment id="CITELINE:PassengerStopAssignment:2285:LOC" version="1" order="0">
                     <ScheduledStopPointRef ref="CITELINE:ScheduledStopPoint:2285:LOC" versionRef="1"/>
                     <StopPlaceRef ref="FR:57206:StopPlace:genAUTO$1241509648:CITELINE" versionRef="1"/>
                     <QuayRef ref="FR:57206:Quay:2549:CITELINE" versionRef="1"/>
                  </PassengerStopAssignment>
               </members>
            </GeneralFrame>
            <GeneralFrame id="FR:GeneralFrame:NETEX_HORAIRE-20250905T000300:LOC" version="1.0" dataSourceRef="CITELINE">
               <TypeOfFrameRef ref="FR:TypeOfFrame:NETEX_HORAIRE"/>
               <members>
                  <ServiceJourney id="CITELINE:ServiceJourney:4505327-25-26-MER_NS37-Mercredi-01:LOC" version="1">
                     <TransportMode>bus</TransportMode>
                     <dayTypes>
                        <DayTypeRef ref="CITELINE:Timetable:DayType:74:LOC" versionRef="1"/>
                     </dayTypes>
                     <JourneyPatternRef ref="CITELINE:ServiceJourneyPattern:156:LOC" versionRef="1"/>
                     <passingTimes>
                        <TimetabledPassingTime version="any">
                           <ArrivalTime>07:10:00</ArrivalTime>
                           <ArrivalDayOffset>0</ArrivalDayOffset>
                           <DepartureTime>07:10:00</DepartureTime>
                           <DepartureDayOffset>0</DepartureDayOffset>
                        </TimetabledPassingTime>
                        <TimetabledPassingTime version="any">
                           <ArrivalTime>07:11:00</ArrivalTime>
                           <ArrivalDayOffset>0</ArrivalDayOffset>
                           <DepartureTime>07:11:00</DepartureTime>
                           <DepartureDayOffset>0</DepartureDayOffset>
                        </TimetabledPassingTime>
                        <TimetabledPassingTime version="any">
                           <ArrivalTime>07:12:00</ArrivalTime>
                           <ArrivalDayOffset>0</ArrivalDayOffset>
                           <DepartureTime>07:12:00</DepartureTime>
                           <DepartureDayOffset>0</DepartureDayOffset>
                        </TimetabledPassingTime>
                        <TimetabledPassingTime version="any">
                           <ArrivalTime>07:13:00</ArrivalTime>
                           <ArrivalDayOffset>0</ArrivalDayOffset>
                           <DepartureTime>07:13:00</DepartureTime>
                           <DepartureDayOffset>0</DepartureDayOffset>
                        </TimetabledPassingTime>
                        <TimetabledPassingTime version="any">
                           <ArrivalTime>07:14:00</ArrivalTime>
                           <ArrivalDayOffset>0</ArrivalDayOffset>
                           <DepartureTime>07:14:00</DepartureTime>
                           <DepartureDayOffset>0</DepartureDayOffset>
                        </TimetabledPassingTime>
                        <TimetabledPassingTime version="any">
                           <ArrivalTime>07:15:00</ArrivalTime>
                           <ArrivalDayOffset>0</ArrivalDayOffset>
                           <DepartureTime>07:15:00</DepartureTime>
                           <DepartureDayOffset>0</DepartureDayOffset>
                        </TimetabledPassingTime>
                        <TimetabledPassingTime version="any">
                           <ArrivalTime>07:16:00</ArrivalTime>
                           <ArrivalDayOffset>0</ArrivalDayOffset>
                           <DepartureTime>07:16:00</DepartureTime>
                           <DepartureDayOffset>0</DepartureDayOffset>
                        </TimetabledPassingTime>
                        <TimetabledPassingTime version="any">
                           <ArrivalTime>07:18:00</ArrivalTime>
                           <ArrivalDayOffset>0</ArrivalDayOffset>
                           <DepartureTime>07:18:00</DepartureTime>
                           <DepartureDayOffset>0</DepartureDayOffset>
                        </TimetabledPassingTime>
                        <TimetabledPassingTime version="any">
                           <ArrivalTime>07:18:00</ArrivalTime>
                           <ArrivalDayOffset>0</ArrivalDayOffset>
                           <DepartureTime>07:18:00</DepartureTime>
                           <DepartureDayOffset>0</DepartureDayOffset>
                        </TimetabledPassingTime>
                        <TimetabledPassingTime version="any">
                           <ArrivalTime>07:19:00</ArrivalTime>
                           <ArrivalDayOffset>0</ArrivalDayOffset>
                           <DepartureTime>07:19:00</DepartureTime>
                           <DepartureDayOffset>0</DepartureDayOffset>
                        </TimetabledPassingTime>
                        <TimetabledPassingTime version="any">
                           <ArrivalTime>07:19:00</ArrivalTime>
                           <ArrivalDayOffset>0</ArrivalDayOffset>
                           <DepartureTime>07:19:00</DepartureTime>
                           <DepartureDayOffset>0</DepartureDayOffset>
                        </TimetabledPassingTime>
                        <TimetabledPassingTime version="any">
                           <ArrivalTime>07:20:00</ArrivalTime>
                           <ArrivalDayOffset>0</ArrivalDayOffset>
                           <DepartureTime>07:20:00</DepartureTime>
                           <DepartureDayOffset>0</DepartureDayOffset>
                        </TimetabledPassingTime>
                        <TimetabledPassingTime version="any">
                           <ArrivalTime>07:21:00</ArrivalTime>
                           <ArrivalDayOffset>0</ArrivalDayOffset>
                           <DepartureTime>07:21:00</DepartureTime>
                           <DepartureDayOffset>0</DepartureDayOffset>
                        </TimetabledPassingTime>
                        <TimetabledPassingTime version="any">
                           <ArrivalTime>07:22:00</ArrivalTime>
                           <ArrivalDayOffset>0</ArrivalDayOffset>
                           <DepartureTime>07:22:00</DepartureTime>
                           <DepartureDayOffset>0</DepartureDayOffset>
                        </TimetabledPassingTime>
                        <TimetabledPassingTime version="any">
                           <ArrivalTime>07:23:00</ArrivalTime>
                           <ArrivalDayOffset>0</ArrivalDayOffset>
                           <DepartureTime>07:23:00</DepartureTime>
                           <DepartureDayOffset>0</DepartureDayOffset>
                        </TimetabledPassingTime>
                        <TimetabledPassingTime version="any">
                           <ArrivalTime>07:24:00</ArrivalTime>
                           <ArrivalDayOffset>0</ArrivalDayOffset>
                           <DepartureTime>07:24:00</DepartureTime>
                           <DepartureDayOffset>0</DepartureDayOffset>
                        </TimetabledPassingTime>
                        <TimetabledPassingTime version="any">
                           <ArrivalTime>07:26:00</ArrivalTime>
                           <ArrivalDayOffset>0</ArrivalDayOffset>
                           <DepartureTime>07:26:00</DepartureTime>
                           <DepartureDayOffset>0</DepartureDayOffset>
                        </TimetabledPassingTime>
                        <TimetabledPassingTime version="any">
                           <ArrivalTime>07:27:00</ArrivalTime>
                           <ArrivalDayOffset>0</ArrivalDayOffset>
                           <DepartureTime>07:27:00</DepartureTime>
                           <DepartureDayOffset>0</DepartureDayOffset>
                        </TimetabledPassingTime>
                        <TimetabledPassingTime version="any">
                           <ArrivalTime>07:28:00</ArrivalTime>
                           <ArrivalDayOffset>0</ArrivalDayOffset>
                           <DepartureTime>07:28:00</DepartureTime>
                           <DepartureDayOffset>0</DepartureDayOffset>
                        </TimetabledPassingTime>
                        <TimetabledPassingTime version="any">
                           <ArrivalTime>07:29:00</ArrivalTime>
                           <ArrivalDayOffset>0</ArrivalDayOffset>
                           <DepartureTime>07:29:00</DepartureTime>
                           <DepartureDayOffset>0</DepartureDayOffset>
                        </TimetabledPassingTime>
                        <TimetabledPassingTime version="any">
                           <ArrivalTime>07:30:00</ArrivalTime>
                           <ArrivalDayOffset>0</ArrivalDayOffset>
                           <DepartureTime>07:30:00</DepartureTime>
                           <DepartureDayOffset>0</DepartureDayOffset>
                        </TimetabledPassingTime>
                        <TimetabledPassingTime version="any">
                           <ArrivalTime>07:31:00</ArrivalTime>
                           <ArrivalDayOffset>0</ArrivalDayOffset>
                           <DepartureTime>07:31:00</DepartureTime>
                           <DepartureDayOffset>0</DepartureDayOffset>
                        </TimetabledPassingTime>
                        <TimetabledPassingTime version="any">
                           <ArrivalTime>07:33:00</ArrivalTime>
                           <ArrivalDayOffset>0</ArrivalDayOffset>
                           <DepartureTime>07:33:00</DepartureTime>
                           <DepartureDayOffset>0</DepartureDayOffset>
                        </TimetabledPassingTime>
                        <TimetabledPassingTime version="any">
                           <ArrivalTime>07:33:00</ArrivalTime>
                           <ArrivalDayOffset>0</ArrivalDayOffset>
                           <DepartureTime>07:33:00</DepartureTime>
                           <DepartureDayOffset>0</DepartureDayOffset>
                        </TimetabledPassingTime>
                        <TimetabledPassingTime version="any">
                           <ArrivalTime>07:35:00</ArrivalTime>
                           <ArrivalDayOffset>0</ArrivalDayOffset>
                           <DepartureTime>07:35:00</DepartureTime>
                           <DepartureDayOffset>0</DepartureDayOffset>
                        </TimetabledPassingTime>
                        <TimetabledPassingTime version="any">
                           <ArrivalTime>07:37:00</ArrivalTime>
                           <ArrivalDayOffset>0</ArrivalDayOffset>
                           <DepartureTime>07:37:00</DepartureTime>
                           <DepartureDayOffset>0</DepartureDayOffset>
                        </TimetabledPassingTime>
                        <TimetabledPassingTime version="any">
                           <ArrivalTime>07:38:00</ArrivalTime>
                           <ArrivalDayOffset>0</ArrivalDayOffset>
                           <DepartureTime>07:38:00</DepartureTime>
                           <DepartureDayOffset>0</DepartureDayOffset>
                        </TimetabledPassingTime>
                        <TimetabledPassingTime version="any">
                           <ArrivalTime>07:40:00</ArrivalTime>
                           <ArrivalDayOffset>0</ArrivalDayOffset>
                           <DepartureTime>07:40:00</DepartureTime>
                           <DepartureDayOffset>0</DepartureDayOffset>
                        </TimetabledPassingTime>
                        <TimetabledPassingTime version="any">
                           <ArrivalTime>07:42:00</ArrivalTime>
                           <ArrivalDayOffset>0</ArrivalDayOffset>
                           <DepartureTime>07:42:00</DepartureTime>
                           <DepartureDayOffset>0</DepartureDayOffset>
                        </TimetabledPassingTime>
                        <TimetabledPassingTime version="any">
                           <ArrivalTime>07:44:00</ArrivalTime>
                           <ArrivalDayOffset>0</ArrivalDayOffset>
                           <DepartureTime>07:44:00</DepartureTime>
                           <DepartureDayOffset>0</DepartureDayOffset>
                        </TimetabledPassingTime>
                        <TimetabledPassingTime version="any">
                           <ArrivalTime>07:45:00</ArrivalTime>
                           <ArrivalDayOffset>0</ArrivalDayOffset>
                           <DepartureTime>07:45:00</DepartureTime>
                           <DepartureDayOffset>0</DepartureDayOffset>
                        </TimetabledPassingTime>
                        <TimetabledPassingTime version="any">
                           <ArrivalTime>07:46:00</ArrivalTime>
                           <ArrivalDayOffset>0</ArrivalDayOffset>
                           <DepartureTime>07:46:00</DepartureTime>
                           <DepartureDayOffset>0</DepartureDayOffset>
                        </TimetabledPassingTime>
                        <TimetabledPassingTime version="any">
                           <ArrivalTime>07:48:00</ArrivalTime>
                           <ArrivalDayOffset>0</ArrivalDayOffset>
                           <DepartureTime>07:48:00</DepartureTime>
                           <DepartureDayOffset>0</DepartureDayOffset>
                        </TimetabledPassingTime>
                     </passingTimes>
                  </ServiceJourney>
                  <ServiceJourney id="CITELINE:ServiceJourney:4505327-25-26-SCO_NS36-L-Ma-J-V-01:LOC" version="1">
                     <TransportMode>bus</TransportMode>
                     <dayTypes>
                        <DayTypeRef ref="CITELINE:Timetable:DayType:127:LOC" versionRef="1"/>
                     </dayTypes>
                     <JourneyPatternRef ref="CITELINE:ServiceJourneyPattern:156:LOC" versionRef="1"/>
                     <passingTimes>
                        <TimetabledPassingTime version="any">
                           <ArrivalTime>07:10:00</ArrivalTime>
                           <ArrivalDayOffset>0</ArrivalDayOffset>
                           <DepartureTime>07:10:00</DepartureTime>
                           <DepartureDayOffset>0</DepartureDayOffset>
                        </TimetabledPassingTime>
                        <TimetabledPassingTime version="any">
                           <ArrivalTime>07:11:00</ArrivalTime>
                           <ArrivalDayOffset>0</ArrivalDayOffset>
                           <DepartureTime>07:11:00</DepartureTime>
                           <DepartureDayOffset>0</DepartureDayOffset>
                        </TimetabledPassingTime>
                        <TimetabledPassingTime version="any">
                           <ArrivalTime>07:12:00</ArrivalTime>
                           <ArrivalDayOffset>0</ArrivalDayOffset>
                           <DepartureTime>07:12:00</DepartureTime>
                           <DepartureDayOffset>0</DepartureDayOffset>
                        </TimetabledPassingTime>
                        <TimetabledPassingTime version="any">
                           <ArrivalTime>07:13:00</ArrivalTime>
                           <ArrivalDayOffset>0</ArrivalDayOffset>
                           <DepartureTime>07:13:00</DepartureTime>
                           <DepartureDayOffset>0</DepartureDayOffset>
                        </TimetabledPassingTime>
                        <TimetabledPassingTime version="any">
                           <ArrivalTime>07:14:00</ArrivalTime>
                           <ArrivalDayOffset>0</ArrivalDayOffset>
                           <DepartureTime>07:14:00</DepartureTime>
                           <DepartureDayOffset>0</DepartureDayOffset>
                        </TimetabledPassingTime>
                        <TimetabledPassingTime version="any">
                           <ArrivalTime>07:15:00</ArrivalTime>
                           <ArrivalDayOffset>0</ArrivalDayOffset>
                           <DepartureTime>07:15:00</DepartureTime>
                           <DepartureDayOffset>0</DepartureDayOffset>
                        </TimetabledPassingTime>
                        <TimetabledPassingTime version="any">
                           <ArrivalTime>07:16:00</ArrivalTime>
                           <ArrivalDayOffset>0</ArrivalDayOffset>
                           <DepartureTime>07:16:00</DepartureTime>
                           <DepartureDayOffset>0</DepartureDayOffset>
                        </TimetabledPassingTime>
                        <TimetabledPassingTime version="any">
                           <ArrivalTime>07:18:00</ArrivalTime>
                           <ArrivalDayOffset>0</ArrivalDayOffset>
                           <DepartureTime>07:18:00</DepartureTime>
                           <DepartureDayOffset>0</DepartureDayOffset>
                        </TimetabledPassingTime>
                        <TimetabledPassingTime version="any">
                           <ArrivalTime>07:18:00</ArrivalTime>
                           <ArrivalDayOffset>0</ArrivalDayOffset>
                           <DepartureTime>07:18:00</DepartureTime>
                           <DepartureDayOffset>0</DepartureDayOffset>
                        </TimetabledPassingTime>
                        <TimetabledPassingTime version="any">
                           <ArrivalTime>07:19:00</ArrivalTime>
                           <ArrivalDayOffset>0</ArrivalDayOffset>
                           <DepartureTime>07:19:00</DepartureTime>
                           <DepartureDayOffset>0</DepartureDayOffset>
                        </TimetabledPassingTime>
                        <TimetabledPassingTime version="any">
                           <ArrivalTime>07:19:00</ArrivalTime>
                           <ArrivalDayOffset>0</ArrivalDayOffset>
                           <DepartureTime>07:19:00</DepartureTime>
                           <DepartureDayOffset>0</DepartureDayOffset>
                        </TimetabledPassingTime>
                        <TimetabledPassingTime version="any">
                           <ArrivalTime>07:20:00</ArrivalTime>
                           <ArrivalDayOffset>0</ArrivalDayOffset>
                           <DepartureTime>07:20:00</DepartureTime>
                           <DepartureDayOffset>0</DepartureDayOffset>
                        </TimetabledPassingTime>
                        <TimetabledPassingTime version="any">
                           <ArrivalTime>07:21:00</ArrivalTime>
                           <ArrivalDayOffset>0</ArrivalDayOffset>
                           <DepartureTime>07:21:00</DepartureTime>
                           <DepartureDayOffset>0</DepartureDayOffset>
                        </TimetabledPassingTime>
                        <TimetabledPassingTime version="any">
                           <ArrivalTime>07:22:00</ArrivalTime>
                           <ArrivalDayOffset>0</ArrivalDayOffset>
                           <DepartureTime>07:22:00</DepartureTime>
                           <DepartureDayOffset>0</DepartureDayOffset>
                        </TimetabledPassingTime>
                        <TimetabledPassingTime version="any">
                           <ArrivalTime>07:23:00</ArrivalTime>
                           <ArrivalDayOffset>0</ArrivalDayOffset>
                           <DepartureTime>07:23:00</DepartureTime>
                           <DepartureDayOffset>0</DepartureDayOffset>
                        </TimetabledPassingTime>
                        <TimetabledPassingTime version="any">
                           <ArrivalTime>07:24:00</ArrivalTime>
                           <ArrivalDayOffset>0</ArrivalDayOffset>
                           <DepartureTime>07:24:00</DepartureTime>
                           <DepartureDayOffset>0</DepartureDayOffset>
                        </TimetabledPassingTime>
                        <TimetabledPassingTime version="any">
                           <ArrivalTime>07:26:00</ArrivalTime>
                           <ArrivalDayOffset>0</ArrivalDayOffset>
                           <DepartureTime>07:26:00</DepartureTime>
                           <DepartureDayOffset>0</DepartureDayOffset>
                        </TimetabledPassingTime>
                        <TimetabledPassingTime version="any">
                           <ArrivalTime>07:27:00</ArrivalTime>
                           <ArrivalDayOffset>0</ArrivalDayOffset>
                           <DepartureTime>07:27:00</DepartureTime>
                           <DepartureDayOffset>0</DepartureDayOffset>
                        </TimetabledPassingTime>
                        <TimetabledPassingTime version="any">
                           <ArrivalTime>07:28:00</ArrivalTime>
                           <ArrivalDayOffset>0</ArrivalDayOffset>
                           <DepartureTime>07:28:00</DepartureTime>
                           <DepartureDayOffset>0</DepartureDayOffset>
                        </TimetabledPassingTime>
                        <TimetabledPassingTime version="any">
                           <ArrivalTime>07:29:00</ArrivalTime>
                           <ArrivalDayOffset>0</ArrivalDayOffset>
                           <DepartureTime>07:29:00</DepartureTime>
                           <DepartureDayOffset>0</DepartureDayOffset>
                        </TimetabledPassingTime>
                        <TimetabledPassingTime version="any">
                           <ArrivalTime>07:30:00</ArrivalTime>
                           <ArrivalDayOffset>0</ArrivalDayOffset>
                           <DepartureTime>07:30:00</DepartureTime>
                           <DepartureDayOffset>0</DepartureDayOffset>
                        </TimetabledPassingTime>
                        <TimetabledPassingTime version="any">
                           <ArrivalTime>07:31:00</ArrivalTime>
                           <ArrivalDayOffset>0</ArrivalDayOffset>
                           <DepartureTime>07:31:00</DepartureTime>
                           <DepartureDayOffset>0</DepartureDayOffset>
                        </TimetabledPassingTime>
                        <TimetabledPassingTime version="any">
                           <ArrivalTime>07:33:00</ArrivalTime>
                           <ArrivalDayOffset>0</ArrivalDayOffset>
                           <DepartureTime>07:33:00</DepartureTime>
                           <DepartureDayOffset>0</DepartureDayOffset>
                        </TimetabledPassingTime>
                        <TimetabledPassingTime version="any">
                           <ArrivalTime>07:33:00</ArrivalTime>
                           <ArrivalDayOffset>0</ArrivalDayOffset>
                           <DepartureTime>07:33:00</DepartureTime>
                           <DepartureDayOffset>0</DepartureDayOffset>
                        </TimetabledPassingTime>
                        <TimetabledPassingTime version="any">
                           <ArrivalTime>07:35:00</ArrivalTime>
                           <ArrivalDayOffset>0</ArrivalDayOffset>
                           <DepartureTime>07:35:00</DepartureTime>
                           <DepartureDayOffset>0</DepartureDayOffset>
                        </TimetabledPassingTime>
                        <TimetabledPassingTime version="any">
                           <ArrivalTime>07:37:00</ArrivalTime>
                           <ArrivalDayOffset>0</ArrivalDayOffset>
                           <DepartureTime>07:37:00</DepartureTime>
                           <DepartureDayOffset>0</DepartureDayOffset>
                        </TimetabledPassingTime>
                        <TimetabledPassingTime version="any">
                           <ArrivalTime>07:38:00</ArrivalTime>
                           <ArrivalDayOffset>0</ArrivalDayOffset>
                           <DepartureTime>07:38:00</DepartureTime>
                           <DepartureDayOffset>0</DepartureDayOffset>
                        </TimetabledPassingTime>
                        <TimetabledPassingTime version="any">
                           <ArrivalTime>07:40:00</ArrivalTime>
                           <ArrivalDayOffset>0</ArrivalDayOffset>
                           <DepartureTime>07:40:00</DepartureTime>
                           <DepartureDayOffset>0</DepartureDayOffset>
                        </TimetabledPassingTime>
                        <TimetabledPassingTime version="any">
                           <ArrivalTime>07:42:00</ArrivalTime>
                           <ArrivalDayOffset>0</ArrivalDayOffset>
                           <DepartureTime>07:42:00</DepartureTime>
                           <DepartureDayOffset>0</DepartureDayOffset>
                        </TimetabledPassingTime>
                        <TimetabledPassingTime version="any">
                           <ArrivalTime>07:44:00</ArrivalTime>
                           <ArrivalDayOffset>0</ArrivalDayOffset>
                           <DepartureTime>07:44:00</DepartureTime>
                           <DepartureDayOffset>0</DepartureDayOffset>
                        </TimetabledPassingTime>
                        <TimetabledPassingTime version="any">
                           <ArrivalTime>07:45:00</ArrivalTime>
                           <ArrivalDayOffset>0</ArrivalDayOffset>
                           <DepartureTime>07:45:00</DepartureTime>
                           <DepartureDayOffset>0</DepartureDayOffset>
                        </TimetabledPassingTime>
                        <TimetabledPassingTime version="any">
                           <ArrivalTime>07:46:00</ArrivalTime>
                           <ArrivalDayOffset>0</ArrivalDayOffset>
                           <DepartureTime>07:46:00</DepartureTime>
                           <DepartureDayOffset>0</DepartureDayOffset>
                        </TimetabledPassingTime>
                        <TimetabledPassingTime version="any">
                           <ArrivalTime>07:48:00</ArrivalTime>
                           <ArrivalDayOffset>0</ArrivalDayOffset>
                           <DepartureTime>07:48:00</DepartureTime>
                           <DepartureDayOffset>0</DepartureDayOffset>
                        </TimetabledPassingTime>
                     </passingTimes>
                  </ServiceJourney>
                  <ServiceJourney id="CITELINE:ServiceJourney:4505327-25-26-SCO_NS37-L-Ma-J-V-01:LOC" version="1">
                     <TransportMode>bus</TransportMode>
                     <dayTypes>
                        <DayTypeRef ref="CITELINE:Timetable:DayType:527:LOC" versionRef="1"/>
                     </dayTypes>
                     <JourneyPatternRef ref="CITELINE:ServiceJourneyPattern:156:LOC" versionRef="1"/>
                     <passingTimes>
                        <TimetabledPassingTime version="any">
                           <ArrivalTime>07:10:00</ArrivalTime>
                           <ArrivalDayOffset>0</ArrivalDayOffset>
                           <DepartureTime>07:10:00</DepartureTime>
                           <DepartureDayOffset>0</DepartureDayOffset>
                        </TimetabledPassingTime>
                        <TimetabledPassingTime version="any">
                           <ArrivalTime>07:11:00</ArrivalTime>
                           <ArrivalDayOffset>0</ArrivalDayOffset>
                           <DepartureTime>07:11:00</DepartureTime>
                           <DepartureDayOffset>0</DepartureDayOffset>
                        </TimetabledPassingTime>
                        <TimetabledPassingTime version="any">
                           <ArrivalTime>07:12:00</ArrivalTime>
                           <ArrivalDayOffset>0</ArrivalDayOffset>
                           <DepartureTime>07:12:00</DepartureTime>
                           <DepartureDayOffset>0</DepartureDayOffset>
                        </TimetabledPassingTime>
                        <TimetabledPassingTime version="any">
                           <ArrivalTime>07:13:00</ArrivalTime>
                           <ArrivalDayOffset>0</ArrivalDayOffset>
                           <DepartureTime>07:13:00</DepartureTime>
                           <DepartureDayOffset>0</DepartureDayOffset>
                        </TimetabledPassingTime>
                        <TimetabledPassingTime version="any">
                           <ArrivalTime>07:14:00</ArrivalTime>
                           <ArrivalDayOffset>0</ArrivalDayOffset>
                           <DepartureTime>07:14:00</DepartureTime>
                           <DepartureDayOffset>0</DepartureDayOffset>
                        </TimetabledPassingTime>
                        <TimetabledPassingTime version="any">
                           <ArrivalTime>07:15:00</ArrivalTime>
                           <ArrivalDayOffset>0</ArrivalDayOffset>
                           <DepartureTime>07:15:00</DepartureTime>
                           <DepartureDayOffset>0</DepartureDayOffset>
                        </TimetabledPassingTime>
                        <TimetabledPassingTime version="any">
                           <ArrivalTime>07:16:00</ArrivalTime>
                           <ArrivalDayOffset>0</ArrivalDayOffset>
                           <DepartureTime>07:16:00</DepartureTime>
                           <DepartureDayOffset>0</DepartureDayOffset>
                        </TimetabledPassingTime>
                        <TimetabledPassingTime version="any">
                           <ArrivalTime>07:18:00</ArrivalTime>
                           <ArrivalDayOffset>0</ArrivalDayOffset>
                           <DepartureTime>07:18:00</DepartureTime>
                           <DepartureDayOffset>0</DepartureDayOffset>
                        </TimetabledPassingTime>
                        <TimetabledPassingTime version="any">
                           <ArrivalTime>07:18:00</ArrivalTime>
                           <ArrivalDayOffset>0</ArrivalDayOffset>
                           <DepartureTime>07:18:00</DepartureTime>
                           <DepartureDayOffset>0</DepartureDayOffset>
                        </TimetabledPassingTime>
                        <TimetabledPassingTime version="any">
                           <ArrivalTime>07:19:00</ArrivalTime>
                           <ArrivalDayOffset>0</ArrivalDayOffset>
                           <DepartureTime>07:19:00</DepartureTime>
                           <DepartureDayOffset>0</DepartureDayOffset>
                        </TimetabledPassingTime>
                        <TimetabledPassingTime version="any">
                           <ArrivalTime>07:19:00</ArrivalTime>
                           <ArrivalDayOffset>0</ArrivalDayOffset>
                           <DepartureTime>07:19:00</DepartureTime>
                           <DepartureDayOffset>0</DepartureDayOffset>
                        </TimetabledPassingTime>
                        <TimetabledPassingTime version="any">
                           <ArrivalTime>07:20:00</ArrivalTime>
                           <ArrivalDayOffset>0</ArrivalDayOffset>
                           <DepartureTime>07:20:00</DepartureTime>
                           <DepartureDayOffset>0</DepartureDayOffset>
                        </TimetabledPassingTime>
                        <TimetabledPassingTime version="any">
                           <ArrivalTime>07:21:00</ArrivalTime>
                           <ArrivalDayOffset>0</ArrivalDayOffset>
                           <DepartureTime>07:21:00</DepartureTime>
                           <DepartureDayOffset>0</DepartureDayOffset>
                        </TimetabledPassingTime>
                        <TimetabledPassingTime version="any">
                           <ArrivalTime>07:22:00</ArrivalTime>
                           <ArrivalDayOffset>0</ArrivalDayOffset>
                           <DepartureTime>07:22:00</DepartureTime>
                           <DepartureDayOffset>0</DepartureDayOffset>
                        </TimetabledPassingTime>
                        <TimetabledPassingTime version="any">
                           <ArrivalTime>07:23:00</ArrivalTime>
                           <ArrivalDayOffset>0</ArrivalDayOffset>
                           <DepartureTime>07:23:00</DepartureTime>
                           <DepartureDayOffset>0</DepartureDayOffset>
                        </TimetabledPassingTime>
                        <TimetabledPassingTime version="any">
                           <ArrivalTime>07:24:00</ArrivalTime>
                           <ArrivalDayOffset>0</ArrivalDayOffset>
                           <DepartureTime>07:24:00</DepartureTime>
                           <DepartureDayOffset>0</DepartureDayOffset>
                        </TimetabledPassingTime>
                        <TimetabledPassingTime version="any">
                           <ArrivalTime>07:26:00</ArrivalTime>
                           <ArrivalDayOffset>0</ArrivalDayOffset>
                           <DepartureTime>07:26:00</DepartureTime>
                           <DepartureDayOffset>0</DepartureDayOffset>
                        </TimetabledPassingTime>
                        <TimetabledPassingTime version="any">
                           <ArrivalTime>07:27:00</ArrivalTime>
                           <ArrivalDayOffset>0</ArrivalDayOffset>
                           <DepartureTime>07:27:00</DepartureTime>
                           <DepartureDayOffset>0</DepartureDayOffset>
                        </TimetabledPassingTime>
                        <TimetabledPassingTime version="any">
                           <ArrivalTime>07:28:00</ArrivalTime>
                           <ArrivalDayOffset>0</ArrivalDayOffset>
                           <DepartureTime>07:28:00</DepartureTime>
                           <DepartureDayOffset>0</DepartureDayOffset>
                        </TimetabledPassingTime>
                        <TimetabledPassingTime version="any">
                           <ArrivalTime>07:29:00</ArrivalTime>
                           <ArrivalDayOffset>0</ArrivalDayOffset>
                           <DepartureTime>07:29:00</DepartureTime>
                           <DepartureDayOffset>0</DepartureDayOffset>
                        </TimetabledPassingTime>
                        <TimetabledPassingTime version="any">
                           <ArrivalTime>07:30:00</ArrivalTime>
                           <ArrivalDayOffset>0</ArrivalDayOffset>
                           <DepartureTime>07:30:00</DepartureTime>
                           <DepartureDayOffset>0</DepartureDayOffset>
                        </TimetabledPassingTime>
                        <TimetabledPassingTime version="any">
                           <ArrivalTime>07:31:00</ArrivalTime>
                           <ArrivalDayOffset>0</ArrivalDayOffset>
                           <DepartureTime>07:31:00</DepartureTime>
                           <DepartureDayOffset>0</DepartureDayOffset>
                        </TimetabledPassingTime>
                        <TimetabledPassingTime version="any">
                           <ArrivalTime>07:33:00</ArrivalTime>
                           <ArrivalDayOffset>0</ArrivalDayOffset>
                           <DepartureTime>07:33:00</DepartureTime>
                           <DepartureDayOffset>0</DepartureDayOffset>
                        </TimetabledPassingTime>
                        <TimetabledPassingTime version="any">
                           <ArrivalTime>07:33:00</ArrivalTime>
                           <ArrivalDayOffset>0</ArrivalDayOffset>
                           <DepartureTime>07:33:00</DepartureTime>
                           <DepartureDayOffset>0</DepartureDayOffset>
                        </TimetabledPassingTime>
                        <TimetabledPassingTime version="any">
                           <ArrivalTime>07:35:00</ArrivalTime>
                           <ArrivalDayOffset>0</ArrivalDayOffset>
                           <DepartureTime>07:35:00</DepartureTime>
                           <DepartureDayOffset>0</DepartureDayOffset>
                        </TimetabledPassingTime>
                        <TimetabledPassingTime version="any">
                           <ArrivalTime>07:37:00</ArrivalTime>
                           <ArrivalDayOffset>0</ArrivalDayOffset>
                           <DepartureTime>07:37:00</DepartureTime>
                           <DepartureDayOffset>0</DepartureDayOffset>
                        </TimetabledPassingTime>
                        <TimetabledPassingTime version="any">
                           <ArrivalTime>07:38:00</ArrivalTime>
                           <ArrivalDayOffset>0</ArrivalDayOffset>
                           <DepartureTime>07:38:00</DepartureTime>
                           <DepartureDayOffset>0</DepartureDayOffset>
                        </TimetabledPassingTime>
                        <TimetabledPassingTime version="any">
                           <ArrivalTime>07:40:00</ArrivalTime>
                           <ArrivalDayOffset>0</ArrivalDayOffset>
                           <DepartureTime>07:40:00</DepartureTime>
                           <DepartureDayOffset>0</DepartureDayOffset>
                        </TimetabledPassingTime>
                        <TimetabledPassingTime version="any">
                           <ArrivalTime>07:42:00</ArrivalTime>
                           <ArrivalDayOffset>0</ArrivalDayOffset>
                           <DepartureTime>07:42:00</DepartureTime>
                           <DepartureDayOffset>0</DepartureDayOffset>
                        </TimetabledPassingTime>
                        <TimetabledPassingTime version="any">
                           <ArrivalTime>07:44:00</ArrivalTime>
                           <ArrivalDayOffset>0</ArrivalDayOffset>
                           <DepartureTime>07:44:00</DepartureTime>
                           <DepartureDayOffset>0</DepartureDayOffset>
                        </TimetabledPassingTime>
                        <TimetabledPassingTime version="any">
                           <ArrivalTime>07:45:00</ArrivalTime>
                           <ArrivalDayOffset>0</ArrivalDayOffset>
                           <DepartureTime>07:45:00</DepartureTime>
                           <DepartureDayOffset>0</DepartureDayOffset>
                        </TimetabledPassingTime>
                        <TimetabledPassingTime version="any">
                           <ArrivalTime>07:46:00</ArrivalTime>
                           <ArrivalDayOffset>0</ArrivalDayOffset>
                           <DepartureTime>07:46:00</DepartureTime>
                           <DepartureDayOffset>0</DepartureDayOffset>
                        </TimetabledPassingTime>
                        <TimetabledPassingTime version="any">
                           <ArrivalTime>07:48:00</ArrivalTime>
                           <ArrivalDayOffset>0</ArrivalDayOffset>
                           <DepartureTime>07:48:00</DepartureTime>
                           <DepartureDayOffset>0</DepartureDayOffset>
                        </TimetabledPassingTime>
                     </passingTimes>
                  </ServiceJourney>
               </members>
            </GeneralFrame>
         </frames>
      </CompositeFrame>
   </dataObjects>
</PublicationDelivery>
