<?xml version="1.0" encoding="UTF-8"?>
<PublicationDelivery xmlns:xsi="http://www.w3.org/2001/XMLSchema-instance" xmlns:siri="http://www.siri.org.uk/siri" xmlns:core="http://www.govtalk.gov.uk/core" xmlns:gml="http://www.opengis.net/gml/3.2" xmlns:ifopt="http://www.ifopt.org.uk/ifopt" xmlns:xlink="http://www.w3.org/1999/xlink" xmlns="http://www.netex.org.uk/netex" xsi:schemaLocation="http://www.netex.org.uk/netex../../xsd/NeTEx_publication.xsd" version="1.04:FR1-NETEX-2.0-1.0">
  <PublicationTimestamp>2025-05-06T15:16:58Z</PublicationTimestamp>
  <ParticipantRef>111</ParticipantRef>
  <dataObjects>
    <GeneralFrame version="any" dataSourceRef="FR1-OFFRE_AUTO" id="Aerobus:GeneralFrame:NETEX_CALENDRIER:20250506T151658Z:LOC">
      <ValidBetween>
        <FromDate>2025-06-12T00:00:00Z</FromDate>
        <ToDate>2025-09-08T23:59:59Z</ToDate>
      </ValidBetween>
      <TypeOfFrameRef ref="FR1:TypeOfFrame:NETEX_CALENDRIER:">version="1.04:FR1-NETEX_CALENDRIER-2.1"</TypeOfFrameRef>
      <members>
        <DayType id="Aerobus:DayType:20250612:LOC" version="any">
          <Name>2025-06-12</Name>
        </DayType>
        <DayTypeAssignment id="Aerobus:DayTypeAssignment:20250612:LOC" version="any" order="0">
          <Date>2025-06-12</Date>
          <DayTypeRef ref="Aerobus:DayType:20250612:LOC" version="any"/>
        </DayTypeAssignment>
        <DayType id="Aerobus:DayType:20250613:LOC" version="any">
          <Name>2025-06-13</Name>
        </DayType>
        <DayTypeAssignment id="Aerobus:DayTypeAssignment:20250613:LOC" version="any" order="0">
          <Date>2025-06-13</Date>
          <DayTypeRef ref="Aerobus:DayType:20250613:LOC" version="any"/>
        </DayTypeAssignment>
        <DayType id="Aerobus:DayType:20250614:LOC" version="any">
          <Name>2025-06-14</Name>
        </DayType>
        <DayTypeAssignment id="Aerobus:DayTypeAssignment:20250614:LOC" version="any" order="0">
          <Date>2025-06-14</Date>
          <DayTypeRef ref="Aerobus:DayType:20250614:LOC" version="any"/>
        </DayTypeAssignment>
        <DayType id="Aerobus:DayType:20250615:LOC" version="any">
          <Name>2025-06-15</Name>
        </DayType>
        <DayTypeAssignment id="Aerobus:DayTypeAssignment:20250615:LOC" version="any" order="0">
          <Date>2025-06-15</Date>
          <DayTypeRef ref="Aerobus:DayType:20250615:LOC" version="any"/>
        </DayTypeAssignment>
        <DayType id="Aerobus:DayType:20250616:LOC" version="any">
          <Name>2025-06-16</Name>
        </DayType>
        <DayTypeAssignment id="Aerobus:DayTypeAssignment:20250616:LOC" version="any" order="0">
          <Date>2025-06-16</Date>
          <DayTypeRef ref="Aerobus:DayType:20250616:LOC" version="any"/>
        </DayTypeAssignment>
        <DayType id="Aerobus:DayType:20250619:LOC" version="any">
          <Name>2025-06-19</Name>
        </DayType>
        <DayTypeAssignment id="Aerobus:DayTypeAssignment:20250619:LOC" version="any" order="0">
          <Date>2025-06-19</Date>
          <DayTypeRef ref="Aerobus:DayType:20250619:LOC" version="any"/>
        </DayTypeAssignment>
        <DayType id="Aerobus:DayType:20250620:LOC" version="any">
          <Name>2025-06-20</Name>
        </DayType>
        <DayTypeAssignment id="Aerobus:DayTypeAssignment:20250620:LOC" version="any" order="0">
          <Date>2025-06-20</Date>
          <DayTypeRef ref="Aerobus:DayType:20250620:LOC" version="any"/>
        </DayTypeAssignment>
        <DayType id="Aerobus:DayType:20250621:LOC" version="any">
          <Name>2025-06-21</Name>
        </DayType>
        <DayTypeAssignment id="Aerobus:DayTypeAssignment:20250621:LOC" version="any" order="0">
          <Date>2025-06-21</Date>
          <DayTypeRef ref="Aerobus:DayType:20250621:LOC" version="any"/>
        </DayTypeAssignment>
        <DayType id="Aerobus:DayType:20250622:LOC" version="any">
          <Name>2025-06-22</Name>
        </DayType>
        <DayTypeAssignment id="Aerobus:DayTypeAssignment:20250622:LOC" version="any" order="0">
          <Date>2025-06-22</Date>
          <DayTypeRef ref="Aerobus:DayType:20250622:LOC" version="any"/>
        </DayTypeAssignment>
        <DayType id="Aerobus:DayType:20250623:LOC" version="any">
          <Name>2025-06-23</Name>
        </DayType>
        <DayTypeAssignment id="Aerobus:DayTypeAssignment:20250623:LOC" version="any" order="0">
          <Date>2025-06-23</Date>
          <DayTypeRef ref="Aerobus:DayType:20250623:LOC" version="any"/>
        </DayTypeAssignment>
        <DayType id="Aerobus:DayType:20250626:LOC" version="any">
          <Name>2025-06-26</Name>
        </DayType>
        <DayTypeAssignment id="Aerobus:DayTypeAssignment:20250626:LOC" version="any" order="0">
          <Date>2025-06-26</Date>
          <DayTypeRef ref="Aerobus:DayType:20250626:LOC" version="any"/>
        </DayTypeAssignment>
        <DayType id="Aerobus:DayType:20250627:LOC" version="any">
          <Name>2025-06-27</Name>
        </DayType>
        <DayTypeAssignment id="Aerobus:DayTypeAssignment:20250627:LOC" version="any" order="0">
          <Date>2025-06-27</Date>
          <DayTypeRef ref="Aerobus:DayType:20250627:LOC" version="any"/>
        </DayTypeAssignment>
        <DayType id="Aerobus:DayType:20250628:LOC" version="any">
          <Name>2025-06-28</Name>
        </DayType>
        <DayTypeAssignment id="Aerobus:DayTypeAssignment:20250628:LOC" version="any" order="0">
          <Date>2025-06-28</Date>
          <DayTypeRef ref="Aerobus:DayType:20250628:LOC" version="any"/>
        </DayTypeAssignment>
        <DayType id="Aerobus:DayType:20250629:LOC" version="any">
          <Name>2025-06-29</Name>
        </DayType>
        <DayTypeAssignment id="Aerobus:DayTypeAssignment:20250629:LOC" version="any" order="0">
          <Date>2025-06-29</Date>
          <DayTypeRef ref="Aerobus:DayType:20250629:LOC" version="any"/>
        </DayTypeAssignment>
        <DayType id="Aerobus:DayType:20250630:LOC" version="any">
          <Name>2025-06-30</Name>
        </DayType>
        <DayTypeAssignment id="Aerobus:DayTypeAssignment:20250630:LOC" version="any" order="0">
          <Date>2025-06-30</Date>
          <DayTypeRef ref="Aerobus:DayType:20250630:LOC" version="any"/>
        </DayTypeAssignment>
        <DayType id="Aerobus:DayType:20250703:LOC" version="any">
          <Name>2025-07-03</Name>
        </DayType>
        <DayTypeAssignment id="Aerobus:DayTypeAssignment:20250703:LOC" version="any" order="0">
          <Date>2025-07-03</Date>
          <DayTypeRef ref="Aerobus:DayType:20250703:LOC" version="any"/>
        </DayTypeAssignment>
        <DayType id="Aerobus:DayType:20250704:LOC" version="any">
          <Name>2025-07-04</Name>
        </DayType>
        <DayTypeAssignment id="Aerobus:DayTypeAssignment:20250704:LOC" version="any" order="0">
          <Date>2025-07-04</Date>
          <DayTypeRef ref="Aerobus:DayType:20250704:LOC" version="any"/>
        </DayTypeAssignment>
        <DayType id="Aerobus:DayType:20250705:LOC" version="any">
          <Name>2025-07-05</Name>
        </DayType>
        <DayTypeAssignment id="Aerobus:DayTypeAssignment:20250705:LOC" version="any" order="0">
          <Date>2025-07-05</Date>
          <DayTypeRef ref="Aerobus:DayType:20250705:LOC" version="any"/>
        </DayTypeAssignment>
        <DayType id="Aerobus:DayType:20250706:LOC" version="any">
          <Name>2025-07-06</Name>
        </DayType>
        <DayTypeAssignment id="Aerobus:DayTypeAssignment:20250706:LOC" version="any" order="0">
          <Date>2025-07-06</Date>
          <DayTypeRef ref="Aerobus:DayType:20250706:LOC" version="any"/>
        </DayTypeAssignment>
        <DayType id="Aerobus:DayType:20250707:LOC" version="any">
          <Name>2025-07-07</Name>
        </DayType>
        <DayTypeAssignment id="Aerobus:DayTypeAssignment:20250707:LOC" version="any" order="0">
          <Date>2025-07-07</Date>
          <DayTypeRef ref="Aerobus:DayType:20250707:LOC" version="any"/>
        </DayTypeAssignment>
        <DayType id="Aerobus:DayType:20250710:LOC" version="any">
          <Name>2025-07-10</Name>
        </DayType>
        <DayTypeAssignment id="Aerobus:DayTypeAssignment:20250710:LOC" version="any" order="0">
          <Date>2025-07-10</Date>
          <DayTypeRef ref="Aerobus:DayType:20250710:LOC" version="any"/>
        </DayTypeAssignment>
        <DayType id="Aerobus:DayType:20250711:LOC" version="any">
          <Name>2025-07-11</Name>
        </DayType>
        <DayTypeAssignment id="Aerobus:DayTypeAssignment:20250711:LOC" version="any" order="0">
          <Date>2025-07-11</Date>
          <DayTypeRef ref="Aerobus:DayType:20250711:LOC" version="any"/>
        </DayTypeAssignment>
        <DayType id="Aerobus:DayType:20250712:LOC" version="any">
          <Name>2025-07-12</Name>
        </DayType>
        <DayTypeAssignment id="Aerobus:DayTypeAssignment:20250712:LOC" version="any" order="0">
          <Date>2025-07-12</Date>
          <DayTypeRef ref="Aerobus:DayType:20250712:LOC" version="any"/>
        </DayTypeAssignment>
        <DayType id="Aerobus:DayType:20250713:LOC" version="any">
          <Name>2025-07-13</Name>
        </DayType>
        <DayTypeAssignment id="Aerobus:DayTypeAssignment:20250713:LOC" version="any" order="0">
          <Date>2025-07-13</Date>
          <DayTypeRef ref="Aerobus:DayType:20250713:LOC" version="any"/>
        </DayTypeAssignment>
        <DayType id="Aerobus:DayType:20250714:LOC" version="any">
          <Name>2025-07-14</Name>
        </DayType>
        <DayTypeAssignment id="Aerobus:DayTypeAssignment:20250714:LOC" version="any" order="0">
          <Date>2025-07-14</Date>
          <DayTypeRef ref="Aerobus:DayType:20250714:LOC" version="any"/>
        </DayTypeAssignment>
        <DayType id="Aerobus:DayType:20250717:LOC" version="any">
          <Name>2025-07-17</Name>
        </DayType>
        <DayTypeAssignment id="Aerobus:DayTypeAssignment:20250717:LOC" version="any" order="0">
          <Date>2025-07-17</Date>
          <DayTypeRef ref="Aerobus:DayType:20250717:LOC" version="any"/>
        </DayTypeAssignment>
        <DayType id="Aerobus:DayType:20250718:LOC" version="any">
          <Name>2025-07-18</Name>
        </DayType>
        <DayTypeAssignment id="Aerobus:DayTypeAssignment:20250718:LOC" version="any" order="0">
          <Date>2025-07-18</Date>
          <DayTypeRef ref="Aerobus:DayType:20250718:LOC" version="any"/>
        </DayTypeAssignment>
        <DayType id="Aerobus:DayType:20250719:LOC" version="any">
          <Name>2025-07-19</Name>
        </DayType>
        <DayTypeAssignment id="Aerobus:DayTypeAssignment:20250719:LOC" version="any" order="0">
          <Date>2025-07-19</Date>
          <DayTypeRef ref="Aerobus:DayType:20250719:LOC" version="any"/>
        </DayTypeAssignment>
        <DayType id="Aerobus:DayType:20250720:LOC" version="any">
          <Name>2025-07-20</Name>
        </DayType>
        <DayTypeAssignment id="Aerobus:DayTypeAssignment:20250720:LOC" version="any" order="0">
          <Date>2025-07-20</Date>
          <DayTypeRef ref="Aerobus:DayType:20250720:LOC" version="any"/>
        </DayTypeAssignment>
        <DayType id="Aerobus:DayType:20250721:LOC" version="any">
          <Name>2025-07-21</Name>
        </DayType>
        <DayTypeAssignment id="Aerobus:DayTypeAssignment:20250721:LOC" version="any" order="0">
          <Date>2025-07-21</Date>
          <DayTypeRef ref="Aerobus:DayType:20250721:LOC" version="any"/>
        </DayTypeAssignment>
        <DayType id="Aerobus:DayType:20250724:LOC" version="any">
          <Name>2025-07-24</Name>
        </DayType>
        <DayTypeAssignment id="Aerobus:DayTypeAssignment:20250724:LOC" version="any" order="0">
          <Date>2025-07-24</Date>
          <DayTypeRef ref="Aerobus:DayType:20250724:LOC" version="any"/>
        </DayTypeAssignment>
        <DayType id="Aerobus:DayType:20250725:LOC" version="any">
          <Name>2025-07-25</Name>
        </DayType>
        <DayTypeAssignment id="Aerobus:DayTypeAssignment:20250725:LOC" version="any" order="0">
          <Date>2025-07-25</Date>
          <DayTypeRef ref="Aerobus:DayType:20250725:LOC" version="any"/>
        </DayTypeAssignment>
        <DayType id="Aerobus:DayType:20250726:LOC" version="any">
          <Name>2025-07-26</Name>
        </DayType>
        <DayTypeAssignment id="Aerobus:DayTypeAssignment:20250726:LOC" version="any" order="0">
          <Date>2025-07-26</Date>
          <DayTypeRef ref="Aerobus:DayType:20250726:LOC" version="any"/>
        </DayTypeAssignment>
        <DayType id="Aerobus:DayType:20250727:LOC" version="any">
          <Name>2025-07-27</Name>
        </DayType>
        <DayTypeAssignment id="Aerobus:DayTypeAssignment:20250727:LOC" version="any" order="0">
          <Date>2025-07-27</Date>
          <DayTypeRef ref="Aerobus:DayType:20250727:LOC" version="any"/>
        </DayTypeAssignment>
        <DayType id="Aerobus:DayType:20250728:LOC" version="any">
          <Name>2025-07-28</Name>
        </DayType>
        <DayTypeAssignment id="Aerobus:DayTypeAssignment:20250728:LOC" version="any" order="0">
          <Date>2025-07-28</Date>
          <DayTypeRef ref="Aerobus:DayType:20250728:LOC" version="any"/>
        </DayTypeAssignment>
        <DayType id="Aerobus:DayType:20250731:LOC" version="any">
          <Name>2025-07-31</Name>
        </DayType>
        <DayTypeAssignment id="Aerobus:DayTypeAssignment:20250731:LOC" version="any" order="0">
          <Date>2025-07-31</Date>
          <DayTypeRef ref="Aerobus:DayType:20250731:LOC" version="any"/>
        </DayTypeAssignment>
        <DayType id="Aerobus:DayType:20250801:LOC" version="any">
          <Name>2025-08-01</Name>
        </DayType>
        <DayTypeAssignment id="Aerobus:DayTypeAssignment:20250801:LOC" version="any" order="0">
          <Date>2025-08-01</Date>
          <DayTypeRef ref="Aerobus:DayType:20250801:LOC" version="any"/>
        </DayTypeAssignment>
        <DayType id="Aerobus:DayType:20250802:LOC" version="any">
          <Name>2025-08-02</Name>
        </DayType>
        <DayTypeAssignment id="Aerobus:DayTypeAssignment:20250802:LOC" version="any" order="0">
          <Date>2025-08-02</Date>
          <DayTypeRef ref="Aerobus:DayType:20250802:LOC" version="any"/>
        </DayTypeAssignment>
        <DayType id="Aerobus:DayType:20250803:LOC" version="any">
          <Name>2025-08-03</Name>
        </DayType>
        <DayTypeAssignment id="Aerobus:DayTypeAssignment:20250803:LOC" version="any" order="0">
          <Date>2025-08-03</Date>
          <DayTypeRef ref="Aerobus:DayType:20250803:LOC" version="any"/>
        </DayTypeAssignment>
        <DayType id="Aerobus:DayType:20250804:LOC" version="any">
          <Name>2025-08-04</Name>
        </DayType>
        <DayTypeAssignment id="Aerobus:DayTypeAssignment:20250804:LOC" version="any" order="0">
          <Date>2025-08-04</Date>
          <DayTypeRef ref="Aerobus:DayType:20250804:LOC" version="any"/>
        </DayTypeAssignment>
        <DayType id="Aerobus:DayType:20250807:LOC" version="any">
          <Name>2025-08-07</Name>
        </DayType>
        <DayTypeAssignment id="Aerobus:DayTypeAssignment:20250807:LOC" version="any" order="0">
          <Date>2025-08-07</Date>
          <DayTypeRef ref="Aerobus:DayType:20250807:LOC" version="any"/>
        </DayTypeAssignment>
        <DayType id="Aerobus:DayType:20250808:LOC" version="any">
          <Name>2025-08-08</Name>
        </DayType>
        <DayTypeAssignment id="Aerobus:DayTypeAssignment:20250808:LOC" version="any" order="0">
          <Date>2025-08-08</Date>
          <DayTypeRef ref="Aerobus:DayType:20250808:LOC" version="any"/>
        </DayTypeAssignment>
        <DayType id="Aerobus:DayType:20250809:LOC" version="any">
          <Name>2025-08-09</Name>
        </DayType>
        <DayTypeAssignment id="Aerobus:DayTypeAssignment:20250809:LOC" version="any" order="0">
          <Date>2025-08-09</Date>
          <DayTypeRef ref="Aerobus:DayType:20250809:LOC" version="any"/>
        </DayTypeAssignment>
        <DayType id="Aerobus:DayType:20250810:LOC" version="any">
          <Name>2025-08-10</Name>
        </DayType>
        <DayTypeAssignment id="Aerobus:DayTypeAssignment:20250810:LOC" version="any" order="0">
          <Date>2025-08-10</Date>
          <DayTypeRef ref="Aerobus:DayType:20250810:LOC" version="any"/>
        </DayTypeAssignment>
        <DayType id="Aerobus:DayType:20250811:LOC" version="any">
          <Name>2025-08-11</Name>
        </DayType>
        <DayTypeAssignment id="Aerobus:DayTypeAssignment:20250811:LOC" version="any" order="0">
          <Date>2025-08-11</Date>
          <DayTypeRef ref="Aerobus:DayType:20250811:LOC" version="any"/>
        </DayTypeAssignment>
        <DayType id="Aerobus:DayType:20250814:LOC" version="any">
          <Name>2025-08-14</Name>
        </DayType>
        <DayTypeAssignment id="Aerobus:DayTypeAssignment:20250814:LOC" version="any" order="0">
          <Date>2025-08-14</Date>
          <DayTypeRef ref="Aerobus:DayType:20250814:LOC" version="any"/>
        </DayTypeAssignment>
        <DayType id="Aerobus:DayType:20250815:LOC" version="any">
          <Name>2025-08-15</Name>
        </DayType>
        <DayTypeAssignment id="Aerobus:DayTypeAssignment:20250815:LOC" version="any" order="0">
          <Date>2025-08-15</Date>
          <DayTypeRef ref="Aerobus:DayType:20250815:LOC" version="any"/>
        </DayTypeAssignment>
        <DayType id="Aerobus:DayType:20250816:LOC" version="any">
          <Name>2025-08-16</Name>
        </DayType>
        <DayTypeAssignment id="Aerobus:DayTypeAssignment:20250816:LOC" version="any" order="0">
          <Date>2025-08-16</Date>
          <DayTypeRef ref="Aerobus:DayType:20250816:LOC" version="any"/>
        </DayTypeAssignment>
        <DayType id="Aerobus:DayType:20250817:LOC" version="any">
          <Name>2025-08-17</Name>
        </DayType>
        <DayTypeAssignment id="Aerobus:DayTypeAssignment:20250817:LOC" version="any" order="0">
          <Date>2025-08-17</Date>
          <DayTypeRef ref="Aerobus:DayType:20250817:LOC" version="any"/>
        </DayTypeAssignment>
        <DayType id="Aerobus:DayType:20250818:LOC" version="any">
          <Name>2025-08-18</Name>
        </DayType>
        <DayTypeAssignment id="Aerobus:DayTypeAssignment:20250818:LOC" version="any" order="0">
          <Date>2025-08-18</Date>
          <DayTypeRef ref="Aerobus:DayType:20250818:LOC" version="any"/>
        </DayTypeAssignment>
        <DayType id="Aerobus:DayType:20250821:LOC" version="any">
          <Name>2025-08-21</Name>
        </DayType>
        <DayTypeAssignment id="Aerobus:DayTypeAssignment:20250821:LOC" version="any" order="0">
          <Date>2025-08-21</Date>
          <DayTypeRef ref="Aerobus:DayType:20250821:LOC" version="any"/>
        </DayTypeAssignment>
        <DayType id="Aerobus:DayType:20250822:LOC" version="any">
          <Name>2025-08-22</Name>
        </DayType>
        <DayTypeAssignment id="Aerobus:DayTypeAssignment:20250822:LOC" version="any" order="0">
          <Date>2025-08-22</Date>
          <DayTypeRef ref="Aerobus:DayType:20250822:LOC" version="any"/>
        </DayTypeAssignment>
        <DayType id="Aerobus:DayType:20250823:LOC" version="any">
          <Name>2025-08-23</Name>
        </DayType>
        <DayTypeAssignment id="Aerobus:DayTypeAssignment:20250823:LOC" version="any" order="0">
          <Date>2025-08-23</Date>
          <DayTypeRef ref="Aerobus:DayType:20250823:LOC" version="any"/>
        </DayTypeAssignment>
        <DayType id="Aerobus:DayType:20250824:LOC" version="any">
          <Name>2025-08-24</Name>
        </DayType>
        <DayTypeAssignment id="Aerobus:DayTypeAssignment:20250824:LOC" version="any" order="0">
          <Date>2025-08-24</Date>
          <DayTypeRef ref="Aerobus:DayType:20250824:LOC" version="any"/>
        </DayTypeAssignment>
        <DayType id="Aerobus:DayType:20250825:LOC" version="any">
          <Name>2025-08-25</Name>
        </DayType>
        <DayTypeAssignment id="Aerobus:DayTypeAssignment:20250825:LOC" version="any" order="0">
          <Date>2025-08-25</Date>
          <DayTypeRef ref="Aerobus:DayType:20250825:LOC" version="any"/>
        </DayTypeAssignment>
        <DayType id="Aerobus:DayType:20250828:LOC" version="any">
          <Name>2025-08-28</Name>
        </DayType>
        <DayTypeAssignment id="Aerobus:DayTypeAssignment:20250828:LOC" version="any" order="0">
          <Date>2025-08-28</Date>
          <DayTypeRef ref="Aerobus:DayType:20250828:LOC" version="any"/>
        </DayTypeAssignment>
        <DayType id="Aerobus:DayType:20250829:LOC" version="any">
          <Name>2025-08-29</Name>
        </DayType>
        <DayTypeAssignment id="Aerobus:DayTypeAssignment:20250829:LOC" version="any" order="0">
          <Date>2025-08-29</Date>
          <DayTypeRef ref="Aerobus:DayType:20250829:LOC" version="any"/>
        </DayTypeAssignment>
        <DayType id="Aerobus:DayType:20250830:LOC" version="any">
          <Name>2025-08-30</Name>
        </DayType>
        <DayTypeAssignment id="Aerobus:DayTypeAssignment:20250830:LOC" version="any" order="0">
          <Date>2025-08-30</Date>
          <DayTypeRef ref="Aerobus:DayType:20250830:LOC" version="any"/>
        </DayTypeAssignment>
        <DayType id="Aerobus:DayType:20250831:LOC" version="any">
          <Name>2025-08-31</Name>
        </DayType>
        <DayTypeAssignment id="Aerobus:DayTypeAssignment:20250831:LOC" version="any" order="0">
          <Date>2025-08-31</Date>
          <DayTypeRef ref="Aerobus:DayType:20250831:LOC" version="any"/>
        </DayTypeAssignment>
        <DayType id="Aerobus:DayType:20250901:LOC" version="any">
          <Name>2025-09-01</Name>
        </DayType>
        <DayTypeAssignment id="Aerobus:DayTypeAssignment:20250901:LOC" version="any" order="0">
          <Date>2025-09-01</Date>
          <DayTypeRef ref="Aerobus:DayType:20250901:LOC" version="any"/>
        </DayTypeAssignment>
        <DayType id="Aerobus:DayType:20250904:LOC" version="any">
          <Name>2025-09-04</Name>
        </DayType>
        <DayTypeAssignment id="Aerobus:DayTypeAssignment:20250904:LOC" version="any" order="0">
          <Date>2025-09-04</Date>
          <DayTypeRef ref="Aerobus:DayType:20250904:LOC" version="any"/>
        </DayTypeAssignment>
        <DayType id="Aerobus:DayType:20250905:LOC" version="any">
          <Name>2025-09-05</Name>
        </DayType>
        <DayTypeAssignment id="Aerobus:DayTypeAssignment:20250905:LOC" version="any" order="0">
          <Date>2025-09-05</Date>
          <DayTypeRef ref="Aerobus:DayType:20250905:LOC" version="any"/>
        </DayTypeAssignment>
        <DayType id="Aerobus:DayType:20250906:LOC" version="any">
          <Name>2025-09-06</Name>
        </DayType>
        <DayTypeAssignment id="Aerobus:DayTypeAssignment:20250906:LOC" version="any" order="0">
          <Date>2025-09-06</Date>
          <DayTypeRef ref="Aerobus:DayType:20250906:LOC" version="any"/>
        </DayTypeAssignment>
        <DayType id="Aerobus:DayType:20250907:LOC" version="any">
          <Name>2025-09-07</Name>
        </DayType>
        <DayTypeAssignment id="Aerobus:DayTypeAssignment:20250907:LOC" version="any" order="0">
          <Date>2025-09-07</Date>
          <DayTypeRef ref="Aerobus:DayType:20250907:LOC" version="any"/>
        </DayTypeAssignment>
        <DayType id="Aerobus:DayType:20250908:LOC" version="any">
          <Name>2025-09-08</Name>
        </DayType>
        <DayTypeAssignment id="Aerobus:DayTypeAssignment:20250908:LOC" version="any" order="0">
          <Date>2025-09-08</Date>
          <DayTypeRef ref="Aerobus:DayType:20250908:LOC" version="any"/>
        </DayTypeAssignment>
      </members>
    </GeneralFrame>
  </dataObjects>
</PublicationDelivery>
