<?xml version='1.0' encoding='UTF-8'?>
<PublicationDelivery xmlns="http://www.netex.org.uk/netex" xmlns:gis="http://www.opengis.net/gml/3.2" xmlns:siri="http://www.siri.org.uk/siri" version="1.1:FR-NETEX_COMMUN-2.2">
  <PublicationTimestamp>2025-07-29T12:28:51Z</PublicationTimestamp>
  <ParticipantRef>CA_DU_MARSAN</ParticipantRef>
  <dataObjects>
    <GeneralFrame version="any" id="CA_DU_MARSAN:GeneralFrame:NETEX_COMMUN-20250729122851Z:LOC">
      <TypeOfFrameRef ref="FR:TypeOfFrame:NETEX_COMMUN:">version="1.1:FR-NETEX_COMMUN-2.2"</TypeOfFrameRef>
      <members>
        <Network version="any" id="CA_DU_MARSAN:Network:TMA_MontdeMarsan_:LOC">
          <Name>TMA (Mont de Marsan)</Name>
          <members>
            <LineRef ref="CA_DU_MARSAN:Line:53:LOC"/>
            <LineRef ref="CA_DU_MARSAN:Line:55:LOC"/>
            <LineRef ref="CA_DU_MARSAN:Line:56:LOC"/>
            <LineRef ref="CA_DU_MARSAN:Line:49:LOC"/>
            <LineRef ref="CA_DU_MARSAN:Line:54:LOC"/>
            <LineRef ref="CA_DU_MARSAN:Line:50:LOC"/>
            <LineRef ref="CA_DU_MARSAN:Line:51:LOC"/>
            <LineRef ref="CA_DU_MARSAN:Line:52:LOC"/>
          </members>
          <AuthorityRef ref="CA_DU_MARSAN:Authority:M2M:LOC" version="any"/>
        </Network>
        <Line version="any" id="CA_DU_MARSAN:Line:53:LOC">
          <keyList>
            <KeyValue>
              <Key>route_sort_order</Key>
              <Value>6</Value>
            </KeyValue>
          </keyList>
          <Name>Ligne E</Name>
          <ShortName>Ligne E</ShortName>
          <Description>Centre pénitentiaire&lt;=>Jouanas</Description>
          <TransportMode>bus</TransportMode>
          <PublicCode>E</PublicCode>
          <PrivateCode>53</PrivateCode>
          <OperatorRef ref="CA_DU_MARSAN:Operator:M2Mo:LOC" version="any"/>
          <Presentation>
            <Colour>F2A7BF</Colour>
            <TextColour>FFFFFF</TextColour>
          </Presentation>
          <AccessibilityAssessment version="any" id="CA_DU_MARSAN:AccessibilityAssessment:line_53:LOC">
            <MobilityImpairedAccess>false</MobilityImpairedAccess>
            <limitations>
              <AccessibilityLimitation version="any" id="CA_DU_MARSAN:AccessibilityLimitation:line_53:LOC">
                <WheelchairAccess>false</WheelchairAccess>
              </AccessibilityLimitation>
            </limitations>
          </AccessibilityAssessment>
        </Line>
        <Line version="any" id="CA_DU_MARSAN:Line:52:LOC">
          <keyList>
            <KeyValue>
              <Key>route_sort_order</Key>
              <Value>5</Value>
            </KeyValue>
          </keyList>
          <Name>Ligne D</Name>
          <ShortName>Ligne D</ShortName>
          <Description>Vignau&lt;=>Jouanas</Description>
          <TransportMode>bus</TransportMode>
          <PublicCode>D</PublicCode>
          <PrivateCode>52</PrivateCode>
          <OperatorRef ref="CA_DU_MARSAN:Operator:M2Mo:LOC" version="any"/>
          <Presentation>
            <Colour>F29400</Colour>
            <TextColour>FFFFFF</TextColour>
          </Presentation>
          <AccessibilityAssessment version="any" id="CA_DU_MARSAN:AccessibilityAssessment:line_52:LOC">
            <MobilityImpairedAccess>false</MobilityImpairedAccess>
            <limitations>
              <AccessibilityLimitation version="any" id="CA_DU_MARSAN:AccessibilityLimitation:line_52:LOC">
                <WheelchairAccess>false</WheelchairAccess>
              </AccessibilityLimitation>
            </limitations>
          </AccessibilityAssessment>
        </Line>
        <Line version="any" id="CA_DU_MARSAN:Line:55:LOC">
          <keyList>
            <KeyValue>
              <Key>route_sort_order</Key>
              <Value>7</Value>
            </KeyValue>
          </keyList>
          <Name>Ligne F</Name>
          <ShortName>Ligne F</ShortName>
          <Description>Vignau&lt;-->Bois Dormant</Description>
          <TransportMode>bus</TransportMode>
          <PublicCode>F</PublicCode>
          <PrivateCode>55</PrivateCode>
          <OperatorRef ref="CA_DU_MARSAN:Operator:M2Mo:LOC" version="any"/>
          <Presentation>
            <Colour>762B84</Colour>
            <TextColour>FFFFFF</TextColour>
          </Presentation>
          <AccessibilityAssessment version="any" id="CA_DU_MARSAN:AccessibilityAssessment:line_55:LOC">
            <MobilityImpairedAccess>false</MobilityImpairedAccess>
            <limitations>
              <AccessibilityLimitation version="any" id="CA_DU_MARSAN:AccessibilityLimitation:line_55:LOC">
                <WheelchairAccess>false</WheelchairAccess>
              </AccessibilityLimitation>
            </limitations>
          </AccessibilityAssessment>
        </Line>
        <Line version="any" id="CA_DU_MARSAN:Line:54:LOC">
          <keyList>
            <KeyValue>
              <Key>route_sort_order</Key>
              <Value>9</Value>
            </KeyValue>
          </keyList>
          <Name>Ligne N</Name>
          <ShortName>Ligne N</ShortName>
          <Description>Navette Centre Ville</Description>
          <TransportMode>bus</TransportMode>
          <PublicCode>N</PublicCode>
          <PrivateCode>54</PrivateCode>
          <OperatorRef ref="CA_DU_MARSAN:Operator:M2Mo:LOC" version="any"/>
          <Presentation>
            <Colour>E02B19</Colour>
            <TextColour>FFFFFF</TextColour>
          </Presentation>
          <AccessibilityAssessment version="any" id="CA_DU_MARSAN:AccessibilityAssessment:line_54:LOC">
            <MobilityImpairedAccess>false</MobilityImpairedAccess>
            <limitations>
              <AccessibilityLimitation version="any" id="CA_DU_MARSAN:AccessibilityLimitation:line_54:LOC">
                <WheelchairAccess>false</WheelchairAccess>
              </AccessibilityLimitation>
            </limitations>
          </AccessibilityAssessment>
        </Line>
        <Line version="any" id="CA_DU_MARSAN:Line:56:LOC">
          <keyList>
            <KeyValue>
              <Key>route_sort_order</Key>
              <Value>8</Value>
            </KeyValue>
          </keyList>
          <Name>Ligne G</Name>
          <ShortName>Ligne G</ShortName>
          <Description>Marcadé-Mi-Carrère</Description>
          <TransportMode>bus</TransportMode>
          <PublicCode>G</PublicCode>
          <PrivateCode>56</PrivateCode>
          <OperatorRef ref="CA_DU_MARSAN:Operator:M2Mo:LOC" version="any"/>
          <Presentation>
            <Colour>97BF0D</Colour>
            <TextColour>FFFFFF</TextColour>
          </Presentation>
          <AccessibilityAssessment version="any" id="CA_DU_MARSAN:AccessibilityAssessment:line_56:LOC">
            <MobilityImpairedAccess>false</MobilityImpairedAccess>
            <limitations>
              <AccessibilityLimitation version="any" id="CA_DU_MARSAN:AccessibilityLimitation:line_56:LOC">
                <WheelchairAccess>false</WheelchairAccess>
              </AccessibilityLimitation>
            </limitations>
          </AccessibilityAssessment>
        </Line>
        <Line version="any" id="CA_DU_MARSAN:Line:49:LOC">
          <keyList>
            <KeyValue>
              <Key>route_sort_order</Key>
              <Value>2</Value>
            </KeyValue>
          </keyList>
          <Name>Ligne A</Name>
          <ShortName>Ligne A</ShortName>
          <Description>Mamoura&lt;=>Centre Commercial</Description>
          <TransportMode>bus</TransportMode>
          <PublicCode>A</PublicCode>
          <PrivateCode>49</PrivateCode>
          <OperatorRef ref="CA_DU_MARSAN:Operator:M2Mo:LOC" version="any"/>
          <Presentation>
            <Colour>D4007A</Colour>
            <TextColour>FFFFFF</TextColour>
          </Presentation>
          <AccessibilityAssessment version="any" id="CA_DU_MARSAN:AccessibilityAssessment:line_49:LOC">
            <MobilityImpairedAccess>false</MobilityImpairedAccess>
            <limitations>
              <AccessibilityLimitation version="any" id="CA_DU_MARSAN:AccessibilityLimitation:line_49:LOC">
                <WheelchairAccess>false</WheelchairAccess>
              </AccessibilityLimitation>
            </limitations>
          </AccessibilityAssessment>
        </Line>
        <Line version="any" id="CA_DU_MARSAN:Line:50:LOC">
          <keyList>
            <KeyValue>
              <Key>route_sort_order</Key>
              <Value>3</Value>
            </KeyValue>
          </keyList>
          <Name>Ligne B</Name>
          <ShortName>Ligne B</ShortName>
          <Description>Base Aérienne&lt;=>La Téoulère</Description>
          <TransportMode>bus</TransportMode>
          <PublicCode>B</PublicCode>
          <PrivateCode>50</PrivateCode>
          <OperatorRef ref="CA_DU_MARSAN:Operator:M2Mo:LOC" version="any"/>
          <Presentation>
            <Colour>009EE0</Colour>
            <TextColour>FFFFFF</TextColour>
          </Presentation>
          <AccessibilityAssessment version="any" id="CA_DU_MARSAN:AccessibilityAssessment:line_50:LOC">
            <MobilityImpairedAccess>false</MobilityImpairedAccess>
            <limitations>
              <AccessibilityLimitation version="any" id="CA_DU_MARSAN:AccessibilityLimitation:line_50:LOC">
                <WheelchairAccess>false</WheelchairAccess>
              </AccessibilityLimitation>
            </limitations>
          </AccessibilityAssessment>
        </Line>
        <Authority version="any" id="CA_DU_MARSAN:Authority:M2M:LOC">
          <CompanyNumber>M2M</CompanyNumber>
          <Name>TMA (Mont de Marsan)</Name>
          <ContactDetails>
            <Phone>+33558450426</Phone>
            <Url>https://www.reseautma.com</Url>
          </ContactDetails>
          <OrganisationType>authority</OrganisationType>
        </Authority>
        <Operator version="any" id="CA_DU_MARSAN:Operator:M2Mo:LOC">
          <CompanyNumber>M2Mo</CompanyNumber>
          <Name>TMA (Mont de Marsan)</Name>
          <ContactDetails>
            <Phone>+33558450426</Phone>
            <Url>https://www.reseautma.com</Url>
          </ContactDetails>
          <OrganisationType>operator</OrganisationType>
        </Operator>
      </members>
    </GeneralFrame>
  </dataObjects>
</PublicationDelivery>