<?xml version='1.0' encoding='UTF-8'?>
<PublicationDelivery xmlns="http://www.netex.org.uk/netex" xmlns:gis="http://www.opengis.net/gml/3.2" xmlns:siri="http://www.siri.org.uk/siri" version="1.1:FR-NETEX_CALENDRIER-2.2">
  <PublicationTimestamp>2025-07-29T12:28:51Z</PublicationTimestamp>
  <ParticipantRef>CA_DU_MARSAN</ParticipantRef>
  <dataObjects>
    <GeneralFrame version="any" id="CA_DU_MARSAN:GeneralFrame:NETEX_CALENDRIER-20250729122851Z:LOC">
      <ValidBetween>
        <FromDate>2025-07-07T00:00:00</FromDate>
        <ToDate>2025-08-30T23:59:59</ToDate>
      </ValidBetween>
      <TypeOfFrameRef ref="FR:TypeOfFrame:NETEX_CALENDRIER:">version="1.1:FR-NETEX_CALENDRIER-2.2"</TypeOfFrameRef>
      <members>
        <DayType version="any" id="CA_DU_MARSAN:DayType:O2025_ETE______S__20250707-20250830:LOC">
          <properties>
            <PropertyOfDay>
              <DaysOfWeek>Saturday</DaysOfWeek>
            </PropertyOfDay>
          </properties>
        </DayType>
        <DayType version="any" id="CA_DU_MARSAN:DayType:O2025_ETE_LMCJVS__20250707-20250830:LOC">
          <properties>
            <PropertyOfDay>
              <DaysOfWeek>Monday</DaysOfWeek>
            </PropertyOfDay>
            <PropertyOfDay>
              <DaysOfWeek>Tuesday</DaysOfWeek>
            </PropertyOfDay>
            <PropertyOfDay>
              <DaysOfWeek>Wednesday</DaysOfWeek>
            </PropertyOfDay>
            <PropertyOfDay>
              <DaysOfWeek>Thursday</DaysOfWeek>
            </PropertyOfDay>
            <PropertyOfDay>
              <DaysOfWeek>Friday</DaysOfWeek>
            </PropertyOfDay>
            <PropertyOfDay>
              <DaysOfWeek>Saturday</DaysOfWeek>
            </PropertyOfDay>
          </properties>
        </DayType>
        <DayType version="any" id="CA_DU_MARSAN:DayType:O2025_ETE_LMCJV___20250707-20250830:LOC">
          <properties>
            <PropertyOfDay>
              <DaysOfWeek>Monday</DaysOfWeek>
            </PropertyOfDay>
            <PropertyOfDay>
              <DaysOfWeek>Tuesday</DaysOfWeek>
            </PropertyOfDay>
            <PropertyOfDay>
              <DaysOfWeek>Wednesday</DaysOfWeek>
            </PropertyOfDay>
            <PropertyOfDay>
              <DaysOfWeek>Thursday</DaysOfWeek>
            </PropertyOfDay>
            <PropertyOfDay>
              <DaysOfWeek>Friday</DaysOfWeek>
            </PropertyOfDay>
          </properties>
        </DayType>
        <OperatingPeriod version="any" id="CA_DU_MARSAN:OperatingPeriod:O2025_ETE_LMCJVS__20250707-20250830-0:LOC">
          <FromDate>2025-07-07T00:00:00</FromDate>
          <ToDate>2025-08-30T23:59:59</ToDate>
        </OperatingPeriod>
        <OperatingPeriod version="any" id="CA_DU_MARSAN:OperatingPeriod:O2025_ETE_LMCJV___20250707-20250830-0:LOC">
          <FromDate>2025-07-07T00:00:00</FromDate>
          <ToDate>2025-08-30T23:59:59</ToDate>
        </OperatingPeriod>
        <OperatingPeriod version="any" id="CA_DU_MARSAN:OperatingPeriod:O2025_ETE______S__20250707-20250830-0:LOC">
          <FromDate>2025-07-07T00:00:00</FromDate>
          <ToDate>2025-08-30T23:59:59</ToDate>
        </OperatingPeriod>
        <DayTypeAssignment order="0" version="any" id="CA_DU_MARSAN:DayTypeAssignment:O2025_ETE_LMCJVS__20250707-202508300:LOC">
          <OperatingPeriodRef ref="CA_DU_MARSAN:OperatingPeriod:O2025_ETE_LMCJVS__20250707-20250830-0:LOC" version="any"/>
          <DayTypeRef ref="CA_DU_MARSAN:DayType:O2025_ETE_LMCJVS__20250707-20250830:LOC" version="any"/>
        </DayTypeAssignment>
        <DayTypeAssignment order="0" version="any" id="CA_DU_MARSAN:DayTypeAssignment:O2025_ETE_LMCJV___20250707-2025083016:LOC">
          <OperatingPeriodRef ref="CA_DU_MARSAN:OperatingPeriod:O2025_ETE_LMCJV___20250707-20250830-0:LOC" version="any"/>
          <DayTypeRef ref="CA_DU_MARSAN:DayType:O2025_ETE_LMCJV___20250707-20250830:LOC" version="any"/>
        </DayTypeAssignment>
        <DayTypeAssignment order="0" version="any" id="CA_DU_MARSAN:DayTypeAssignment:O2025_ETE______S__20250707-2025083032:LOC">
          <OperatingPeriodRef ref="CA_DU_MARSAN:OperatingPeriod:O2025_ETE______S__20250707-20250830-0:LOC" version="any"/>
          <DayTypeRef ref="CA_DU_MARSAN:DayType:O2025_ETE______S__20250707-20250830:LOC" version="any"/>
        </DayTypeAssignment>
        <DayTypeAssignment order="0" version="any" id="CA_DU_MARSAN:DayTypeAssignment:O2025_ETE_LMCJVS__20250707-2025083010:LOC">
          <Date>2025-07-27</Date>
          <DayTypeRef ref="CA_DU_MARSAN:DayType:O2025_ETE_LMCJVS__20250707-20250830:LOC" version="any"/>
          <isAvailable>false</isAvailable>
        </DayTypeAssignment>
        <DayTypeAssignment order="0" version="any" id="CA_DU_MARSAN:DayTypeAssignment:O2025_ETE_LMCJVS__20250707-2025083011:LOC">
          <Date>2025-08-03</Date>
          <DayTypeRef ref="CA_DU_MARSAN:DayType:O2025_ETE_LMCJVS__20250707-20250830:LOC" version="any"/>
          <isAvailable>false</isAvailable>
        </DayTypeAssignment>
        <DayTypeAssignment order="0" version="any" id="CA_DU_MARSAN:DayTypeAssignment:O2025_ETE_LMCJVS__20250707-2025083012:LOC">
          <Date>2025-08-10</Date>
          <DayTypeRef ref="CA_DU_MARSAN:DayType:O2025_ETE_LMCJVS__20250707-20250830:LOC" version="any"/>
          <isAvailable>false</isAvailable>
        </DayTypeAssignment>
        <DayTypeAssignment order="0" version="any" id="CA_DU_MARSAN:DayTypeAssignment:O2025_ETE_LMCJVS__20250707-2025083013:LOC">
          <Date>2025-08-15</Date>
          <DayTypeRef ref="CA_DU_MARSAN:DayType:O2025_ETE_LMCJVS__20250707-20250830:LOC" version="any"/>
          <isAvailable>false</isAvailable>
        </DayTypeAssignment>
        <DayTypeAssignment order="0" version="any" id="CA_DU_MARSAN:DayTypeAssignment:O2025_ETE_LMCJVS__20250707-2025083014:LOC">
          <Date>2025-08-17</Date>
          <DayTypeRef ref="CA_DU_MARSAN:DayType:O2025_ETE_LMCJVS__20250707-20250830:LOC" version="any"/>
          <isAvailable>false</isAvailable>
        </DayTypeAssignment>
        <DayTypeAssignment order="0" version="any" id="CA_DU_MARSAN:DayTypeAssignment:O2025_ETE_LMCJVS__20250707-2025083015:LOC">
          <Date>2025-08-24</Date>
          <DayTypeRef ref="CA_DU_MARSAN:DayType:O2025_ETE_LMCJVS__20250707-20250830:LOC" version="any"/>
          <isAvailable>false</isAvailable>
        </DayTypeAssignment>
        <DayTypeAssignment order="0" version="any" id="CA_DU_MARSAN:DayTypeAssignment:O2025_ETE_LMCJVS__20250707-202508301:LOC">
          <Date>2025-07-13</Date>
          <DayTypeRef ref="CA_DU_MARSAN:DayType:O2025_ETE_LMCJVS__20250707-20250830:LOC" version="any"/>
          <isAvailable>false</isAvailable>
        </DayTypeAssignment>
        <DayTypeAssignment order="0" version="any" id="CA_DU_MARSAN:DayTypeAssignment:O2025_ETE_LMCJVS__20250707-202508302:LOC">
          <Date>2025-07-14</Date>
          <DayTypeRef ref="CA_DU_MARSAN:DayType:O2025_ETE_LMCJVS__20250707-20250830:LOC" version="any"/>
          <isAvailable>false</isAvailable>
        </DayTypeAssignment>
        <DayTypeAssignment order="0" version="any" id="CA_DU_MARSAN:DayTypeAssignment:O2025_ETE_LMCJVS__20250707-202508303:LOC">
          <Date>2025-07-15</Date>
          <DayTypeRef ref="CA_DU_MARSAN:DayType:O2025_ETE_LMCJVS__20250707-20250830:LOC" version="any"/>
          <isAvailable>false</isAvailable>
        </DayTypeAssignment>
        <DayTypeAssignment order="0" version="any" id="CA_DU_MARSAN:DayTypeAssignment:O2025_ETE_LMCJVS__20250707-202508304:LOC">
          <Date>2025-07-16</Date>
          <DayTypeRef ref="CA_DU_MARSAN:DayType:O2025_ETE_LMCJVS__20250707-20250830:LOC" version="any"/>
          <isAvailable>false</isAvailable>
        </DayTypeAssignment>
        <DayTypeAssignment order="0" version="any" id="CA_DU_MARSAN:DayTypeAssignment:O2025_ETE_LMCJVS__20250707-202508305:LOC">
          <Date>2025-07-17</Date>
          <DayTypeRef ref="CA_DU_MARSAN:DayType:O2025_ETE_LMCJVS__20250707-20250830:LOC" version="any"/>
          <isAvailable>false</isAvailable>
        </DayTypeAssignment>
        <DayTypeAssignment order="0" version="any" id="CA_DU_MARSAN:DayTypeAssignment:O2025_ETE_LMCJVS__20250707-202508306:LOC">
          <Date>2025-07-18</Date>
          <DayTypeRef ref="CA_DU_MARSAN:DayType:O2025_ETE_LMCJVS__20250707-20250830:LOC" version="any"/>
          <isAvailable>false</isAvailable>
        </DayTypeAssignment>
        <DayTypeAssignment order="0" version="any" id="CA_DU_MARSAN:DayTypeAssignment:O2025_ETE_LMCJVS__20250707-202508307:LOC">
          <Date>2025-07-19</Date>
          <DayTypeRef ref="CA_DU_MARSAN:DayType:O2025_ETE_LMCJVS__20250707-20250830:LOC" version="any"/>
          <isAvailable>false</isAvailable>
        </DayTypeAssignment>
        <DayTypeAssignment order="0" version="any" id="CA_DU_MARSAN:DayTypeAssignment:O2025_ETE_LMCJVS__20250707-202508308:LOC">
          <Date>2025-07-20</Date>
          <DayTypeRef ref="CA_DU_MARSAN:DayType:O2025_ETE_LMCJVS__20250707-20250830:LOC" version="any"/>
          <isAvailable>false</isAvailable>
        </DayTypeAssignment>
        <DayTypeAssignment order="0" version="any" id="CA_DU_MARSAN:DayTypeAssignment:O2025_ETE_LMCJVS__20250707-202508309:LOC">
          <Date>2025-07-21</Date>
          <DayTypeRef ref="CA_DU_MARSAN:DayType:O2025_ETE_LMCJVS__20250707-20250830:LOC" version="any"/>
          <isAvailable>false</isAvailable>
        </DayTypeAssignment>
        <DayTypeAssignment order="0" version="any" id="CA_DU_MARSAN:DayTypeAssignment:O2025_ETE_LMCJV___20250707-2025083017:LOC">
          <Date>2025-07-13</Date>
          <DayTypeRef ref="CA_DU_MARSAN:DayType:O2025_ETE_LMCJV___20250707-20250830:LOC" version="any"/>
          <isAvailable>false</isAvailable>
        </DayTypeAssignment>
        <DayTypeAssignment order="0" version="any" id="CA_DU_MARSAN:DayTypeAssignment:O2025_ETE_LMCJV___20250707-2025083018:LOC">
          <Date>2025-07-14</Date>
          <DayTypeRef ref="CA_DU_MARSAN:DayType:O2025_ETE_LMCJV___20250707-20250830:LOC" version="any"/>
          <isAvailable>false</isAvailable>
        </DayTypeAssignment>
        <DayTypeAssignment order="0" version="any" id="CA_DU_MARSAN:DayTypeAssignment:O2025_ETE_LMCJV___20250707-2025083019:LOC">
          <Date>2025-07-15</Date>
          <DayTypeRef ref="CA_DU_MARSAN:DayType:O2025_ETE_LMCJV___20250707-20250830:LOC" version="any"/>
          <isAvailable>false</isAvailable>
        </DayTypeAssignment>
        <DayTypeAssignment order="0" version="any" id="CA_DU_MARSAN:DayTypeAssignment:O2025_ETE_LMCJV___20250707-2025083020:LOC">
          <Date>2025-07-16</Date>
          <DayTypeRef ref="CA_DU_MARSAN:DayType:O2025_ETE_LMCJV___20250707-20250830:LOC" version="any"/>
          <isAvailable>false</isAvailable>
        </DayTypeAssignment>
        <DayTypeAssignment order="0" version="any" id="CA_DU_MARSAN:DayTypeAssignment:O2025_ETE_LMCJV___20250707-2025083021:LOC">
          <Date>2025-07-17</Date>
          <DayTypeRef ref="CA_DU_MARSAN:DayType:O2025_ETE_LMCJV___20250707-20250830:LOC" version="any"/>
          <isAvailable>false</isAvailable>
        </DayTypeAssignment>
        <DayTypeAssignment order="0" version="any" id="CA_DU_MARSAN:DayTypeAssignment:O2025_ETE_LMCJV___20250707-2025083022:LOC">
          <Date>2025-07-18</Date>
          <DayTypeRef ref="CA_DU_MARSAN:DayType:O2025_ETE_LMCJV___20250707-20250830:LOC" version="any"/>
          <isAvailable>false</isAvailable>
        </DayTypeAssignment>
        <DayTypeAssignment order="0" version="any" id="CA_DU_MARSAN:DayTypeAssignment:O2025_ETE_LMCJV___20250707-2025083023:LOC">
          <Date>2025-07-19</Date>
          <DayTypeRef ref="CA_DU_MARSAN:DayType:O2025_ETE_LMCJV___20250707-20250830:LOC" version="any"/>
          <isAvailable>false</isAvailable>
        </DayTypeAssignment>
        <DayTypeAssignment order="0" version="any" id="CA_DU_MARSAN:DayTypeAssignment:O2025_ETE_LMCJV___20250707-2025083024:LOC">
          <Date>2025-07-20</Date>
          <DayTypeRef ref="CA_DU_MARSAN:DayType:O2025_ETE_LMCJV___20250707-20250830:LOC" version="any"/>
          <isAvailable>false</isAvailable>
        </DayTypeAssignment>
        <DayTypeAssignment order="0" version="any" id="CA_DU_MARSAN:DayTypeAssignment:O2025_ETE_LMCJV___20250707-2025083025:LOC">
          <Date>2025-07-21</Date>
          <DayTypeRef ref="CA_DU_MARSAN:DayType:O2025_ETE_LMCJV___20250707-20250830:LOC" version="any"/>
          <isAvailable>false</isAvailable>
        </DayTypeAssignment>
        <DayTypeAssignment order="0" version="any" id="CA_DU_MARSAN:DayTypeAssignment:O2025_ETE_LMCJV___20250707-2025083026:LOC">
          <Date>2025-07-27</Date>
          <DayTypeRef ref="CA_DU_MARSAN:DayType:O2025_ETE_LMCJV___20250707-20250830:LOC" version="any"/>
          <isAvailable>false</isAvailable>
        </DayTypeAssignment>
        <DayTypeAssignment order="0" version="any" id="CA_DU_MARSAN:DayTypeAssignment:O2025_ETE_LMCJV___20250707-2025083027:LOC">
          <Date>2025-08-03</Date>
          <DayTypeRef ref="CA_DU_MARSAN:DayType:O2025_ETE_LMCJV___20250707-20250830:LOC" version="any"/>
          <isAvailable>false</isAvailable>
        </DayTypeAssignment>
        <DayTypeAssignment order="0" version="any" id="CA_DU_MARSAN:DayTypeAssignment:O2025_ETE_LMCJV___20250707-2025083028:LOC">
          <Date>2025-08-10</Date>
          <DayTypeRef ref="CA_DU_MARSAN:DayType:O2025_ETE_LMCJV___20250707-20250830:LOC" version="any"/>
          <isAvailable>false</isAvailable>
        </DayTypeAssignment>
        <DayTypeAssignment order="0" version="any" id="CA_DU_MARSAN:DayTypeAssignment:O2025_ETE_LMCJV___20250707-2025083029:LOC">
          <Date>2025-08-15</Date>
          <DayTypeRef ref="CA_DU_MARSAN:DayType:O2025_ETE_LMCJV___20250707-20250830:LOC" version="any"/>
          <isAvailable>false</isAvailable>
        </DayTypeAssignment>
        <DayTypeAssignment order="0" version="any" id="CA_DU_MARSAN:DayTypeAssignment:O2025_ETE_LMCJV___20250707-2025083030:LOC">
          <Date>2025-08-17</Date>
          <DayTypeRef ref="CA_DU_MARSAN:DayType:O2025_ETE_LMCJV___20250707-20250830:LOC" version="any"/>
          <isAvailable>false</isAvailable>
        </DayTypeAssignment>
        <DayTypeAssignment order="0" version="any" id="CA_DU_MARSAN:DayTypeAssignment:O2025_ETE_LMCJV___20250707-2025083031:LOC">
          <Date>2025-08-24</Date>
          <DayTypeRef ref="CA_DU_MARSAN:DayType:O2025_ETE_LMCJV___20250707-20250830:LOC" version="any"/>
          <isAvailable>false</isAvailable>
        </DayTypeAssignment>
        <DayTypeAssignment order="0" version="any" id="CA_DU_MARSAN:DayTypeAssignment:O2025_ETE______S__20250707-2025083033:LOC">
          <Date>2025-07-13</Date>
          <DayTypeRef ref="CA_DU_MARSAN:DayType:O2025_ETE______S__20250707-20250830:LOC" version="any"/>
          <isAvailable>false</isAvailable>
        </DayTypeAssignment>
        <DayTypeAssignment order="0" version="any" id="CA_DU_MARSAN:DayTypeAssignment:O2025_ETE______S__20250707-2025083034:LOC">
          <Date>2025-07-14</Date>
          <DayTypeRef ref="CA_DU_MARSAN:DayType:O2025_ETE______S__20250707-20250830:LOC" version="any"/>
          <isAvailable>false</isAvailable>
        </DayTypeAssignment>
        <DayTypeAssignment order="0" version="any" id="CA_DU_MARSAN:DayTypeAssignment:O2025_ETE______S__20250707-2025083035:LOC">
          <Date>2025-07-15</Date>
          <DayTypeRef ref="CA_DU_MARSAN:DayType:O2025_ETE______S__20250707-20250830:LOC" version="any"/>
          <isAvailable>false</isAvailable>
        </DayTypeAssignment>
        <DayTypeAssignment order="0" version="any" id="CA_DU_MARSAN:DayTypeAssignment:O2025_ETE______S__20250707-2025083036:LOC">
          <Date>2025-07-16</Date>
          <DayTypeRef ref="CA_DU_MARSAN:DayType:O2025_ETE______S__20250707-20250830:LOC" version="any"/>
          <isAvailable>false</isAvailable>
        </DayTypeAssignment>
        <DayTypeAssignment order="0" version="any" id="CA_DU_MARSAN:DayTypeAssignment:O2025_ETE______S__20250707-2025083037:LOC">
          <Date>2025-07-17</Date>
          <DayTypeRef ref="CA_DU_MARSAN:DayType:O2025_ETE______S__20250707-20250830:LOC" version="any"/>
          <isAvailable>false</isAvailable>
        </DayTypeAssignment>
        <DayTypeAssignment order="0" version="any" id="CA_DU_MARSAN:DayTypeAssignment:O2025_ETE______S__20250707-2025083038:LOC">
          <Date>2025-07-18</Date>
          <DayTypeRef ref="CA_DU_MARSAN:DayType:O2025_ETE______S__20250707-20250830:LOC" version="any"/>
          <isAvailable>false</isAvailable>
        </DayTypeAssignment>
        <DayTypeAssignment order="0" version="any" id="CA_DU_MARSAN:DayTypeAssignment:O2025_ETE______S__20250707-2025083039:LOC">
          <Date>2025-07-19</Date>
          <DayTypeRef ref="CA_DU_MARSAN:DayType:O2025_ETE______S__20250707-20250830:LOC" version="any"/>
          <isAvailable>false</isAvailable>
        </DayTypeAssignment>
        <DayTypeAssignment order="0" version="any" id="CA_DU_MARSAN:DayTypeAssignment:O2025_ETE______S__20250707-2025083040:LOC">
          <Date>2025-07-20</Date>
          <DayTypeRef ref="CA_DU_MARSAN:DayType:O2025_ETE______S__20250707-20250830:LOC" version="any"/>
          <isAvailable>false</isAvailable>
        </DayTypeAssignment>
        <DayTypeAssignment order="0" version="any" id="CA_DU_MARSAN:DayTypeAssignment:O2025_ETE______S__20250707-2025083041:LOC">
          <Date>2025-07-21</Date>
          <DayTypeRef ref="CA_DU_MARSAN:DayType:O2025_ETE______S__20250707-20250830:LOC" version="any"/>
          <isAvailable>false</isAvailable>
        </DayTypeAssignment>
        <DayTypeAssignment order="0" version="any" id="CA_DU_MARSAN:DayTypeAssignment:O2025_ETE______S__20250707-2025083042:LOC">
          <Date>2025-07-27</Date>
          <DayTypeRef ref="CA_DU_MARSAN:DayType:O2025_ETE______S__20250707-20250830:LOC" version="any"/>
          <isAvailable>false</isAvailable>
        </DayTypeAssignment>
        <DayTypeAssignment order="0" version="any" id="CA_DU_MARSAN:DayTypeAssignment:O2025_ETE______S__20250707-2025083043:LOC">
          <Date>2025-08-03</Date>
          <DayTypeRef ref="CA_DU_MARSAN:DayType:O2025_ETE______S__20250707-20250830:LOC" version="any"/>
          <isAvailable>false</isAvailable>
        </DayTypeAssignment>
        <DayTypeAssignment order="0" version="any" id="CA_DU_MARSAN:DayTypeAssignment:O2025_ETE______S__20250707-2025083044:LOC">
          <Date>2025-08-10</Date>
          <DayTypeRef ref="CA_DU_MARSAN:DayType:O2025_ETE______S__20250707-20250830:LOC" version="any"/>
          <isAvailable>false</isAvailable>
        </DayTypeAssignment>
        <DayTypeAssignment order="0" version="any" id="CA_DU_MARSAN:DayTypeAssignment:O2025_ETE______S__20250707-2025083045:LOC">
          <Date>2025-08-15</Date>
          <DayTypeRef ref="CA_DU_MARSAN:DayType:O2025_ETE______S__20250707-20250830:LOC" version="any"/>
          <isAvailable>false</isAvailable>
        </DayTypeAssignment>
        <DayTypeAssignment order="0" version="any" id="CA_DU_MARSAN:DayTypeAssignment:O2025_ETE______S__20250707-2025083046:LOC">
          <Date>2025-08-17</Date>
          <DayTypeRef ref="CA_DU_MARSAN:DayType:O2025_ETE______S__20250707-20250830:LOC" version="any"/>
          <isAvailable>false</isAvailable>
        </DayTypeAssignment>
        <DayTypeAssignment order="0" version="any" id="CA_DU_MARSAN:DayTypeAssignment:O2025_ETE______S__20250707-2025083047:LOC">
          <Date>2025-08-24</Date>
          <DayTypeRef ref="CA_DU_MARSAN:DayType:O2025_ETE______S__20250707-20250830:LOC" version="any"/>
          <isAvailable>false</isAvailable>
        </DayTypeAssignment>
      </members>
    </GeneralFrame>
  </dataObjects>
</PublicationDelivery>