<?xml version="1.0" encoding="UTF-8"?>
<PublicationDelivery xmlns:xsi="http://www.w3.org/2001/XMLSchema-instance"
                     xsi:schemaLocation="http://www.netex.org.uk/netex"
                     xmlns="http://www.netex.org.uk/netex"
                     xmlns:xlink="http://www.w3.org/1999/xlink"
                     xmlns:ifopt="http://www.ifopt.org.uk/ifopt"
                     xmlns:gml="http://www.opengis.net/gml/3.2"
                     xmlns:core="http://www.govtalk.gov.uk/core"
                     xmlns:siri="http://www.siri.org.uk/siri"
                     version="1.10:FR-NETEX-2.2">
   <PublicationTimestamp>2025-08-19T15:26:23+02:00</PublicationTimestamp>
   <ParticipantRef>CAC</ParticipantRef>
   <Description>Offre sur la période du 19/08/2025 au 31/10/2025</Description>
   <dataObjects>
      <CompositeFrame id="FR:CompositeFrame:NETEX_FRANCE-20250819T152623:LOC" version="1.0">
         <FrameDefaults>
            <DefaultLocale>
               <TimeZone>Europe/Paris</TimeZone>
               <DefaultLanguage>fr</DefaultLanguage>
            </DefaultLocale>
            <DefaultLocationSystem>WGS84</DefaultLocationSystem>
            <DefaultSystemOfUnits>SiMetres</DefaultSystemOfUnits>
         </FrameDefaults>
         <frames>
            <ResourceFrame id="FR:ResourceFrame:1" version="any">
               <typesOfValue>
                  <ValueSet id="FR:ValueSet:TypeOfFrame" nameOfClass="TypeOfFrame" version="any">
                     <Name>TypeOfFrame</Name>
                     <values>
                        <TypeOfFrame id="FR:TypeOfFrame:NETEX_CALENDRIER" version="any">
                           <Name>NETEX_CALENDRIER</Name>
                        </TypeOfFrame>
                     </values>
                  </ValueSet>
               </typesOfValue>
            </ResourceFrame>
            <GeneralFrame id="FR:GeneralFrame:NETEX_CALENDRIER-20250819T152623:LOC" version="1.0" dataSourceRef="CAC">
               <ValidBetween>
                  <FromDate>2025-08-19T00:00:00</FromDate>
                  <ToDate>2025-10-31T00:00:00</ToDate>
               </ValidBetween>
               <TypeOfFrameRef ref="FR:TypeOfFrame:NETEX_CALENDRIER"/>
               <members>
                  <DayType id="CAC:Timetable:DayType:363:LOC" version="1">
                     <Name>3</Name>
                     <properties>
                        <PropertyOfDay>
                           <DaysOfWeek>Saturday</DaysOfWeek>
                        </PropertyOfDay>
                        <PropertyOfDay>
                           <DaysOfWeek>Friday</DaysOfWeek>
                        </PropertyOfDay>
                        <PropertyOfDay>
                           <DaysOfWeek>Thursday</DaysOfWeek>
                        </PropertyOfDay>
                        <PropertyOfDay>
                           <DaysOfWeek>Wednesday</DaysOfWeek>
                        </PropertyOfDay>
                        <PropertyOfDay>
                           <DaysOfWeek>Tuesday</DaysOfWeek>
                        </PropertyOfDay>
                        <PropertyOfDay>
                           <DaysOfWeek>Monday</DaysOfWeek>
                        </PropertyOfDay>
                     </properties>
                  </DayType>
                  <DayType id="CAC:Timetable:DayType:131:LOC" version="1">
                     <Name>1</Name>
                     <properties>
                        <PropertyOfDay>
                           <DaysOfWeek>Friday</DaysOfWeek>
                        </PropertyOfDay>
                        <PropertyOfDay>
                           <DaysOfWeek>Thursday</DaysOfWeek>
                        </PropertyOfDay>
                        <PropertyOfDay>
                           <DaysOfWeek>Wednesday</DaysOfWeek>
                        </PropertyOfDay>
                        <PropertyOfDay>
                           <DaysOfWeek>Tuesday</DaysOfWeek>
                        </PropertyOfDay>
                        <PropertyOfDay>
                           <DaysOfWeek>Monday</DaysOfWeek>
                        </PropertyOfDay>
                     </properties>
                  </DayType>
                  <DayType id="CAC:Timetable:DayType:564:LOC" version="1">
                     <Name>5</Name>
                     <properties>
                        <PropertyOfDay>
                           <DaysOfWeek>Sunday</DaysOfWeek>
                        </PropertyOfDay>
                     </properties>
                  </DayType>
                  <DayType id="CAC:Timetable:DayType:232:LOC" version="1">
                     <Name>2</Name>
                     <properties>
                        <PropertyOfDay>
                           <DaysOfWeek>Saturday</DaysOfWeek>
                        </PropertyOfDay>
                     </properties>
                  </DayType>
                  <DayType id="CAC:Timetable:DayType:663:LOC" version="1">
                     <Name>6</Name>
                     <properties>
                        <PropertyOfDay>
                           <DaysOfWeek>Saturday</DaysOfWeek>
                        </PropertyOfDay>
                        <PropertyOfDay>
                           <DaysOfWeek>Friday</DaysOfWeek>
                        </PropertyOfDay>
                        <PropertyOfDay>
                           <DaysOfWeek>Thursday</DaysOfWeek>
                        </PropertyOfDay>
                        <PropertyOfDay>
                           <DaysOfWeek>Wednesday</DaysOfWeek>
                        </PropertyOfDay>
                        <PropertyOfDay>
                           <DaysOfWeek>Tuesday</DaysOfWeek>
                        </PropertyOfDay>
                        <PropertyOfDay>
                           <DaysOfWeek>Monday</DaysOfWeek>
                        </PropertyOfDay>
                     </properties>
                  </DayType>
                  <DayType id="CAC:Timetable:DayType:731:LOC" version="1">
                     <Name>7</Name>
                     <properties>
                        <PropertyOfDay>
                           <DaysOfWeek>Friday</DaysOfWeek>
                        </PropertyOfDay>
                        <PropertyOfDay>
                           <DaysOfWeek>Thursday</DaysOfWeek>
                        </PropertyOfDay>
                        <PropertyOfDay>
                           <DaysOfWeek>Wednesday</DaysOfWeek>
                        </PropertyOfDay>
                        <PropertyOfDay>
                           <DaysOfWeek>Tuesday</DaysOfWeek>
                        </PropertyOfDay>
                        <PropertyOfDay>
                           <DaysOfWeek>Monday</DaysOfWeek>
                        </PropertyOfDay>
                     </properties>
                  </DayType>
                  <DayType id="CAC:Timetable:DayType:432:LOC" version="1">
                     <Name>4</Name>
                     <properties>
                        <PropertyOfDay>
                           <DaysOfWeek>Saturday</DaysOfWeek>
                        </PropertyOfDay>
                     </properties>
                  </DayType>
                  <DayTypeAssignment id="CAC:Timetable:DayTypeAssignment:1:LOC" version="any" order="0">
                     <Date>2025-08-19</Date>
                     <DayTypeRef ref="CAC:Timetable:DayType:363:LOC" versionRef="1"/>
                     <isAvailable>true</isAvailable>
                  </DayTypeAssignment>
                  <DayTypeAssignment id="CAC:Timetable:DayTypeAssignment:2:LOC" version="any" order="0">
                     <Date>2025-08-20</Date>
                     <DayTypeRef ref="CAC:Timetable:DayType:363:LOC" versionRef="1"/>
                     <isAvailable>true</isAvailable>
                  </DayTypeAssignment>
                  <DayTypeAssignment id="CAC:Timetable:DayTypeAssignment:3:LOC" version="any" order="0">
                     <Date>2025-08-21</Date>
                     <DayTypeRef ref="CAC:Timetable:DayType:363:LOC" versionRef="1"/>
                     <isAvailable>true</isAvailable>
                  </DayTypeAssignment>
                  <DayTypeAssignment id="CAC:Timetable:DayTypeAssignment:4:LOC" version="any" order="0">
                     <Date>2025-08-22</Date>
                     <DayTypeRef ref="CAC:Timetable:DayType:363:LOC" versionRef="1"/>
                     <isAvailable>true</isAvailable>
                  </DayTypeAssignment>
                  <DayTypeAssignment id="CAC:Timetable:DayTypeAssignment:5:LOC" version="any" order="0">
                     <Date>2025-08-23</Date>
                     <DayTypeRef ref="CAC:Timetable:DayType:363:LOC" versionRef="1"/>
                     <isAvailable>true</isAvailable>
                  </DayTypeAssignment>
                  <DayTypeAssignment id="CAC:Timetable:DayTypeAssignment:6:LOC" version="any" order="0">
                     <Date>2025-08-25</Date>
                     <DayTypeRef ref="CAC:Timetable:DayType:363:LOC" versionRef="1"/>
                     <isAvailable>true</isAvailable>
                  </DayTypeAssignment>
                  <DayTypeAssignment id="CAC:Timetable:DayTypeAssignment:7:LOC" version="any" order="0">
                     <Date>2025-08-26</Date>
                     <DayTypeRef ref="CAC:Timetable:DayType:363:LOC" versionRef="1"/>
                     <isAvailable>true</isAvailable>
                  </DayTypeAssignment>
                  <DayTypeAssignment id="CAC:Timetable:DayTypeAssignment:8:LOC" version="any" order="0">
                     <Date>2025-08-27</Date>
                     <DayTypeRef ref="CAC:Timetable:DayType:363:LOC" versionRef="1"/>
                     <isAvailable>true</isAvailable>
                  </DayTypeAssignment>
                  <DayTypeAssignment id="CAC:Timetable:DayTypeAssignment:9:LOC" version="any" order="0">
                     <Date>2025-08-28</Date>
                     <DayTypeRef ref="CAC:Timetable:DayType:363:LOC" versionRef="1"/>
                     <isAvailable>true</isAvailable>
                  </DayTypeAssignment>
                  <DayTypeAssignment id="CAC:Timetable:DayTypeAssignment:10:LOC" version="any" order="0">
                     <Date>2025-08-29</Date>
                     <DayTypeRef ref="CAC:Timetable:DayType:363:LOC" versionRef="1"/>
                     <isAvailable>true</isAvailable>
                  </DayTypeAssignment>
                  <DayTypeAssignment id="CAC:Timetable:DayTypeAssignment:11:LOC" version="any" order="0">
                     <Date>2025-08-30</Date>
                     <DayTypeRef ref="CAC:Timetable:DayType:363:LOC" versionRef="1"/>
                     <isAvailable>true</isAvailable>
                  </DayTypeAssignment>
                  <DayTypeAssignment id="CAC:Timetable:DayTypeAssignment:12:LOC" version="any" order="0">
                     <Date>2025-09-06</Date>
                     <DayTypeRef ref="CAC:Timetable:DayType:363:LOC" versionRef="1"/>
                     <isAvailable>true</isAvailable>
                  </DayTypeAssignment>
                  <DayTypeAssignment id="CAC:Timetable:DayTypeAssignment:13:LOC" version="any" order="0">
                     <Date>2025-09-13</Date>
                     <DayTypeRef ref="CAC:Timetable:DayType:363:LOC" versionRef="1"/>
                     <isAvailable>true</isAvailable>
                  </DayTypeAssignment>
                  <DayTypeAssignment id="CAC:Timetable:DayTypeAssignment:14:LOC" version="any" order="0">
                     <Date>2025-09-20</Date>
                     <DayTypeRef ref="CAC:Timetable:DayType:363:LOC" versionRef="1"/>
                     <isAvailable>true</isAvailable>
                  </DayTypeAssignment>
                  <DayTypeAssignment id="CAC:Timetable:DayTypeAssignment:15:LOC" version="any" order="0">
                     <Date>2025-09-27</Date>
                     <DayTypeRef ref="CAC:Timetable:DayType:363:LOC" versionRef="1"/>
                     <isAvailable>true</isAvailable>
                  </DayTypeAssignment>
                  <DayTypeAssignment id="CAC:Timetable:DayTypeAssignment:16:LOC" version="any" order="0">
                     <Date>2025-10-04</Date>
                     <DayTypeRef ref="CAC:Timetable:DayType:363:LOC" versionRef="1"/>
                     <isAvailable>true</isAvailable>
                  </DayTypeAssignment>
                  <DayTypeAssignment id="CAC:Timetable:DayTypeAssignment:17:LOC" version="any" order="0">
                     <Date>2025-10-11</Date>
                     <DayTypeRef ref="CAC:Timetable:DayType:363:LOC" versionRef="1"/>
                     <isAvailable>true</isAvailable>
                  </DayTypeAssignment>
                  <DayTypeAssignment id="CAC:Timetable:DayTypeAssignment:18:LOC" version="any" order="0">
                     <Date>2025-10-18</Date>
                     <DayTypeRef ref="CAC:Timetable:DayType:363:LOC" versionRef="1"/>
                     <isAvailable>true</isAvailable>
                  </DayTypeAssignment>
                  <DayTypeAssignment id="CAC:Timetable:DayTypeAssignment:19:LOC" version="any" order="0">
                     <Date>2025-10-25</Date>
                     <DayTypeRef ref="CAC:Timetable:DayType:363:LOC" versionRef="1"/>
                     <isAvailable>true</isAvailable>
                  </DayTypeAssignment>
                  <DayTypeAssignment id="CAC:Timetable:DayTypeAssignment:20:LOC" version="any" order="0">
                     <Date>2025-09-01</Date>
                     <DayTypeRef ref="CAC:Timetable:DayType:131:LOC" versionRef="1"/>
                     <isAvailable>true</isAvailable>
                  </DayTypeAssignment>
                  <DayTypeAssignment id="CAC:Timetable:DayTypeAssignment:21:LOC" version="any" order="0">
                     <Date>2025-09-02</Date>
                     <DayTypeRef ref="CAC:Timetable:DayType:131:LOC" versionRef="1"/>
                     <isAvailable>true</isAvailable>
                  </DayTypeAssignment>
                  <DayTypeAssignment id="CAC:Timetable:DayTypeAssignment:22:LOC" version="any" order="0">
                     <Date>2025-09-03</Date>
                     <DayTypeRef ref="CAC:Timetable:DayType:131:LOC" versionRef="1"/>
                     <isAvailable>true</isAvailable>
                  </DayTypeAssignment>
                  <DayTypeAssignment id="CAC:Timetable:DayTypeAssignment:23:LOC" version="any" order="0">
                     <Date>2025-09-04</Date>
                     <DayTypeRef ref="CAC:Timetable:DayType:131:LOC" versionRef="1"/>
                     <isAvailable>true</isAvailable>
                  </DayTypeAssignment>
                  <DayTypeAssignment id="CAC:Timetable:DayTypeAssignment:24:LOC" version="any" order="0">
                     <Date>2025-09-05</Date>
                     <DayTypeRef ref="CAC:Timetable:DayType:131:LOC" versionRef="1"/>
                     <isAvailable>true</isAvailable>
                  </DayTypeAssignment>
                  <DayTypeAssignment id="CAC:Timetable:DayTypeAssignment:25:LOC" version="any" order="0">
                     <Date>2025-09-08</Date>
                     <DayTypeRef ref="CAC:Timetable:DayType:131:LOC" versionRef="1"/>
                     <isAvailable>true</isAvailable>
                  </DayTypeAssignment>
                  <DayTypeAssignment id="CAC:Timetable:DayTypeAssignment:26:LOC" version="any" order="0">
                     <Date>2025-09-09</Date>
                     <DayTypeRef ref="CAC:Timetable:DayType:131:LOC" versionRef="1"/>
                     <isAvailable>true</isAvailable>
                  </DayTypeAssignment>
                  <DayTypeAssignment id="CAC:Timetable:DayTypeAssignment:27:LOC" version="any" order="0">
                     <Date>2025-09-10</Date>
                     <DayTypeRef ref="CAC:Timetable:DayType:131:LOC" versionRef="1"/>
                     <isAvailable>true</isAvailable>
                  </DayTypeAssignment>
                  <DayTypeAssignment id="CAC:Timetable:DayTypeAssignment:28:LOC" version="any" order="0">
                     <Date>2025-09-11</Date>
                     <DayTypeRef ref="CAC:Timetable:DayType:131:LOC" versionRef="1"/>
                     <isAvailable>true</isAvailable>
                  </DayTypeAssignment>
                  <DayTypeAssignment id="CAC:Timetable:DayTypeAssignment:29:LOC" version="any" order="0">
                     <Date>2025-09-12</Date>
                     <DayTypeRef ref="CAC:Timetable:DayType:131:LOC" versionRef="1"/>
                     <isAvailable>true</isAvailable>
                  </DayTypeAssignment>
                  <DayTypeAssignment id="CAC:Timetable:DayTypeAssignment:30:LOC" version="any" order="0">
                     <Date>2025-09-15</Date>
                     <DayTypeRef ref="CAC:Timetable:DayType:131:LOC" versionRef="1"/>
                     <isAvailable>true</isAvailable>
                  </DayTypeAssignment>
                  <DayTypeAssignment id="CAC:Timetable:DayTypeAssignment:31:LOC" version="any" order="0">
                     <Date>2025-09-16</Date>
                     <DayTypeRef ref="CAC:Timetable:DayType:131:LOC" versionRef="1"/>
                     <isAvailable>true</isAvailable>
                  </DayTypeAssignment>
                  <DayTypeAssignment id="CAC:Timetable:DayTypeAssignment:32:LOC" version="any" order="0">
                     <Date>2025-09-17</Date>
                     <DayTypeRef ref="CAC:Timetable:DayType:131:LOC" versionRef="1"/>
                     <isAvailable>true</isAvailable>
                  </DayTypeAssignment>
                  <DayTypeAssignment id="CAC:Timetable:DayTypeAssignment:33:LOC" version="any" order="0">
                     <Date>2025-09-18</Date>
                     <DayTypeRef ref="CAC:Timetable:DayType:131:LOC" versionRef="1"/>
                     <isAvailable>true</isAvailable>
                  </DayTypeAssignment>
                  <DayTypeAssignment id="CAC:Timetable:DayTypeAssignment:34:LOC" version="any" order="0">
                     <Date>2025-09-19</Date>
                     <DayTypeRef ref="CAC:Timetable:DayType:131:LOC" versionRef="1"/>
                     <isAvailable>true</isAvailable>
                  </DayTypeAssignment>
                  <DayTypeAssignment id="CAC:Timetable:DayTypeAssignment:35:LOC" version="any" order="0">
                     <Date>2025-09-22</Date>
                     <DayTypeRef ref="CAC:Timetable:DayType:131:LOC" versionRef="1"/>
                     <isAvailable>true</isAvailable>
                  </DayTypeAssignment>
                  <DayTypeAssignment id="CAC:Timetable:DayTypeAssignment:36:LOC" version="any" order="0">
                     <Date>2025-09-23</Date>
                     <DayTypeRef ref="CAC:Timetable:DayType:131:LOC" versionRef="1"/>
                     <isAvailable>true</isAvailable>
                  </DayTypeAssignment>
                  <DayTypeAssignment id="CAC:Timetable:DayTypeAssignment:37:LOC" version="any" order="0">
                     <Date>2025-09-24</Date>
                     <DayTypeRef ref="CAC:Timetable:DayType:131:LOC" versionRef="1"/>
                     <isAvailable>true</isAvailable>
                  </DayTypeAssignment>
                  <DayTypeAssignment id="CAC:Timetable:DayTypeAssignment:38:LOC" version="any" order="0">
                     <Date>2025-09-25</Date>
                     <DayTypeRef ref="CAC:Timetable:DayType:131:LOC" versionRef="1"/>
                     <isAvailable>true</isAvailable>
                  </DayTypeAssignment>
                  <DayTypeAssignment id="CAC:Timetable:DayTypeAssignment:39:LOC" version="any" order="0">
                     <Date>2025-09-26</Date>
                     <DayTypeRef ref="CAC:Timetable:DayType:131:LOC" versionRef="1"/>
                     <isAvailable>true</isAvailable>
                  </DayTypeAssignment>
                  <DayTypeAssignment id="CAC:Timetable:DayTypeAssignment:40:LOC" version="any" order="0">
                     <Date>2025-09-29</Date>
                     <DayTypeRef ref="CAC:Timetable:DayType:131:LOC" versionRef="1"/>
                     <isAvailable>true</isAvailable>
                  </DayTypeAssignment>
                  <DayTypeAssignment id="CAC:Timetable:DayTypeAssignment:41:LOC" version="any" order="0">
                     <Date>2025-09-30</Date>
                     <DayTypeRef ref="CAC:Timetable:DayType:131:LOC" versionRef="1"/>
                     <isAvailable>true</isAvailable>
                  </DayTypeAssignment>
                  <DayTypeAssignment id="CAC:Timetable:DayTypeAssignment:42:LOC" version="any" order="0">
                     <Date>2025-10-01</Date>
                     <DayTypeRef ref="CAC:Timetable:DayType:131:LOC" versionRef="1"/>
                     <isAvailable>true</isAvailable>
                  </DayTypeAssignment>
                  <DayTypeAssignment id="CAC:Timetable:DayTypeAssignment:43:LOC" version="any" order="0">
                     <Date>2025-10-02</Date>
                     <DayTypeRef ref="CAC:Timetable:DayType:131:LOC" versionRef="1"/>
                     <isAvailable>true</isAvailable>
                  </DayTypeAssignment>
                  <DayTypeAssignment id="CAC:Timetable:DayTypeAssignment:44:LOC" version="any" order="0">
                     <Date>2025-10-03</Date>
                     <DayTypeRef ref="CAC:Timetable:DayType:131:LOC" versionRef="1"/>
                     <isAvailable>true</isAvailable>
                  </DayTypeAssignment>
                  <DayTypeAssignment id="CAC:Timetable:DayTypeAssignment:45:LOC" version="any" order="0">
                     <Date>2025-10-06</Date>
                     <DayTypeRef ref="CAC:Timetable:DayType:131:LOC" versionRef="1"/>
                     <isAvailable>true</isAvailable>
                  </DayTypeAssignment>
                  <DayTypeAssignment id="CAC:Timetable:DayTypeAssignment:46:LOC" version="any" order="0">
                     <Date>2025-10-07</Date>
                     <DayTypeRef ref="CAC:Timetable:DayType:131:LOC" versionRef="1"/>
                     <isAvailable>true</isAvailable>
                  </DayTypeAssignment>
                  <DayTypeAssignment id="CAC:Timetable:DayTypeAssignment:47:LOC" version="any" order="0">
                     <Date>2025-10-08</Date>
                     <DayTypeRef ref="CAC:Timetable:DayType:131:LOC" versionRef="1"/>
                     <isAvailable>true</isAvailable>
                  </DayTypeAssignment>
                  <DayTypeAssignment id="CAC:Timetable:DayTypeAssignment:48:LOC" version="any" order="0">
                     <Date>2025-10-09</Date>
                     <DayTypeRef ref="CAC:Timetable:DayType:131:LOC" versionRef="1"/>
                     <isAvailable>true</isAvailable>
                  </DayTypeAssignment>
                  <DayTypeAssignment id="CAC:Timetable:DayTypeAssignment:49:LOC" version="any" order="0">
                     <Date>2025-10-10</Date>
                     <DayTypeRef ref="CAC:Timetable:DayType:131:LOC" versionRef="1"/>
                     <isAvailable>true</isAvailable>
                  </DayTypeAssignment>
                  <DayTypeAssignment id="CAC:Timetable:DayTypeAssignment:50:LOC" version="any" order="0">
                     <Date>2025-10-13</Date>
                     <DayTypeRef ref="CAC:Timetable:DayType:131:LOC" versionRef="1"/>
                     <isAvailable>true</isAvailable>
                  </DayTypeAssignment>
                  <DayTypeAssignment id="CAC:Timetable:DayTypeAssignment:51:LOC" version="any" order="0">
                     <Date>2025-10-14</Date>
                     <DayTypeRef ref="CAC:Timetable:DayType:131:LOC" versionRef="1"/>
                     <isAvailable>true</isAvailable>
                  </DayTypeAssignment>
                  <DayTypeAssignment id="CAC:Timetable:DayTypeAssignment:52:LOC" version="any" order="0">
                     <Date>2025-10-15</Date>
                     <DayTypeRef ref="CAC:Timetable:DayType:131:LOC" versionRef="1"/>
                     <isAvailable>true</isAvailable>
                  </DayTypeAssignment>
                  <DayTypeAssignment id="CAC:Timetable:DayTypeAssignment:53:LOC" version="any" order="0">
                     <Date>2025-10-16</Date>
                     <DayTypeRef ref="CAC:Timetable:DayType:131:LOC" versionRef="1"/>
                     <isAvailable>true</isAvailable>
                  </DayTypeAssignment>
                  <DayTypeAssignment id="CAC:Timetable:DayTypeAssignment:54:LOC" version="any" order="0">
                     <Date>2025-10-17</Date>
                     <DayTypeRef ref="CAC:Timetable:DayType:131:LOC" versionRef="1"/>
                     <isAvailable>true</isAvailable>
                  </DayTypeAssignment>
                  <DayTypeAssignment id="CAC:Timetable:DayTypeAssignment:55:LOC" version="any" order="0">
                     <Date>2025-10-20</Date>
                     <DayTypeRef ref="CAC:Timetable:DayType:131:LOC" versionRef="1"/>
                     <isAvailable>true</isAvailable>
                  </DayTypeAssignment>
                  <DayTypeAssignment id="CAC:Timetable:DayTypeAssignment:56:LOC" version="any" order="0">
                     <Date>2025-10-21</Date>
                     <DayTypeRef ref="CAC:Timetable:DayType:131:LOC" versionRef="1"/>
                     <isAvailable>true</isAvailable>
                  </DayTypeAssignment>
                  <DayTypeAssignment id="CAC:Timetable:DayTypeAssignment:57:LOC" version="any" order="0">
                     <Date>2025-10-22</Date>
                     <DayTypeRef ref="CAC:Timetable:DayType:131:LOC" versionRef="1"/>
                     <isAvailable>true</isAvailable>
                  </DayTypeAssignment>
                  <DayTypeAssignment id="CAC:Timetable:DayTypeAssignment:58:LOC" version="any" order="0">
                     <Date>2025-10-23</Date>
                     <DayTypeRef ref="CAC:Timetable:DayType:131:LOC" versionRef="1"/>
                     <isAvailable>true</isAvailable>
                  </DayTypeAssignment>
                  <DayTypeAssignment id="CAC:Timetable:DayTypeAssignment:59:LOC" version="any" order="0">
                     <Date>2025-10-24</Date>
                     <DayTypeRef ref="CAC:Timetable:DayType:131:LOC" versionRef="1"/>
                     <isAvailable>true</isAvailable>
                  </DayTypeAssignment>
                  <DayTypeAssignment id="CAC:Timetable:DayTypeAssignment:60:LOC" version="any" order="0">
                     <Date>2025-10-27</Date>
                     <DayTypeRef ref="CAC:Timetable:DayType:131:LOC" versionRef="1"/>
                     <isAvailable>true</isAvailable>
                  </DayTypeAssignment>
                  <DayTypeAssignment id="CAC:Timetable:DayTypeAssignment:61:LOC" version="any" order="0">
                     <Date>2025-10-28</Date>
                     <DayTypeRef ref="CAC:Timetable:DayType:131:LOC" versionRef="1"/>
                     <isAvailable>true</isAvailable>
                  </DayTypeAssignment>
                  <DayTypeAssignment id="CAC:Timetable:DayTypeAssignment:62:LOC" version="any" order="0">
                     <Date>2025-10-29</Date>
                     <DayTypeRef ref="CAC:Timetable:DayType:131:LOC" versionRef="1"/>
                     <isAvailable>true</isAvailable>
                  </DayTypeAssignment>
                  <DayTypeAssignment id="CAC:Timetable:DayTypeAssignment:63:LOC" version="any" order="0">
                     <Date>2025-10-30</Date>
                     <DayTypeRef ref="CAC:Timetable:DayType:131:LOC" versionRef="1"/>
                     <isAvailable>true</isAvailable>
                  </DayTypeAssignment>
                  <DayTypeAssignment id="CAC:Timetable:DayTypeAssignment:64:LOC" version="any" order="0">
                     <Date>2025-10-31</Date>
                     <DayTypeRef ref="CAC:Timetable:DayType:131:LOC" versionRef="1"/>
                     <isAvailable>true</isAvailable>
                  </DayTypeAssignment>
                  <DayTypeAssignment id="CAC:Timetable:DayTypeAssignment:65:LOC" version="any" order="0">
                     <Date>2025-08-24</Date>
                     <DayTypeRef ref="CAC:Timetable:DayType:564:LOC" versionRef="1"/>
                     <isAvailable>true</isAvailable>
                  </DayTypeAssignment>
                  <DayTypeAssignment id="CAC:Timetable:DayTypeAssignment:66:LOC" version="any" order="0">
                     <Date>2025-08-31</Date>
                     <DayTypeRef ref="CAC:Timetable:DayType:564:LOC" versionRef="1"/>
                     <isAvailable>true</isAvailable>
                  </DayTypeAssignment>
                  <DayTypeAssignment id="CAC:Timetable:DayTypeAssignment:67:LOC" version="any" order="0">
                     <Date>2025-09-07</Date>
                     <DayTypeRef ref="CAC:Timetable:DayType:564:LOC" versionRef="1"/>
                     <isAvailable>true</isAvailable>
                  </DayTypeAssignment>
                  <DayTypeAssignment id="CAC:Timetable:DayTypeAssignment:68:LOC" version="any" order="0">
                     <Date>2025-09-14</Date>
                     <DayTypeRef ref="CAC:Timetable:DayType:564:LOC" versionRef="1"/>
                     <isAvailable>true</isAvailable>
                  </DayTypeAssignment>
                  <DayTypeAssignment id="CAC:Timetable:DayTypeAssignment:69:LOC" version="any" order="0">
                     <Date>2025-09-21</Date>
                     <DayTypeRef ref="CAC:Timetable:DayType:564:LOC" versionRef="1"/>
                     <isAvailable>true</isAvailable>
                  </DayTypeAssignment>
                  <DayTypeAssignment id="CAC:Timetable:DayTypeAssignment:70:LOC" version="any" order="0">
                     <Date>2025-09-28</Date>
                     <DayTypeRef ref="CAC:Timetable:DayType:564:LOC" versionRef="1"/>
                     <isAvailable>true</isAvailable>
                  </DayTypeAssignment>
                  <DayTypeAssignment id="CAC:Timetable:DayTypeAssignment:71:LOC" version="any" order="0">
                     <Date>2025-10-05</Date>
                     <DayTypeRef ref="CAC:Timetable:DayType:564:LOC" versionRef="1"/>
                     <isAvailable>true</isAvailable>
                  </DayTypeAssignment>
                  <DayTypeAssignment id="CAC:Timetable:DayTypeAssignment:72:LOC" version="any" order="0">
                     <Date>2025-10-12</Date>
                     <DayTypeRef ref="CAC:Timetable:DayType:564:LOC" versionRef="1"/>
                     <isAvailable>true</isAvailable>
                  </DayTypeAssignment>
                  <DayTypeAssignment id="CAC:Timetable:DayTypeAssignment:73:LOC" version="any" order="0">
                     <Date>2025-10-19</Date>
                     <DayTypeRef ref="CAC:Timetable:DayType:564:LOC" versionRef="1"/>
                     <isAvailable>true</isAvailable>
                  </DayTypeAssignment>
                  <DayTypeAssignment id="CAC:Timetable:DayTypeAssignment:74:LOC" version="any" order="0">
                     <Date>2025-10-26</Date>
                     <DayTypeRef ref="CAC:Timetable:DayType:564:LOC" versionRef="1"/>
                     <isAvailable>true</isAvailable>
                  </DayTypeAssignment>
                  <DayTypeAssignment id="CAC:Timetable:DayTypeAssignment:75:LOC" version="any" order="0">
                     <Date>2025-09-06</Date>
                     <DayTypeRef ref="CAC:Timetable:DayType:232:LOC" versionRef="1"/>
                     <isAvailable>true</isAvailable>
                  </DayTypeAssignment>
                  <DayTypeAssignment id="CAC:Timetable:DayTypeAssignment:76:LOC" version="any" order="0">
                     <Date>2025-09-13</Date>
                     <DayTypeRef ref="CAC:Timetable:DayType:232:LOC" versionRef="1"/>
                     <isAvailable>true</isAvailable>
                  </DayTypeAssignment>
                  <DayTypeAssignment id="CAC:Timetable:DayTypeAssignment:77:LOC" version="any" order="0">
                     <Date>2025-09-20</Date>
                     <DayTypeRef ref="CAC:Timetable:DayType:232:LOC" versionRef="1"/>
                     <isAvailable>true</isAvailable>
                  </DayTypeAssignment>
                  <DayTypeAssignment id="CAC:Timetable:DayTypeAssignment:78:LOC" version="any" order="0">
                     <Date>2025-09-27</Date>
                     <DayTypeRef ref="CAC:Timetable:DayType:232:LOC" versionRef="1"/>
                     <isAvailable>true</isAvailable>
                  </DayTypeAssignment>
                  <DayTypeAssignment id="CAC:Timetable:DayTypeAssignment:79:LOC" version="any" order="0">
                     <Date>2025-10-04</Date>
                     <DayTypeRef ref="CAC:Timetable:DayType:232:LOC" versionRef="1"/>
                     <isAvailable>true</isAvailable>
                  </DayTypeAssignment>
                  <DayTypeAssignment id="CAC:Timetable:DayTypeAssignment:80:LOC" version="any" order="0">
                     <Date>2025-10-11</Date>
                     <DayTypeRef ref="CAC:Timetable:DayType:232:LOC" versionRef="1"/>
                     <isAvailable>true</isAvailable>
                  </DayTypeAssignment>
                  <DayTypeAssignment id="CAC:Timetable:DayTypeAssignment:81:LOC" version="any" order="0">
                     <Date>2025-10-18</Date>
                     <DayTypeRef ref="CAC:Timetable:DayType:232:LOC" versionRef="1"/>
                     <isAvailable>true</isAvailable>
                  </DayTypeAssignment>
                  <DayTypeAssignment id="CAC:Timetable:DayTypeAssignment:82:LOC" version="any" order="0">
                     <Date>2025-10-25</Date>
                     <DayTypeRef ref="CAC:Timetable:DayType:232:LOC" versionRef="1"/>
                     <isAvailable>true</isAvailable>
                  </DayTypeAssignment>
                  <DayTypeAssignment id="CAC:Timetable:DayTypeAssignment:83:LOC" version="any" order="0">
                     <Date>2025-08-19</Date>
                     <DayTypeRef ref="CAC:Timetable:DayType:663:LOC" versionRef="1"/>
                     <isAvailable>true</isAvailable>
                  </DayTypeAssignment>
                  <DayTypeAssignment id="CAC:Timetable:DayTypeAssignment:84:LOC" version="any" order="0">
                     <Date>2025-08-20</Date>
                     <DayTypeRef ref="CAC:Timetable:DayType:663:LOC" versionRef="1"/>
                     <isAvailable>true</isAvailable>
                  </DayTypeAssignment>
                  <DayTypeAssignment id="CAC:Timetable:DayTypeAssignment:85:LOC" version="any" order="0">
                     <Date>2025-08-21</Date>
                     <DayTypeRef ref="CAC:Timetable:DayType:663:LOC" versionRef="1"/>
                     <isAvailable>true</isAvailable>
                  </DayTypeAssignment>
                  <DayTypeAssignment id="CAC:Timetable:DayTypeAssignment:86:LOC" version="any" order="0">
                     <Date>2025-08-22</Date>
                     <DayTypeRef ref="CAC:Timetable:DayType:663:LOC" versionRef="1"/>
                     <isAvailable>true</isAvailable>
                  </DayTypeAssignment>
                  <DayTypeAssignment id="CAC:Timetable:DayTypeAssignment:87:LOC" version="any" order="0">
                     <Date>2025-08-23</Date>
                     <DayTypeRef ref="CAC:Timetable:DayType:663:LOC" versionRef="1"/>
                     <isAvailable>true</isAvailable>
                  </DayTypeAssignment>
                  <DayTypeAssignment id="CAC:Timetable:DayTypeAssignment:88:LOC" version="any" order="0">
                     <Date>2025-08-25</Date>
                     <DayTypeRef ref="CAC:Timetable:DayType:663:LOC" versionRef="1"/>
                     <isAvailable>true</isAvailable>
                  </DayTypeAssignment>
                  <DayTypeAssignment id="CAC:Timetable:DayTypeAssignment:89:LOC" version="any" order="0">
                     <Date>2025-08-26</Date>
                     <DayTypeRef ref="CAC:Timetable:DayType:663:LOC" versionRef="1"/>
                     <isAvailable>true</isAvailable>
                  </DayTypeAssignment>
                  <DayTypeAssignment id="CAC:Timetable:DayTypeAssignment:90:LOC" version="any" order="0">
                     <Date>2025-08-27</Date>
                     <DayTypeRef ref="CAC:Timetable:DayType:663:LOC" versionRef="1"/>
                     <isAvailable>true</isAvailable>
                  </DayTypeAssignment>
                  <DayTypeAssignment id="CAC:Timetable:DayTypeAssignment:91:LOC" version="any" order="0">
                     <Date>2025-08-28</Date>
                     <DayTypeRef ref="CAC:Timetable:DayType:663:LOC" versionRef="1"/>
                     <isAvailable>true</isAvailable>
                  </DayTypeAssignment>
                  <DayTypeAssignment id="CAC:Timetable:DayTypeAssignment:92:LOC" version="any" order="0">
                     <Date>2025-08-29</Date>
                     <DayTypeRef ref="CAC:Timetable:DayType:663:LOC" versionRef="1"/>
                     <isAvailable>true</isAvailable>
                  </DayTypeAssignment>
                  <DayTypeAssignment id="CAC:Timetable:DayTypeAssignment:93:LOC" version="any" order="0">
                     <Date>2025-08-30</Date>
                     <DayTypeRef ref="CAC:Timetable:DayType:663:LOC" versionRef="1"/>
                     <isAvailable>true</isAvailable>
                  </DayTypeAssignment>
                  <DayTypeAssignment id="CAC:Timetable:DayTypeAssignment:94:LOC" version="any" order="0">
                     <Date>2025-08-19</Date>
                     <DayTypeRef ref="CAC:Timetable:DayType:731:LOC" versionRef="1"/>
                     <isAvailable>true</isAvailable>
                  </DayTypeAssignment>
                  <DayTypeAssignment id="CAC:Timetable:DayTypeAssignment:95:LOC" version="any" order="0">
                     <Date>2025-08-20</Date>
                     <DayTypeRef ref="CAC:Timetable:DayType:731:LOC" versionRef="1"/>
                     <isAvailable>true</isAvailable>
                  </DayTypeAssignment>
                  <DayTypeAssignment id="CAC:Timetable:DayTypeAssignment:96:LOC" version="any" order="0">
                     <Date>2025-08-21</Date>
                     <DayTypeRef ref="CAC:Timetable:DayType:731:LOC" versionRef="1"/>
                     <isAvailable>true</isAvailable>
                  </DayTypeAssignment>
                  <DayTypeAssignment id="CAC:Timetable:DayTypeAssignment:97:LOC" version="any" order="0">
                     <Date>2025-08-22</Date>
                     <DayTypeRef ref="CAC:Timetable:DayType:731:LOC" versionRef="1"/>
                     <isAvailable>true</isAvailable>
                  </DayTypeAssignment>
                  <DayTypeAssignment id="CAC:Timetable:DayTypeAssignment:98:LOC" version="any" order="0">
                     <Date>2025-08-25</Date>
                     <DayTypeRef ref="CAC:Timetable:DayType:731:LOC" versionRef="1"/>
                     <isAvailable>true</isAvailable>
                  </DayTypeAssignment>
                  <DayTypeAssignment id="CAC:Timetable:DayTypeAssignment:99:LOC" version="any" order="0">
                     <Date>2025-08-26</Date>
                     <DayTypeRef ref="CAC:Timetable:DayType:731:LOC" versionRef="1"/>
                     <isAvailable>true</isAvailable>
                  </DayTypeAssignment>
                  <DayTypeAssignment id="CAC:Timetable:DayTypeAssignment:100:LOC" version="any" order="0">
                     <Date>2025-08-27</Date>
                     <DayTypeRef ref="CAC:Timetable:DayType:731:LOC" versionRef="1"/>
                     <isAvailable>true</isAvailable>
                  </DayTypeAssignment>
                  <DayTypeAssignment id="CAC:Timetable:DayTypeAssignment:101:LOC" version="any" order="0">
                     <Date>2025-08-28</Date>
                     <DayTypeRef ref="CAC:Timetable:DayType:731:LOC" versionRef="1"/>
                     <isAvailable>true</isAvailable>
                  </DayTypeAssignment>
                  <DayTypeAssignment id="CAC:Timetable:DayTypeAssignment:102:LOC" version="any" order="0">
                     <Date>2025-08-29</Date>
                     <DayTypeRef ref="CAC:Timetable:DayType:731:LOC" versionRef="1"/>
                     <isAvailable>true</isAvailable>
                  </DayTypeAssignment>
                  <DayTypeAssignment id="CAC:Timetable:DayTypeAssignment:103:LOC" version="any" order="0">
                     <Date>2025-08-23</Date>
                     <DayTypeRef ref="CAC:Timetable:DayType:432:LOC" versionRef="1"/>
                     <isAvailable>true</isAvailable>
                  </DayTypeAssignment>
                  <DayTypeAssignment id="CAC:Timetable:DayTypeAssignment:104:LOC" version="any" order="0">
                     <Date>2025-08-30</Date>
                     <DayTypeRef ref="CAC:Timetable:DayType:432:LOC" versionRef="1"/>
                     <isAvailable>true</isAvailable>
                  </DayTypeAssignment>
                  <DayTypeAssignment id="CAC:Timetable:DayTypeAssignment:105:LOC" version="any" order="0">
                     <Date>2025-09-06</Date>
                     <DayTypeRef ref="CAC:Timetable:DayType:432:LOC" versionRef="1"/>
                     <isAvailable>true</isAvailable>
                  </DayTypeAssignment>
                  <DayTypeAssignment id="CAC:Timetable:DayTypeAssignment:106:LOC" version="any" order="0">
                     <Date>2025-09-13</Date>
                     <DayTypeRef ref="CAC:Timetable:DayType:432:LOC" versionRef="1"/>
                     <isAvailable>true</isAvailable>
                  </DayTypeAssignment>
                  <DayTypeAssignment id="CAC:Timetable:DayTypeAssignment:107:LOC" version="any" order="0">
                     <Date>2025-09-20</Date>
                     <DayTypeRef ref="CAC:Timetable:DayType:432:LOC" versionRef="1"/>
                     <isAvailable>true</isAvailable>
                  </DayTypeAssignment>
                  <DayTypeAssignment id="CAC:Timetable:DayTypeAssignment:108:LOC" version="any" order="0">
                     <Date>2025-09-27</Date>
                     <DayTypeRef ref="CAC:Timetable:DayType:432:LOC" versionRef="1"/>
                     <isAvailable>true</isAvailable>
                  </DayTypeAssignment>
                  <DayTypeAssignment id="CAC:Timetable:DayTypeAssignment:109:LOC" version="any" order="0">
                     <Date>2025-10-04</Date>
                     <DayTypeRef ref="CAC:Timetable:DayType:432:LOC" versionRef="1"/>
                     <isAvailable>true</isAvailable>
                  </DayTypeAssignment>
                  <DayTypeAssignment id="CAC:Timetable:DayTypeAssignment:110:LOC" version="any" order="0">
                     <Date>2025-10-11</Date>
                     <DayTypeRef ref="CAC:Timetable:DayType:432:LOC" versionRef="1"/>
                     <isAvailable>true</isAvailable>
                  </DayTypeAssignment>
                  <DayTypeAssignment id="CAC:Timetable:DayTypeAssignment:111:LOC" version="any" order="0">
                     <Date>2025-10-18</Date>
                     <DayTypeRef ref="CAC:Timetable:DayType:432:LOC" versionRef="1"/>
                     <isAvailable>true</isAvailable>
                  </DayTypeAssignment>
                  <DayTypeAssignment id="CAC:Timetable:DayTypeAssignment:112:LOC" version="any" order="0">
                     <Date>2025-10-25</Date>
                     <DayTypeRef ref="CAC:Timetable:DayType:432:LOC" versionRef="1"/>
                     <isAvailable>true</isAvailable>
                  </DayTypeAssignment>
               </members>
            </GeneralFrame>
         </frames>
      </CompositeFrame>
   </dataObjects>
</PublicationDelivery>
