<?xml version="1.0" encoding="UTF-8"?>
<PublicationDelivery xmlns:xsi="http://www.w3.org/2001/XMLSchema-instance" xmlns:siri="http://www.siri.org.uk/siri" xmlns:core="http://www.govtalk.gov.uk/core" xmlns:gml="http://www.opengis.net/gml/3.2" xmlns:ifopt="http://www.ifopt.org.uk/ifopt" xmlns:xlink="http://www.w3.org/1999/xlink" xmlns="http://www.netex.org.uk/netex" xsi:schemaLocation="http://www.netex.org.uk/netex../../xsd/NeTEx_publication.xsd" version="1.04:FR1-NETEX-2.0-1.0">
  <PublicationTimestamp>2025-05-06T15:16:09Z</PublicationTimestamp>
  <ParticipantRef>113</ParticipantRef>
  <dataObjects>
    <GeneralFrame version="any" dataSourceRef="FR1-OFFRE_AUTO" id="Aerobus:GeneralFrame:NETEX_CALENDRIER:20250506T151609Z:LOC">
      <ValidBetween>
        <FromDate>2025-05-06T00:00:00Z</FromDate>
        <ToDate>2025-08-04T23:59:59Z</ToDate>
      </ValidBetween>
      <TypeOfFrameRef ref="FR1:TypeOfFrame:NETEX_CALENDRIER:">version="1.04:FR1-NETEX_CALENDRIER-2.1"</TypeOfFrameRef>
      <members>
        <DayType id="Aerobus:DayType:20250506:LOC" version="any">
          <Name>2025-05-06</Name>
        </DayType>
        <DayTypeAssignment id="Aerobus:DayTypeAssignment:20250506:LOC" version="any" order="0">
          <Date>2025-05-06</Date>
          <DayTypeRef ref="Aerobus:DayType:20250506:LOC" version="any"/>
        </DayTypeAssignment>
        <DayType id="Aerobus:DayType:20250507:LOC" version="any">
          <Name>2025-05-07</Name>
        </DayType>
        <DayTypeAssignment id="Aerobus:DayTypeAssignment:20250507:LOC" version="any" order="0">
          <Date>2025-05-07</Date>
          <DayTypeRef ref="Aerobus:DayType:20250507:LOC" version="any"/>
        </DayTypeAssignment>
        <DayType id="Aerobus:DayType:20250508:LOC" version="any">
          <Name>2025-05-08</Name>
        </DayType>
        <DayTypeAssignment id="Aerobus:DayTypeAssignment:20250508:LOC" version="any" order="0">
          <Date>2025-05-08</Date>
          <DayTypeRef ref="Aerobus:DayType:20250508:LOC" version="any"/>
        </DayTypeAssignment>
        <DayType id="Aerobus:DayType:20250509:LOC" version="any">
          <Name>2025-05-09</Name>
        </DayType>
        <DayTypeAssignment id="Aerobus:DayTypeAssignment:20250509:LOC" version="any" order="0">
          <Date>2025-05-09</Date>
          <DayTypeRef ref="Aerobus:DayType:20250509:LOC" version="any"/>
        </DayTypeAssignment>
        <DayType id="Aerobus:DayType:20250510:LOC" version="any">
          <Name>2025-05-10</Name>
        </DayType>
        <DayTypeAssignment id="Aerobus:DayTypeAssignment:20250510:LOC" version="any" order="0">
          <Date>2025-05-10</Date>
          <DayTypeRef ref="Aerobus:DayType:20250510:LOC" version="any"/>
        </DayTypeAssignment>
        <DayType id="Aerobus:DayType:20250511:LOC" version="any">
          <Name>2025-05-11</Name>
        </DayType>
        <DayTypeAssignment id="Aerobus:DayTypeAssignment:20250511:LOC" version="any" order="0">
          <Date>2025-05-11</Date>
          <DayTypeRef ref="Aerobus:DayType:20250511:LOC" version="any"/>
        </DayTypeAssignment>
        <DayType id="Aerobus:DayType:20250512:LOC" version="any">
          <Name>2025-05-12</Name>
        </DayType>
        <DayTypeAssignment id="Aerobus:DayTypeAssignment:20250512:LOC" version="any" order="0">
          <Date>2025-05-12</Date>
          <DayTypeRef ref="Aerobus:DayType:20250512:LOC" version="any"/>
        </DayTypeAssignment>
        <DayType id="Aerobus:DayType:20250513:LOC" version="any">
          <Name>2025-05-13</Name>
        </DayType>
        <DayTypeAssignment id="Aerobus:DayTypeAssignment:20250513:LOC" version="any" order="0">
          <Date>2025-05-13</Date>
          <DayTypeRef ref="Aerobus:DayType:20250513:LOC" version="any"/>
        </DayTypeAssignment>
        <DayType id="Aerobus:DayType:20250514:LOC" version="any">
          <Name>2025-05-14</Name>
        </DayType>
        <DayTypeAssignment id="Aerobus:DayTypeAssignment:20250514:LOC" version="any" order="0">
          <Date>2025-05-14</Date>
          <DayTypeRef ref="Aerobus:DayType:20250514:LOC" version="any"/>
        </DayTypeAssignment>
        <DayType id="Aerobus:DayType:20250515:LOC" version="any">
          <Name>2025-05-15</Name>
        </DayType>
        <DayTypeAssignment id="Aerobus:DayTypeAssignment:20250515:LOC" version="any" order="0">
          <Date>2025-05-15</Date>
          <DayTypeRef ref="Aerobus:DayType:20250515:LOC" version="any"/>
        </DayTypeAssignment>
        <DayType id="Aerobus:DayType:20250516:LOC" version="any">
          <Name>2025-05-16</Name>
        </DayType>
        <DayTypeAssignment id="Aerobus:DayTypeAssignment:20250516:LOC" version="any" order="0">
          <Date>2025-05-16</Date>
          <DayTypeRef ref="Aerobus:DayType:20250516:LOC" version="any"/>
        </DayTypeAssignment>
        <DayType id="Aerobus:DayType:20250517:LOC" version="any">
          <Name>2025-05-17</Name>
        </DayType>
        <DayTypeAssignment id="Aerobus:DayTypeAssignment:20250517:LOC" version="any" order="0">
          <Date>2025-05-17</Date>
          <DayTypeRef ref="Aerobus:DayType:20250517:LOC" version="any"/>
        </DayTypeAssignment>
        <DayType id="Aerobus:DayType:20250518:LOC" version="any">
          <Name>2025-05-18</Name>
        </DayType>
        <DayTypeAssignment id="Aerobus:DayTypeAssignment:20250518:LOC" version="any" order="0">
          <Date>2025-05-18</Date>
          <DayTypeRef ref="Aerobus:DayType:20250518:LOC" version="any"/>
        </DayTypeAssignment>
        <DayType id="Aerobus:DayType:20250519:LOC" version="any">
          <Name>2025-05-19</Name>
        </DayType>
        <DayTypeAssignment id="Aerobus:DayTypeAssignment:20250519:LOC" version="any" order="0">
          <Date>2025-05-19</Date>
          <DayTypeRef ref="Aerobus:DayType:20250519:LOC" version="any"/>
        </DayTypeAssignment>
        <DayType id="Aerobus:DayType:20250520:LOC" version="any">
          <Name>2025-05-20</Name>
        </DayType>
        <DayTypeAssignment id="Aerobus:DayTypeAssignment:20250520:LOC" version="any" order="0">
          <Date>2025-05-20</Date>
          <DayTypeRef ref="Aerobus:DayType:20250520:LOC" version="any"/>
        </DayTypeAssignment>
        <DayType id="Aerobus:DayType:20250521:LOC" version="any">
          <Name>2025-05-21</Name>
        </DayType>
        <DayTypeAssignment id="Aerobus:DayTypeAssignment:20250521:LOC" version="any" order="0">
          <Date>2025-05-21</Date>
          <DayTypeRef ref="Aerobus:DayType:20250521:LOC" version="any"/>
        </DayTypeAssignment>
        <DayType id="Aerobus:DayType:20250522:LOC" version="any">
          <Name>2025-05-22</Name>
        </DayType>
        <DayTypeAssignment id="Aerobus:DayTypeAssignment:20250522:LOC" version="any" order="0">
          <Date>2025-05-22</Date>
          <DayTypeRef ref="Aerobus:DayType:20250522:LOC" version="any"/>
        </DayTypeAssignment>
        <DayType id="Aerobus:DayType:20250523:LOC" version="any">
          <Name>2025-05-23</Name>
        </DayType>
        <DayTypeAssignment id="Aerobus:DayTypeAssignment:20250523:LOC" version="any" order="0">
          <Date>2025-05-23</Date>
          <DayTypeRef ref="Aerobus:DayType:20250523:LOC" version="any"/>
        </DayTypeAssignment>
        <DayType id="Aerobus:DayType:20250524:LOC" version="any">
          <Name>2025-05-24</Name>
        </DayType>
        <DayTypeAssignment id="Aerobus:DayTypeAssignment:20250524:LOC" version="any" order="0">
          <Date>2025-05-24</Date>
          <DayTypeRef ref="Aerobus:DayType:20250524:LOC" version="any"/>
        </DayTypeAssignment>
        <DayType id="Aerobus:DayType:20250525:LOC" version="any">
          <Name>2025-05-25</Name>
        </DayType>
        <DayTypeAssignment id="Aerobus:DayTypeAssignment:20250525:LOC" version="any" order="0">
          <Date>2025-05-25</Date>
          <DayTypeRef ref="Aerobus:DayType:20250525:LOC" version="any"/>
        </DayTypeAssignment>
        <DayType id="Aerobus:DayType:20250526:LOC" version="any">
          <Name>2025-05-26</Name>
        </DayType>
        <DayTypeAssignment id="Aerobus:DayTypeAssignment:20250526:LOC" version="any" order="0">
          <Date>2025-05-26</Date>
          <DayTypeRef ref="Aerobus:DayType:20250526:LOC" version="any"/>
        </DayTypeAssignment>
        <DayType id="Aerobus:DayType:20250527:LOC" version="any">
          <Name>2025-05-27</Name>
        </DayType>
        <DayTypeAssignment id="Aerobus:DayTypeAssignment:20250527:LOC" version="any" order="0">
          <Date>2025-05-27</Date>
          <DayTypeRef ref="Aerobus:DayType:20250527:LOC" version="any"/>
        </DayTypeAssignment>
        <DayType id="Aerobus:DayType:20250528:LOC" version="any">
          <Name>2025-05-28</Name>
        </DayType>
        <DayTypeAssignment id="Aerobus:DayTypeAssignment:20250528:LOC" version="any" order="0">
          <Date>2025-05-28</Date>
          <DayTypeRef ref="Aerobus:DayType:20250528:LOC" version="any"/>
        </DayTypeAssignment>
        <DayType id="Aerobus:DayType:20250529:LOC" version="any">
          <Name>2025-05-29</Name>
        </DayType>
        <DayTypeAssignment id="Aerobus:DayTypeAssignment:20250529:LOC" version="any" order="0">
          <Date>2025-05-29</Date>
          <DayTypeRef ref="Aerobus:DayType:20250529:LOC" version="any"/>
        </DayTypeAssignment>
        <DayType id="Aerobus:DayType:20250530:LOC" version="any">
          <Name>2025-05-30</Name>
        </DayType>
        <DayTypeAssignment id="Aerobus:DayTypeAssignment:20250530:LOC" version="any" order="0">
          <Date>2025-05-30</Date>
          <DayTypeRef ref="Aerobus:DayType:20250530:LOC" version="any"/>
        </DayTypeAssignment>
        <DayType id="Aerobus:DayType:20250531:LOC" version="any">
          <Name>2025-05-31</Name>
        </DayType>
        <DayTypeAssignment id="Aerobus:DayTypeAssignment:20250531:LOC" version="any" order="0">
          <Date>2025-05-31</Date>
          <DayTypeRef ref="Aerobus:DayType:20250531:LOC" version="any"/>
        </DayTypeAssignment>
        <DayType id="Aerobus:DayType:20250601:LOC" version="any">
          <Name>2025-06-01</Name>
        </DayType>
        <DayTypeAssignment id="Aerobus:DayTypeAssignment:20250601:LOC" version="any" order="0">
          <Date>2025-06-01</Date>
          <DayTypeRef ref="Aerobus:DayType:20250601:LOC" version="any"/>
        </DayTypeAssignment>
        <DayType id="Aerobus:DayType:20250602:LOC" version="any">
          <Name>2025-06-02</Name>
        </DayType>
        <DayTypeAssignment id="Aerobus:DayTypeAssignment:20250602:LOC" version="any" order="0">
          <Date>2025-06-02</Date>
          <DayTypeRef ref="Aerobus:DayType:20250602:LOC" version="any"/>
        </DayTypeAssignment>
        <DayType id="Aerobus:DayType:20250603:LOC" version="any">
          <Name>2025-06-03</Name>
        </DayType>
        <DayTypeAssignment id="Aerobus:DayTypeAssignment:20250603:LOC" version="any" order="0">
          <Date>2025-06-03</Date>
          <DayTypeRef ref="Aerobus:DayType:20250603:LOC" version="any"/>
        </DayTypeAssignment>
        <DayType id="Aerobus:DayType:20250604:LOC" version="any">
          <Name>2025-06-04</Name>
        </DayType>
        <DayTypeAssignment id="Aerobus:DayTypeAssignment:20250604:LOC" version="any" order="0">
          <Date>2025-06-04</Date>
          <DayTypeRef ref="Aerobus:DayType:20250604:LOC" version="any"/>
        </DayTypeAssignment>
        <DayType id="Aerobus:DayType:20250605:LOC" version="any">
          <Name>2025-06-05</Name>
        </DayType>
        <DayTypeAssignment id="Aerobus:DayTypeAssignment:20250605:LOC" version="any" order="0">
          <Date>2025-06-05</Date>
          <DayTypeRef ref="Aerobus:DayType:20250605:LOC" version="any"/>
        </DayTypeAssignment>
        <DayType id="Aerobus:DayType:20250606:LOC" version="any">
          <Name>2025-06-06</Name>
        </DayType>
        <DayTypeAssignment id="Aerobus:DayTypeAssignment:20250606:LOC" version="any" order="0">
          <Date>2025-06-06</Date>
          <DayTypeRef ref="Aerobus:DayType:20250606:LOC" version="any"/>
        </DayTypeAssignment>
        <DayType id="Aerobus:DayType:20250607:LOC" version="any">
          <Name>2025-06-07</Name>
        </DayType>
        <DayTypeAssignment id="Aerobus:DayTypeAssignment:20250607:LOC" version="any" order="0">
          <Date>2025-06-07</Date>
          <DayTypeRef ref="Aerobus:DayType:20250607:LOC" version="any"/>
        </DayTypeAssignment>
        <DayType id="Aerobus:DayType:20250608:LOC" version="any">
          <Name>2025-06-08</Name>
        </DayType>
        <DayTypeAssignment id="Aerobus:DayTypeAssignment:20250608:LOC" version="any" order="0">
          <Date>2025-06-08</Date>
          <DayTypeRef ref="Aerobus:DayType:20250608:LOC" version="any"/>
        </DayTypeAssignment>
        <DayType id="Aerobus:DayType:20250609:LOC" version="any">
          <Name>2025-06-09</Name>
        </DayType>
        <DayTypeAssignment id="Aerobus:DayTypeAssignment:20250609:LOC" version="any" order="0">
          <Date>2025-06-09</Date>
          <DayTypeRef ref="Aerobus:DayType:20250609:LOC" version="any"/>
        </DayTypeAssignment>
        <DayType id="Aerobus:DayType:20250610:LOC" version="any">
          <Name>2025-06-10</Name>
        </DayType>
        <DayTypeAssignment id="Aerobus:DayTypeAssignment:20250610:LOC" version="any" order="0">
          <Date>2025-06-10</Date>
          <DayTypeRef ref="Aerobus:DayType:20250610:LOC" version="any"/>
        </DayTypeAssignment>
        <DayType id="Aerobus:DayType:20250611:LOC" version="any">
          <Name>2025-06-11</Name>
        </DayType>
        <DayTypeAssignment id="Aerobus:DayTypeAssignment:20250611:LOC" version="any" order="0">
          <Date>2025-06-11</Date>
          <DayTypeRef ref="Aerobus:DayType:20250611:LOC" version="any"/>
        </DayTypeAssignment>
        <DayType id="Aerobus:DayType:20250612:LOC" version="any">
          <Name>2025-06-12</Name>
        </DayType>
        <DayTypeAssignment id="Aerobus:DayTypeAssignment:20250612:LOC" version="any" order="0">
          <Date>2025-06-12</Date>
          <DayTypeRef ref="Aerobus:DayType:20250612:LOC" version="any"/>
        </DayTypeAssignment>
        <DayType id="Aerobus:DayType:20250613:LOC" version="any">
          <Name>2025-06-13</Name>
        </DayType>
        <DayTypeAssignment id="Aerobus:DayTypeAssignment:20250613:LOC" version="any" order="0">
          <Date>2025-06-13</Date>
          <DayTypeRef ref="Aerobus:DayType:20250613:LOC" version="any"/>
        </DayTypeAssignment>
        <DayType id="Aerobus:DayType:20250614:LOC" version="any">
          <Name>2025-06-14</Name>
        </DayType>
        <DayTypeAssignment id="Aerobus:DayTypeAssignment:20250614:LOC" version="any" order="0">
          <Date>2025-06-14</Date>
          <DayTypeRef ref="Aerobus:DayType:20250614:LOC" version="any"/>
        </DayTypeAssignment>
        <DayType id="Aerobus:DayType:20250615:LOC" version="any">
          <Name>2025-06-15</Name>
        </DayType>
        <DayTypeAssignment id="Aerobus:DayTypeAssignment:20250615:LOC" version="any" order="0">
          <Date>2025-06-15</Date>
          <DayTypeRef ref="Aerobus:DayType:20250615:LOC" version="any"/>
        </DayTypeAssignment>
        <DayType id="Aerobus:DayType:20250616:LOC" version="any">
          <Name>2025-06-16</Name>
        </DayType>
        <DayTypeAssignment id="Aerobus:DayTypeAssignment:20250616:LOC" version="any" order="0">
          <Date>2025-06-16</Date>
          <DayTypeRef ref="Aerobus:DayType:20250616:LOC" version="any"/>
        </DayTypeAssignment>
        <DayType id="Aerobus:DayType:20250617:LOC" version="any">
          <Name>2025-06-17</Name>
        </DayType>
        <DayTypeAssignment id="Aerobus:DayTypeAssignment:20250617:LOC" version="any" order="0">
          <Date>2025-06-17</Date>
          <DayTypeRef ref="Aerobus:DayType:20250617:LOC" version="any"/>
        </DayTypeAssignment>
        <DayType id="Aerobus:DayType:20250618:LOC" version="any">
          <Name>2025-06-18</Name>
        </DayType>
        <DayTypeAssignment id="Aerobus:DayTypeAssignment:20250618:LOC" version="any" order="0">
          <Date>2025-06-18</Date>
          <DayTypeRef ref="Aerobus:DayType:20250618:LOC" version="any"/>
        </DayTypeAssignment>
        <DayType id="Aerobus:DayType:20250619:LOC" version="any">
          <Name>2025-06-19</Name>
        </DayType>
        <DayTypeAssignment id="Aerobus:DayTypeAssignment:20250619:LOC" version="any" order="0">
          <Date>2025-06-19</Date>
          <DayTypeRef ref="Aerobus:DayType:20250619:LOC" version="any"/>
        </DayTypeAssignment>
        <DayType id="Aerobus:DayType:20250620:LOC" version="any">
          <Name>2025-06-20</Name>
        </DayType>
        <DayTypeAssignment id="Aerobus:DayTypeAssignment:20250620:LOC" version="any" order="0">
          <Date>2025-06-20</Date>
          <DayTypeRef ref="Aerobus:DayType:20250620:LOC" version="any"/>
        </DayTypeAssignment>
        <DayType id="Aerobus:DayType:20250621:LOC" version="any">
          <Name>2025-06-21</Name>
        </DayType>
        <DayTypeAssignment id="Aerobus:DayTypeAssignment:20250621:LOC" version="any" order="0">
          <Date>2025-06-21</Date>
          <DayTypeRef ref="Aerobus:DayType:20250621:LOC" version="any"/>
        </DayTypeAssignment>
        <DayType id="Aerobus:DayType:20250622:LOC" version="any">
          <Name>2025-06-22</Name>
        </DayType>
        <DayTypeAssignment id="Aerobus:DayTypeAssignment:20250622:LOC" version="any" order="0">
          <Date>2025-06-22</Date>
          <DayTypeRef ref="Aerobus:DayType:20250622:LOC" version="any"/>
        </DayTypeAssignment>
        <DayType id="Aerobus:DayType:20250623:LOC" version="any">
          <Name>2025-06-23</Name>
        </DayType>
        <DayTypeAssignment id="Aerobus:DayTypeAssignment:20250623:LOC" version="any" order="0">
          <Date>2025-06-23</Date>
          <DayTypeRef ref="Aerobus:DayType:20250623:LOC" version="any"/>
        </DayTypeAssignment>
        <DayType id="Aerobus:DayType:20250624:LOC" version="any">
          <Name>2025-06-24</Name>
        </DayType>
        <DayTypeAssignment id="Aerobus:DayTypeAssignment:20250624:LOC" version="any" order="0">
          <Date>2025-06-24</Date>
          <DayTypeRef ref="Aerobus:DayType:20250624:LOC" version="any"/>
        </DayTypeAssignment>
        <DayType id="Aerobus:DayType:20250625:LOC" version="any">
          <Name>2025-06-25</Name>
        </DayType>
        <DayTypeAssignment id="Aerobus:DayTypeAssignment:20250625:LOC" version="any" order="0">
          <Date>2025-06-25</Date>
          <DayTypeRef ref="Aerobus:DayType:20250625:LOC" version="any"/>
        </DayTypeAssignment>
        <DayType id="Aerobus:DayType:20250626:LOC" version="any">
          <Name>2025-06-26</Name>
        </DayType>
        <DayTypeAssignment id="Aerobus:DayTypeAssignment:20250626:LOC" version="any" order="0">
          <Date>2025-06-26</Date>
          <DayTypeRef ref="Aerobus:DayType:20250626:LOC" version="any"/>
        </DayTypeAssignment>
        <DayType id="Aerobus:DayType:20250627:LOC" version="any">
          <Name>2025-06-27</Name>
        </DayType>
        <DayTypeAssignment id="Aerobus:DayTypeAssignment:20250627:LOC" version="any" order="0">
          <Date>2025-06-27</Date>
          <DayTypeRef ref="Aerobus:DayType:20250627:LOC" version="any"/>
        </DayTypeAssignment>
        <DayType id="Aerobus:DayType:20250628:LOC" version="any">
          <Name>2025-06-28</Name>
        </DayType>
        <DayTypeAssignment id="Aerobus:DayTypeAssignment:20250628:LOC" version="any" order="0">
          <Date>2025-06-28</Date>
          <DayTypeRef ref="Aerobus:DayType:20250628:LOC" version="any"/>
        </DayTypeAssignment>
        <DayType id="Aerobus:DayType:20250629:LOC" version="any">
          <Name>2025-06-29</Name>
        </DayType>
        <DayTypeAssignment id="Aerobus:DayTypeAssignment:20250629:LOC" version="any" order="0">
          <Date>2025-06-29</Date>
          <DayTypeRef ref="Aerobus:DayType:20250629:LOC" version="any"/>
        </DayTypeAssignment>
        <DayType id="Aerobus:DayType:20250630:LOC" version="any">
          <Name>2025-06-30</Name>
        </DayType>
        <DayTypeAssignment id="Aerobus:DayTypeAssignment:20250630:LOC" version="any" order="0">
          <Date>2025-06-30</Date>
          <DayTypeRef ref="Aerobus:DayType:20250630:LOC" version="any"/>
        </DayTypeAssignment>
        <DayType id="Aerobus:DayType:20250701:LOC" version="any">
          <Name>2025-07-01</Name>
        </DayType>
        <DayTypeAssignment id="Aerobus:DayTypeAssignment:20250701:LOC" version="any" order="0">
          <Date>2025-07-01</Date>
          <DayTypeRef ref="Aerobus:DayType:20250701:LOC" version="any"/>
        </DayTypeAssignment>
        <DayType id="Aerobus:DayType:20250702:LOC" version="any">
          <Name>2025-07-02</Name>
        </DayType>
        <DayTypeAssignment id="Aerobus:DayTypeAssignment:20250702:LOC" version="any" order="0">
          <Date>2025-07-02</Date>
          <DayTypeRef ref="Aerobus:DayType:20250702:LOC" version="any"/>
        </DayTypeAssignment>
        <DayType id="Aerobus:DayType:20250703:LOC" version="any">
          <Name>2025-07-03</Name>
        </DayType>
        <DayTypeAssignment id="Aerobus:DayTypeAssignment:20250703:LOC" version="any" order="0">
          <Date>2025-07-03</Date>
          <DayTypeRef ref="Aerobus:DayType:20250703:LOC" version="any"/>
        </DayTypeAssignment>
        <DayType id="Aerobus:DayType:20250704:LOC" version="any">
          <Name>2025-07-04</Name>
        </DayType>
        <DayTypeAssignment id="Aerobus:DayTypeAssignment:20250704:LOC" version="any" order="0">
          <Date>2025-07-04</Date>
          <DayTypeRef ref="Aerobus:DayType:20250704:LOC" version="any"/>
        </DayTypeAssignment>
        <DayType id="Aerobus:DayType:20250705:LOC" version="any">
          <Name>2025-07-05</Name>
        </DayType>
        <DayTypeAssignment id="Aerobus:DayTypeAssignment:20250705:LOC" version="any" order="0">
          <Date>2025-07-05</Date>
          <DayTypeRef ref="Aerobus:DayType:20250705:LOC" version="any"/>
        </DayTypeAssignment>
        <DayType id="Aerobus:DayType:20250706:LOC" version="any">
          <Name>2025-07-06</Name>
        </DayType>
        <DayTypeAssignment id="Aerobus:DayTypeAssignment:20250706:LOC" version="any" order="0">
          <Date>2025-07-06</Date>
          <DayTypeRef ref="Aerobus:DayType:20250706:LOC" version="any"/>
        </DayTypeAssignment>
        <DayType id="Aerobus:DayType:20250707:LOC" version="any">
          <Name>2025-07-07</Name>
        </DayType>
        <DayTypeAssignment id="Aerobus:DayTypeAssignment:20250707:LOC" version="any" order="0">
          <Date>2025-07-07</Date>
          <DayTypeRef ref="Aerobus:DayType:20250707:LOC" version="any"/>
        </DayTypeAssignment>
        <DayType id="Aerobus:DayType:20250708:LOC" version="any">
          <Name>2025-07-08</Name>
        </DayType>
        <DayTypeAssignment id="Aerobus:DayTypeAssignment:20250708:LOC" version="any" order="0">
          <Date>2025-07-08</Date>
          <DayTypeRef ref="Aerobus:DayType:20250708:LOC" version="any"/>
        </DayTypeAssignment>
        <DayType id="Aerobus:DayType:20250709:LOC" version="any">
          <Name>2025-07-09</Name>
        </DayType>
        <DayTypeAssignment id="Aerobus:DayTypeAssignment:20250709:LOC" version="any" order="0">
          <Date>2025-07-09</Date>
          <DayTypeRef ref="Aerobus:DayType:20250709:LOC" version="any"/>
        </DayTypeAssignment>
        <DayType id="Aerobus:DayType:20250710:LOC" version="any">
          <Name>2025-07-10</Name>
        </DayType>
        <DayTypeAssignment id="Aerobus:DayTypeAssignment:20250710:LOC" version="any" order="0">
          <Date>2025-07-10</Date>
          <DayTypeRef ref="Aerobus:DayType:20250710:LOC" version="any"/>
        </DayTypeAssignment>
        <DayType id="Aerobus:DayType:20250711:LOC" version="any">
          <Name>2025-07-11</Name>
        </DayType>
        <DayTypeAssignment id="Aerobus:DayTypeAssignment:20250711:LOC" version="any" order="0">
          <Date>2025-07-11</Date>
          <DayTypeRef ref="Aerobus:DayType:20250711:LOC" version="any"/>
        </DayTypeAssignment>
        <DayType id="Aerobus:DayType:20250712:LOC" version="any">
          <Name>2025-07-12</Name>
        </DayType>
        <DayTypeAssignment id="Aerobus:DayTypeAssignment:20250712:LOC" version="any" order="0">
          <Date>2025-07-12</Date>
          <DayTypeRef ref="Aerobus:DayType:20250712:LOC" version="any"/>
        </DayTypeAssignment>
        <DayType id="Aerobus:DayType:20250713:LOC" version="any">
          <Name>2025-07-13</Name>
        </DayType>
        <DayTypeAssignment id="Aerobus:DayTypeAssignment:20250713:LOC" version="any" order="0">
          <Date>2025-07-13</Date>
          <DayTypeRef ref="Aerobus:DayType:20250713:LOC" version="any"/>
        </DayTypeAssignment>
        <DayType id="Aerobus:DayType:20250714:LOC" version="any">
          <Name>2025-07-14</Name>
        </DayType>
        <DayTypeAssignment id="Aerobus:DayTypeAssignment:20250714:LOC" version="any" order="0">
          <Date>2025-07-14</Date>
          <DayTypeRef ref="Aerobus:DayType:20250714:LOC" version="any"/>
        </DayTypeAssignment>
        <DayType id="Aerobus:DayType:20250715:LOC" version="any">
          <Name>2025-07-15</Name>
        </DayType>
        <DayTypeAssignment id="Aerobus:DayTypeAssignment:20250715:LOC" version="any" order="0">
          <Date>2025-07-15</Date>
          <DayTypeRef ref="Aerobus:DayType:20250715:LOC" version="any"/>
        </DayTypeAssignment>
        <DayType id="Aerobus:DayType:20250716:LOC" version="any">
          <Name>2025-07-16</Name>
        </DayType>
        <DayTypeAssignment id="Aerobus:DayTypeAssignment:20250716:LOC" version="any" order="0">
          <Date>2025-07-16</Date>
          <DayTypeRef ref="Aerobus:DayType:20250716:LOC" version="any"/>
        </DayTypeAssignment>
        <DayType id="Aerobus:DayType:20250717:LOC" version="any">
          <Name>2025-07-17</Name>
        </DayType>
        <DayTypeAssignment id="Aerobus:DayTypeAssignment:20250717:LOC" version="any" order="0">
          <Date>2025-07-17</Date>
          <DayTypeRef ref="Aerobus:DayType:20250717:LOC" version="any"/>
        </DayTypeAssignment>
        <DayType id="Aerobus:DayType:20250718:LOC" version="any">
          <Name>2025-07-18</Name>
        </DayType>
        <DayTypeAssignment id="Aerobus:DayTypeAssignment:20250718:LOC" version="any" order="0">
          <Date>2025-07-18</Date>
          <DayTypeRef ref="Aerobus:DayType:20250718:LOC" version="any"/>
        </DayTypeAssignment>
        <DayType id="Aerobus:DayType:20250719:LOC" version="any">
          <Name>2025-07-19</Name>
        </DayType>
        <DayTypeAssignment id="Aerobus:DayTypeAssignment:20250719:LOC" version="any" order="0">
          <Date>2025-07-19</Date>
          <DayTypeRef ref="Aerobus:DayType:20250719:LOC" version="any"/>
        </DayTypeAssignment>
        <DayType id="Aerobus:DayType:20250720:LOC" version="any">
          <Name>2025-07-20</Name>
        </DayType>
        <DayTypeAssignment id="Aerobus:DayTypeAssignment:20250720:LOC" version="any" order="0">
          <Date>2025-07-20</Date>
          <DayTypeRef ref="Aerobus:DayType:20250720:LOC" version="any"/>
        </DayTypeAssignment>
        <DayType id="Aerobus:DayType:20250721:LOC" version="any">
          <Name>2025-07-21</Name>
        </DayType>
        <DayTypeAssignment id="Aerobus:DayTypeAssignment:20250721:LOC" version="any" order="0">
          <Date>2025-07-21</Date>
          <DayTypeRef ref="Aerobus:DayType:20250721:LOC" version="any"/>
        </DayTypeAssignment>
        <DayType id="Aerobus:DayType:20250722:LOC" version="any">
          <Name>2025-07-22</Name>
        </DayType>
        <DayTypeAssignment id="Aerobus:DayTypeAssignment:20250722:LOC" version="any" order="0">
          <Date>2025-07-22</Date>
          <DayTypeRef ref="Aerobus:DayType:20250722:LOC" version="any"/>
        </DayTypeAssignment>
        <DayType id="Aerobus:DayType:20250723:LOC" version="any">
          <Name>2025-07-23</Name>
        </DayType>
        <DayTypeAssignment id="Aerobus:DayTypeAssignment:20250723:LOC" version="any" order="0">
          <Date>2025-07-23</Date>
          <DayTypeRef ref="Aerobus:DayType:20250723:LOC" version="any"/>
        </DayTypeAssignment>
        <DayType id="Aerobus:DayType:20250724:LOC" version="any">
          <Name>2025-07-24</Name>
        </DayType>
        <DayTypeAssignment id="Aerobus:DayTypeAssignment:20250724:LOC" version="any" order="0">
          <Date>2025-07-24</Date>
          <DayTypeRef ref="Aerobus:DayType:20250724:LOC" version="any"/>
        </DayTypeAssignment>
        <DayType id="Aerobus:DayType:20250725:LOC" version="any">
          <Name>2025-07-25</Name>
        </DayType>
        <DayTypeAssignment id="Aerobus:DayTypeAssignment:20250725:LOC" version="any" order="0">
          <Date>2025-07-25</Date>
          <DayTypeRef ref="Aerobus:DayType:20250725:LOC" version="any"/>
        </DayTypeAssignment>
        <DayType id="Aerobus:DayType:20250726:LOC" version="any">
          <Name>2025-07-26</Name>
        </DayType>
        <DayTypeAssignment id="Aerobus:DayTypeAssignment:20250726:LOC" version="any" order="0">
          <Date>2025-07-26</Date>
          <DayTypeRef ref="Aerobus:DayType:20250726:LOC" version="any"/>
        </DayTypeAssignment>
        <DayType id="Aerobus:DayType:20250727:LOC" version="any">
          <Name>2025-07-27</Name>
        </DayType>
        <DayTypeAssignment id="Aerobus:DayTypeAssignment:20250727:LOC" version="any" order="0">
          <Date>2025-07-27</Date>
          <DayTypeRef ref="Aerobus:DayType:20250727:LOC" version="any"/>
        </DayTypeAssignment>
        <DayType id="Aerobus:DayType:20250728:LOC" version="any">
          <Name>2025-07-28</Name>
        </DayType>
        <DayTypeAssignment id="Aerobus:DayTypeAssignment:20250728:LOC" version="any" order="0">
          <Date>2025-07-28</Date>
          <DayTypeRef ref="Aerobus:DayType:20250728:LOC" version="any"/>
        </DayTypeAssignment>
        <DayType id="Aerobus:DayType:20250729:LOC" version="any">
          <Name>2025-07-29</Name>
        </DayType>
        <DayTypeAssignment id="Aerobus:DayTypeAssignment:20250729:LOC" version="any" order="0">
          <Date>2025-07-29</Date>
          <DayTypeRef ref="Aerobus:DayType:20250729:LOC" version="any"/>
        </DayTypeAssignment>
        <DayType id="Aerobus:DayType:20250730:LOC" version="any">
          <Name>2025-07-30</Name>
        </DayType>
        <DayTypeAssignment id="Aerobus:DayTypeAssignment:20250730:LOC" version="any" order="0">
          <Date>2025-07-30</Date>
          <DayTypeRef ref="Aerobus:DayType:20250730:LOC" version="any"/>
        </DayTypeAssignment>
        <DayType id="Aerobus:DayType:20250731:LOC" version="any">
          <Name>2025-07-31</Name>
        </DayType>
        <DayTypeAssignment id="Aerobus:DayTypeAssignment:20250731:LOC" version="any" order="0">
          <Date>2025-07-31</Date>
          <DayTypeRef ref="Aerobus:DayType:20250731:LOC" version="any"/>
        </DayTypeAssignment>
        <DayType id="Aerobus:DayType:20250801:LOC" version="any">
          <Name>2025-08-01</Name>
        </DayType>
        <DayTypeAssignment id="Aerobus:DayTypeAssignment:20250801:LOC" version="any" order="0">
          <Date>2025-08-01</Date>
          <DayTypeRef ref="Aerobus:DayType:20250801:LOC" version="any"/>
        </DayTypeAssignment>
        <DayType id="Aerobus:DayType:20250802:LOC" version="any">
          <Name>2025-08-02</Name>
        </DayType>
        <DayTypeAssignment id="Aerobus:DayTypeAssignment:20250802:LOC" version="any" order="0">
          <Date>2025-08-02</Date>
          <DayTypeRef ref="Aerobus:DayType:20250802:LOC" version="any"/>
        </DayTypeAssignment>
        <DayType id="Aerobus:DayType:20250803:LOC" version="any">
          <Name>2025-08-03</Name>
        </DayType>
        <DayTypeAssignment id="Aerobus:DayTypeAssignment:20250803:LOC" version="any" order="0">
          <Date>2025-08-03</Date>
          <DayTypeRef ref="Aerobus:DayType:20250803:LOC" version="any"/>
        </DayTypeAssignment>
        <DayType id="Aerobus:DayType:20250804:LOC" version="any">
          <Name>2025-08-04</Name>
        </DayType>
        <DayTypeAssignment id="Aerobus:DayTypeAssignment:20250804:LOC" version="any" order="0">
          <Date>2025-08-04</Date>
          <DayTypeRef ref="Aerobus:DayType:20250804:LOC" version="any"/>
        </DayTypeAssignment>
      </members>
    </GeneralFrame>
  </dataObjects>
</PublicationDelivery>
