<?xml version='1.0' encoding='UTF-8'?>
<PublicationDelivery xmlns="http://www.netex.org.uk/netex" xmlns:gis="http://www.opengis.net/gml/3.2" xmlns:siri="http://www.siri.org.uk/siri" version="1.1:FR-NETEX_CALENDRIER-2.2">
  <PublicationTimestamp>2025-08-29T09:01:04Z</PublicationTimestamp>
  <ParticipantRef>CA_BERGERACOISE</ParticipantRef>
  <dataObjects>
    <GeneralFrame version="any" id="CA_BERGERACOISE:GeneralFrame:NETEX_CALENDRIER-20250829090104Z:LOC">
      <ValidBetween>
        <FromDate>2025-01-01T00:00:00</FromDate>
        <ToDate>2025-12-31T23:59:59</ToDate>
      </ValidBetween>
      <TypeOfFrameRef ref="FR:TypeOfFrame:NETEX_CALENDRIER:">version="1.1:FR-NETEX_CALENDRIER-2.2"</TypeOfFrameRef>
      <members>
        <DayType version="any" id="CA_BERGERACOISE:DayType:1:LOC">
          <properties>
            <PropertyOfDay>
              <DaysOfWeek>Monday</DaysOfWeek>
            </PropertyOfDay>
            <PropertyOfDay>
              <DaysOfWeek>Tuesday</DaysOfWeek>
            </PropertyOfDay>
            <PropertyOfDay>
              <DaysOfWeek>Wednesday</DaysOfWeek>
            </PropertyOfDay>
            <PropertyOfDay>
              <DaysOfWeek>Thursday</DaysOfWeek>
            </PropertyOfDay>
            <PropertyOfDay>
              <DaysOfWeek>Friday</DaysOfWeek>
            </PropertyOfDay>
            <PropertyOfDay>
              <DaysOfWeek>Saturday</DaysOfWeek>
            </PropertyOfDay>
          </properties>
        </DayType>
        <OperatingPeriod version="any" id="CA_BERGERACOISE:OperatingPeriod:1-0:LOC">
          <FromDate>2025-01-01T00:00:00</FromDate>
          <ToDate>2025-12-31T23:59:59</ToDate>
        </OperatingPeriod>
        <DayTypeAssignment order="0" version="any" id="CA_BERGERACOISE:DayTypeAssignment:10:LOC">
          <OperatingPeriodRef ref="CA_BERGERACOISE:OperatingPeriod:1-0:LOC" version="any"/>
          <DayTypeRef ref="CA_BERGERACOISE:DayType:1:LOC" version="any"/>
        </DayTypeAssignment>
        <DayTypeAssignment order="0" version="any" id="CA_BERGERACOISE:DayTypeAssignment:110:LOC">
          <Date>2025-11-11</Date>
          <DayTypeRef ref="CA_BERGERACOISE:DayType:1:LOC" version="any"/>
          <isAvailable>false</isAvailable>
        </DayTypeAssignment>
        <DayTypeAssignment order="0" version="any" id="CA_BERGERACOISE:DayTypeAssignment:111:LOC">
          <Date>2025-12-25</Date>
          <DayTypeRef ref="CA_BERGERACOISE:DayType:1:LOC" version="any"/>
          <isAvailable>false</isAvailable>
        </DayTypeAssignment>
        <DayTypeAssignment order="0" version="any" id="CA_BERGERACOISE:DayTypeAssignment:11:LOC">
          <Date>2025-01-01</Date>
          <DayTypeRef ref="CA_BERGERACOISE:DayType:1:LOC" version="any"/>
          <isAvailable>false</isAvailable>
        </DayTypeAssignment>
        <DayTypeAssignment order="0" version="any" id="CA_BERGERACOISE:DayTypeAssignment:12:LOC">
          <Date>2025-04-21</Date>
          <DayTypeRef ref="CA_BERGERACOISE:DayType:1:LOC" version="any"/>
          <isAvailable>false</isAvailable>
        </DayTypeAssignment>
        <DayTypeAssignment order="0" version="any" id="CA_BERGERACOISE:DayTypeAssignment:13:LOC">
          <Date>2025-05-01</Date>
          <DayTypeRef ref="CA_BERGERACOISE:DayType:1:LOC" version="any"/>
          <isAvailable>false</isAvailable>
        </DayTypeAssignment>
        <DayTypeAssignment order="0" version="any" id="CA_BERGERACOISE:DayTypeAssignment:14:LOC">
          <Date>2025-05-08</Date>
          <DayTypeRef ref="CA_BERGERACOISE:DayType:1:LOC" version="any"/>
          <isAvailable>false</isAvailable>
        </DayTypeAssignment>
        <DayTypeAssignment order="0" version="any" id="CA_BERGERACOISE:DayTypeAssignment:15:LOC">
          <Date>2025-05-29</Date>
          <DayTypeRef ref="CA_BERGERACOISE:DayType:1:LOC" version="any"/>
          <isAvailable>false</isAvailable>
        </DayTypeAssignment>
        <DayTypeAssignment order="0" version="any" id="CA_BERGERACOISE:DayTypeAssignment:16:LOC">
          <Date>2025-06-09</Date>
          <DayTypeRef ref="CA_BERGERACOISE:DayType:1:LOC" version="any"/>
          <isAvailable>false</isAvailable>
        </DayTypeAssignment>
        <DayTypeAssignment order="0" version="any" id="CA_BERGERACOISE:DayTypeAssignment:17:LOC">
          <Date>2025-07-14</Date>
          <DayTypeRef ref="CA_BERGERACOISE:DayType:1:LOC" version="any"/>
          <isAvailable>false</isAvailable>
        </DayTypeAssignment>
        <DayTypeAssignment order="0" version="any" id="CA_BERGERACOISE:DayTypeAssignment:18:LOC">
          <Date>2025-08-15</Date>
          <DayTypeRef ref="CA_BERGERACOISE:DayType:1:LOC" version="any"/>
          <isAvailable>false</isAvailable>
        </DayTypeAssignment>
        <DayTypeAssignment order="0" version="any" id="CA_BERGERACOISE:DayTypeAssignment:19:LOC">
          <Date>2025-11-01</Date>
          <DayTypeRef ref="CA_BERGERACOISE:DayType:1:LOC" version="any"/>
          <isAvailable>false</isAvailable>
        </DayTypeAssignment>
      </members>
    </GeneralFrame>
  </dataObjects>
</PublicationDelivery>