<?xml version='1.0' encoding='UTF-8'?>
<PublicationDelivery xmlns="http://www.netex.org.uk/netex" xmlns:gis="http://www.opengis.net/gml/3.2" xmlns:siri="http://www.siri.org.uk/siri" version="1.1:FR-NETEX_COMMUN-2.2">
  <PublicationTimestamp>2025-08-29T09:01:04Z</PublicationTimestamp>
  <ParticipantRef>CA_BERGERACOISE</ParticipantRef>
  <dataObjects>
    <GeneralFrame version="any" id="CA_BERGERACOISE:GeneralFrame:NETEX_COMMUN-20250829090104Z:LOC">
      <TypeOfFrameRef ref="FR:TypeOfFrame:NETEX_COMMUN:">version="1.1:FR-NETEX_COMMUN-2.2"</TypeOfFrameRef>
      <members>
        <Network version="any" id="CA_BERGERACOISE:Network:TUB_Bergerac_:LOC">
          <Name>TUB (Bergerac)</Name>
          <members>
            <LineRef ref="CA_BERGERACOISE:Line:LIGNE1:LOC"/>
            <LineRef ref="CA_BERGERACOISE:Line:L3:LOC"/>
            <LineRef ref="CA_BERGERACOISE:Line:NAVETTE:LOC"/>
            <LineRef ref="CA_BERGERACOISE:Line:LIGNE2:LOC"/>
          </members>
          <AuthorityRef ref="CA_BERGERACOISE:Authority:COMMUNAUTED_AGGLOMERATIONBERGERACOISE:LOC" version="any"/>
        </Network>
        <Line version="any" id="CA_BERGERACOISE:Line:NAVETTE:LOC">
          <keyList>
            <KeyValue>
              <Key>route_sort_order</Key>
              <Value>4</Value>
            </KeyValue>
          </keyList>
          <Name>NAVETTE COEUR DE VILLE</Name>
          <ShortName>NAVETTE COEUR DE VILLE</ShortName>
          <TransportMode>bus</TransportMode>
          <PublicCode>NAV</PublicCode>
          <PrivateCode>NAVETTE</PrivateCode>
          <OperatorRef ref="CA_BERGERACOISE:Operator:COMMUNAUTED_AGGLOMERATIONBERGERACOISEo:LOC" version="any"/>
          <Presentation>
            <Colour>FF9900</Colour>
            <TextColour>000000</TextColour>
          </Presentation>
          <AccessibilityAssessment version="any" id="CA_BERGERACOISE:AccessibilityAssessment:line_NAVETTE:LOC">
            <MobilityImpairedAccess>false</MobilityImpairedAccess>
            <limitations>
              <AccessibilityLimitation version="any" id="CA_BERGERACOISE:AccessibilityLimitation:line_NAVETTE:LOC">
                <WheelchairAccess>false</WheelchairAccess>
              </AccessibilityLimitation>
            </limitations>
          </AccessibilityAssessment>
        </Line>
        <Line version="any" id="CA_BERGERACOISE:Line:L3:LOC">
          <keyList>
            <KeyValue>
              <Key>route_sort_order</Key>
              <Value>3</Value>
            </KeyValue>
          </keyList>
          <Name>LIGNE 3</Name>
          <ShortName>LIGNE 3</ShortName>
          <Description>BERGERAC/LA FORCE</Description>
          <TransportMode>bus</TransportMode>
          <PublicCode>L3</PublicCode>
          <PrivateCode>L3</PrivateCode>
          <OperatorRef ref="CA_BERGERACOISE:Operator:COMMUNAUTED_AGGLOMERATIONBERGERACOISEo:LOC" version="any"/>
          <Presentation>
            <Colour>F3D617</Colour>
            <TextColour>000000</TextColour>
          </Presentation>
          <AccessibilityAssessment version="any" id="CA_BERGERACOISE:AccessibilityAssessment:line_L3:LOC">
            <MobilityImpairedAccess>true</MobilityImpairedAccess>
            <limitations>
              <AccessibilityLimitation version="any" id="CA_BERGERACOISE:AccessibilityLimitation:line_L3:LOC">
                <WheelchairAccess>true</WheelchairAccess>
              </AccessibilityLimitation>
            </limitations>
          </AccessibilityAssessment>
        </Line>
        <Line version="any" id="CA_BERGERACOISE:Line:LIGNE1:LOC">
          <keyList>
            <KeyValue>
              <Key>route_sort_order</Key>
              <Value>1</Value>
            </KeyValue>
          </keyList>
          <Name>POLE MULTIMODAL&lt;&gt;CENTRE VILLE&lt;&gt; Z.A LA CAVAILLE</Name>
          <ShortName>POLE MULTIMODAL&lt;&gt;CENTRE VILLE&lt;&gt; Z.A LA CAVAILLE</ShortName>
          <TransportMode>bus</TransportMode>
          <PublicCode>L1</PublicCode>
          <PrivateCode>LIGNE 1</PrivateCode>
          <OperatorRef ref="CA_BERGERACOISE:Operator:COMMUNAUTED_AGGLOMERATIONBERGERACOISEo:LOC" version="any"/>
          <Presentation>
            <Colour>CCFFFF</Colour>
            <TextColour>000000</TextColour>
          </Presentation>
          <AccessibilityAssessment version="any" id="CA_BERGERACOISE:AccessibilityAssessment:line_LIGNE1:LOC">
            <MobilityImpairedAccess>false</MobilityImpairedAccess>
            <limitations>
              <AccessibilityLimitation version="any" id="CA_BERGERACOISE:AccessibilityLimitation:line_LIGNE1:LOC">
                <WheelchairAccess>false</WheelchairAccess>
              </AccessibilityLimitation>
            </limitations>
          </AccessibilityAssessment>
        </Line>
        <Line version="any" id="CA_BERGERACOISE:Line:LIGNE2:LOC">
          <keyList>
            <KeyValue>
              <Key>route_sort_order</Key>
              <Value>2</Value>
            </KeyValue>
          </keyList>
          <Name>POLE MULTIMODAL&lt;&gt;CENTRE VILLE >&lt;3 VALLEES</Name>
          <ShortName>POLE MULTIMODAL&lt;&gt;CENTRE VILLE >&lt;3 VALLEES</ShortName>
          <TransportMode>bus</TransportMode>
          <PublicCode>L2</PublicCode>
          <PrivateCode>LIGNE 2</PrivateCode>
          <OperatorRef ref="CA_BERGERACOISE:Operator:COMMUNAUTED_AGGLOMERATIONBERGERACOISEo:LOC" version="any"/>
          <Presentation>
            <Colour>C70039</Colour>
            <TextColour>000000</TextColour>
          </Presentation>
          <AccessibilityAssessment version="any" id="CA_BERGERACOISE:AccessibilityAssessment:line_LIGNE2:LOC">
            <MobilityImpairedAccess>false</MobilityImpairedAccess>
            <limitations>
              <AccessibilityLimitation version="any" id="CA_BERGERACOISE:AccessibilityLimitation:line_LIGNE2:LOC">
                <WheelchairAccess>false</WheelchairAccess>
              </AccessibilityLimitation>
            </limitations>
          </AccessibilityAssessment>
        </Line>
        <Operator version="any" id="CA_BERGERACOISE:Operator:COMMUNAUTED_AGGLOMERATIONBERGERACOISEo:LOC">
          <CompanyNumber>COMMUNAUTE D'AGGLOMERATION BERGERACOISEo</CompanyNumber>
          <Name>TUB (Bergerac)</Name>
          <ContactDetails>
            <Phone>0553271531</Phone>
            <Url>https://www.la-cab.fr/transports-urbains-bergeracois-tub/</Url>
          </ContactDetails>
          <OrganisationType>operator</OrganisationType>
        </Operator>
        <Authority version="any" id="CA_BERGERACOISE:Authority:COMMUNAUTED_AGGLOMERATIONBERGERACOISE:LOC">
          <CompanyNumber>COMMUNAUTE D'AGGLOMERATION BERGERACOISE</CompanyNumber>
          <Name>TUB</Name>
          <ContactDetails>
            <Phone>0553271531</Phone>
            <Url>https://www.la-cab.fr/transports-urbains-bergeracois-tub/</Url>
          </ContactDetails>
          <OrganisationType>authority</OrganisationType>
        </Authority>
      </members>
    </GeneralFrame>
  </dataObjects>
</PublicationDelivery>