<?xml version="1.0" encoding="UTF-8"?>
<PublicationDelivery xmlns="http://www.netex.org.uk/netex" version="1.09:FR-NETEX-2.1-1.0">
  <PublicationTimestamp>2025-09-04T19:02:14Z</PublicationTimestamp>
  <ParticipantRef>enRoute</ParticipantRef>
  <dataObjects>
    <CompositeFrame id="FR:CompositeFrame:NETEX_LIGNE-chouette:Line:4ecd0fb0-9aa2-4604-ae8a-82ff4322a705:LOC:LOC" version="1.09:FR-NETEX-2.1-1.0">
      <TypeOfFrameRef ref="FR:TypeOfFrame:NETEX_LIGNE:"/>
      <frames>
        <GeneralFrame id="FR:GeneralFrame:NETEX_RESEAU-chouette:Line:4ecd0fb0-9aa2-4604-ae8a-82ff4322a705:LOC:LOC" version="1.09:FR-NETEX-2.1-1.0">
          <TypeOfFrameRef ref="FR:TypeOfFrame:NETEX_LIGNE_STRUCTURE:"/>
          <members>
            <Line id="chouette:Line:4ecd0fb0-9aa2-4604-ae8a-82ff4322a705:LOC" created="2023-01-12T16:16:31Z" changed="2024-08-08T12:11:23Z" version="any">
  <keyList>
    <KeyValue typeOfKey="ALTERNATE_IDENTIFIER">
      <Key>external</Key>
      <Value>51</Value>
    </KeyValue>
  </keyList>
  <Name>51 _ NICE - DIGNE</Name>
  <TransportMode>bus</TransportMode>
  <PublicCode>51</PublicCode>
  <OperatorRef ref="chouette:Company:1bb35380-0a26-43e6-a75f-ec40f41eff53:LOC"/>
  <Presentation>
    <Colour>3dabde</Colour>
    <TextColour>ffffff</TextColour>
  </Presentation>
</Line>
            <Route id="chouette:Route:6ebbbdfa-26cd-4b0f-9859-fd63e6cab674:LOC" created="2025-03-24T08:02:17Z" changed="2025-03-24T08:02:17Z" version="any">
  <Name>Inbound</Name>
  <LineRef ref="chouette:Line:4ecd0fb0-9aa2-4604-ae8a-82ff4322a705:LOC" version="any"/>
  <DirectionType>inbound</DirectionType>
  <pointsInSequence>
    <PointOnRoute id="chouette:PointOnRoute:6d8d167f-7390-4b4f-9741-2e3afe971eb7:LOC" version="any" order="1">
      <RoutePointRef ref="chouette:RoutePoint:6d8d167f-7390-4b4f-9741-2e3afe971eb7:LOC" version="any"/>
    </PointOnRoute>
    <PointOnRoute id="chouette:PointOnRoute:dd7efc59-f69f-4d8e-b2b1-af153e898eb8:LOC" version="any" order="2">
      <RoutePointRef ref="chouette:RoutePoint:dd7efc59-f69f-4d8e-b2b1-af153e898eb8:LOC" version="any"/>
    </PointOnRoute>
    <PointOnRoute id="chouette:PointOnRoute:e1f5fc83-3efe-4602-ab00-ad9640f88dba:LOC" version="any" order="3">
      <RoutePointRef ref="chouette:RoutePoint:e1f5fc83-3efe-4602-ab00-ad9640f88dba:LOC" version="any"/>
    </PointOnRoute>
    <PointOnRoute id="chouette:PointOnRoute:ec9865fd-a6cc-4e28-a458-37708e835d43:LOC" version="any" order="4">
      <RoutePointRef ref="chouette:RoutePoint:ec9865fd-a6cc-4e28-a458-37708e835d43:LOC" version="any"/>
    </PointOnRoute>
    <PointOnRoute id="chouette:PointOnRoute:a1ce6a65-0ac9-4be4-9f87-384614c96066:LOC" version="any" order="5">
      <RoutePointRef ref="chouette:RoutePoint:a1ce6a65-0ac9-4be4-9f87-384614c96066:LOC" version="any"/>
    </PointOnRoute>
    <PointOnRoute id="chouette:PointOnRoute:dcb6b019-78d0-4728-9397-ce5cdf6714b4:LOC" version="any" order="6">
      <RoutePointRef ref="chouette:RoutePoint:dcb6b019-78d0-4728-9397-ce5cdf6714b4:LOC" version="any"/>
    </PointOnRoute>
    <PointOnRoute id="chouette:PointOnRoute:cf58c3ee-f4b1-49eb-bcfe-7fc60cb03c14:LOC" version="any" order="7">
      <RoutePointRef ref="chouette:RoutePoint:cf58c3ee-f4b1-49eb-bcfe-7fc60cb03c14:LOC" version="any"/>
    </PointOnRoute>
    <PointOnRoute id="chouette:PointOnRoute:fc912250-960f-4a39-a132-3f42af554aa6:LOC" version="any" order="8">
      <RoutePointRef ref="chouette:RoutePoint:fc912250-960f-4a39-a132-3f42af554aa6:LOC" version="any"/>
    </PointOnRoute>
    <PointOnRoute id="chouette:PointOnRoute:3b6b7b51-2f24-443e-a4cc-f3ac6e41d3fb:LOC" version="any" order="9">
      <RoutePointRef ref="chouette:RoutePoint:3b6b7b51-2f24-443e-a4cc-f3ac6e41d3fb:LOC" version="any"/>
    </PointOnRoute>
    <PointOnRoute id="chouette:PointOnRoute:f6ea2fb5-5ca2-457c-ab25-9804f6488abc:LOC" version="any" order="10">
      <RoutePointRef ref="chouette:RoutePoint:f6ea2fb5-5ca2-457c-ab25-9804f6488abc:LOC" version="any"/>
    </PointOnRoute>
    <PointOnRoute id="chouette:PointOnRoute:c55a1a4e-0668-4dc9-b53d-ae7b5f6b8918:LOC" version="any" order="11">
      <RoutePointRef ref="chouette:RoutePoint:c55a1a4e-0668-4dc9-b53d-ae7b5f6b8918:LOC" version="any"/>
    </PointOnRoute>
    <PointOnRoute id="chouette:PointOnRoute:2004c833-f635-43ec-ab07-e238f55060f8:LOC" version="any" order="12">
      <RoutePointRef ref="chouette:RoutePoint:2004c833-f635-43ec-ab07-e238f55060f8:LOC" version="any"/>
    </PointOnRoute>
    <PointOnRoute id="chouette:PointOnRoute:250c1976-5283-4595-8289-239af72335dd:LOC" version="any" order="13">
      <RoutePointRef ref="chouette:RoutePoint:250c1976-5283-4595-8289-239af72335dd:LOC" version="any"/>
    </PointOnRoute>
    <PointOnRoute id="chouette:PointOnRoute:86756035-ce46-44cd-a963-da342b060091:LOC" version="any" order="14">
      <RoutePointRef ref="chouette:RoutePoint:86756035-ce46-44cd-a963-da342b060091:LOC" version="any"/>
    </PointOnRoute>
    <PointOnRoute id="chouette:PointOnRoute:6e4cdc7c-38e4-45fb-ac21-ce267e8f4eae:LOC" version="any" order="15">
      <RoutePointRef ref="chouette:RoutePoint:6e4cdc7c-38e4-45fb-ac21-ce267e8f4eae:LOC" version="any"/>
    </PointOnRoute>
    <PointOnRoute id="chouette:PointOnRoute:0f86b557-bb1e-4a00-a364-550c3ea25239:LOC" version="any" order="16">
      <RoutePointRef ref="chouette:RoutePoint:0f86b557-bb1e-4a00-a364-550c3ea25239:LOC" version="any"/>
    </PointOnRoute>
    <PointOnRoute id="chouette:PointOnRoute:bad4c209-7b66-403d-b6c5-75deb7c046df:LOC" version="any" order="17">
      <RoutePointRef ref="chouette:RoutePoint:bad4c209-7b66-403d-b6c5-75deb7c046df:LOC" version="any"/>
    </PointOnRoute>
    <PointOnRoute id="chouette:PointOnRoute:1f56ca9e-7a15-414e-8dcd-e7a87653020d:LOC" version="any" order="18">
      <RoutePointRef ref="chouette:RoutePoint:1f56ca9e-7a15-414e-8dcd-e7a87653020d:LOC" version="any"/>
    </PointOnRoute>
    <PointOnRoute id="chouette:PointOnRoute:7669c1c7-2647-4829-913b-f43ce732b17f:LOC" version="any" order="19">
      <RoutePointRef ref="chouette:RoutePoint:7669c1c7-2647-4829-913b-f43ce732b17f:LOC" version="any"/>
    </PointOnRoute>
    <PointOnRoute id="chouette:PointOnRoute:7ddd8281-6c99-4ee8-9a87-7efe871511d7:LOC" version="any" order="20">
      <RoutePointRef ref="chouette:RoutePoint:7ddd8281-6c99-4ee8-9a87-7efe871511d7:LOC" version="any"/>
    </PointOnRoute>
    <PointOnRoute id="chouette:PointOnRoute:f5eb15c9-3c3a-4ce0-abfa-dc51c39e40bd:LOC" version="any" order="21">
      <RoutePointRef ref="chouette:RoutePoint:f5eb15c9-3c3a-4ce0-abfa-dc51c39e40bd:LOC" version="any"/>
    </PointOnRoute>
  </pointsInSequence>
</Route>
<Route id="chouette:Route:bcee8168-a747-4c99-a4e7-49542122df96:LOC" created="2025-03-24T08:02:17Z" changed="2025-03-24T08:02:17Z" version="any">
  <Name>Outbound</Name>
  <LineRef ref="chouette:Line:4ecd0fb0-9aa2-4604-ae8a-82ff4322a705:LOC" version="any"/>
  <DirectionType>outbound</DirectionType>
  <pointsInSequence>
    <PointOnRoute id="chouette:PointOnRoute:0c29cd12-97ae-427d-9e55-9a855c1c46a4:LOC" version="any" order="1">
      <RoutePointRef ref="chouette:RoutePoint:0c29cd12-97ae-427d-9e55-9a855c1c46a4:LOC" version="any"/>
    </PointOnRoute>
    <PointOnRoute id="chouette:PointOnRoute:1f81f055-f601-48e4-959d-bbf1d28b9e97:LOC" version="any" order="2">
      <RoutePointRef ref="chouette:RoutePoint:1f81f055-f601-48e4-959d-bbf1d28b9e97:LOC" version="any"/>
    </PointOnRoute>
    <PointOnRoute id="chouette:PointOnRoute:b13e2cc3-45d4-4933-8087-b6cfd797d1cf:LOC" version="any" order="3">
      <RoutePointRef ref="chouette:RoutePoint:b13e2cc3-45d4-4933-8087-b6cfd797d1cf:LOC" version="any"/>
    </PointOnRoute>
    <PointOnRoute id="chouette:PointOnRoute:4c881ec3-87b1-49bf-aa99-ee412684f644:LOC" version="any" order="4">
      <RoutePointRef ref="chouette:RoutePoint:4c881ec3-87b1-49bf-aa99-ee412684f644:LOC" version="any"/>
    </PointOnRoute>
    <PointOnRoute id="chouette:PointOnRoute:d9a86727-cb32-439d-b375-ca82545ae263:LOC" version="any" order="5">
      <RoutePointRef ref="chouette:RoutePoint:d9a86727-cb32-439d-b375-ca82545ae263:LOC" version="any"/>
    </PointOnRoute>
    <PointOnRoute id="chouette:PointOnRoute:bd827449-9b54-4bd5-a234-6831130bfdcd:LOC" version="any" order="6">
      <RoutePointRef ref="chouette:RoutePoint:bd827449-9b54-4bd5-a234-6831130bfdcd:LOC" version="any"/>
    </PointOnRoute>
    <PointOnRoute id="chouette:PointOnRoute:fe3dfa89-f030-472a-b714-106a560b0730:LOC" version="any" order="7">
      <RoutePointRef ref="chouette:RoutePoint:fe3dfa89-f030-472a-b714-106a560b0730:LOC" version="any"/>
    </PointOnRoute>
    <PointOnRoute id="chouette:PointOnRoute:4fd8e533-2ce9-47be-b14b-25d2ce6686f5:LOC" version="any" order="8">
      <RoutePointRef ref="chouette:RoutePoint:4fd8e533-2ce9-47be-b14b-25d2ce6686f5:LOC" version="any"/>
    </PointOnRoute>
    <PointOnRoute id="chouette:PointOnRoute:afe4966d-a94f-4d0c-a4d4-71f44f4e50af:LOC" version="any" order="9">
      <RoutePointRef ref="chouette:RoutePoint:afe4966d-a94f-4d0c-a4d4-71f44f4e50af:LOC" version="any"/>
    </PointOnRoute>
    <PointOnRoute id="chouette:PointOnRoute:12ff3699-ac3a-4449-8139-644a6223d760:LOC" version="any" order="10">
      <RoutePointRef ref="chouette:RoutePoint:12ff3699-ac3a-4449-8139-644a6223d760:LOC" version="any"/>
    </PointOnRoute>
    <PointOnRoute id="chouette:PointOnRoute:2f9163fb-8949-42ab-94de-fd46c4802220:LOC" version="any" order="11">
      <RoutePointRef ref="chouette:RoutePoint:2f9163fb-8949-42ab-94de-fd46c4802220:LOC" version="any"/>
    </PointOnRoute>
    <PointOnRoute id="chouette:PointOnRoute:6a3bb9d2-e0a0-4dc1-8201-2329a9750519:LOC" version="any" order="12">
      <RoutePointRef ref="chouette:RoutePoint:6a3bb9d2-e0a0-4dc1-8201-2329a9750519:LOC" version="any"/>
    </PointOnRoute>
    <PointOnRoute id="chouette:PointOnRoute:de9610a7-3444-4a46-9891-c412829d40d2:LOC" version="any" order="13">
      <RoutePointRef ref="chouette:RoutePoint:de9610a7-3444-4a46-9891-c412829d40d2:LOC" version="any"/>
    </PointOnRoute>
    <PointOnRoute id="chouette:PointOnRoute:a95de12e-0660-4ba4-979b-00868c987158:LOC" version="any" order="14">
      <RoutePointRef ref="chouette:RoutePoint:a95de12e-0660-4ba4-979b-00868c987158:LOC" version="any"/>
    </PointOnRoute>
    <PointOnRoute id="chouette:PointOnRoute:d802ef66-e93e-4d19-9172-f517fee700e4:LOC" version="any" order="15">
      <RoutePointRef ref="chouette:RoutePoint:d802ef66-e93e-4d19-9172-f517fee700e4:LOC" version="any"/>
    </PointOnRoute>
    <PointOnRoute id="chouette:PointOnRoute:ecf95885-6b0b-45ba-9b2a-d58c0b2600f8:LOC" version="any" order="16">
      <RoutePointRef ref="chouette:RoutePoint:ecf95885-6b0b-45ba-9b2a-d58c0b2600f8:LOC" version="any"/>
    </PointOnRoute>
    <PointOnRoute id="chouette:PointOnRoute:8c9d8b34-66ba-40ef-8f5c-59ff532082fa:LOC" version="any" order="17">
      <RoutePointRef ref="chouette:RoutePoint:8c9d8b34-66ba-40ef-8f5c-59ff532082fa:LOC" version="any"/>
    </PointOnRoute>
    <PointOnRoute id="chouette:PointOnRoute:74737553-7cf1-42fd-845c-505f31d1456d:LOC" version="any" order="18">
      <RoutePointRef ref="chouette:RoutePoint:74737553-7cf1-42fd-845c-505f31d1456d:LOC" version="any"/>
    </PointOnRoute>
    <PointOnRoute id="chouette:PointOnRoute:9e95a6c7-bf80-40e8-8c43-261ea3cfb805:LOC" version="any" order="19">
      <RoutePointRef ref="chouette:RoutePoint:9e95a6c7-bf80-40e8-8c43-261ea3cfb805:LOC" version="any"/>
    </PointOnRoute>
    <PointOnRoute id="chouette:PointOnRoute:7376c506-a3ac-4a4b-bf67-a6c75d6f8dc1:LOC" version="any" order="20">
      <RoutePointRef ref="chouette:RoutePoint:7376c506-a3ac-4a4b-bf67-a6c75d6f8dc1:LOC" version="any"/>
    </PointOnRoute>
    <PointOnRoute id="chouette:PointOnRoute:b85f301c-8d2e-472d-a531-8e347079a30a:LOC" version="any" order="21">
      <RoutePointRef ref="chouette:RoutePoint:b85f301c-8d2e-472d-a531-8e347079a30a:LOC" version="any"/>
    </PointOnRoute>
  </pointsInSequence>
</Route>
            <RoutePoint id="chouette:RoutePoint:bad4c209-7b66-403d-b6c5-75deb7c046df:LOC" version="any">
  <projections>
    <PointProjection id="chouette:PointProjection:bad4c209-7b66-403d-b6c5-75deb7c046df:LOC" version="any">
      <ProjectToPointRef ref="chouette:ScheduledStopPoint:bad4c209-7b66-403d-b6c5-75deb7c046df:LOC" version="any"/>
    </PointProjection>
  </projections>
</RoutePoint>
<RoutePoint id="chouette:RoutePoint:d802ef66-e93e-4d19-9172-f517fee700e4:LOC" version="any">
  <projections>
    <PointProjection id="chouette:PointProjection:d802ef66-e93e-4d19-9172-f517fee700e4:LOC" version="any">
      <ProjectToPointRef ref="chouette:ScheduledStopPoint:d802ef66-e93e-4d19-9172-f517fee700e4:LOC" version="any"/>
    </PointProjection>
  </projections>
</RoutePoint>
<RoutePoint id="chouette:RoutePoint:6a3bb9d2-e0a0-4dc1-8201-2329a9750519:LOC" version="any">
  <projections>
    <PointProjection id="chouette:PointProjection:6a3bb9d2-e0a0-4dc1-8201-2329a9750519:LOC" version="any">
      <ProjectToPointRef ref="chouette:ScheduledStopPoint:6a3bb9d2-e0a0-4dc1-8201-2329a9750519:LOC" version="any"/>
    </PointProjection>
  </projections>
</RoutePoint>
<RoutePoint id="chouette:RoutePoint:7ddd8281-6c99-4ee8-9a87-7efe871511d7:LOC" version="any">
  <projections>
    <PointProjection id="chouette:PointProjection:7ddd8281-6c99-4ee8-9a87-7efe871511d7:LOC" version="any">
      <ProjectToPointRef ref="chouette:ScheduledStopPoint:7ddd8281-6c99-4ee8-9a87-7efe871511d7:LOC" version="any"/>
    </PointProjection>
  </projections>
</RoutePoint>
<RoutePoint id="chouette:RoutePoint:1f56ca9e-7a15-414e-8dcd-e7a87653020d:LOC" version="any">
  <projections>
    <PointProjection id="chouette:PointProjection:1f56ca9e-7a15-414e-8dcd-e7a87653020d:LOC" version="any">
      <ProjectToPointRef ref="chouette:ScheduledStopPoint:1f56ca9e-7a15-414e-8dcd-e7a87653020d:LOC" version="any"/>
    </PointProjection>
  </projections>
</RoutePoint>
<RoutePoint id="chouette:RoutePoint:7376c506-a3ac-4a4b-bf67-a6c75d6f8dc1:LOC" version="any">
  <projections>
    <PointProjection id="chouette:PointProjection:7376c506-a3ac-4a4b-bf67-a6c75d6f8dc1:LOC" version="any">
      <ProjectToPointRef ref="chouette:ScheduledStopPoint:7376c506-a3ac-4a4b-bf67-a6c75d6f8dc1:LOC" version="any"/>
    </PointProjection>
  </projections>
</RoutePoint>
<RoutePoint id="chouette:RoutePoint:ecf95885-6b0b-45ba-9b2a-d58c0b2600f8:LOC" version="any">
  <projections>
    <PointProjection id="chouette:PointProjection:ecf95885-6b0b-45ba-9b2a-d58c0b2600f8:LOC" version="any">
      <ProjectToPointRef ref="chouette:ScheduledStopPoint:ecf95885-6b0b-45ba-9b2a-d58c0b2600f8:LOC" version="any"/>
    </PointProjection>
  </projections>
</RoutePoint>
<RoutePoint id="chouette:RoutePoint:2004c833-f635-43ec-ab07-e238f55060f8:LOC" version="any">
  <projections>
    <PointProjection id="chouette:PointProjection:2004c833-f635-43ec-ab07-e238f55060f8:LOC" version="any">
      <ProjectToPointRef ref="chouette:ScheduledStopPoint:2004c833-f635-43ec-ab07-e238f55060f8:LOC" version="any"/>
    </PointProjection>
  </projections>
</RoutePoint>
<RoutePoint id="chouette:RoutePoint:a1ce6a65-0ac9-4be4-9f87-384614c96066:LOC" version="any">
  <projections>
    <PointProjection id="chouette:PointProjection:a1ce6a65-0ac9-4be4-9f87-384614c96066:LOC" version="any">
      <ProjectToPointRef ref="chouette:ScheduledStopPoint:a1ce6a65-0ac9-4be4-9f87-384614c96066:LOC" version="any"/>
    </PointProjection>
  </projections>
</RoutePoint>
<RoutePoint id="chouette:RoutePoint:4fd8e533-2ce9-47be-b14b-25d2ce6686f5:LOC" version="any">
  <projections>
    <PointProjection id="chouette:PointProjection:4fd8e533-2ce9-47be-b14b-25d2ce6686f5:LOC" version="any">
      <ProjectToPointRef ref="chouette:ScheduledStopPoint:4fd8e533-2ce9-47be-b14b-25d2ce6686f5:LOC" version="any"/>
    </PointProjection>
  </projections>
</RoutePoint>
<RoutePoint id="chouette:RoutePoint:fc912250-960f-4a39-a132-3f42af554aa6:LOC" version="any">
  <projections>
    <PointProjection id="chouette:PointProjection:fc912250-960f-4a39-a132-3f42af554aa6:LOC" version="any">
      <ProjectToPointRef ref="chouette:ScheduledStopPoint:fc912250-960f-4a39-a132-3f42af554aa6:LOC" version="any"/>
    </PointProjection>
  </projections>
</RoutePoint>
<RoutePoint id="chouette:RoutePoint:12ff3699-ac3a-4449-8139-644a6223d760:LOC" version="any">
  <projections>
    <PointProjection id="chouette:PointProjection:12ff3699-ac3a-4449-8139-644a6223d760:LOC" version="any">
      <ProjectToPointRef ref="chouette:ScheduledStopPoint:12ff3699-ac3a-4449-8139-644a6223d760:LOC" version="any"/>
    </PointProjection>
  </projections>
</RoutePoint>
<RoutePoint id="chouette:RoutePoint:afe4966d-a94f-4d0c-a4d4-71f44f4e50af:LOC" version="any">
  <projections>
    <PointProjection id="chouette:PointProjection:afe4966d-a94f-4d0c-a4d4-71f44f4e50af:LOC" version="any">
      <ProjectToPointRef ref="chouette:ScheduledStopPoint:afe4966d-a94f-4d0c-a4d4-71f44f4e50af:LOC" version="any"/>
    </PointProjection>
  </projections>
</RoutePoint>
<RoutePoint id="chouette:RoutePoint:250c1976-5283-4595-8289-239af72335dd:LOC" version="any">
  <projections>
    <PointProjection id="chouette:PointProjection:250c1976-5283-4595-8289-239af72335dd:LOC" version="any">
      <ProjectToPointRef ref="chouette:ScheduledStopPoint:250c1976-5283-4595-8289-239af72335dd:LOC" version="any"/>
    </PointProjection>
  </projections>
</RoutePoint>
<RoutePoint id="chouette:RoutePoint:0f86b557-bb1e-4a00-a364-550c3ea25239:LOC" version="any">
  <projections>
    <PointProjection id="chouette:PointProjection:0f86b557-bb1e-4a00-a364-550c3ea25239:LOC" version="any">
      <ProjectToPointRef ref="chouette:ScheduledStopPoint:0f86b557-bb1e-4a00-a364-550c3ea25239:LOC" version="any"/>
    </PointProjection>
  </projections>
</RoutePoint>
<RoutePoint id="chouette:RoutePoint:f5eb15c9-3c3a-4ce0-abfa-dc51c39e40bd:LOC" version="any">
  <projections>
    <PointProjection id="chouette:PointProjection:f5eb15c9-3c3a-4ce0-abfa-dc51c39e40bd:LOC" version="any">
      <ProjectToPointRef ref="chouette:ScheduledStopPoint:f5eb15c9-3c3a-4ce0-abfa-dc51c39e40bd:LOC" version="any"/>
    </PointProjection>
  </projections>
</RoutePoint>
<RoutePoint id="chouette:RoutePoint:4c881ec3-87b1-49bf-aa99-ee412684f644:LOC" version="any">
  <projections>
    <PointProjection id="chouette:PointProjection:4c881ec3-87b1-49bf-aa99-ee412684f644:LOC" version="any">
      <ProjectToPointRef ref="chouette:ScheduledStopPoint:4c881ec3-87b1-49bf-aa99-ee412684f644:LOC" version="any"/>
    </PointProjection>
  </projections>
</RoutePoint>
<RoutePoint id="chouette:RoutePoint:dd7efc59-f69f-4d8e-b2b1-af153e898eb8:LOC" version="any">
  <projections>
    <PointProjection id="chouette:PointProjection:dd7efc59-f69f-4d8e-b2b1-af153e898eb8:LOC" version="any">
      <ProjectToPointRef ref="chouette:ScheduledStopPoint:dd7efc59-f69f-4d8e-b2b1-af153e898eb8:LOC" version="any"/>
    </PointProjection>
  </projections>
</RoutePoint>
<RoutePoint id="chouette:RoutePoint:74737553-7cf1-42fd-845c-505f31d1456d:LOC" version="any">
  <projections>
    <PointProjection id="chouette:PointProjection:74737553-7cf1-42fd-845c-505f31d1456d:LOC" version="any">
      <ProjectToPointRef ref="chouette:ScheduledStopPoint:74737553-7cf1-42fd-845c-505f31d1456d:LOC" version="any"/>
    </PointProjection>
  </projections>
</RoutePoint>
<RoutePoint id="chouette:RoutePoint:d9a86727-cb32-439d-b375-ca82545ae263:LOC" version="any">
  <projections>
    <PointProjection id="chouette:PointProjection:d9a86727-cb32-439d-b375-ca82545ae263:LOC" version="any">
      <ProjectToPointRef ref="chouette:ScheduledStopPoint:d9a86727-cb32-439d-b375-ca82545ae263:LOC" version="any"/>
    </PointProjection>
  </projections>
</RoutePoint>
<RoutePoint id="chouette:RoutePoint:dcb6b019-78d0-4728-9397-ce5cdf6714b4:LOC" version="any">
  <projections>
    <PointProjection id="chouette:PointProjection:dcb6b019-78d0-4728-9397-ce5cdf6714b4:LOC" version="any">
      <ProjectToPointRef ref="chouette:ScheduledStopPoint:dcb6b019-78d0-4728-9397-ce5cdf6714b4:LOC" version="any"/>
    </PointProjection>
  </projections>
</RoutePoint>
<RoutePoint id="chouette:RoutePoint:bd827449-9b54-4bd5-a234-6831130bfdcd:LOC" version="any">
  <projections>
    <PointProjection id="chouette:PointProjection:bd827449-9b54-4bd5-a234-6831130bfdcd:LOC" version="any">
      <ProjectToPointRef ref="chouette:ScheduledStopPoint:bd827449-9b54-4bd5-a234-6831130bfdcd:LOC" version="any"/>
    </PointProjection>
  </projections>
</RoutePoint>
<RoutePoint id="chouette:RoutePoint:ec9865fd-a6cc-4e28-a458-37708e835d43:LOC" version="any">
  <projections>
    <PointProjection id="chouette:PointProjection:ec9865fd-a6cc-4e28-a458-37708e835d43:LOC" version="any">
      <ProjectToPointRef ref="chouette:ScheduledStopPoint:ec9865fd-a6cc-4e28-a458-37708e835d43:LOC" version="any"/>
    </PointProjection>
  </projections>
</RoutePoint>
<RoutePoint id="chouette:RoutePoint:a95de12e-0660-4ba4-979b-00868c987158:LOC" version="any">
  <projections>
    <PointProjection id="chouette:PointProjection:a95de12e-0660-4ba4-979b-00868c987158:LOC" version="any">
      <ProjectToPointRef ref="chouette:ScheduledStopPoint:a95de12e-0660-4ba4-979b-00868c987158:LOC" version="any"/>
    </PointProjection>
  </projections>
</RoutePoint>
<RoutePoint id="chouette:RoutePoint:6d8d167f-7390-4b4f-9741-2e3afe971eb7:LOC" version="any">
  <projections>
    <PointProjection id="chouette:PointProjection:6d8d167f-7390-4b4f-9741-2e3afe971eb7:LOC" version="any">
      <ProjectToPointRef ref="chouette:ScheduledStopPoint:6d8d167f-7390-4b4f-9741-2e3afe971eb7:LOC" version="any"/>
    </PointProjection>
  </projections>
</RoutePoint>
<RoutePoint id="chouette:RoutePoint:2f9163fb-8949-42ab-94de-fd46c4802220:LOC" version="any">
  <projections>
    <PointProjection id="chouette:PointProjection:2f9163fb-8949-42ab-94de-fd46c4802220:LOC" version="any">
      <ProjectToPointRef ref="chouette:ScheduledStopPoint:2f9163fb-8949-42ab-94de-fd46c4802220:LOC" version="any"/>
    </PointProjection>
  </projections>
</RoutePoint>
<RoutePoint id="chouette:RoutePoint:7669c1c7-2647-4829-913b-f43ce732b17f:LOC" version="any">
  <projections>
    <PointProjection id="chouette:PointProjection:7669c1c7-2647-4829-913b-f43ce732b17f:LOC" version="any">
      <ProjectToPointRef ref="chouette:ScheduledStopPoint:7669c1c7-2647-4829-913b-f43ce732b17f:LOC" version="any"/>
    </PointProjection>
  </projections>
</RoutePoint>
<RoutePoint id="chouette:RoutePoint:1f81f055-f601-48e4-959d-bbf1d28b9e97:LOC" version="any">
  <projections>
    <PointProjection id="chouette:PointProjection:1f81f055-f601-48e4-959d-bbf1d28b9e97:LOC" version="any">
      <ProjectToPointRef ref="chouette:ScheduledStopPoint:1f81f055-f601-48e4-959d-bbf1d28b9e97:LOC" version="any"/>
    </PointProjection>
  </projections>
</RoutePoint>
<RoutePoint id="chouette:RoutePoint:b85f301c-8d2e-472d-a531-8e347079a30a:LOC" version="any">
  <projections>
    <PointProjection id="chouette:PointProjection:b85f301c-8d2e-472d-a531-8e347079a30a:LOC" version="any">
      <ProjectToPointRef ref="chouette:ScheduledStopPoint:b85f301c-8d2e-472d-a531-8e347079a30a:LOC" version="any"/>
    </PointProjection>
  </projections>
</RoutePoint>
<RoutePoint id="chouette:RoutePoint:f6ea2fb5-5ca2-457c-ab25-9804f6488abc:LOC" version="any">
  <projections>
    <PointProjection id="chouette:PointProjection:f6ea2fb5-5ca2-457c-ab25-9804f6488abc:LOC" version="any">
      <ProjectToPointRef ref="chouette:ScheduledStopPoint:f6ea2fb5-5ca2-457c-ab25-9804f6488abc:LOC" version="any"/>
    </PointProjection>
  </projections>
</RoutePoint>
<RoutePoint id="chouette:RoutePoint:6e4cdc7c-38e4-45fb-ac21-ce267e8f4eae:LOC" version="any">
  <projections>
    <PointProjection id="chouette:PointProjection:6e4cdc7c-38e4-45fb-ac21-ce267e8f4eae:LOC" version="any">
      <ProjectToPointRef ref="chouette:ScheduledStopPoint:6e4cdc7c-38e4-45fb-ac21-ce267e8f4eae:LOC" version="any"/>
    </PointProjection>
  </projections>
</RoutePoint>
<RoutePoint id="chouette:RoutePoint:0c29cd12-97ae-427d-9e55-9a855c1c46a4:LOC" version="any">
  <projections>
    <PointProjection id="chouette:PointProjection:0c29cd12-97ae-427d-9e55-9a855c1c46a4:LOC" version="any">
      <ProjectToPointRef ref="chouette:ScheduledStopPoint:0c29cd12-97ae-427d-9e55-9a855c1c46a4:LOC" version="any"/>
    </PointProjection>
  </projections>
</RoutePoint>
<RoutePoint id="chouette:RoutePoint:c55a1a4e-0668-4dc9-b53d-ae7b5f6b8918:LOC" version="any">
  <projections>
    <PointProjection id="chouette:PointProjection:c55a1a4e-0668-4dc9-b53d-ae7b5f6b8918:LOC" version="any">
      <ProjectToPointRef ref="chouette:ScheduledStopPoint:c55a1a4e-0668-4dc9-b53d-ae7b5f6b8918:LOC" version="any"/>
    </PointProjection>
  </projections>
</RoutePoint>
<RoutePoint id="chouette:RoutePoint:de9610a7-3444-4a46-9891-c412829d40d2:LOC" version="any">
  <projections>
    <PointProjection id="chouette:PointProjection:de9610a7-3444-4a46-9891-c412829d40d2:LOC" version="any">
      <ProjectToPointRef ref="chouette:ScheduledStopPoint:de9610a7-3444-4a46-9891-c412829d40d2:LOC" version="any"/>
    </PointProjection>
  </projections>
</RoutePoint>
<RoutePoint id="chouette:RoutePoint:86756035-ce46-44cd-a963-da342b060091:LOC" version="any">
  <projections>
    <PointProjection id="chouette:PointProjection:86756035-ce46-44cd-a963-da342b060091:LOC" version="any">
      <ProjectToPointRef ref="chouette:ScheduledStopPoint:86756035-ce46-44cd-a963-da342b060091:LOC" version="any"/>
    </PointProjection>
  </projections>
</RoutePoint>
<RoutePoint id="chouette:RoutePoint:e1f5fc83-3efe-4602-ab00-ad9640f88dba:LOC" version="any">
  <projections>
    <PointProjection id="chouette:PointProjection:e1f5fc83-3efe-4602-ab00-ad9640f88dba:LOC" version="any">
      <ProjectToPointRef ref="chouette:ScheduledStopPoint:e1f5fc83-3efe-4602-ab00-ad9640f88dba:LOC" version="any"/>
    </PointProjection>
  </projections>
</RoutePoint>
<RoutePoint id="chouette:RoutePoint:8c9d8b34-66ba-40ef-8f5c-59ff532082fa:LOC" version="any">
  <projections>
    <PointProjection id="chouette:PointProjection:8c9d8b34-66ba-40ef-8f5c-59ff532082fa:LOC" version="any">
      <ProjectToPointRef ref="chouette:ScheduledStopPoint:8c9d8b34-66ba-40ef-8f5c-59ff532082fa:LOC" version="any"/>
    </PointProjection>
  </projections>
</RoutePoint>
<RoutePoint id="chouette:RoutePoint:cf58c3ee-f4b1-49eb-bcfe-7fc60cb03c14:LOC" version="any">
  <projections>
    <PointProjection id="chouette:PointProjection:cf58c3ee-f4b1-49eb-bcfe-7fc60cb03c14:LOC" version="any">
      <ProjectToPointRef ref="chouette:ScheduledStopPoint:cf58c3ee-f4b1-49eb-bcfe-7fc60cb03c14:LOC" version="any"/>
    </PointProjection>
  </projections>
</RoutePoint>
<RoutePoint id="chouette:RoutePoint:3b6b7b51-2f24-443e-a4cc-f3ac6e41d3fb:LOC" version="any">
  <projections>
    <PointProjection id="chouette:PointProjection:3b6b7b51-2f24-443e-a4cc-f3ac6e41d3fb:LOC" version="any">
      <ProjectToPointRef ref="chouette:ScheduledStopPoint:3b6b7b51-2f24-443e-a4cc-f3ac6e41d3fb:LOC" version="any"/>
    </PointProjection>
  </projections>
</RoutePoint>
<RoutePoint id="chouette:RoutePoint:b13e2cc3-45d4-4933-8087-b6cfd797d1cf:LOC" version="any">
  <projections>
    <PointProjection id="chouette:PointProjection:b13e2cc3-45d4-4933-8087-b6cfd797d1cf:LOC" version="any">
      <ProjectToPointRef ref="chouette:ScheduledStopPoint:b13e2cc3-45d4-4933-8087-b6cfd797d1cf:LOC" version="any"/>
    </PointProjection>
  </projections>
</RoutePoint>
<RoutePoint id="chouette:RoutePoint:9e95a6c7-bf80-40e8-8c43-261ea3cfb805:LOC" version="any">
  <projections>
    <PointProjection id="chouette:PointProjection:9e95a6c7-bf80-40e8-8c43-261ea3cfb805:LOC" version="any">
      <ProjectToPointRef ref="chouette:ScheduledStopPoint:9e95a6c7-bf80-40e8-8c43-261ea3cfb805:LOC" version="any"/>
    </PointProjection>
  </projections>
</RoutePoint>
<RoutePoint id="chouette:RoutePoint:fe3dfa89-f030-472a-b714-106a560b0730:LOC" version="any">
  <projections>
    <PointProjection id="chouette:PointProjection:fe3dfa89-f030-472a-b714-106a560b0730:LOC" version="any">
      <ProjectToPointRef ref="chouette:ScheduledStopPoint:fe3dfa89-f030-472a-b714-106a560b0730:LOC" version="any"/>
    </PointProjection>
  </projections>
</RoutePoint>
            <ServiceJourneyPattern id="chouette:JourneyPattern:ae43c84b-db9a-441b-a375-8cb159276c12:LOC" created="2025-03-24T08:02:17Z" changed="2025-03-24T08:02:17Z" version="any">
  <Name>Outbound</Name>
  <RouteRef ref="chouette:Route:bcee8168-a747-4c99-a4e7-49542122df96:LOC" version="any"/>
  <pointsInSequence>
    <StopPointInJourneyPattern id="chouette:StopPointInJourneyPattern:0c29cd12-97ae-427d-9e55-9a855c1c46a4-ae43c84b-db9a-441b-a375-8cb159276c12:LOC" version="any" order="1">
      <ScheduledStopPointRef ref="chouette:ScheduledStopPoint:0c29cd12-97ae-427d-9e55-9a855c1c46a4:LOC" version="any"/>
      <ForAlighting>true</ForAlighting>
      <ForBoarding>true</ForBoarding>
    </StopPointInJourneyPattern>
    <StopPointInJourneyPattern id="chouette:StopPointInJourneyPattern:1f81f055-f601-48e4-959d-bbf1d28b9e97-ae43c84b-db9a-441b-a375-8cb159276c12:LOC" version="any" order="2">
      <ScheduledStopPointRef ref="chouette:ScheduledStopPoint:1f81f055-f601-48e4-959d-bbf1d28b9e97:LOC" version="any"/>
      <ForAlighting>false</ForAlighting>
      <ForBoarding>true</ForBoarding>
    </StopPointInJourneyPattern>
    <StopPointInJourneyPattern id="chouette:StopPointInJourneyPattern:b13e2cc3-45d4-4933-8087-b6cfd797d1cf-ae43c84b-db9a-441b-a375-8cb159276c12:LOC" version="any" order="3">
      <ScheduledStopPointRef ref="chouette:ScheduledStopPoint:b13e2cc3-45d4-4933-8087-b6cfd797d1cf:LOC" version="any"/>
      <ForAlighting>true</ForAlighting>
      <ForBoarding>true</ForBoarding>
    </StopPointInJourneyPattern>
    <StopPointInJourneyPattern id="chouette:StopPointInJourneyPattern:4c881ec3-87b1-49bf-aa99-ee412684f644-ae43c84b-db9a-441b-a375-8cb159276c12:LOC" version="any" order="4">
      <ScheduledStopPointRef ref="chouette:ScheduledStopPoint:4c881ec3-87b1-49bf-aa99-ee412684f644:LOC" version="any"/>
      <ForAlighting>true</ForAlighting>
      <ForBoarding>true</ForBoarding>
    </StopPointInJourneyPattern>
    <StopPointInJourneyPattern id="chouette:StopPointInJourneyPattern:d9a86727-cb32-439d-b375-ca82545ae263-ae43c84b-db9a-441b-a375-8cb159276c12:LOC" version="any" order="5">
      <ScheduledStopPointRef ref="chouette:ScheduledStopPoint:d9a86727-cb32-439d-b375-ca82545ae263:LOC" version="any"/>
      <ForAlighting>true</ForAlighting>
      <ForBoarding>true</ForBoarding>
    </StopPointInJourneyPattern>
    <StopPointInJourneyPattern id="chouette:StopPointInJourneyPattern:bd827449-9b54-4bd5-a234-6831130bfdcd-ae43c84b-db9a-441b-a375-8cb159276c12:LOC" version="any" order="6">
      <ScheduledStopPointRef ref="chouette:ScheduledStopPoint:bd827449-9b54-4bd5-a234-6831130bfdcd:LOC" version="any"/>
      <ForAlighting>true</ForAlighting>
      <ForBoarding>true</ForBoarding>
    </StopPointInJourneyPattern>
    <StopPointInJourneyPattern id="chouette:StopPointInJourneyPattern:fe3dfa89-f030-472a-b714-106a560b0730-ae43c84b-db9a-441b-a375-8cb159276c12:LOC" version="any" order="7">
      <ScheduledStopPointRef ref="chouette:ScheduledStopPoint:fe3dfa89-f030-472a-b714-106a560b0730:LOC" version="any"/>
      <ForAlighting>true</ForAlighting>
      <ForBoarding>true</ForBoarding>
    </StopPointInJourneyPattern>
    <StopPointInJourneyPattern id="chouette:StopPointInJourneyPattern:4fd8e533-2ce9-47be-b14b-25d2ce6686f5-ae43c84b-db9a-441b-a375-8cb159276c12:LOC" version="any" order="8">
      <ScheduledStopPointRef ref="chouette:ScheduledStopPoint:4fd8e533-2ce9-47be-b14b-25d2ce6686f5:LOC" version="any"/>
      <ForAlighting>true</ForAlighting>
      <ForBoarding>true</ForBoarding>
    </StopPointInJourneyPattern>
    <StopPointInJourneyPattern id="chouette:StopPointInJourneyPattern:afe4966d-a94f-4d0c-a4d4-71f44f4e50af-ae43c84b-db9a-441b-a375-8cb159276c12:LOC" version="any" order="9">
      <ScheduledStopPointRef ref="chouette:ScheduledStopPoint:afe4966d-a94f-4d0c-a4d4-71f44f4e50af:LOC" version="any"/>
      <ForAlighting>true</ForAlighting>
      <ForBoarding>true</ForBoarding>
    </StopPointInJourneyPattern>
    <StopPointInJourneyPattern id="chouette:StopPointInJourneyPattern:12ff3699-ac3a-4449-8139-644a6223d760-ae43c84b-db9a-441b-a375-8cb159276c12:LOC" version="any" order="10">
      <ScheduledStopPointRef ref="chouette:ScheduledStopPoint:12ff3699-ac3a-4449-8139-644a6223d760:LOC" version="any"/>
      <ForAlighting>true</ForAlighting>
      <ForBoarding>true</ForBoarding>
    </StopPointInJourneyPattern>
    <StopPointInJourneyPattern id="chouette:StopPointInJourneyPattern:2f9163fb-8949-42ab-94de-fd46c4802220-ae43c84b-db9a-441b-a375-8cb159276c12:LOC" version="any" order="11">
      <ScheduledStopPointRef ref="chouette:ScheduledStopPoint:2f9163fb-8949-42ab-94de-fd46c4802220:LOC" version="any"/>
      <ForAlighting>true</ForAlighting>
      <ForBoarding>true</ForBoarding>
    </StopPointInJourneyPattern>
    <StopPointInJourneyPattern id="chouette:StopPointInJourneyPattern:6a3bb9d2-e0a0-4dc1-8201-2329a9750519-ae43c84b-db9a-441b-a375-8cb159276c12:LOC" version="any" order="12">
      <ScheduledStopPointRef ref="chouette:ScheduledStopPoint:6a3bb9d2-e0a0-4dc1-8201-2329a9750519:LOC" version="any"/>
      <ForAlighting>true</ForAlighting>
      <ForBoarding>true</ForBoarding>
    </StopPointInJourneyPattern>
    <StopPointInJourneyPattern id="chouette:StopPointInJourneyPattern:de9610a7-3444-4a46-9891-c412829d40d2-ae43c84b-db9a-441b-a375-8cb159276c12:LOC" version="any" order="13">
      <ScheduledStopPointRef ref="chouette:ScheduledStopPoint:de9610a7-3444-4a46-9891-c412829d40d2:LOC" version="any"/>
      <ForAlighting>true</ForAlighting>
      <ForBoarding>true</ForBoarding>
    </StopPointInJourneyPattern>
    <StopPointInJourneyPattern id="chouette:StopPointInJourneyPattern:a95de12e-0660-4ba4-979b-00868c987158-ae43c84b-db9a-441b-a375-8cb159276c12:LOC" version="any" order="14">
      <ScheduledStopPointRef ref="chouette:ScheduledStopPoint:a95de12e-0660-4ba4-979b-00868c987158:LOC" version="any"/>
      <ForAlighting>true</ForAlighting>
      <ForBoarding>true</ForBoarding>
    </StopPointInJourneyPattern>
    <StopPointInJourneyPattern id="chouette:StopPointInJourneyPattern:d802ef66-e93e-4d19-9172-f517fee700e4-ae43c84b-db9a-441b-a375-8cb159276c12:LOC" version="any" order="15">
      <ScheduledStopPointRef ref="chouette:ScheduledStopPoint:d802ef66-e93e-4d19-9172-f517fee700e4:LOC" version="any"/>
      <ForAlighting>true</ForAlighting>
      <ForBoarding>true</ForBoarding>
    </StopPointInJourneyPattern>
    <StopPointInJourneyPattern id="chouette:StopPointInJourneyPattern:ecf95885-6b0b-45ba-9b2a-d58c0b2600f8-ae43c84b-db9a-441b-a375-8cb159276c12:LOC" version="any" order="16">
      <ScheduledStopPointRef ref="chouette:ScheduledStopPoint:ecf95885-6b0b-45ba-9b2a-d58c0b2600f8:LOC" version="any"/>
      <ForAlighting>true</ForAlighting>
      <ForBoarding>true</ForBoarding>
    </StopPointInJourneyPattern>
    <StopPointInJourneyPattern id="chouette:StopPointInJourneyPattern:8c9d8b34-66ba-40ef-8f5c-59ff532082fa-ae43c84b-db9a-441b-a375-8cb159276c12:LOC" version="any" order="17">
      <ScheduledStopPointRef ref="chouette:ScheduledStopPoint:8c9d8b34-66ba-40ef-8f5c-59ff532082fa:LOC" version="any"/>
      <ForAlighting>true</ForAlighting>
      <ForBoarding>true</ForBoarding>
    </StopPointInJourneyPattern>
    <StopPointInJourneyPattern id="chouette:StopPointInJourneyPattern:74737553-7cf1-42fd-845c-505f31d1456d-ae43c84b-db9a-441b-a375-8cb159276c12:LOC" version="any" order="18">
      <ScheduledStopPointRef ref="chouette:ScheduledStopPoint:74737553-7cf1-42fd-845c-505f31d1456d:LOC" version="any"/>
      <ForAlighting>true</ForAlighting>
      <ForBoarding>true</ForBoarding>
    </StopPointInJourneyPattern>
    <StopPointInJourneyPattern id="chouette:StopPointInJourneyPattern:9e95a6c7-bf80-40e8-8c43-261ea3cfb805-ae43c84b-db9a-441b-a375-8cb159276c12:LOC" version="any" order="19">
      <ScheduledStopPointRef ref="chouette:ScheduledStopPoint:9e95a6c7-bf80-40e8-8c43-261ea3cfb805:LOC" version="any"/>
      <ForAlighting>true</ForAlighting>
      <ForBoarding>true</ForBoarding>
    </StopPointInJourneyPattern>
    <StopPointInJourneyPattern id="chouette:StopPointInJourneyPattern:7376c506-a3ac-4a4b-bf67-a6c75d6f8dc1-ae43c84b-db9a-441b-a375-8cb159276c12:LOC" version="any" order="20">
      <ScheduledStopPointRef ref="chouette:ScheduledStopPoint:7376c506-a3ac-4a4b-bf67-a6c75d6f8dc1:LOC" version="any"/>
      <ForAlighting>true</ForAlighting>
      <ForBoarding>true</ForBoarding>
    </StopPointInJourneyPattern>
    <StopPointInJourneyPattern id="chouette:StopPointInJourneyPattern:b85f301c-8d2e-472d-a531-8e347079a30a-ae43c84b-db9a-441b-a375-8cb159276c12:LOC" version="any" order="21">
      <ScheduledStopPointRef ref="chouette:ScheduledStopPoint:b85f301c-8d2e-472d-a531-8e347079a30a:LOC" version="any"/>
      <ForAlighting>true</ForAlighting>
      <ForBoarding>true</ForBoarding>
    </StopPointInJourneyPattern>
  </pointsInSequence>
</ServiceJourneyPattern>
<ServiceJourneyPattern id="chouette:JourneyPattern:bde7d84d-689e-4642-84a5-f37a710f13ef:LOC" created="2025-03-24T08:02:17Z" changed="2025-03-24T08:02:17Z" version="any">
  <Name>Inbound</Name>
  <RouteRef ref="chouette:Route:6ebbbdfa-26cd-4b0f-9859-fd63e6cab674:LOC" version="any"/>
  <pointsInSequence>
    <StopPointInJourneyPattern id="chouette:StopPointInJourneyPattern:6d8d167f-7390-4b4f-9741-2e3afe971eb7-bde7d84d-689e-4642-84a5-f37a710f13ef:LOC" version="any" order="1">
      <ScheduledStopPointRef ref="chouette:ScheduledStopPoint:6d8d167f-7390-4b4f-9741-2e3afe971eb7:LOC" version="any"/>
      <ForAlighting>true</ForAlighting>
      <ForBoarding>true</ForBoarding>
    </StopPointInJourneyPattern>
    <StopPointInJourneyPattern id="chouette:StopPointInJourneyPattern:dd7efc59-f69f-4d8e-b2b1-af153e898eb8-bde7d84d-689e-4642-84a5-f37a710f13ef:LOC" version="any" order="2">
      <ScheduledStopPointRef ref="chouette:ScheduledStopPoint:dd7efc59-f69f-4d8e-b2b1-af153e898eb8:LOC" version="any"/>
      <ForAlighting>true</ForAlighting>
      <ForBoarding>true</ForBoarding>
    </StopPointInJourneyPattern>
    <StopPointInJourneyPattern id="chouette:StopPointInJourneyPattern:e1f5fc83-3efe-4602-ab00-ad9640f88dba-bde7d84d-689e-4642-84a5-f37a710f13ef:LOC" version="any" order="3">
      <ScheduledStopPointRef ref="chouette:ScheduledStopPoint:e1f5fc83-3efe-4602-ab00-ad9640f88dba:LOC" version="any"/>
      <ForAlighting>true</ForAlighting>
      <ForBoarding>true</ForBoarding>
    </StopPointInJourneyPattern>
    <StopPointInJourneyPattern id="chouette:StopPointInJourneyPattern:ec9865fd-a6cc-4e28-a458-37708e835d43-bde7d84d-689e-4642-84a5-f37a710f13ef:LOC" version="any" order="4">
      <ScheduledStopPointRef ref="chouette:ScheduledStopPoint:ec9865fd-a6cc-4e28-a458-37708e835d43:LOC" version="any"/>
      <ForAlighting>true</ForAlighting>
      <ForBoarding>true</ForBoarding>
    </StopPointInJourneyPattern>
    <StopPointInJourneyPattern id="chouette:StopPointInJourneyPattern:a1ce6a65-0ac9-4be4-9f87-384614c96066-bde7d84d-689e-4642-84a5-f37a710f13ef:LOC" version="any" order="5">
      <ScheduledStopPointRef ref="chouette:ScheduledStopPoint:a1ce6a65-0ac9-4be4-9f87-384614c96066:LOC" version="any"/>
      <ForAlighting>true</ForAlighting>
      <ForBoarding>true</ForBoarding>
    </StopPointInJourneyPattern>
    <StopPointInJourneyPattern id="chouette:StopPointInJourneyPattern:dcb6b019-78d0-4728-9397-ce5cdf6714b4-bde7d84d-689e-4642-84a5-f37a710f13ef:LOC" version="any" order="6">
      <ScheduledStopPointRef ref="chouette:ScheduledStopPoint:dcb6b019-78d0-4728-9397-ce5cdf6714b4:LOC" version="any"/>
      <ForAlighting>true</ForAlighting>
      <ForBoarding>true</ForBoarding>
    </StopPointInJourneyPattern>
    <StopPointInJourneyPattern id="chouette:StopPointInJourneyPattern:cf58c3ee-f4b1-49eb-bcfe-7fc60cb03c14-bde7d84d-689e-4642-84a5-f37a710f13ef:LOC" version="any" order="7">
      <ScheduledStopPointRef ref="chouette:ScheduledStopPoint:cf58c3ee-f4b1-49eb-bcfe-7fc60cb03c14:LOC" version="any"/>
      <ForAlighting>true</ForAlighting>
      <ForBoarding>true</ForBoarding>
    </StopPointInJourneyPattern>
    <StopPointInJourneyPattern id="chouette:StopPointInJourneyPattern:fc912250-960f-4a39-a132-3f42af554aa6-bde7d84d-689e-4642-84a5-f37a710f13ef:LOC" version="any" order="8">
      <ScheduledStopPointRef ref="chouette:ScheduledStopPoint:fc912250-960f-4a39-a132-3f42af554aa6:LOC" version="any"/>
      <ForAlighting>true</ForAlighting>
      <ForBoarding>true</ForBoarding>
    </StopPointInJourneyPattern>
    <StopPointInJourneyPattern id="chouette:StopPointInJourneyPattern:3b6b7b51-2f24-443e-a4cc-f3ac6e41d3fb-bde7d84d-689e-4642-84a5-f37a710f13ef:LOC" version="any" order="9">
      <ScheduledStopPointRef ref="chouette:ScheduledStopPoint:3b6b7b51-2f24-443e-a4cc-f3ac6e41d3fb:LOC" version="any"/>
      <ForAlighting>true</ForAlighting>
      <ForBoarding>true</ForBoarding>
    </StopPointInJourneyPattern>
    <StopPointInJourneyPattern id="chouette:StopPointInJourneyPattern:f6ea2fb5-5ca2-457c-ab25-9804f6488abc-bde7d84d-689e-4642-84a5-f37a710f13ef:LOC" version="any" order="10">
      <ScheduledStopPointRef ref="chouette:ScheduledStopPoint:f6ea2fb5-5ca2-457c-ab25-9804f6488abc:LOC" version="any"/>
      <ForAlighting>true</ForAlighting>
      <ForBoarding>true</ForBoarding>
    </StopPointInJourneyPattern>
    <StopPointInJourneyPattern id="chouette:StopPointInJourneyPattern:c55a1a4e-0668-4dc9-b53d-ae7b5f6b8918-bde7d84d-689e-4642-84a5-f37a710f13ef:LOC" version="any" order="11">
      <ScheduledStopPointRef ref="chouette:ScheduledStopPoint:c55a1a4e-0668-4dc9-b53d-ae7b5f6b8918:LOC" version="any"/>
      <ForAlighting>true</ForAlighting>
      <ForBoarding>true</ForBoarding>
    </StopPointInJourneyPattern>
    <StopPointInJourneyPattern id="chouette:StopPointInJourneyPattern:2004c833-f635-43ec-ab07-e238f55060f8-bde7d84d-689e-4642-84a5-f37a710f13ef:LOC" version="any" order="12">
      <ScheduledStopPointRef ref="chouette:ScheduledStopPoint:2004c833-f635-43ec-ab07-e238f55060f8:LOC" version="any"/>
      <ForAlighting>true</ForAlighting>
      <ForBoarding>true</ForBoarding>
    </StopPointInJourneyPattern>
    <StopPointInJourneyPattern id="chouette:StopPointInJourneyPattern:250c1976-5283-4595-8289-239af72335dd-bde7d84d-689e-4642-84a5-f37a710f13ef:LOC" version="any" order="13">
      <ScheduledStopPointRef ref="chouette:ScheduledStopPoint:250c1976-5283-4595-8289-239af72335dd:LOC" version="any"/>
      <ForAlighting>true</ForAlighting>
      <ForBoarding>true</ForBoarding>
    </StopPointInJourneyPattern>
    <StopPointInJourneyPattern id="chouette:StopPointInJourneyPattern:86756035-ce46-44cd-a963-da342b060091-bde7d84d-689e-4642-84a5-f37a710f13ef:LOC" version="any" order="14">
      <ScheduledStopPointRef ref="chouette:ScheduledStopPoint:86756035-ce46-44cd-a963-da342b060091:LOC" version="any"/>
      <ForAlighting>true</ForAlighting>
      <ForBoarding>true</ForBoarding>
    </StopPointInJourneyPattern>
    <StopPointInJourneyPattern id="chouette:StopPointInJourneyPattern:6e4cdc7c-38e4-45fb-ac21-ce267e8f4eae-bde7d84d-689e-4642-84a5-f37a710f13ef:LOC" version="any" order="15">
      <ScheduledStopPointRef ref="chouette:ScheduledStopPoint:6e4cdc7c-38e4-45fb-ac21-ce267e8f4eae:LOC" version="any"/>
      <ForAlighting>true</ForAlighting>
      <ForBoarding>true</ForBoarding>
    </StopPointInJourneyPattern>
    <StopPointInJourneyPattern id="chouette:StopPointInJourneyPattern:0f86b557-bb1e-4a00-a364-550c3ea25239-bde7d84d-689e-4642-84a5-f37a710f13ef:LOC" version="any" order="16">
      <ScheduledStopPointRef ref="chouette:ScheduledStopPoint:0f86b557-bb1e-4a00-a364-550c3ea25239:LOC" version="any"/>
      <ForAlighting>true</ForAlighting>
      <ForBoarding>true</ForBoarding>
    </StopPointInJourneyPattern>
    <StopPointInJourneyPattern id="chouette:StopPointInJourneyPattern:bad4c209-7b66-403d-b6c5-75deb7c046df-bde7d84d-689e-4642-84a5-f37a710f13ef:LOC" version="any" order="17">
      <ScheduledStopPointRef ref="chouette:ScheduledStopPoint:bad4c209-7b66-403d-b6c5-75deb7c046df:LOC" version="any"/>
      <ForAlighting>true</ForAlighting>
      <ForBoarding>true</ForBoarding>
    </StopPointInJourneyPattern>
    <StopPointInJourneyPattern id="chouette:StopPointInJourneyPattern:1f56ca9e-7a15-414e-8dcd-e7a87653020d-bde7d84d-689e-4642-84a5-f37a710f13ef:LOC" version="any" order="18">
      <ScheduledStopPointRef ref="chouette:ScheduledStopPoint:1f56ca9e-7a15-414e-8dcd-e7a87653020d:LOC" version="any"/>
      <ForAlighting>true</ForAlighting>
      <ForBoarding>true</ForBoarding>
    </StopPointInJourneyPattern>
    <StopPointInJourneyPattern id="chouette:StopPointInJourneyPattern:7669c1c7-2647-4829-913b-f43ce732b17f-bde7d84d-689e-4642-84a5-f37a710f13ef:LOC" version="any" order="19">
      <ScheduledStopPointRef ref="chouette:ScheduledStopPoint:7669c1c7-2647-4829-913b-f43ce732b17f:LOC" version="any"/>
      <ForAlighting>true</ForAlighting>
      <ForBoarding>true</ForBoarding>
    </StopPointInJourneyPattern>
    <StopPointInJourneyPattern id="chouette:StopPointInJourneyPattern:7ddd8281-6c99-4ee8-9a87-7efe871511d7-bde7d84d-689e-4642-84a5-f37a710f13ef:LOC" version="any" order="20">
      <ScheduledStopPointRef ref="chouette:ScheduledStopPoint:7ddd8281-6c99-4ee8-9a87-7efe871511d7:LOC" version="any"/>
      <ForAlighting>true</ForAlighting>
      <ForBoarding>false</ForBoarding>
    </StopPointInJourneyPattern>
    <StopPointInJourneyPattern id="chouette:StopPointInJourneyPattern:f5eb15c9-3c3a-4ce0-abfa-dc51c39e40bd-bde7d84d-689e-4642-84a5-f37a710f13ef:LOC" version="any" order="21">
      <ScheduledStopPointRef ref="chouette:ScheduledStopPoint:f5eb15c9-3c3a-4ce0-abfa-dc51c39e40bd:LOC" version="any"/>
      <ForAlighting>true</ForAlighting>
      <ForBoarding>true</ForBoarding>
    </StopPointInJourneyPattern>
  </pointsInSequence>
</ServiceJourneyPattern>
            <ScheduledStopPoint id="chouette:ScheduledStopPoint:bad4c209-7b66-403d-b6c5-75deb7c046df:LOC" version="any"/>
<ScheduledStopPoint id="chouette:ScheduledStopPoint:d802ef66-e93e-4d19-9172-f517fee700e4:LOC" version="any"/>
<ScheduledStopPoint id="chouette:ScheduledStopPoint:6a3bb9d2-e0a0-4dc1-8201-2329a9750519:LOC" version="any"/>
<ScheduledStopPoint id="chouette:ScheduledStopPoint:7ddd8281-6c99-4ee8-9a87-7efe871511d7:LOC" version="any"/>
<ScheduledStopPoint id="chouette:ScheduledStopPoint:1f56ca9e-7a15-414e-8dcd-e7a87653020d:LOC" version="any"/>
<ScheduledStopPoint id="chouette:ScheduledStopPoint:7376c506-a3ac-4a4b-bf67-a6c75d6f8dc1:LOC" version="any"/>
<ScheduledStopPoint id="chouette:ScheduledStopPoint:ecf95885-6b0b-45ba-9b2a-d58c0b2600f8:LOC" version="any"/>
<ScheduledStopPoint id="chouette:ScheduledStopPoint:2004c833-f635-43ec-ab07-e238f55060f8:LOC" version="any"/>
<ScheduledStopPoint id="chouette:ScheduledStopPoint:a1ce6a65-0ac9-4be4-9f87-384614c96066:LOC" version="any"/>
<ScheduledStopPoint id="chouette:ScheduledStopPoint:4fd8e533-2ce9-47be-b14b-25d2ce6686f5:LOC" version="any"/>
<ScheduledStopPoint id="chouette:ScheduledStopPoint:fc912250-960f-4a39-a132-3f42af554aa6:LOC" version="any"/>
<ScheduledStopPoint id="chouette:ScheduledStopPoint:12ff3699-ac3a-4449-8139-644a6223d760:LOC" version="any"/>
<ScheduledStopPoint id="chouette:ScheduledStopPoint:afe4966d-a94f-4d0c-a4d4-71f44f4e50af:LOC" version="any"/>
<ScheduledStopPoint id="chouette:ScheduledStopPoint:250c1976-5283-4595-8289-239af72335dd:LOC" version="any"/>
<ScheduledStopPoint id="chouette:ScheduledStopPoint:0f86b557-bb1e-4a00-a364-550c3ea25239:LOC" version="any"/>
<ScheduledStopPoint id="chouette:ScheduledStopPoint:f5eb15c9-3c3a-4ce0-abfa-dc51c39e40bd:LOC" version="any"/>
<ScheduledStopPoint id="chouette:ScheduledStopPoint:4c881ec3-87b1-49bf-aa99-ee412684f644:LOC" version="any"/>
<ScheduledStopPoint id="chouette:ScheduledStopPoint:dd7efc59-f69f-4d8e-b2b1-af153e898eb8:LOC" version="any"/>
<ScheduledStopPoint id="chouette:ScheduledStopPoint:74737553-7cf1-42fd-845c-505f31d1456d:LOC" version="any"/>
<ScheduledStopPoint id="chouette:ScheduledStopPoint:d9a86727-cb32-439d-b375-ca82545ae263:LOC" version="any"/>
<ScheduledStopPoint id="chouette:ScheduledStopPoint:dcb6b019-78d0-4728-9397-ce5cdf6714b4:LOC" version="any"/>
<ScheduledStopPoint id="chouette:ScheduledStopPoint:bd827449-9b54-4bd5-a234-6831130bfdcd:LOC" version="any"/>
<ScheduledStopPoint id="chouette:ScheduledStopPoint:ec9865fd-a6cc-4e28-a458-37708e835d43:LOC" version="any"/>
<ScheduledStopPoint id="chouette:ScheduledStopPoint:a95de12e-0660-4ba4-979b-00868c987158:LOC" version="any"/>
<ScheduledStopPoint id="chouette:ScheduledStopPoint:6d8d167f-7390-4b4f-9741-2e3afe971eb7:LOC" version="any"/>
<ScheduledStopPoint id="chouette:ScheduledStopPoint:2f9163fb-8949-42ab-94de-fd46c4802220:LOC" version="any"/>
<ScheduledStopPoint id="chouette:ScheduledStopPoint:7669c1c7-2647-4829-913b-f43ce732b17f:LOC" version="any"/>
<ScheduledStopPoint id="chouette:ScheduledStopPoint:1f81f055-f601-48e4-959d-bbf1d28b9e97:LOC" version="any"/>
<ScheduledStopPoint id="chouette:ScheduledStopPoint:b85f301c-8d2e-472d-a531-8e347079a30a:LOC" version="any"/>
<ScheduledStopPoint id="chouette:ScheduledStopPoint:f6ea2fb5-5ca2-457c-ab25-9804f6488abc:LOC" version="any"/>
<ScheduledStopPoint id="chouette:ScheduledStopPoint:6e4cdc7c-38e4-45fb-ac21-ce267e8f4eae:LOC" version="any"/>
<ScheduledStopPoint id="chouette:ScheduledStopPoint:0c29cd12-97ae-427d-9e55-9a855c1c46a4:LOC" version="any"/>
<ScheduledStopPoint id="chouette:ScheduledStopPoint:c55a1a4e-0668-4dc9-b53d-ae7b5f6b8918:LOC" version="any"/>
<ScheduledStopPoint id="chouette:ScheduledStopPoint:de9610a7-3444-4a46-9891-c412829d40d2:LOC" version="any"/>
<ScheduledStopPoint id="chouette:ScheduledStopPoint:86756035-ce46-44cd-a963-da342b060091:LOC" version="any"/>
<ScheduledStopPoint id="chouette:ScheduledStopPoint:e1f5fc83-3efe-4602-ab00-ad9640f88dba:LOC" version="any"/>
<ScheduledStopPoint id="chouette:ScheduledStopPoint:8c9d8b34-66ba-40ef-8f5c-59ff532082fa:LOC" version="any"/>
<ScheduledStopPoint id="chouette:ScheduledStopPoint:cf58c3ee-f4b1-49eb-bcfe-7fc60cb03c14:LOC" version="any"/>
<ScheduledStopPoint id="chouette:ScheduledStopPoint:3b6b7b51-2f24-443e-a4cc-f3ac6e41d3fb:LOC" version="any"/>
<ScheduledStopPoint id="chouette:ScheduledStopPoint:b13e2cc3-45d4-4933-8087-b6cfd797d1cf:LOC" version="any"/>
<ScheduledStopPoint id="chouette:ScheduledStopPoint:9e95a6c7-bf80-40e8-8c43-261ea3cfb805:LOC" version="any"/>
<ScheduledStopPoint id="chouette:ScheduledStopPoint:fe3dfa89-f030-472a-b714-106a560b0730:LOC" version="any"/>
            <PassengerStopAssignment id="chouette:PassengerStopAssignment:bad4c209-7b66-403d-b6c5-75deb7c046df:LOC" version="any" order="1">
  <ScheduledStopPointRef ref="chouette:ScheduledStopPoint:bad4c209-7b66-403d-b6c5-75deb7c046df:LOC" version="any"/>
  <QuayRef ref="chouette:StopArea:a5ef2a50-a510-49d0-9d32-b810f053a71a:LOC"/>
</PassengerStopAssignment>
<PassengerStopAssignment id="chouette:PassengerStopAssignment:d802ef66-e93e-4d19-9172-f517fee700e4:LOC" version="any" order="1">
  <ScheduledStopPointRef ref="chouette:ScheduledStopPoint:d802ef66-e93e-4d19-9172-f517fee700e4:LOC" version="any"/>
  <QuayRef ref="chouette:StopArea:be35dae8-4a04-49c7-b562-c1034636e462:LOC"/>
</PassengerStopAssignment>
<PassengerStopAssignment id="chouette:PassengerStopAssignment:6a3bb9d2-e0a0-4dc1-8201-2329a9750519:LOC" version="any" order="1">
  <ScheduledStopPointRef ref="chouette:ScheduledStopPoint:6a3bb9d2-e0a0-4dc1-8201-2329a9750519:LOC" version="any"/>
  <QuayRef ref="chouette:StopArea:fe2a9dc5-9f3a-4b06-a5ff-46a358f4e317:LOC"/>
</PassengerStopAssignment>
<PassengerStopAssignment id="chouette:PassengerStopAssignment:7ddd8281-6c99-4ee8-9a87-7efe871511d7:LOC" version="any" order="1">
  <ScheduledStopPointRef ref="chouette:ScheduledStopPoint:7ddd8281-6c99-4ee8-9a87-7efe871511d7:LOC" version="any"/>
  <QuayRef ref="chouette:StopArea:cc48efbf-550b-4177-ba5c-2699ea7631a0:LOC"/>
</PassengerStopAssignment>
<PassengerStopAssignment id="chouette:PassengerStopAssignment:1f56ca9e-7a15-414e-8dcd-e7a87653020d:LOC" version="any" order="1">
  <ScheduledStopPointRef ref="chouette:ScheduledStopPoint:1f56ca9e-7a15-414e-8dcd-e7a87653020d:LOC" version="any"/>
  <QuayRef ref="chouette:StopArea:8b1568d9-10ad-4bb2-8582-b64b4c9253aa:LOC"/>
</PassengerStopAssignment>
<PassengerStopAssignment id="chouette:PassengerStopAssignment:7376c506-a3ac-4a4b-bf67-a6c75d6f8dc1:LOC" version="any" order="1">
  <ScheduledStopPointRef ref="chouette:ScheduledStopPoint:7376c506-a3ac-4a4b-bf67-a6c75d6f8dc1:LOC" version="any"/>
  <QuayRef ref="chouette:StopArea:f6966df1-d53d-423e-adbe-73b96a038720:LOC"/>
</PassengerStopAssignment>
<PassengerStopAssignment id="chouette:PassengerStopAssignment:ecf95885-6b0b-45ba-9b2a-d58c0b2600f8:LOC" version="any" order="1">
  <ScheduledStopPointRef ref="chouette:ScheduledStopPoint:ecf95885-6b0b-45ba-9b2a-d58c0b2600f8:LOC" version="any"/>
  <QuayRef ref="chouette:StopArea:f9b7e7c2-83bf-4642-b6d8-7969f4530b53:LOC"/>
</PassengerStopAssignment>
<PassengerStopAssignment id="chouette:PassengerStopAssignment:2004c833-f635-43ec-ab07-e238f55060f8:LOC" version="any" order="1">
  <ScheduledStopPointRef ref="chouette:ScheduledStopPoint:2004c833-f635-43ec-ab07-e238f55060f8:LOC" version="any"/>
  <QuayRef ref="chouette:StopArea:98c7d706-077e-445a-98a8-0f918ca45c6b:LOC"/>
</PassengerStopAssignment>
<PassengerStopAssignment id="chouette:PassengerStopAssignment:a1ce6a65-0ac9-4be4-9f87-384614c96066:LOC" version="any" order="1">
  <ScheduledStopPointRef ref="chouette:ScheduledStopPoint:a1ce6a65-0ac9-4be4-9f87-384614c96066:LOC" version="any"/>
  <QuayRef ref="chouette:StopArea:9e71d883-4f08-48e0-a589-28d37cc6a7b0:LOC"/>
</PassengerStopAssignment>
<PassengerStopAssignment id="chouette:PassengerStopAssignment:4fd8e533-2ce9-47be-b14b-25d2ce6686f5:LOC" version="any" order="1">
  <ScheduledStopPointRef ref="chouette:ScheduledStopPoint:4fd8e533-2ce9-47be-b14b-25d2ce6686f5:LOC" version="any"/>
  <QuayRef ref="chouette:StopArea:301c16f4-1413-4a08-ade4-6e8629415938:LOC"/>
</PassengerStopAssignment>
<PassengerStopAssignment id="chouette:PassengerStopAssignment:fc912250-960f-4a39-a132-3f42af554aa6:LOC" version="any" order="1">
  <ScheduledStopPointRef ref="chouette:ScheduledStopPoint:fc912250-960f-4a39-a132-3f42af554aa6:LOC" version="any"/>
  <QuayRef ref="chouette:StopArea:68ae0736-13c3-4444-a5b3-b1f10d0549ac:LOC"/>
</PassengerStopAssignment>
<PassengerStopAssignment id="chouette:PassengerStopAssignment:12ff3699-ac3a-4449-8139-644a6223d760:LOC" version="any" order="1">
  <ScheduledStopPointRef ref="chouette:ScheduledStopPoint:12ff3699-ac3a-4449-8139-644a6223d760:LOC" version="any"/>
  <QuayRef ref="chouette:StopArea:208e2d6f-b8e8-4808-b2cd-ae2a821e720e:LOC"/>
</PassengerStopAssignment>
<PassengerStopAssignment id="chouette:PassengerStopAssignment:afe4966d-a94f-4d0c-a4d4-71f44f4e50af:LOC" version="any" order="1">
  <ScheduledStopPointRef ref="chouette:ScheduledStopPoint:afe4966d-a94f-4d0c-a4d4-71f44f4e50af:LOC" version="any"/>
  <QuayRef ref="chouette:StopArea:ee38390d-37ff-4395-80c0-69574b912dc8:LOC"/>
</PassengerStopAssignment>
<PassengerStopAssignment id="chouette:PassengerStopAssignment:250c1976-5283-4595-8289-239af72335dd:LOC" version="any" order="1">
  <ScheduledStopPointRef ref="chouette:ScheduledStopPoint:250c1976-5283-4595-8289-239af72335dd:LOC" version="any"/>
  <QuayRef ref="chouette:StopArea:b61388c8-3d54-4d2a-8037-41af48250ffc:LOC"/>
</PassengerStopAssignment>
<PassengerStopAssignment id="chouette:PassengerStopAssignment:0f86b557-bb1e-4a00-a364-550c3ea25239:LOC" version="any" order="1">
  <ScheduledStopPointRef ref="chouette:ScheduledStopPoint:0f86b557-bb1e-4a00-a364-550c3ea25239:LOC" version="any"/>
  <QuayRef ref="chouette:StopArea:2c9b3446-c834-43c9-89db-6f3c91ef8973:LOC"/>
</PassengerStopAssignment>
<PassengerStopAssignment id="chouette:PassengerStopAssignment:f5eb15c9-3c3a-4ce0-abfa-dc51c39e40bd:LOC" version="any" order="1">
  <ScheduledStopPointRef ref="chouette:ScheduledStopPoint:f5eb15c9-3c3a-4ce0-abfa-dc51c39e40bd:LOC" version="any"/>
  <QuayRef ref="chouette:StopArea:b6b33982-b50f-423d-a3d4-de0893f1ef31:LOC"/>
</PassengerStopAssignment>
<PassengerStopAssignment id="chouette:PassengerStopAssignment:4c881ec3-87b1-49bf-aa99-ee412684f644:LOC" version="any" order="1">
  <ScheduledStopPointRef ref="chouette:ScheduledStopPoint:4c881ec3-87b1-49bf-aa99-ee412684f644:LOC" version="any"/>
  <QuayRef ref="chouette:StopArea:267fa5a3-9ec3-4369-a701-064654216feb:LOC"/>
</PassengerStopAssignment>
<PassengerStopAssignment id="chouette:PassengerStopAssignment:dd7efc59-f69f-4d8e-b2b1-af153e898eb8:LOC" version="any" order="1">
  <ScheduledStopPointRef ref="chouette:ScheduledStopPoint:dd7efc59-f69f-4d8e-b2b1-af153e898eb8:LOC" version="any"/>
  <QuayRef ref="chouette:StopArea:8c372621-d3ed-40f1-a460-054638f319b9:LOC"/>
</PassengerStopAssignment>
<PassengerStopAssignment id="chouette:PassengerStopAssignment:74737553-7cf1-42fd-845c-505f31d1456d:LOC" version="any" order="1">
  <ScheduledStopPointRef ref="chouette:ScheduledStopPoint:74737553-7cf1-42fd-845c-505f31d1456d:LOC" version="any"/>
  <QuayRef ref="chouette:StopArea:53e82597-94b5-4f2c-a32b-ff3d0f512f26:LOC"/>
</PassengerStopAssignment>
<PassengerStopAssignment id="chouette:PassengerStopAssignment:d9a86727-cb32-439d-b375-ca82545ae263:LOC" version="any" order="1">
  <ScheduledStopPointRef ref="chouette:ScheduledStopPoint:d9a86727-cb32-439d-b375-ca82545ae263:LOC" version="any"/>
  <QuayRef ref="chouette:StopArea:f4676ad0-7ea6-4ec8-a19d-4fd7f3d0c0f6:LOC"/>
</PassengerStopAssignment>
<PassengerStopAssignment id="chouette:PassengerStopAssignment:dcb6b019-78d0-4728-9397-ce5cdf6714b4:LOC" version="any" order="1">
  <ScheduledStopPointRef ref="chouette:ScheduledStopPoint:dcb6b019-78d0-4728-9397-ce5cdf6714b4:LOC" version="any"/>
  <QuayRef ref="chouette:StopArea:a3b5fe8d-a9f2-47fb-b1de-ee8838ae5209:LOC"/>
</PassengerStopAssignment>
<PassengerStopAssignment id="chouette:PassengerStopAssignment:bd827449-9b54-4bd5-a234-6831130bfdcd:LOC" version="any" order="1">
  <ScheduledStopPointRef ref="chouette:ScheduledStopPoint:bd827449-9b54-4bd5-a234-6831130bfdcd:LOC" version="any"/>
  <QuayRef ref="chouette:StopArea:5b05c384-fd24-45b8-a736-5b830421d903:LOC"/>
</PassengerStopAssignment>
<PassengerStopAssignment id="chouette:PassengerStopAssignment:ec9865fd-a6cc-4e28-a458-37708e835d43:LOC" version="any" order="1">
  <ScheduledStopPointRef ref="chouette:ScheduledStopPoint:ec9865fd-a6cc-4e28-a458-37708e835d43:LOC" version="any"/>
  <QuayRef ref="chouette:StopArea:c045b176-f82a-47da-b013-5d47f2e75399:LOC"/>
</PassengerStopAssignment>
<PassengerStopAssignment id="chouette:PassengerStopAssignment:a95de12e-0660-4ba4-979b-00868c987158:LOC" version="any" order="1">
  <ScheduledStopPointRef ref="chouette:ScheduledStopPoint:a95de12e-0660-4ba4-979b-00868c987158:LOC" version="any"/>
  <QuayRef ref="chouette:StopArea:68ae0736-13c3-4444-a5b3-b1f10d0549ac:LOC"/>
</PassengerStopAssignment>
<PassengerStopAssignment id="chouette:PassengerStopAssignment:6d8d167f-7390-4b4f-9741-2e3afe971eb7:LOC" version="any" order="1">
  <ScheduledStopPointRef ref="chouette:ScheduledStopPoint:6d8d167f-7390-4b4f-9741-2e3afe971eb7:LOC" version="any"/>
  <QuayRef ref="chouette:StopArea:52a89826-fae7-4e80-a718-e5243858b856:LOC"/>
</PassengerStopAssignment>
<PassengerStopAssignment id="chouette:PassengerStopAssignment:2f9163fb-8949-42ab-94de-fd46c4802220:LOC" version="any" order="1">
  <ScheduledStopPointRef ref="chouette:ScheduledStopPoint:2f9163fb-8949-42ab-94de-fd46c4802220:LOC" version="any"/>
  <QuayRef ref="chouette:StopArea:60c52707-99fb-4edd-a1bd-0618f186e898:LOC"/>
</PassengerStopAssignment>
<PassengerStopAssignment id="chouette:PassengerStopAssignment:7669c1c7-2647-4829-913b-f43ce732b17f:LOC" version="any" order="1">
  <ScheduledStopPointRef ref="chouette:ScheduledStopPoint:7669c1c7-2647-4829-913b-f43ce732b17f:LOC" version="any"/>
  <QuayRef ref="chouette:StopArea:5600e8c5-ea58-4a32-85fd-c3d254993033:LOC"/>
</PassengerStopAssignment>
<PassengerStopAssignment id="chouette:PassengerStopAssignment:1f81f055-f601-48e4-959d-bbf1d28b9e97:LOC" version="any" order="1">
  <ScheduledStopPointRef ref="chouette:ScheduledStopPoint:1f81f055-f601-48e4-959d-bbf1d28b9e97:LOC" version="any"/>
  <QuayRef ref="chouette:StopArea:cc48efbf-550b-4177-ba5c-2699ea7631a0:LOC"/>
</PassengerStopAssignment>
<PassengerStopAssignment id="chouette:PassengerStopAssignment:b85f301c-8d2e-472d-a531-8e347079a30a:LOC" version="any" order="1">
  <ScheduledStopPointRef ref="chouette:ScheduledStopPoint:b85f301c-8d2e-472d-a531-8e347079a30a:LOC" version="any"/>
  <QuayRef ref="chouette:StopArea:52a89826-fae7-4e80-a718-e5243858b856:LOC"/>
</PassengerStopAssignment>
<PassengerStopAssignment id="chouette:PassengerStopAssignment:f6ea2fb5-5ca2-457c-ab25-9804f6488abc:LOC" version="any" order="1">
  <ScheduledStopPointRef ref="chouette:ScheduledStopPoint:f6ea2fb5-5ca2-457c-ab25-9804f6488abc:LOC" version="any"/>
  <QuayRef ref="chouette:StopArea:379895fd-2531-485e-9206-90c5e4ffe6b7:LOC"/>
</PassengerStopAssignment>
<PassengerStopAssignment id="chouette:PassengerStopAssignment:6e4cdc7c-38e4-45fb-ac21-ce267e8f4eae:LOC" version="any" order="1">
  <ScheduledStopPointRef ref="chouette:ScheduledStopPoint:6e4cdc7c-38e4-45fb-ac21-ce267e8f4eae:LOC" version="any"/>
  <QuayRef ref="chouette:StopArea:31e3fb3d-d44a-491a-88c5-ddb9a07db3d7:LOC"/>
</PassengerStopAssignment>
<PassengerStopAssignment id="chouette:PassengerStopAssignment:0c29cd12-97ae-427d-9e55-9a855c1c46a4:LOC" version="any" order="1">
  <ScheduledStopPointRef ref="chouette:ScheduledStopPoint:0c29cd12-97ae-427d-9e55-9a855c1c46a4:LOC" version="any"/>
  <QuayRef ref="chouette:StopArea:b6b33982-b50f-423d-a3d4-de0893f1ef31:LOC"/>
</PassengerStopAssignment>
<PassengerStopAssignment id="chouette:PassengerStopAssignment:c55a1a4e-0668-4dc9-b53d-ae7b5f6b8918:LOC" version="any" order="1">
  <ScheduledStopPointRef ref="chouette:ScheduledStopPoint:c55a1a4e-0668-4dc9-b53d-ae7b5f6b8918:LOC" version="any"/>
  <QuayRef ref="chouette:StopArea:b4e80c50-1407-42c5-8bf2-693f03283552:LOC"/>
</PassengerStopAssignment>
<PassengerStopAssignment id="chouette:PassengerStopAssignment:de9610a7-3444-4a46-9891-c412829d40d2:LOC" version="any" order="1">
  <ScheduledStopPointRef ref="chouette:ScheduledStopPoint:de9610a7-3444-4a46-9891-c412829d40d2:LOC" version="any"/>
  <QuayRef ref="chouette:StopArea:ddd82efc-22ad-4b05-b387-f42df7d4a11f:LOC"/>
</PassengerStopAssignment>
<PassengerStopAssignment id="chouette:PassengerStopAssignment:86756035-ce46-44cd-a963-da342b060091:LOC" version="any" order="1">
  <ScheduledStopPointRef ref="chouette:ScheduledStopPoint:86756035-ce46-44cd-a963-da342b060091:LOC" version="any"/>
  <QuayRef ref="chouette:StopArea:5b438705-a0e5-4fc2-963b-a399317e56e0:LOC"/>
</PassengerStopAssignment>
<PassengerStopAssignment id="chouette:PassengerStopAssignment:e1f5fc83-3efe-4602-ab00-ad9640f88dba:LOC" version="any" order="1">
  <ScheduledStopPointRef ref="chouette:ScheduledStopPoint:e1f5fc83-3efe-4602-ab00-ad9640f88dba:LOC" version="any"/>
  <QuayRef ref="chouette:StopArea:9689a13c-1a8e-44d8-a76e-9adb5079e1d1:LOC"/>
</PassengerStopAssignment>
<PassengerStopAssignment id="chouette:PassengerStopAssignment:8c9d8b34-66ba-40ef-8f5c-59ff532082fa:LOC" version="any" order="1">
  <ScheduledStopPointRef ref="chouette:ScheduledStopPoint:8c9d8b34-66ba-40ef-8f5c-59ff532082fa:LOC" version="any"/>
  <QuayRef ref="chouette:StopArea:9e71d883-4f08-48e0-a589-28d37cc6a7b0:LOC"/>
</PassengerStopAssignment>
<PassengerStopAssignment id="chouette:PassengerStopAssignment:cf58c3ee-f4b1-49eb-bcfe-7fc60cb03c14:LOC" version="any" order="1">
  <ScheduledStopPointRef ref="chouette:ScheduledStopPoint:cf58c3ee-f4b1-49eb-bcfe-7fc60cb03c14:LOC" version="any"/>
  <QuayRef ref="chouette:StopArea:be35dae8-4a04-49c7-b562-c1034636e462:LOC"/>
</PassengerStopAssignment>
<PassengerStopAssignment id="chouette:PassengerStopAssignment:3b6b7b51-2f24-443e-a4cc-f3ac6e41d3fb:LOC" version="any" order="1">
  <ScheduledStopPointRef ref="chouette:ScheduledStopPoint:3b6b7b51-2f24-443e-a4cc-f3ac6e41d3fb:LOC" version="any"/>
  <QuayRef ref="chouette:StopArea:ddd82efc-22ad-4b05-b387-f42df7d4a11f:LOC"/>
</PassengerStopAssignment>
<PassengerStopAssignment id="chouette:PassengerStopAssignment:b13e2cc3-45d4-4933-8087-b6cfd797d1cf:LOC" version="any" order="1">
  <ScheduledStopPointRef ref="chouette:ScheduledStopPoint:b13e2cc3-45d4-4933-8087-b6cfd797d1cf:LOC" version="any"/>
  <QuayRef ref="chouette:StopArea:5600e8c5-ea58-4a32-85fd-c3d254993033:LOC"/>
</PassengerStopAssignment>
<PassengerStopAssignment id="chouette:PassengerStopAssignment:9e95a6c7-bf80-40e8-8c43-261ea3cfb805:LOC" version="any" order="1">
  <ScheduledStopPointRef ref="chouette:ScheduledStopPoint:9e95a6c7-bf80-40e8-8c43-261ea3cfb805:LOC" version="any"/>
  <QuayRef ref="chouette:StopArea:9689a13c-1a8e-44d8-a76e-9adb5079e1d1:LOC"/>
</PassengerStopAssignment>
<PassengerStopAssignment id="chouette:PassengerStopAssignment:fe3dfa89-f030-472a-b714-106a560b0730:LOC" version="any" order="1">
  <ScheduledStopPointRef ref="chouette:ScheduledStopPoint:fe3dfa89-f030-472a-b714-106a560b0730:LOC" version="any"/>
  <QuayRef ref="chouette:StopArea:555b5801-ca68-414e-9f8a-4e54a25a6398:LOC"/>
</PassengerStopAssignment>
          </members>
        </GeneralFrame>
        <GeneralFrame id="FR:GeneralFrame:NETEX_HORAIRE-chouette:Line:4ecd0fb0-9aa2-4604-ae8a-82ff4322a705:LOC:LOC" version="1.09:FR-NETEX-2.1-1.0">
          <TypeOfFrameRef ref="FR:TypeOfFrame:NETEX_HORAIRE:"/>
          <members>
            <ServiceJourney id="chouette:VehicleJourney:420ba8d3-e5f0-4040-ad00-1a44705a89b5:LOC" created="2025-03-24T08:02:35Z" changed="2025-03-24T08:02:59Z" version="any">
  <keyList>
    <KeyValue typeOfKey="ALTERNATE_IDENTIFIER">
      <Key>external</Key>
      <Value>5112|20220523|8</Value>
    </KeyValue>
  </keyList>
  <Name>5112|8</Name>
  <dayTypes>
    <DayTypeRef ref="chouette:TimeTable:0fe3f51e-91b2-4e36-ab8e-d0ee52c11340:LOC"/>
  </dayTypes>
  <JourneyPatternRef ref="chouette:JourneyPattern:bde7d84d-689e-4642-84a5-f37a710f13ef:LOC" version="any"/>
  <passingTimes>
    <TimetabledPassingTime version="any" id="chouette:TimetabledPassingTime:420ba8d3-e5f0-4040-ad00-1a44705a89b5-0:LOC">
  <StopPointInJourneyPatternRef ref="chouette:StopPointInJourneyPattern:6d8d167f-7390-4b4f-9741-2e3afe971eb7-bde7d84d-689e-4642-84a5-f37a710f13ef:LOC"/>
  <ArrivalTime>10:50:00</ArrivalTime>
  <DepartureTime>10:50:00</DepartureTime>
</TimetabledPassingTime><TimetabledPassingTime version="any" id="chouette:TimetabledPassingTime:420ba8d3-e5f0-4040-ad00-1a44705a89b5-1:LOC">
  <StopPointInJourneyPatternRef ref="chouette:StopPointInJourneyPattern:dd7efc59-f69f-4d8e-b2b1-af153e898eb8-bde7d84d-689e-4642-84a5-f37a710f13ef:LOC"/>
  <ArrivalTime>11:05:00</ArrivalTime>
  <DepartureTime>11:05:00</DepartureTime>
</TimetabledPassingTime><TimetabledPassingTime version="any" id="chouette:TimetabledPassingTime:420ba8d3-e5f0-4040-ad00-1a44705a89b5-2:LOC">
  <StopPointInJourneyPatternRef ref="chouette:StopPointInJourneyPattern:e1f5fc83-3efe-4602-ab00-ad9640f88dba-bde7d84d-689e-4642-84a5-f37a710f13ef:LOC"/>
  <ArrivalTime>11:11:00</ArrivalTime>
  <DepartureTime>11:11:00</DepartureTime>
</TimetabledPassingTime><TimetabledPassingTime version="any" id="chouette:TimetabledPassingTime:420ba8d3-e5f0-4040-ad00-1a44705a89b5-3:LOC">
  <StopPointInJourneyPatternRef ref="chouette:StopPointInJourneyPattern:ec9865fd-a6cc-4e28-a458-37708e835d43-bde7d84d-689e-4642-84a5-f37a710f13ef:LOC"/>
  <ArrivalTime>11:16:00</ArrivalTime>
  <DepartureTime>11:16:00</DepartureTime>
</TimetabledPassingTime><TimetabledPassingTime version="any" id="chouette:TimetabledPassingTime:420ba8d3-e5f0-4040-ad00-1a44705a89b5-4:LOC">
  <StopPointInJourneyPatternRef ref="chouette:StopPointInJourneyPattern:a1ce6a65-0ac9-4be4-9f87-384614c96066-bde7d84d-689e-4642-84a5-f37a710f13ef:LOC"/>
  <ArrivalTime>11:24:00</ArrivalTime>
  <DepartureTime>11:24:00</DepartureTime>
</TimetabledPassingTime><TimetabledPassingTime version="any" id="chouette:TimetabledPassingTime:420ba8d3-e5f0-4040-ad00-1a44705a89b5-5:LOC">
  <StopPointInJourneyPatternRef ref="chouette:StopPointInJourneyPattern:dcb6b019-78d0-4728-9397-ce5cdf6714b4-bde7d84d-689e-4642-84a5-f37a710f13ef:LOC"/>
  <ArrivalTime>11:36:00</ArrivalTime>
  <DepartureTime>11:36:00</DepartureTime>
</TimetabledPassingTime><TimetabledPassingTime version="any" id="chouette:TimetabledPassingTime:420ba8d3-e5f0-4040-ad00-1a44705a89b5-6:LOC">
  <StopPointInJourneyPatternRef ref="chouette:StopPointInJourneyPattern:cf58c3ee-f4b1-49eb-bcfe-7fc60cb03c14-bde7d84d-689e-4642-84a5-f37a710f13ef:LOC"/>
  <ArrivalTime>11:42:00</ArrivalTime>
  <DepartureTime>11:42:00</DepartureTime>
</TimetabledPassingTime><TimetabledPassingTime version="any" id="chouette:TimetabledPassingTime:420ba8d3-e5f0-4040-ad00-1a44705a89b5-7:LOC">
  <StopPointInJourneyPatternRef ref="chouette:StopPointInJourneyPattern:fc912250-960f-4a39-a132-3f42af554aa6-bde7d84d-689e-4642-84a5-f37a710f13ef:LOC"/>
  <ArrivalTime>11:53:00</ArrivalTime>
  <DepartureTime>11:53:00</DepartureTime>
</TimetabledPassingTime><TimetabledPassingTime version="any" id="chouette:TimetabledPassingTime:420ba8d3-e5f0-4040-ad00-1a44705a89b5-8:LOC">
  <StopPointInJourneyPatternRef ref="chouette:StopPointInJourneyPattern:3b6b7b51-2f24-443e-a4cc-f3ac6e41d3fb-bde7d84d-689e-4642-84a5-f37a710f13ef:LOC"/>
  <ArrivalTime>12:13:00</ArrivalTime>
  <DepartureTime>12:13:00</DepartureTime>
</TimetabledPassingTime><TimetabledPassingTime version="any" id="chouette:TimetabledPassingTime:420ba8d3-e5f0-4040-ad00-1a44705a89b5-9:LOC">
  <StopPointInJourneyPatternRef ref="chouette:StopPointInJourneyPattern:f6ea2fb5-5ca2-457c-ab25-9804f6488abc-bde7d84d-689e-4642-84a5-f37a710f13ef:LOC"/>
  <ArrivalTime>12:20:00</ArrivalTime>
  <DepartureTime>12:20:00</DepartureTime>
</TimetabledPassingTime><TimetabledPassingTime version="any" id="chouette:TimetabledPassingTime:420ba8d3-e5f0-4040-ad00-1a44705a89b5-10:LOC">
  <StopPointInJourneyPatternRef ref="chouette:StopPointInJourneyPattern:c55a1a4e-0668-4dc9-b53d-ae7b5f6b8918-bde7d84d-689e-4642-84a5-f37a710f13ef:LOC"/>
  <ArrivalTime>12:27:00</ArrivalTime>
  <DepartureTime>12:27:00</DepartureTime>
</TimetabledPassingTime><TimetabledPassingTime version="any" id="chouette:TimetabledPassingTime:420ba8d3-e5f0-4040-ad00-1a44705a89b5-11:LOC">
  <StopPointInJourneyPatternRef ref="chouette:StopPointInJourneyPattern:2004c833-f635-43ec-ab07-e238f55060f8-bde7d84d-689e-4642-84a5-f37a710f13ef:LOC"/>
  <ArrivalTime>12:33:00</ArrivalTime>
  <DepartureTime>12:33:00</DepartureTime>
</TimetabledPassingTime><TimetabledPassingTime version="any" id="chouette:TimetabledPassingTime:420ba8d3-e5f0-4040-ad00-1a44705a89b5-12:LOC">
  <StopPointInJourneyPatternRef ref="chouette:StopPointInJourneyPattern:250c1976-5283-4595-8289-239af72335dd-bde7d84d-689e-4642-84a5-f37a710f13ef:LOC"/>
  <ArrivalTime>12:40:00</ArrivalTime>
  <DepartureTime>12:40:00</DepartureTime>
</TimetabledPassingTime><TimetabledPassingTime version="any" id="chouette:TimetabledPassingTime:420ba8d3-e5f0-4040-ad00-1a44705a89b5-13:LOC">
  <StopPointInJourneyPatternRef ref="chouette:StopPointInJourneyPattern:86756035-ce46-44cd-a963-da342b060091-bde7d84d-689e-4642-84a5-f37a710f13ef:LOC"/>
  <ArrivalTime>12:45:00</ArrivalTime>
  <DepartureTime>12:45:00</DepartureTime>
</TimetabledPassingTime><TimetabledPassingTime version="any" id="chouette:TimetabledPassingTime:420ba8d3-e5f0-4040-ad00-1a44705a89b5-14:LOC">
  <StopPointInJourneyPatternRef ref="chouette:StopPointInJourneyPattern:6e4cdc7c-38e4-45fb-ac21-ce267e8f4eae-bde7d84d-689e-4642-84a5-f37a710f13ef:LOC"/>
  <ArrivalTime>12:50:00</ArrivalTime>
  <DepartureTime>12:50:00</DepartureTime>
</TimetabledPassingTime><TimetabledPassingTime version="any" id="chouette:TimetabledPassingTime:420ba8d3-e5f0-4040-ad00-1a44705a89b5-15:LOC">
  <StopPointInJourneyPatternRef ref="chouette:StopPointInJourneyPattern:0f86b557-bb1e-4a00-a364-550c3ea25239-bde7d84d-689e-4642-84a5-f37a710f13ef:LOC"/>
  <ArrivalTime>12:55:00</ArrivalTime>
  <DepartureTime>12:55:00</DepartureTime>
</TimetabledPassingTime><TimetabledPassingTime version="any" id="chouette:TimetabledPassingTime:420ba8d3-e5f0-4040-ad00-1a44705a89b5-16:LOC">
  <StopPointInJourneyPatternRef ref="chouette:StopPointInJourneyPattern:bad4c209-7b66-403d-b6c5-75deb7c046df-bde7d84d-689e-4642-84a5-f37a710f13ef:LOC"/>
  <ArrivalTime>13:00:00</ArrivalTime>
  <DepartureTime>13:00:00</DepartureTime>
</TimetabledPassingTime><TimetabledPassingTime version="any" id="chouette:TimetabledPassingTime:420ba8d3-e5f0-4040-ad00-1a44705a89b5-17:LOC">
  <StopPointInJourneyPatternRef ref="chouette:StopPointInJourneyPattern:1f56ca9e-7a15-414e-8dcd-e7a87653020d-bde7d84d-689e-4642-84a5-f37a710f13ef:LOC"/>
  <ArrivalTime>13:05:00</ArrivalTime>
  <DepartureTime>13:05:00</DepartureTime>
</TimetabledPassingTime><TimetabledPassingTime version="any" id="chouette:TimetabledPassingTime:420ba8d3-e5f0-4040-ad00-1a44705a89b5-18:LOC">
  <StopPointInJourneyPatternRef ref="chouette:StopPointInJourneyPattern:7669c1c7-2647-4829-913b-f43ce732b17f-bde7d84d-689e-4642-84a5-f37a710f13ef:LOC"/>
  <ArrivalTime>13:25:00</ArrivalTime>
  <DepartureTime>13:25:00</DepartureTime>
</TimetabledPassingTime><TimetabledPassingTime version="any" id="chouette:TimetabledPassingTime:420ba8d3-e5f0-4040-ad00-1a44705a89b5-19:LOC">
  <StopPointInJourneyPatternRef ref="chouette:StopPointInJourneyPattern:7ddd8281-6c99-4ee8-9a87-7efe871511d7-bde7d84d-689e-4642-84a5-f37a710f13ef:LOC"/>
  <ArrivalTime>13:50:00</ArrivalTime>
  <DepartureTime>13:50:00</DepartureTime>
</TimetabledPassingTime><TimetabledPassingTime version="any" id="chouette:TimetabledPassingTime:420ba8d3-e5f0-4040-ad00-1a44705a89b5-20:LOC">
  <StopPointInJourneyPatternRef ref="chouette:StopPointInJourneyPattern:f5eb15c9-3c3a-4ce0-abfa-dc51c39e40bd-bde7d84d-689e-4642-84a5-f37a710f13ef:LOC"/>
  <ArrivalTime>14:05:00</ArrivalTime>
  <DepartureTime>14:05:00</DepartureTime>
</TimetabledPassingTime>
  </passingTimes>
</ServiceJourney>
<ServiceJourney id="chouette:VehicleJourney:7da69c8c-f571-4937-b100-72c806ff495a:LOC" created="2025-03-24T08:02:35Z" changed="2025-03-24T08:02:59Z" version="any">
  <keyList>
    <KeyValue typeOfKey="ALTERNATE_IDENTIFIER">
      <Key>external</Key>
      <Value>5112|20220523|9</Value>
    </KeyValue>
  </keyList>
  <Name>5112|9</Name>
  <dayTypes>
    <DayTypeRef ref="chouette:TimeTable:0fe3f51e-91b2-4e36-ab8e-d0ee52c11340:LOC"/>
  </dayTypes>
  <JourneyPatternRef ref="chouette:JourneyPattern:bde7d84d-689e-4642-84a5-f37a710f13ef:LOC" version="any"/>
  <passingTimes>
    <TimetabledPassingTime version="any" id="chouette:TimetabledPassingTime:7da69c8c-f571-4937-b100-72c806ff495a-0:LOC">
  <StopPointInJourneyPatternRef ref="chouette:StopPointInJourneyPattern:6d8d167f-7390-4b4f-9741-2e3afe971eb7-bde7d84d-689e-4642-84a5-f37a710f13ef:LOC"/>
  <ArrivalTime>15:10:00</ArrivalTime>
  <DepartureTime>15:10:00</DepartureTime>
</TimetabledPassingTime><TimetabledPassingTime version="any" id="chouette:TimetabledPassingTime:7da69c8c-f571-4937-b100-72c806ff495a-1:LOC">
  <StopPointInJourneyPatternRef ref="chouette:StopPointInJourneyPattern:dd7efc59-f69f-4d8e-b2b1-af153e898eb8-bde7d84d-689e-4642-84a5-f37a710f13ef:LOC"/>
  <ArrivalTime>15:25:00</ArrivalTime>
  <DepartureTime>15:25:00</DepartureTime>
</TimetabledPassingTime><TimetabledPassingTime version="any" id="chouette:TimetabledPassingTime:7da69c8c-f571-4937-b100-72c806ff495a-2:LOC">
  <StopPointInJourneyPatternRef ref="chouette:StopPointInJourneyPattern:e1f5fc83-3efe-4602-ab00-ad9640f88dba-bde7d84d-689e-4642-84a5-f37a710f13ef:LOC"/>
  <ArrivalTime>15:31:00</ArrivalTime>
  <DepartureTime>15:31:00</DepartureTime>
</TimetabledPassingTime><TimetabledPassingTime version="any" id="chouette:TimetabledPassingTime:7da69c8c-f571-4937-b100-72c806ff495a-3:LOC">
  <StopPointInJourneyPatternRef ref="chouette:StopPointInJourneyPattern:ec9865fd-a6cc-4e28-a458-37708e835d43-bde7d84d-689e-4642-84a5-f37a710f13ef:LOC"/>
  <ArrivalTime>15:36:00</ArrivalTime>
  <DepartureTime>15:36:00</DepartureTime>
</TimetabledPassingTime><TimetabledPassingTime version="any" id="chouette:TimetabledPassingTime:7da69c8c-f571-4937-b100-72c806ff495a-4:LOC">
  <StopPointInJourneyPatternRef ref="chouette:StopPointInJourneyPattern:a1ce6a65-0ac9-4be4-9f87-384614c96066-bde7d84d-689e-4642-84a5-f37a710f13ef:LOC"/>
  <ArrivalTime>15:44:00</ArrivalTime>
  <DepartureTime>15:44:00</DepartureTime>
</TimetabledPassingTime><TimetabledPassingTime version="any" id="chouette:TimetabledPassingTime:7da69c8c-f571-4937-b100-72c806ff495a-5:LOC">
  <StopPointInJourneyPatternRef ref="chouette:StopPointInJourneyPattern:dcb6b019-78d0-4728-9397-ce5cdf6714b4-bde7d84d-689e-4642-84a5-f37a710f13ef:LOC"/>
  <ArrivalTime>15:56:00</ArrivalTime>
  <DepartureTime>15:56:00</DepartureTime>
</TimetabledPassingTime><TimetabledPassingTime version="any" id="chouette:TimetabledPassingTime:7da69c8c-f571-4937-b100-72c806ff495a-6:LOC">
  <StopPointInJourneyPatternRef ref="chouette:StopPointInJourneyPattern:cf58c3ee-f4b1-49eb-bcfe-7fc60cb03c14-bde7d84d-689e-4642-84a5-f37a710f13ef:LOC"/>
  <ArrivalTime>16:02:00</ArrivalTime>
  <DepartureTime>16:02:00</DepartureTime>
</TimetabledPassingTime><TimetabledPassingTime version="any" id="chouette:TimetabledPassingTime:7da69c8c-f571-4937-b100-72c806ff495a-7:LOC">
  <StopPointInJourneyPatternRef ref="chouette:StopPointInJourneyPattern:fc912250-960f-4a39-a132-3f42af554aa6-bde7d84d-689e-4642-84a5-f37a710f13ef:LOC"/>
  <ArrivalTime>16:13:00</ArrivalTime>
  <DepartureTime>16:13:00</DepartureTime>
</TimetabledPassingTime><TimetabledPassingTime version="any" id="chouette:TimetabledPassingTime:7da69c8c-f571-4937-b100-72c806ff495a-8:LOC">
  <StopPointInJourneyPatternRef ref="chouette:StopPointInJourneyPattern:3b6b7b51-2f24-443e-a4cc-f3ac6e41d3fb-bde7d84d-689e-4642-84a5-f37a710f13ef:LOC"/>
  <ArrivalTime>16:33:00</ArrivalTime>
  <DepartureTime>16:33:00</DepartureTime>
</TimetabledPassingTime><TimetabledPassingTime version="any" id="chouette:TimetabledPassingTime:7da69c8c-f571-4937-b100-72c806ff495a-9:LOC">
  <StopPointInJourneyPatternRef ref="chouette:StopPointInJourneyPattern:f6ea2fb5-5ca2-457c-ab25-9804f6488abc-bde7d84d-689e-4642-84a5-f37a710f13ef:LOC"/>
  <ArrivalTime>16:40:00</ArrivalTime>
  <DepartureTime>16:40:00</DepartureTime>
</TimetabledPassingTime><TimetabledPassingTime version="any" id="chouette:TimetabledPassingTime:7da69c8c-f571-4937-b100-72c806ff495a-10:LOC">
  <StopPointInJourneyPatternRef ref="chouette:StopPointInJourneyPattern:c55a1a4e-0668-4dc9-b53d-ae7b5f6b8918-bde7d84d-689e-4642-84a5-f37a710f13ef:LOC"/>
  <ArrivalTime>16:47:00</ArrivalTime>
  <DepartureTime>16:47:00</DepartureTime>
</TimetabledPassingTime><TimetabledPassingTime version="any" id="chouette:TimetabledPassingTime:7da69c8c-f571-4937-b100-72c806ff495a-11:LOC">
  <StopPointInJourneyPatternRef ref="chouette:StopPointInJourneyPattern:2004c833-f635-43ec-ab07-e238f55060f8-bde7d84d-689e-4642-84a5-f37a710f13ef:LOC"/>
  <ArrivalTime>16:53:00</ArrivalTime>
  <DepartureTime>16:53:00</DepartureTime>
</TimetabledPassingTime><TimetabledPassingTime version="any" id="chouette:TimetabledPassingTime:7da69c8c-f571-4937-b100-72c806ff495a-12:LOC">
  <StopPointInJourneyPatternRef ref="chouette:StopPointInJourneyPattern:250c1976-5283-4595-8289-239af72335dd-bde7d84d-689e-4642-84a5-f37a710f13ef:LOC"/>
  <ArrivalTime>17:00:00</ArrivalTime>
  <DepartureTime>17:00:00</DepartureTime>
</TimetabledPassingTime><TimetabledPassingTime version="any" id="chouette:TimetabledPassingTime:7da69c8c-f571-4937-b100-72c806ff495a-13:LOC">
  <StopPointInJourneyPatternRef ref="chouette:StopPointInJourneyPattern:86756035-ce46-44cd-a963-da342b060091-bde7d84d-689e-4642-84a5-f37a710f13ef:LOC"/>
  <ArrivalTime>17:05:00</ArrivalTime>
  <DepartureTime>17:05:00</DepartureTime>
</TimetabledPassingTime><TimetabledPassingTime version="any" id="chouette:TimetabledPassingTime:7da69c8c-f571-4937-b100-72c806ff495a-14:LOC">
  <StopPointInJourneyPatternRef ref="chouette:StopPointInJourneyPattern:6e4cdc7c-38e4-45fb-ac21-ce267e8f4eae-bde7d84d-689e-4642-84a5-f37a710f13ef:LOC"/>
  <ArrivalTime>17:10:00</ArrivalTime>
  <DepartureTime>17:10:00</DepartureTime>
</TimetabledPassingTime><TimetabledPassingTime version="any" id="chouette:TimetabledPassingTime:7da69c8c-f571-4937-b100-72c806ff495a-15:LOC">
  <StopPointInJourneyPatternRef ref="chouette:StopPointInJourneyPattern:0f86b557-bb1e-4a00-a364-550c3ea25239-bde7d84d-689e-4642-84a5-f37a710f13ef:LOC"/>
  <ArrivalTime>17:15:00</ArrivalTime>
  <DepartureTime>17:15:00</DepartureTime>
</TimetabledPassingTime><TimetabledPassingTime version="any" id="chouette:TimetabledPassingTime:7da69c8c-f571-4937-b100-72c806ff495a-16:LOC">
  <StopPointInJourneyPatternRef ref="chouette:StopPointInJourneyPattern:bad4c209-7b66-403d-b6c5-75deb7c046df-bde7d84d-689e-4642-84a5-f37a710f13ef:LOC"/>
  <ArrivalTime>17:20:00</ArrivalTime>
  <DepartureTime>17:20:00</DepartureTime>
</TimetabledPassingTime><TimetabledPassingTime version="any" id="chouette:TimetabledPassingTime:7da69c8c-f571-4937-b100-72c806ff495a-17:LOC">
  <StopPointInJourneyPatternRef ref="chouette:StopPointInJourneyPattern:1f56ca9e-7a15-414e-8dcd-e7a87653020d-bde7d84d-689e-4642-84a5-f37a710f13ef:LOC"/>
  <ArrivalTime>17:25:00</ArrivalTime>
  <DepartureTime>17:25:00</DepartureTime>
</TimetabledPassingTime><TimetabledPassingTime version="any" id="chouette:TimetabledPassingTime:7da69c8c-f571-4937-b100-72c806ff495a-18:LOC">
  <StopPointInJourneyPatternRef ref="chouette:StopPointInJourneyPattern:7669c1c7-2647-4829-913b-f43ce732b17f-bde7d84d-689e-4642-84a5-f37a710f13ef:LOC"/>
  <ArrivalTime>17:45:00</ArrivalTime>
  <DepartureTime>17:45:00</DepartureTime>
</TimetabledPassingTime><TimetabledPassingTime version="any" id="chouette:TimetabledPassingTime:7da69c8c-f571-4937-b100-72c806ff495a-19:LOC">
  <StopPointInJourneyPatternRef ref="chouette:StopPointInJourneyPattern:7ddd8281-6c99-4ee8-9a87-7efe871511d7-bde7d84d-689e-4642-84a5-f37a710f13ef:LOC"/>
  <ArrivalTime>18:10:00</ArrivalTime>
  <DepartureTime>18:10:00</DepartureTime>
</TimetabledPassingTime><TimetabledPassingTime version="any" id="chouette:TimetabledPassingTime:7da69c8c-f571-4937-b100-72c806ff495a-20:LOC">
  <StopPointInJourneyPatternRef ref="chouette:StopPointInJourneyPattern:f5eb15c9-3c3a-4ce0-abfa-dc51c39e40bd-bde7d84d-689e-4642-84a5-f37a710f13ef:LOC"/>
  <ArrivalTime>18:25:00</ArrivalTime>
  <DepartureTime>18:25:00</DepartureTime>
</TimetabledPassingTime>
  </passingTimes>
</ServiceJourney>
<ServiceJourney id="chouette:VehicleJourney:7c6ffb2b-8985-49f3-b1ec-eb222b65730d:LOC" created="2025-03-24T08:02:35Z" changed="2025-03-24T08:02:59Z" version="any">
  <keyList>
    <KeyValue typeOfKey="ALTERNATE_IDENTIFIER">
      <Key>external</Key>
      <Value>5114|20220523|7</Value>
    </KeyValue>
  </keyList>
  <Name>5114|7</Name>
  <dayTypes>
    <DayTypeRef ref="chouette:TimeTable:0fe3f51e-91b2-4e36-ab8e-d0ee52c11340:LOC"/>
  </dayTypes>
  <JourneyPatternRef ref="chouette:JourneyPattern:ae43c84b-db9a-441b-a375-8cb159276c12:LOC" version="any"/>
  <passingTimes>
    <TimetabledPassingTime version="any" id="chouette:TimetabledPassingTime:7c6ffb2b-8985-49f3-b1ec-eb222b65730d-0:LOC">
  <StopPointInJourneyPatternRef ref="chouette:StopPointInJourneyPattern:0c29cd12-97ae-427d-9e55-9a855c1c46a4-ae43c84b-db9a-441b-a375-8cb159276c12:LOC"/>
  <ArrivalTime>06:25:00</ArrivalTime>
  <DepartureTime>06:25:00</DepartureTime>
</TimetabledPassingTime><TimetabledPassingTime version="any" id="chouette:TimetabledPassingTime:7c6ffb2b-8985-49f3-b1ec-eb222b65730d-1:LOC">
  <StopPointInJourneyPatternRef ref="chouette:StopPointInJourneyPattern:1f81f055-f601-48e4-959d-bbf1d28b9e97-ae43c84b-db9a-441b-a375-8cb159276c12:LOC"/>
  <ArrivalTime>06:35:00</ArrivalTime>
  <DepartureTime>06:35:00</DepartureTime>
</TimetabledPassingTime><TimetabledPassingTime version="any" id="chouette:TimetabledPassingTime:7c6ffb2b-8985-49f3-b1ec-eb222b65730d-2:LOC">
  <StopPointInJourneyPatternRef ref="chouette:StopPointInJourneyPattern:b13e2cc3-45d4-4933-8087-b6cfd797d1cf-ae43c84b-db9a-441b-a375-8cb159276c12:LOC"/>
  <ArrivalTime>07:15:00</ArrivalTime>
  <DepartureTime>07:15:00</DepartureTime>
</TimetabledPassingTime><TimetabledPassingTime version="any" id="chouette:TimetabledPassingTime:7c6ffb2b-8985-49f3-b1ec-eb222b65730d-3:LOC">
  <StopPointInJourneyPatternRef ref="chouette:StopPointInJourneyPattern:4c881ec3-87b1-49bf-aa99-ee412684f644-ae43c84b-db9a-441b-a375-8cb159276c12:LOC"/>
  <ArrivalTime>07:35:00</ArrivalTime>
  <DepartureTime>07:35:00</DepartureTime>
</TimetabledPassingTime><TimetabledPassingTime version="any" id="chouette:TimetabledPassingTime:7c6ffb2b-8985-49f3-b1ec-eb222b65730d-4:LOC">
  <StopPointInJourneyPatternRef ref="chouette:StopPointInJourneyPattern:d9a86727-cb32-439d-b375-ca82545ae263-ae43c84b-db9a-441b-a375-8cb159276c12:LOC"/>
  <ArrivalTime>07:40:00</ArrivalTime>
  <DepartureTime>07:40:00</DepartureTime>
</TimetabledPassingTime><TimetabledPassingTime version="any" id="chouette:TimetabledPassingTime:7c6ffb2b-8985-49f3-b1ec-eb222b65730d-5:LOC">
  <StopPointInJourneyPatternRef ref="chouette:StopPointInJourneyPattern:bd827449-9b54-4bd5-a234-6831130bfdcd-ae43c84b-db9a-441b-a375-8cb159276c12:LOC"/>
  <ArrivalTime>07:45:00</ArrivalTime>
  <DepartureTime>07:45:00</DepartureTime>
</TimetabledPassingTime><TimetabledPassingTime version="any" id="chouette:TimetabledPassingTime:7c6ffb2b-8985-49f3-b1ec-eb222b65730d-6:LOC">
  <StopPointInJourneyPatternRef ref="chouette:StopPointInJourneyPattern:fe3dfa89-f030-472a-b714-106a560b0730-ae43c84b-db9a-441b-a375-8cb159276c12:LOC"/>
  <ArrivalTime>07:50:00</ArrivalTime>
  <DepartureTime>07:50:00</DepartureTime>
</TimetabledPassingTime><TimetabledPassingTime version="any" id="chouette:TimetabledPassingTime:7c6ffb2b-8985-49f3-b1ec-eb222b65730d-7:LOC">
  <StopPointInJourneyPatternRef ref="chouette:StopPointInJourneyPattern:4fd8e533-2ce9-47be-b14b-25d2ce6686f5-ae43c84b-db9a-441b-a375-8cb159276c12:LOC"/>
  <ArrivalTime>07:55:00</ArrivalTime>
  <DepartureTime>07:55:00</DepartureTime>
</TimetabledPassingTime><TimetabledPassingTime version="any" id="chouette:TimetabledPassingTime:7c6ffb2b-8985-49f3-b1ec-eb222b65730d-8:LOC">
  <StopPointInJourneyPatternRef ref="chouette:StopPointInJourneyPattern:afe4966d-a94f-4d0c-a4d4-71f44f4e50af-ae43c84b-db9a-441b-a375-8cb159276c12:LOC"/>
  <ArrivalTime>08:00:00</ArrivalTime>
  <DepartureTime>08:00:00</DepartureTime>
</TimetabledPassingTime><TimetabledPassingTime version="any" id="chouette:TimetabledPassingTime:7c6ffb2b-8985-49f3-b1ec-eb222b65730d-9:LOC">
  <StopPointInJourneyPatternRef ref="chouette:StopPointInJourneyPattern:12ff3699-ac3a-4449-8139-644a6223d760-ae43c84b-db9a-441b-a375-8cb159276c12:LOC"/>
  <ArrivalTime>08:06:00</ArrivalTime>
  <DepartureTime>08:06:00</DepartureTime>
</TimetabledPassingTime><TimetabledPassingTime version="any" id="chouette:TimetabledPassingTime:7c6ffb2b-8985-49f3-b1ec-eb222b65730d-10:LOC">
  <StopPointInJourneyPatternRef ref="chouette:StopPointInJourneyPattern:2f9163fb-8949-42ab-94de-fd46c4802220-ae43c84b-db9a-441b-a375-8cb159276c12:LOC"/>
  <ArrivalTime>08:13:00</ArrivalTime>
  <DepartureTime>08:13:00</DepartureTime>
</TimetabledPassingTime><TimetabledPassingTime version="any" id="chouette:TimetabledPassingTime:7c6ffb2b-8985-49f3-b1ec-eb222b65730d-11:LOC">
  <StopPointInJourneyPatternRef ref="chouette:StopPointInJourneyPattern:6a3bb9d2-e0a0-4dc1-8201-2329a9750519-ae43c84b-db9a-441b-a375-8cb159276c12:LOC"/>
  <ArrivalTime>08:20:00</ArrivalTime>
  <DepartureTime>08:20:00</DepartureTime>
</TimetabledPassingTime><TimetabledPassingTime version="any" id="chouette:TimetabledPassingTime:7c6ffb2b-8985-49f3-b1ec-eb222b65730d-12:LOC">
  <StopPointInJourneyPatternRef ref="chouette:StopPointInJourneyPattern:de9610a7-3444-4a46-9891-c412829d40d2-ae43c84b-db9a-441b-a375-8cb159276c12:LOC"/>
  <ArrivalTime>08:27:00</ArrivalTime>
  <DepartureTime>08:27:00</DepartureTime>
</TimetabledPassingTime><TimetabledPassingTime version="any" id="chouette:TimetabledPassingTime:7c6ffb2b-8985-49f3-b1ec-eb222b65730d-13:LOC">
  <StopPointInJourneyPatternRef ref="chouette:StopPointInJourneyPattern:a95de12e-0660-4ba4-979b-00868c987158-ae43c84b-db9a-441b-a375-8cb159276c12:LOC"/>
  <ArrivalTime>08:47:00</ArrivalTime>
  <DepartureTime>08:47:00</DepartureTime>
</TimetabledPassingTime><TimetabledPassingTime version="any" id="chouette:TimetabledPassingTime:7c6ffb2b-8985-49f3-b1ec-eb222b65730d-14:LOC">
  <StopPointInJourneyPatternRef ref="chouette:StopPointInJourneyPattern:d802ef66-e93e-4d19-9172-f517fee700e4-ae43c84b-db9a-441b-a375-8cb159276c12:LOC"/>
  <ArrivalTime>08:58:00</ArrivalTime>
  <DepartureTime>08:58:00</DepartureTime>
</TimetabledPassingTime><TimetabledPassingTime version="any" id="chouette:TimetabledPassingTime:7c6ffb2b-8985-49f3-b1ec-eb222b65730d-15:LOC">
  <StopPointInJourneyPatternRef ref="chouette:StopPointInJourneyPattern:ecf95885-6b0b-45ba-9b2a-d58c0b2600f8-ae43c84b-db9a-441b-a375-8cb159276c12:LOC"/>
  <ArrivalTime>09:04:00</ArrivalTime>
  <DepartureTime>09:04:00</DepartureTime>
</TimetabledPassingTime><TimetabledPassingTime version="any" id="chouette:TimetabledPassingTime:7c6ffb2b-8985-49f3-b1ec-eb222b65730d-16:LOC">
  <StopPointInJourneyPatternRef ref="chouette:StopPointInJourneyPattern:8c9d8b34-66ba-40ef-8f5c-59ff532082fa-ae43c84b-db9a-441b-a375-8cb159276c12:LOC"/>
  <ArrivalTime>09:16:00</ArrivalTime>
  <DepartureTime>09:16:00</DepartureTime>
</TimetabledPassingTime><TimetabledPassingTime version="any" id="chouette:TimetabledPassingTime:7c6ffb2b-8985-49f3-b1ec-eb222b65730d-17:LOC">
  <StopPointInJourneyPatternRef ref="chouette:StopPointInJourneyPattern:74737553-7cf1-42fd-845c-505f31d1456d-ae43c84b-db9a-441b-a375-8cb159276c12:LOC"/>
  <ArrivalTime>09:24:00</ArrivalTime>
  <DepartureTime>09:24:00</DepartureTime>
</TimetabledPassingTime><TimetabledPassingTime version="any" id="chouette:TimetabledPassingTime:7c6ffb2b-8985-49f3-b1ec-eb222b65730d-18:LOC">
  <StopPointInJourneyPatternRef ref="chouette:StopPointInJourneyPattern:9e95a6c7-bf80-40e8-8c43-261ea3cfb805-ae43c84b-db9a-441b-a375-8cb159276c12:LOC"/>
  <ArrivalTime>09:29:00</ArrivalTime>
  <DepartureTime>09:29:00</DepartureTime>
</TimetabledPassingTime><TimetabledPassingTime version="any" id="chouette:TimetabledPassingTime:7c6ffb2b-8985-49f3-b1ec-eb222b65730d-19:LOC">
  <StopPointInJourneyPatternRef ref="chouette:StopPointInJourneyPattern:7376c506-a3ac-4a4b-bf67-a6c75d6f8dc1-ae43c84b-db9a-441b-a375-8cb159276c12:LOC"/>
  <ArrivalTime>09:35:00</ArrivalTime>
  <DepartureTime>09:35:00</DepartureTime>
</TimetabledPassingTime><TimetabledPassingTime version="any" id="chouette:TimetabledPassingTime:7c6ffb2b-8985-49f3-b1ec-eb222b65730d-20:LOC">
  <StopPointInJourneyPatternRef ref="chouette:StopPointInJourneyPattern:b85f301c-8d2e-472d-a531-8e347079a30a-ae43c84b-db9a-441b-a375-8cb159276c12:LOC"/>
  <ArrivalTime>09:50:00</ArrivalTime>
  <DepartureTime>09:50:00</DepartureTime>
</TimetabledPassingTime>
  </passingTimes>
</ServiceJourney>
<ServiceJourney id="chouette:VehicleJourney:4f106dfd-680a-4bd2-8e36-fab23c79d992:LOC" created="2025-03-24T08:02:35Z" changed="2025-03-24T08:02:59Z" version="any">
  <keyList>
    <KeyValue typeOfKey="ALTERNATE_IDENTIFIER">
      <Key>external</Key>
      <Value>5114|20220523|8</Value>
    </KeyValue>
  </keyList>
  <Name>5114|8</Name>
  <dayTypes>
    <DayTypeRef ref="chouette:TimeTable:0fe3f51e-91b2-4e36-ab8e-d0ee52c11340:LOC"/>
  </dayTypes>
  <JourneyPatternRef ref="chouette:JourneyPattern:ae43c84b-db9a-441b-a375-8cb159276c12:LOC" version="any"/>
  <passingTimes>
    <TimetabledPassingTime version="any" id="chouette:TimetabledPassingTime:4f106dfd-680a-4bd2-8e36-fab23c79d992-0:LOC">
  <StopPointInJourneyPatternRef ref="chouette:StopPointInJourneyPattern:0c29cd12-97ae-427d-9e55-9a855c1c46a4-ae43c84b-db9a-441b-a375-8cb159276c12:LOC"/>
  <ArrivalTime>10:45:00</ArrivalTime>
  <DepartureTime>10:45:00</DepartureTime>
</TimetabledPassingTime><TimetabledPassingTime version="any" id="chouette:TimetabledPassingTime:4f106dfd-680a-4bd2-8e36-fab23c79d992-1:LOC">
  <StopPointInJourneyPatternRef ref="chouette:StopPointInJourneyPattern:1f81f055-f601-48e4-959d-bbf1d28b9e97-ae43c84b-db9a-441b-a375-8cb159276c12:LOC"/>
  <ArrivalTime>10:55:00</ArrivalTime>
  <DepartureTime>10:55:00</DepartureTime>
</TimetabledPassingTime><TimetabledPassingTime version="any" id="chouette:TimetabledPassingTime:4f106dfd-680a-4bd2-8e36-fab23c79d992-2:LOC">
  <StopPointInJourneyPatternRef ref="chouette:StopPointInJourneyPattern:b13e2cc3-45d4-4933-8087-b6cfd797d1cf-ae43c84b-db9a-441b-a375-8cb159276c12:LOC"/>
  <ArrivalTime>11:35:00</ArrivalTime>
  <DepartureTime>11:35:00</DepartureTime>
</TimetabledPassingTime><TimetabledPassingTime version="any" id="chouette:TimetabledPassingTime:4f106dfd-680a-4bd2-8e36-fab23c79d992-3:LOC">
  <StopPointInJourneyPatternRef ref="chouette:StopPointInJourneyPattern:4c881ec3-87b1-49bf-aa99-ee412684f644-ae43c84b-db9a-441b-a375-8cb159276c12:LOC"/>
  <ArrivalTime>11:55:00</ArrivalTime>
  <DepartureTime>11:55:00</DepartureTime>
</TimetabledPassingTime><TimetabledPassingTime version="any" id="chouette:TimetabledPassingTime:4f106dfd-680a-4bd2-8e36-fab23c79d992-4:LOC">
  <StopPointInJourneyPatternRef ref="chouette:StopPointInJourneyPattern:d9a86727-cb32-439d-b375-ca82545ae263-ae43c84b-db9a-441b-a375-8cb159276c12:LOC"/>
  <ArrivalTime>12:00:00</ArrivalTime>
  <DepartureTime>12:00:00</DepartureTime>
</TimetabledPassingTime><TimetabledPassingTime version="any" id="chouette:TimetabledPassingTime:4f106dfd-680a-4bd2-8e36-fab23c79d992-5:LOC">
  <StopPointInJourneyPatternRef ref="chouette:StopPointInJourneyPattern:bd827449-9b54-4bd5-a234-6831130bfdcd-ae43c84b-db9a-441b-a375-8cb159276c12:LOC"/>
  <ArrivalTime>12:05:00</ArrivalTime>
  <DepartureTime>12:05:00</DepartureTime>
</TimetabledPassingTime><TimetabledPassingTime version="any" id="chouette:TimetabledPassingTime:4f106dfd-680a-4bd2-8e36-fab23c79d992-6:LOC">
  <StopPointInJourneyPatternRef ref="chouette:StopPointInJourneyPattern:fe3dfa89-f030-472a-b714-106a560b0730-ae43c84b-db9a-441b-a375-8cb159276c12:LOC"/>
  <ArrivalTime>12:10:00</ArrivalTime>
  <DepartureTime>12:10:00</DepartureTime>
</TimetabledPassingTime><TimetabledPassingTime version="any" id="chouette:TimetabledPassingTime:4f106dfd-680a-4bd2-8e36-fab23c79d992-7:LOC">
  <StopPointInJourneyPatternRef ref="chouette:StopPointInJourneyPattern:4fd8e533-2ce9-47be-b14b-25d2ce6686f5-ae43c84b-db9a-441b-a375-8cb159276c12:LOC"/>
  <ArrivalTime>12:15:00</ArrivalTime>
  <DepartureTime>12:15:00</DepartureTime>
</TimetabledPassingTime><TimetabledPassingTime version="any" id="chouette:TimetabledPassingTime:4f106dfd-680a-4bd2-8e36-fab23c79d992-8:LOC">
  <StopPointInJourneyPatternRef ref="chouette:StopPointInJourneyPattern:afe4966d-a94f-4d0c-a4d4-71f44f4e50af-ae43c84b-db9a-441b-a375-8cb159276c12:LOC"/>
  <ArrivalTime>12:20:00</ArrivalTime>
  <DepartureTime>12:20:00</DepartureTime>
</TimetabledPassingTime><TimetabledPassingTime version="any" id="chouette:TimetabledPassingTime:4f106dfd-680a-4bd2-8e36-fab23c79d992-9:LOC">
  <StopPointInJourneyPatternRef ref="chouette:StopPointInJourneyPattern:12ff3699-ac3a-4449-8139-644a6223d760-ae43c84b-db9a-441b-a375-8cb159276c12:LOC"/>
  <ArrivalTime>12:26:00</ArrivalTime>
  <DepartureTime>12:26:00</DepartureTime>
</TimetabledPassingTime><TimetabledPassingTime version="any" id="chouette:TimetabledPassingTime:4f106dfd-680a-4bd2-8e36-fab23c79d992-10:LOC">
  <StopPointInJourneyPatternRef ref="chouette:StopPointInJourneyPattern:2f9163fb-8949-42ab-94de-fd46c4802220-ae43c84b-db9a-441b-a375-8cb159276c12:LOC"/>
  <ArrivalTime>12:33:00</ArrivalTime>
  <DepartureTime>12:33:00</DepartureTime>
</TimetabledPassingTime><TimetabledPassingTime version="any" id="chouette:TimetabledPassingTime:4f106dfd-680a-4bd2-8e36-fab23c79d992-11:LOC">
  <StopPointInJourneyPatternRef ref="chouette:StopPointInJourneyPattern:6a3bb9d2-e0a0-4dc1-8201-2329a9750519-ae43c84b-db9a-441b-a375-8cb159276c12:LOC"/>
  <ArrivalTime>12:40:00</ArrivalTime>
  <DepartureTime>12:40:00</DepartureTime>
</TimetabledPassingTime><TimetabledPassingTime version="any" id="chouette:TimetabledPassingTime:4f106dfd-680a-4bd2-8e36-fab23c79d992-12:LOC">
  <StopPointInJourneyPatternRef ref="chouette:StopPointInJourneyPattern:de9610a7-3444-4a46-9891-c412829d40d2-ae43c84b-db9a-441b-a375-8cb159276c12:LOC"/>
  <ArrivalTime>12:47:00</ArrivalTime>
  <DepartureTime>12:47:00</DepartureTime>
</TimetabledPassingTime><TimetabledPassingTime version="any" id="chouette:TimetabledPassingTime:4f106dfd-680a-4bd2-8e36-fab23c79d992-13:LOC">
  <StopPointInJourneyPatternRef ref="chouette:StopPointInJourneyPattern:a95de12e-0660-4ba4-979b-00868c987158-ae43c84b-db9a-441b-a375-8cb159276c12:LOC"/>
  <ArrivalTime>13:07:00</ArrivalTime>
  <DepartureTime>13:07:00</DepartureTime>
</TimetabledPassingTime><TimetabledPassingTime version="any" id="chouette:TimetabledPassingTime:4f106dfd-680a-4bd2-8e36-fab23c79d992-14:LOC">
  <StopPointInJourneyPatternRef ref="chouette:StopPointInJourneyPattern:d802ef66-e93e-4d19-9172-f517fee700e4-ae43c84b-db9a-441b-a375-8cb159276c12:LOC"/>
  <ArrivalTime>13:18:00</ArrivalTime>
  <DepartureTime>13:18:00</DepartureTime>
</TimetabledPassingTime><TimetabledPassingTime version="any" id="chouette:TimetabledPassingTime:4f106dfd-680a-4bd2-8e36-fab23c79d992-15:LOC">
  <StopPointInJourneyPatternRef ref="chouette:StopPointInJourneyPattern:ecf95885-6b0b-45ba-9b2a-d58c0b2600f8-ae43c84b-db9a-441b-a375-8cb159276c12:LOC"/>
  <ArrivalTime>13:24:00</ArrivalTime>
  <DepartureTime>13:24:00</DepartureTime>
</TimetabledPassingTime><TimetabledPassingTime version="any" id="chouette:TimetabledPassingTime:4f106dfd-680a-4bd2-8e36-fab23c79d992-16:LOC">
  <StopPointInJourneyPatternRef ref="chouette:StopPointInJourneyPattern:8c9d8b34-66ba-40ef-8f5c-59ff532082fa-ae43c84b-db9a-441b-a375-8cb159276c12:LOC"/>
  <ArrivalTime>13:36:00</ArrivalTime>
  <DepartureTime>13:36:00</DepartureTime>
</TimetabledPassingTime><TimetabledPassingTime version="any" id="chouette:TimetabledPassingTime:4f106dfd-680a-4bd2-8e36-fab23c79d992-17:LOC">
  <StopPointInJourneyPatternRef ref="chouette:StopPointInJourneyPattern:74737553-7cf1-42fd-845c-505f31d1456d-ae43c84b-db9a-441b-a375-8cb159276c12:LOC"/>
  <ArrivalTime>13:44:00</ArrivalTime>
  <DepartureTime>13:44:00</DepartureTime>
</TimetabledPassingTime><TimetabledPassingTime version="any" id="chouette:TimetabledPassingTime:4f106dfd-680a-4bd2-8e36-fab23c79d992-18:LOC">
  <StopPointInJourneyPatternRef ref="chouette:StopPointInJourneyPattern:9e95a6c7-bf80-40e8-8c43-261ea3cfb805-ae43c84b-db9a-441b-a375-8cb159276c12:LOC"/>
  <ArrivalTime>13:49:00</ArrivalTime>
  <DepartureTime>13:49:00</DepartureTime>
</TimetabledPassingTime><TimetabledPassingTime version="any" id="chouette:TimetabledPassingTime:4f106dfd-680a-4bd2-8e36-fab23c79d992-19:LOC">
  <StopPointInJourneyPatternRef ref="chouette:StopPointInJourneyPattern:7376c506-a3ac-4a4b-bf67-a6c75d6f8dc1-ae43c84b-db9a-441b-a375-8cb159276c12:LOC"/>
  <ArrivalTime>13:55:00</ArrivalTime>
  <DepartureTime>13:55:00</DepartureTime>
</TimetabledPassingTime><TimetabledPassingTime version="any" id="chouette:TimetabledPassingTime:4f106dfd-680a-4bd2-8e36-fab23c79d992-20:LOC">
  <StopPointInJourneyPatternRef ref="chouette:StopPointInJourneyPattern:b85f301c-8d2e-472d-a531-8e347079a30a-ae43c84b-db9a-441b-a375-8cb159276c12:LOC"/>
  <ArrivalTime>14:10:00</ArrivalTime>
  <DepartureTime>14:10:00</DepartureTime>
</TimetabledPassingTime>
  </passingTimes>
</ServiceJourney>
          </members>
        </GeneralFrame>
      </frames>
    </CompositeFrame>
  </dataObjects>
</PublicationDelivery>
