<?xml version="1.0" encoding="UTF-8"?>
<PublicationDelivery xmlns="http://www.netex.org.uk/netex" version="1.09:FR-NETEX-2.1-1.0">
  <PublicationTimestamp>2025-09-04T19:02:14Z</PublicationTimestamp>
  <ParticipantRef>enRoute</ParticipantRef>
  <dataObjects>
    <CompositeFrame id="FR:CompositeFrame:NETEX_LIGNE-chouette:Line:e3942516-b766-47f0-b610-8ffdec7697ab:LOC:LOC" version="1.09:FR-NETEX-2.1-1.0">
      <TypeOfFrameRef ref="FR:TypeOfFrame:NETEX_LIGNE:"/>
      <frames>
        <GeneralFrame id="FR:GeneralFrame:NETEX_RESEAU-chouette:Line:e3942516-b766-47f0-b610-8ffdec7697ab:LOC:LOC" version="1.09:FR-NETEX-2.1-1.0">
          <TypeOfFrameRef ref="FR:TypeOfFrame:NETEX_LIGNE_STRUCTURE:"/>
          <members>
            <Line id="chouette:Line:e3942516-b766-47f0-b610-8ffdec7697ab:LOC" created="2023-01-12T16:16:31Z" changed="2024-01-25T08:30:22Z" version="any">
  <keyList>
    <KeyValue typeOfKey="ALTERNATE_IDENTIFIER">
      <Key>external</Key>
      <Value>67</Value>
    </KeyValue>
  </keyList>
  <Name>67 _ RIEZ - MARSEILLE</Name>
  <TransportMode>bus</TransportMode>
  <PublicCode>67</PublicCode>
  <OperatorRef ref="chouette:Company:1bb35380-0a26-43e6-a75f-ec40f41eff53:LOC"/>
  <Presentation>
    <Colour>3dabde</Colour>
    <TextColour>ffffff</TextColour>
  </Presentation>
</Line>
            <Route id="chouette:Route:18f2da0a-e2a3-4083-9960-d420f98235c8:LOC" created="2025-03-24T08:02:17Z" changed="2025-03-24T08:02:17Z" version="any">
  <Name>Outbound</Name>
  <LineRef ref="chouette:Line:e3942516-b766-47f0-b610-8ffdec7697ab:LOC" version="any"/>
  <DirectionType>outbound</DirectionType>
  <pointsInSequence>
    <PointOnRoute id="chouette:PointOnRoute:4df2b469-96b8-4efc-81b9-b0f2fb07fbcf:LOC" version="any" order="1">
      <RoutePointRef ref="chouette:RoutePoint:4df2b469-96b8-4efc-81b9-b0f2fb07fbcf:LOC" version="any"/>
    </PointOnRoute>
    <PointOnRoute id="chouette:PointOnRoute:8f8aa59f-75a4-47e3-ac23-5de8afa6efc7:LOC" version="any" order="2">
      <RoutePointRef ref="chouette:RoutePoint:8f8aa59f-75a4-47e3-ac23-5de8afa6efc7:LOC" version="any"/>
    </PointOnRoute>
    <PointOnRoute id="chouette:PointOnRoute:6a6ad9f0-50c7-4015-9180-ff76b642fa9f:LOC" version="any" order="3">
      <RoutePointRef ref="chouette:RoutePoint:6a6ad9f0-50c7-4015-9180-ff76b642fa9f:LOC" version="any"/>
    </PointOnRoute>
    <PointOnRoute id="chouette:PointOnRoute:e3585163-c77c-4b04-a89f-2ae391ff227a:LOC" version="any" order="4">
      <RoutePointRef ref="chouette:RoutePoint:e3585163-c77c-4b04-a89f-2ae391ff227a:LOC" version="any"/>
    </PointOnRoute>
    <PointOnRoute id="chouette:PointOnRoute:b2875ec7-d50e-4907-b8ad-654b7e4d205a:LOC" version="any" order="5">
      <RoutePointRef ref="chouette:RoutePoint:b2875ec7-d50e-4907-b8ad-654b7e4d205a:LOC" version="any"/>
    </PointOnRoute>
    <PointOnRoute id="chouette:PointOnRoute:14b2c0b7-bcc4-4e8e-b5b0-c700bd5b57d9:LOC" version="any" order="6">
      <RoutePointRef ref="chouette:RoutePoint:14b2c0b7-bcc4-4e8e-b5b0-c700bd5b57d9:LOC" version="any"/>
    </PointOnRoute>
    <PointOnRoute id="chouette:PointOnRoute:45e78866-c3d9-4b38-947d-607ed5dba17d:LOC" version="any" order="7">
      <RoutePointRef ref="chouette:RoutePoint:45e78866-c3d9-4b38-947d-607ed5dba17d:LOC" version="any"/>
    </PointOnRoute>
    <PointOnRoute id="chouette:PointOnRoute:bc963837-e7c1-4a18-a82c-d5b51bdbfe11:LOC" version="any" order="8">
      <RoutePointRef ref="chouette:RoutePoint:bc963837-e7c1-4a18-a82c-d5b51bdbfe11:LOC" version="any"/>
    </PointOnRoute>
    <PointOnRoute id="chouette:PointOnRoute:1efc4646-2222-49b5-98f2-d16c0aec1bc3:LOC" version="any" order="9">
      <RoutePointRef ref="chouette:RoutePoint:1efc4646-2222-49b5-98f2-d16c0aec1bc3:LOC" version="any"/>
    </PointOnRoute>
    <PointOnRoute id="chouette:PointOnRoute:54de128e-2d73-4b4b-843b-498071fd6ad8:LOC" version="any" order="10">
      <RoutePointRef ref="chouette:RoutePoint:54de128e-2d73-4b4b-843b-498071fd6ad8:LOC" version="any"/>
    </PointOnRoute>
    <PointOnRoute id="chouette:PointOnRoute:e4073ffc-11a3-418a-bb13-ad048a396ba1:LOC" version="any" order="11">
      <RoutePointRef ref="chouette:RoutePoint:e4073ffc-11a3-418a-bb13-ad048a396ba1:LOC" version="any"/>
    </PointOnRoute>
  </pointsInSequence>
</Route>
<Route id="chouette:Route:77c1f91f-9d73-4531-bd05-61b71f4ce5a6:LOC" created="2025-03-24T08:02:17Z" changed="2025-03-24T08:02:17Z" version="any">
  <Name>Inbound</Name>
  <LineRef ref="chouette:Line:e3942516-b766-47f0-b610-8ffdec7697ab:LOC" version="any"/>
  <DirectionType>inbound</DirectionType>
  <pointsInSequence>
    <PointOnRoute id="chouette:PointOnRoute:5da1f976-4bee-49a5-8f8d-70664341ca53:LOC" version="any" order="1">
      <RoutePointRef ref="chouette:RoutePoint:5da1f976-4bee-49a5-8f8d-70664341ca53:LOC" version="any"/>
    </PointOnRoute>
    <PointOnRoute id="chouette:PointOnRoute:9ef8841e-dcbf-4576-a16a-10992806dcc8:LOC" version="any" order="2">
      <RoutePointRef ref="chouette:RoutePoint:9ef8841e-dcbf-4576-a16a-10992806dcc8:LOC" version="any"/>
    </PointOnRoute>
    <PointOnRoute id="chouette:PointOnRoute:a1040357-a99c-44fc-8fa4-1d46069d374b:LOC" version="any" order="3">
      <RoutePointRef ref="chouette:RoutePoint:a1040357-a99c-44fc-8fa4-1d46069d374b:LOC" version="any"/>
    </PointOnRoute>
    <PointOnRoute id="chouette:PointOnRoute:c78d5e63-c8e2-4117-b788-4bf534a81f35:LOC" version="any" order="4">
      <RoutePointRef ref="chouette:RoutePoint:c78d5e63-c8e2-4117-b788-4bf534a81f35:LOC" version="any"/>
    </PointOnRoute>
    <PointOnRoute id="chouette:PointOnRoute:3efbc7c7-bca9-4446-917e-84b80c6f0f34:LOC" version="any" order="5">
      <RoutePointRef ref="chouette:RoutePoint:3efbc7c7-bca9-4446-917e-84b80c6f0f34:LOC" version="any"/>
    </PointOnRoute>
    <PointOnRoute id="chouette:PointOnRoute:b02d207a-ccca-4557-89fa-9aca99ecd640:LOC" version="any" order="6">
      <RoutePointRef ref="chouette:RoutePoint:b02d207a-ccca-4557-89fa-9aca99ecd640:LOC" version="any"/>
    </PointOnRoute>
    <PointOnRoute id="chouette:PointOnRoute:cd463bc1-a429-4476-b060-12fb771ba540:LOC" version="any" order="7">
      <RoutePointRef ref="chouette:RoutePoint:cd463bc1-a429-4476-b060-12fb771ba540:LOC" version="any"/>
    </PointOnRoute>
    <PointOnRoute id="chouette:PointOnRoute:4a95bfbb-046a-42a7-8e41-b8c8c8c13075:LOC" version="any" order="8">
      <RoutePointRef ref="chouette:RoutePoint:4a95bfbb-046a-42a7-8e41-b8c8c8c13075:LOC" version="any"/>
    </PointOnRoute>
    <PointOnRoute id="chouette:PointOnRoute:bc3a9e99-3a64-495b-888e-03ba188de5c5:LOC" version="any" order="9">
      <RoutePointRef ref="chouette:RoutePoint:bc3a9e99-3a64-495b-888e-03ba188de5c5:LOC" version="any"/>
    </PointOnRoute>
    <PointOnRoute id="chouette:PointOnRoute:ef16544b-d575-4ea5-9492-56691dad5891:LOC" version="any" order="10">
      <RoutePointRef ref="chouette:RoutePoint:ef16544b-d575-4ea5-9492-56691dad5891:LOC" version="any"/>
    </PointOnRoute>
    <PointOnRoute id="chouette:PointOnRoute:3adb8727-8f7e-4bd5-aae6-f1635cb6dbca:LOC" version="any" order="11">
      <RoutePointRef ref="chouette:RoutePoint:3adb8727-8f7e-4bd5-aae6-f1635cb6dbca:LOC" version="any"/>
    </PointOnRoute>
  </pointsInSequence>
</Route>
            <RoutePoint id="chouette:RoutePoint:3efbc7c7-bca9-4446-917e-84b80c6f0f34:LOC" version="any">
  <projections>
    <PointProjection id="chouette:PointProjection:3efbc7c7-bca9-4446-917e-84b80c6f0f34:LOC" version="any">
      <ProjectToPointRef ref="chouette:ScheduledStopPoint:3efbc7c7-bca9-4446-917e-84b80c6f0f34:LOC" version="any"/>
    </PointProjection>
  </projections>
</RoutePoint>
<RoutePoint id="chouette:RoutePoint:1efc4646-2222-49b5-98f2-d16c0aec1bc3:LOC" version="any">
  <projections>
    <PointProjection id="chouette:PointProjection:1efc4646-2222-49b5-98f2-d16c0aec1bc3:LOC" version="any">
      <ProjectToPointRef ref="chouette:ScheduledStopPoint:1efc4646-2222-49b5-98f2-d16c0aec1bc3:LOC" version="any"/>
    </PointProjection>
  </projections>
</RoutePoint>
<RoutePoint id="chouette:RoutePoint:4a95bfbb-046a-42a7-8e41-b8c8c8c13075:LOC" version="any">
  <projections>
    <PointProjection id="chouette:PointProjection:4a95bfbb-046a-42a7-8e41-b8c8c8c13075:LOC" version="any">
      <ProjectToPointRef ref="chouette:ScheduledStopPoint:4a95bfbb-046a-42a7-8e41-b8c8c8c13075:LOC" version="any"/>
    </PointProjection>
  </projections>
</RoutePoint>
<RoutePoint id="chouette:RoutePoint:54de128e-2d73-4b4b-843b-498071fd6ad8:LOC" version="any">
  <projections>
    <PointProjection id="chouette:PointProjection:54de128e-2d73-4b4b-843b-498071fd6ad8:LOC" version="any">
      <ProjectToPointRef ref="chouette:ScheduledStopPoint:54de128e-2d73-4b4b-843b-498071fd6ad8:LOC" version="any"/>
    </PointProjection>
  </projections>
</RoutePoint>
<RoutePoint id="chouette:RoutePoint:e3585163-c77c-4b04-a89f-2ae391ff227a:LOC" version="any">
  <projections>
    <PointProjection id="chouette:PointProjection:e3585163-c77c-4b04-a89f-2ae391ff227a:LOC" version="any">
      <ProjectToPointRef ref="chouette:ScheduledStopPoint:e3585163-c77c-4b04-a89f-2ae391ff227a:LOC" version="any"/>
    </PointProjection>
  </projections>
</RoutePoint>
<RoutePoint id="chouette:RoutePoint:b02d207a-ccca-4557-89fa-9aca99ecd640:LOC" version="any">
  <projections>
    <PointProjection id="chouette:PointProjection:b02d207a-ccca-4557-89fa-9aca99ecd640:LOC" version="any">
      <ProjectToPointRef ref="chouette:ScheduledStopPoint:b02d207a-ccca-4557-89fa-9aca99ecd640:LOC" version="any"/>
    </PointProjection>
  </projections>
</RoutePoint>
<RoutePoint id="chouette:RoutePoint:14b2c0b7-bcc4-4e8e-b5b0-c700bd5b57d9:LOC" version="any">
  <projections>
    <PointProjection id="chouette:PointProjection:14b2c0b7-bcc4-4e8e-b5b0-c700bd5b57d9:LOC" version="any">
      <ProjectToPointRef ref="chouette:ScheduledStopPoint:14b2c0b7-bcc4-4e8e-b5b0-c700bd5b57d9:LOC" version="any"/>
    </PointProjection>
  </projections>
</RoutePoint>
<RoutePoint id="chouette:RoutePoint:b2875ec7-d50e-4907-b8ad-654b7e4d205a:LOC" version="any">
  <projections>
    <PointProjection id="chouette:PointProjection:b2875ec7-d50e-4907-b8ad-654b7e4d205a:LOC" version="any">
      <ProjectToPointRef ref="chouette:ScheduledStopPoint:b2875ec7-d50e-4907-b8ad-654b7e4d205a:LOC" version="any"/>
    </PointProjection>
  </projections>
</RoutePoint>
<RoutePoint id="chouette:RoutePoint:5da1f976-4bee-49a5-8f8d-70664341ca53:LOC" version="any">
  <projections>
    <PointProjection id="chouette:PointProjection:5da1f976-4bee-49a5-8f8d-70664341ca53:LOC" version="any">
      <ProjectToPointRef ref="chouette:ScheduledStopPoint:5da1f976-4bee-49a5-8f8d-70664341ca53:LOC" version="any"/>
    </PointProjection>
  </projections>
</RoutePoint>
<RoutePoint id="chouette:RoutePoint:3adb8727-8f7e-4bd5-aae6-f1635cb6dbca:LOC" version="any">
  <projections>
    <PointProjection id="chouette:PointProjection:3adb8727-8f7e-4bd5-aae6-f1635cb6dbca:LOC" version="any">
      <ProjectToPointRef ref="chouette:ScheduledStopPoint:3adb8727-8f7e-4bd5-aae6-f1635cb6dbca:LOC" version="any"/>
    </PointProjection>
  </projections>
</RoutePoint>
<RoutePoint id="chouette:RoutePoint:bc963837-e7c1-4a18-a82c-d5b51bdbfe11:LOC" version="any">
  <projections>
    <PointProjection id="chouette:PointProjection:bc963837-e7c1-4a18-a82c-d5b51bdbfe11:LOC" version="any">
      <ProjectToPointRef ref="chouette:ScheduledStopPoint:bc963837-e7c1-4a18-a82c-d5b51bdbfe11:LOC" version="any"/>
    </PointProjection>
  </projections>
</RoutePoint>
<RoutePoint id="chouette:RoutePoint:45e78866-c3d9-4b38-947d-607ed5dba17d:LOC" version="any">
  <projections>
    <PointProjection id="chouette:PointProjection:45e78866-c3d9-4b38-947d-607ed5dba17d:LOC" version="any">
      <ProjectToPointRef ref="chouette:ScheduledStopPoint:45e78866-c3d9-4b38-947d-607ed5dba17d:LOC" version="any"/>
    </PointProjection>
  </projections>
</RoutePoint>
<RoutePoint id="chouette:RoutePoint:ef16544b-d575-4ea5-9492-56691dad5891:LOC" version="any">
  <projections>
    <PointProjection id="chouette:PointProjection:ef16544b-d575-4ea5-9492-56691dad5891:LOC" version="any">
      <ProjectToPointRef ref="chouette:ScheduledStopPoint:ef16544b-d575-4ea5-9492-56691dad5891:LOC" version="any"/>
    </PointProjection>
  </projections>
</RoutePoint>
<RoutePoint id="chouette:RoutePoint:e4073ffc-11a3-418a-bb13-ad048a396ba1:LOC" version="any">
  <projections>
    <PointProjection id="chouette:PointProjection:e4073ffc-11a3-418a-bb13-ad048a396ba1:LOC" version="any">
      <ProjectToPointRef ref="chouette:ScheduledStopPoint:e4073ffc-11a3-418a-bb13-ad048a396ba1:LOC" version="any"/>
    </PointProjection>
  </projections>
</RoutePoint>
<RoutePoint id="chouette:RoutePoint:cd463bc1-a429-4476-b060-12fb771ba540:LOC" version="any">
  <projections>
    <PointProjection id="chouette:PointProjection:cd463bc1-a429-4476-b060-12fb771ba540:LOC" version="any">
      <ProjectToPointRef ref="chouette:ScheduledStopPoint:cd463bc1-a429-4476-b060-12fb771ba540:LOC" version="any"/>
    </PointProjection>
  </projections>
</RoutePoint>
<RoutePoint id="chouette:RoutePoint:8f8aa59f-75a4-47e3-ac23-5de8afa6efc7:LOC" version="any">
  <projections>
    <PointProjection id="chouette:PointProjection:8f8aa59f-75a4-47e3-ac23-5de8afa6efc7:LOC" version="any">
      <ProjectToPointRef ref="chouette:ScheduledStopPoint:8f8aa59f-75a4-47e3-ac23-5de8afa6efc7:LOC" version="any"/>
    </PointProjection>
  </projections>
</RoutePoint>
<RoutePoint id="chouette:RoutePoint:6a6ad9f0-50c7-4015-9180-ff76b642fa9f:LOC" version="any">
  <projections>
    <PointProjection id="chouette:PointProjection:6a6ad9f0-50c7-4015-9180-ff76b642fa9f:LOC" version="any">
      <ProjectToPointRef ref="chouette:ScheduledStopPoint:6a6ad9f0-50c7-4015-9180-ff76b642fa9f:LOC" version="any"/>
    </PointProjection>
  </projections>
</RoutePoint>
<RoutePoint id="chouette:RoutePoint:9ef8841e-dcbf-4576-a16a-10992806dcc8:LOC" version="any">
  <projections>
    <PointProjection id="chouette:PointProjection:9ef8841e-dcbf-4576-a16a-10992806dcc8:LOC" version="any">
      <ProjectToPointRef ref="chouette:ScheduledStopPoint:9ef8841e-dcbf-4576-a16a-10992806dcc8:LOC" version="any"/>
    </PointProjection>
  </projections>
</RoutePoint>
<RoutePoint id="chouette:RoutePoint:bc3a9e99-3a64-495b-888e-03ba188de5c5:LOC" version="any">
  <projections>
    <PointProjection id="chouette:PointProjection:bc3a9e99-3a64-495b-888e-03ba188de5c5:LOC" version="any">
      <ProjectToPointRef ref="chouette:ScheduledStopPoint:bc3a9e99-3a64-495b-888e-03ba188de5c5:LOC" version="any"/>
    </PointProjection>
  </projections>
</RoutePoint>
<RoutePoint id="chouette:RoutePoint:a1040357-a99c-44fc-8fa4-1d46069d374b:LOC" version="any">
  <projections>
    <PointProjection id="chouette:PointProjection:a1040357-a99c-44fc-8fa4-1d46069d374b:LOC" version="any">
      <ProjectToPointRef ref="chouette:ScheduledStopPoint:a1040357-a99c-44fc-8fa4-1d46069d374b:LOC" version="any"/>
    </PointProjection>
  </projections>
</RoutePoint>
<RoutePoint id="chouette:RoutePoint:c78d5e63-c8e2-4117-b788-4bf534a81f35:LOC" version="any">
  <projections>
    <PointProjection id="chouette:PointProjection:c78d5e63-c8e2-4117-b788-4bf534a81f35:LOC" version="any">
      <ProjectToPointRef ref="chouette:ScheduledStopPoint:c78d5e63-c8e2-4117-b788-4bf534a81f35:LOC" version="any"/>
    </PointProjection>
  </projections>
</RoutePoint>
<RoutePoint id="chouette:RoutePoint:4df2b469-96b8-4efc-81b9-b0f2fb07fbcf:LOC" version="any">
  <projections>
    <PointProjection id="chouette:PointProjection:4df2b469-96b8-4efc-81b9-b0f2fb07fbcf:LOC" version="any">
      <ProjectToPointRef ref="chouette:ScheduledStopPoint:4df2b469-96b8-4efc-81b9-b0f2fb07fbcf:LOC" version="any"/>
    </PointProjection>
  </projections>
</RoutePoint>
            <ServiceJourneyPattern id="chouette:JourneyPattern:02c4546b-4459-451d-b397-20aa16d25b5d:LOC" created="2025-03-24T08:02:17Z" changed="2025-03-24T08:02:17Z" version="any">
  <Name>Inbound</Name>
  <RouteRef ref="chouette:Route:77c1f91f-9d73-4531-bd05-61b71f4ce5a6:LOC" version="any"/>
  <pointsInSequence>
    <StopPointInJourneyPattern id="chouette:StopPointInJourneyPattern:5da1f976-4bee-49a5-8f8d-70664341ca53-02c4546b-4459-451d-b397-20aa16d25b5d:LOC" version="any" order="1">
      <ScheduledStopPointRef ref="chouette:ScheduledStopPoint:5da1f976-4bee-49a5-8f8d-70664341ca53:LOC" version="any"/>
      <ForAlighting>true</ForAlighting>
      <ForBoarding>true</ForBoarding>
    </StopPointInJourneyPattern>
    <StopPointInJourneyPattern id="chouette:StopPointInJourneyPattern:9ef8841e-dcbf-4576-a16a-10992806dcc8-02c4546b-4459-451d-b397-20aa16d25b5d:LOC" version="any" order="2">
      <ScheduledStopPointRef ref="chouette:ScheduledStopPoint:9ef8841e-dcbf-4576-a16a-10992806dcc8:LOC" version="any"/>
      <ForAlighting>true</ForAlighting>
      <ForBoarding>true</ForBoarding>
    </StopPointInJourneyPattern>
    <StopPointInJourneyPattern id="chouette:StopPointInJourneyPattern:a1040357-a99c-44fc-8fa4-1d46069d374b-02c4546b-4459-451d-b397-20aa16d25b5d:LOC" version="any" order="3">
      <ScheduledStopPointRef ref="chouette:ScheduledStopPoint:a1040357-a99c-44fc-8fa4-1d46069d374b:LOC" version="any"/>
      <ForAlighting>true</ForAlighting>
      <ForBoarding>true</ForBoarding>
    </StopPointInJourneyPattern>
    <StopPointInJourneyPattern id="chouette:StopPointInJourneyPattern:c78d5e63-c8e2-4117-b788-4bf534a81f35-02c4546b-4459-451d-b397-20aa16d25b5d:LOC" version="any" order="4">
      <ScheduledStopPointRef ref="chouette:ScheduledStopPoint:c78d5e63-c8e2-4117-b788-4bf534a81f35:LOC" version="any"/>
      <ForAlighting>true</ForAlighting>
      <ForBoarding>true</ForBoarding>
    </StopPointInJourneyPattern>
    <StopPointInJourneyPattern id="chouette:StopPointInJourneyPattern:3efbc7c7-bca9-4446-917e-84b80c6f0f34-02c4546b-4459-451d-b397-20aa16d25b5d:LOC" version="any" order="5">
      <ScheduledStopPointRef ref="chouette:ScheduledStopPoint:3efbc7c7-bca9-4446-917e-84b80c6f0f34:LOC" version="any"/>
      <ForAlighting>true</ForAlighting>
      <ForBoarding>true</ForBoarding>
    </StopPointInJourneyPattern>
    <StopPointInJourneyPattern id="chouette:StopPointInJourneyPattern:b02d207a-ccca-4557-89fa-9aca99ecd640-02c4546b-4459-451d-b397-20aa16d25b5d:LOC" version="any" order="6">
      <ScheduledStopPointRef ref="chouette:ScheduledStopPoint:b02d207a-ccca-4557-89fa-9aca99ecd640:LOC" version="any"/>
      <ForAlighting>true</ForAlighting>
      <ForBoarding>true</ForBoarding>
    </StopPointInJourneyPattern>
    <StopPointInJourneyPattern id="chouette:StopPointInJourneyPattern:cd463bc1-a429-4476-b060-12fb771ba540-02c4546b-4459-451d-b397-20aa16d25b5d:LOC" version="any" order="7">
      <ScheduledStopPointRef ref="chouette:ScheduledStopPoint:cd463bc1-a429-4476-b060-12fb771ba540:LOC" version="any"/>
      <ForAlighting>true</ForAlighting>
      <ForBoarding>true</ForBoarding>
    </StopPointInJourneyPattern>
    <StopPointInJourneyPattern id="chouette:StopPointInJourneyPattern:4a95bfbb-046a-42a7-8e41-b8c8c8c13075-02c4546b-4459-451d-b397-20aa16d25b5d:LOC" version="any" order="8">
      <ScheduledStopPointRef ref="chouette:ScheduledStopPoint:4a95bfbb-046a-42a7-8e41-b8c8c8c13075:LOC" version="any"/>
      <ForAlighting>true</ForAlighting>
      <ForBoarding>true</ForBoarding>
    </StopPointInJourneyPattern>
    <StopPointInJourneyPattern id="chouette:StopPointInJourneyPattern:bc3a9e99-3a64-495b-888e-03ba188de5c5-02c4546b-4459-451d-b397-20aa16d25b5d:LOC" version="any" order="9">
      <ScheduledStopPointRef ref="chouette:ScheduledStopPoint:bc3a9e99-3a64-495b-888e-03ba188de5c5:LOC" version="any"/>
      <ForAlighting>true</ForAlighting>
      <ForBoarding>true</ForBoarding>
    </StopPointInJourneyPattern>
    <StopPointInJourneyPattern id="chouette:StopPointInJourneyPattern:ef16544b-d575-4ea5-9492-56691dad5891-02c4546b-4459-451d-b397-20aa16d25b5d:LOC" version="any" order="10">
      <ScheduledStopPointRef ref="chouette:ScheduledStopPoint:ef16544b-d575-4ea5-9492-56691dad5891:LOC" version="any"/>
      <ForAlighting>true</ForAlighting>
      <ForBoarding>false</ForBoarding>
    </StopPointInJourneyPattern>
    <StopPointInJourneyPattern id="chouette:StopPointInJourneyPattern:3adb8727-8f7e-4bd5-aae6-f1635cb6dbca-02c4546b-4459-451d-b397-20aa16d25b5d:LOC" version="any" order="11">
      <ScheduledStopPointRef ref="chouette:ScheduledStopPoint:3adb8727-8f7e-4bd5-aae6-f1635cb6dbca:LOC" version="any"/>
      <ForAlighting>true</ForAlighting>
      <ForBoarding>true</ForBoarding>
    </StopPointInJourneyPattern>
  </pointsInSequence>
</ServiceJourneyPattern>
<ServiceJourneyPattern id="chouette:JourneyPattern:1b8ecca1-8abb-4076-8ab6-ea0d4b8414f0:LOC" created="2025-03-24T08:02:17Z" changed="2025-03-24T08:02:17Z" version="any">
  <Name>Outbound</Name>
  <RouteRef ref="chouette:Route:18f2da0a-e2a3-4083-9960-d420f98235c8:LOC" version="any"/>
  <pointsInSequence>
    <StopPointInJourneyPattern id="chouette:StopPointInJourneyPattern:4df2b469-96b8-4efc-81b9-b0f2fb07fbcf-1b8ecca1-8abb-4076-8ab6-ea0d4b8414f0:LOC" version="any" order="1">
      <ScheduledStopPointRef ref="chouette:ScheduledStopPoint:4df2b469-96b8-4efc-81b9-b0f2fb07fbcf:LOC" version="any"/>
      <ForAlighting>true</ForAlighting>
      <ForBoarding>true</ForBoarding>
    </StopPointInJourneyPattern>
    <StopPointInJourneyPattern id="chouette:StopPointInJourneyPattern:8f8aa59f-75a4-47e3-ac23-5de8afa6efc7-1b8ecca1-8abb-4076-8ab6-ea0d4b8414f0:LOC" version="any" order="2">
      <ScheduledStopPointRef ref="chouette:ScheduledStopPoint:8f8aa59f-75a4-47e3-ac23-5de8afa6efc7:LOC" version="any"/>
      <ForAlighting>false</ForAlighting>
      <ForBoarding>true</ForBoarding>
    </StopPointInJourneyPattern>
    <StopPointInJourneyPattern id="chouette:StopPointInJourneyPattern:6a6ad9f0-50c7-4015-9180-ff76b642fa9f-1b8ecca1-8abb-4076-8ab6-ea0d4b8414f0:LOC" version="any" order="3">
      <ScheduledStopPointRef ref="chouette:ScheduledStopPoint:6a6ad9f0-50c7-4015-9180-ff76b642fa9f:LOC" version="any"/>
      <ForAlighting>true</ForAlighting>
      <ForBoarding>true</ForBoarding>
    </StopPointInJourneyPattern>
    <StopPointInJourneyPattern id="chouette:StopPointInJourneyPattern:e3585163-c77c-4b04-a89f-2ae391ff227a-1b8ecca1-8abb-4076-8ab6-ea0d4b8414f0:LOC" version="any" order="4">
      <ScheduledStopPointRef ref="chouette:ScheduledStopPoint:e3585163-c77c-4b04-a89f-2ae391ff227a:LOC" version="any"/>
      <ForAlighting>true</ForAlighting>
      <ForBoarding>true</ForBoarding>
    </StopPointInJourneyPattern>
    <StopPointInJourneyPattern id="chouette:StopPointInJourneyPattern:b2875ec7-d50e-4907-b8ad-654b7e4d205a-1b8ecca1-8abb-4076-8ab6-ea0d4b8414f0:LOC" version="any" order="5">
      <ScheduledStopPointRef ref="chouette:ScheduledStopPoint:b2875ec7-d50e-4907-b8ad-654b7e4d205a:LOC" version="any"/>
      <ForAlighting>true</ForAlighting>
      <ForBoarding>true</ForBoarding>
    </StopPointInJourneyPattern>
    <StopPointInJourneyPattern id="chouette:StopPointInJourneyPattern:14b2c0b7-bcc4-4e8e-b5b0-c700bd5b57d9-1b8ecca1-8abb-4076-8ab6-ea0d4b8414f0:LOC" version="any" order="6">
      <ScheduledStopPointRef ref="chouette:ScheduledStopPoint:14b2c0b7-bcc4-4e8e-b5b0-c700bd5b57d9:LOC" version="any"/>
      <ForAlighting>true</ForAlighting>
      <ForBoarding>true</ForBoarding>
    </StopPointInJourneyPattern>
    <StopPointInJourneyPattern id="chouette:StopPointInJourneyPattern:45e78866-c3d9-4b38-947d-607ed5dba17d-1b8ecca1-8abb-4076-8ab6-ea0d4b8414f0:LOC" version="any" order="7">
      <ScheduledStopPointRef ref="chouette:ScheduledStopPoint:45e78866-c3d9-4b38-947d-607ed5dba17d:LOC" version="any"/>
      <ForAlighting>true</ForAlighting>
      <ForBoarding>true</ForBoarding>
    </StopPointInJourneyPattern>
    <StopPointInJourneyPattern id="chouette:StopPointInJourneyPattern:bc963837-e7c1-4a18-a82c-d5b51bdbfe11-1b8ecca1-8abb-4076-8ab6-ea0d4b8414f0:LOC" version="any" order="8">
      <ScheduledStopPointRef ref="chouette:ScheduledStopPoint:bc963837-e7c1-4a18-a82c-d5b51bdbfe11:LOC" version="any"/>
      <ForAlighting>true</ForAlighting>
      <ForBoarding>true</ForBoarding>
    </StopPointInJourneyPattern>
    <StopPointInJourneyPattern id="chouette:StopPointInJourneyPattern:1efc4646-2222-49b5-98f2-d16c0aec1bc3-1b8ecca1-8abb-4076-8ab6-ea0d4b8414f0:LOC" version="any" order="9">
      <ScheduledStopPointRef ref="chouette:ScheduledStopPoint:1efc4646-2222-49b5-98f2-d16c0aec1bc3:LOC" version="any"/>
      <ForAlighting>true</ForAlighting>
      <ForBoarding>true</ForBoarding>
    </StopPointInJourneyPattern>
    <StopPointInJourneyPattern id="chouette:StopPointInJourneyPattern:54de128e-2d73-4b4b-843b-498071fd6ad8-1b8ecca1-8abb-4076-8ab6-ea0d4b8414f0:LOC" version="any" order="10">
      <ScheduledStopPointRef ref="chouette:ScheduledStopPoint:54de128e-2d73-4b4b-843b-498071fd6ad8:LOC" version="any"/>
      <ForAlighting>true</ForAlighting>
      <ForBoarding>true</ForBoarding>
    </StopPointInJourneyPattern>
    <StopPointInJourneyPattern id="chouette:StopPointInJourneyPattern:e4073ffc-11a3-418a-bb13-ad048a396ba1-1b8ecca1-8abb-4076-8ab6-ea0d4b8414f0:LOC" version="any" order="11">
      <ScheduledStopPointRef ref="chouette:ScheduledStopPoint:e4073ffc-11a3-418a-bb13-ad048a396ba1:LOC" version="any"/>
      <ForAlighting>true</ForAlighting>
      <ForBoarding>true</ForBoarding>
    </StopPointInJourneyPattern>
  </pointsInSequence>
</ServiceJourneyPattern>
            <ScheduledStopPoint id="chouette:ScheduledStopPoint:3efbc7c7-bca9-4446-917e-84b80c6f0f34:LOC" version="any"/>
<ScheduledStopPoint id="chouette:ScheduledStopPoint:1efc4646-2222-49b5-98f2-d16c0aec1bc3:LOC" version="any"/>
<ScheduledStopPoint id="chouette:ScheduledStopPoint:4a95bfbb-046a-42a7-8e41-b8c8c8c13075:LOC" version="any"/>
<ScheduledStopPoint id="chouette:ScheduledStopPoint:54de128e-2d73-4b4b-843b-498071fd6ad8:LOC" version="any"/>
<ScheduledStopPoint id="chouette:ScheduledStopPoint:e3585163-c77c-4b04-a89f-2ae391ff227a:LOC" version="any"/>
<ScheduledStopPoint id="chouette:ScheduledStopPoint:b02d207a-ccca-4557-89fa-9aca99ecd640:LOC" version="any"/>
<ScheduledStopPoint id="chouette:ScheduledStopPoint:14b2c0b7-bcc4-4e8e-b5b0-c700bd5b57d9:LOC" version="any"/>
<ScheduledStopPoint id="chouette:ScheduledStopPoint:b2875ec7-d50e-4907-b8ad-654b7e4d205a:LOC" version="any"/>
<ScheduledStopPoint id="chouette:ScheduledStopPoint:5da1f976-4bee-49a5-8f8d-70664341ca53:LOC" version="any"/>
<ScheduledStopPoint id="chouette:ScheduledStopPoint:3adb8727-8f7e-4bd5-aae6-f1635cb6dbca:LOC" version="any"/>
<ScheduledStopPoint id="chouette:ScheduledStopPoint:bc963837-e7c1-4a18-a82c-d5b51bdbfe11:LOC" version="any"/>
<ScheduledStopPoint id="chouette:ScheduledStopPoint:45e78866-c3d9-4b38-947d-607ed5dba17d:LOC" version="any"/>
<ScheduledStopPoint id="chouette:ScheduledStopPoint:ef16544b-d575-4ea5-9492-56691dad5891:LOC" version="any"/>
<ScheduledStopPoint id="chouette:ScheduledStopPoint:e4073ffc-11a3-418a-bb13-ad048a396ba1:LOC" version="any"/>
<ScheduledStopPoint id="chouette:ScheduledStopPoint:cd463bc1-a429-4476-b060-12fb771ba540:LOC" version="any"/>
<ScheduledStopPoint id="chouette:ScheduledStopPoint:8f8aa59f-75a4-47e3-ac23-5de8afa6efc7:LOC" version="any"/>
<ScheduledStopPoint id="chouette:ScheduledStopPoint:6a6ad9f0-50c7-4015-9180-ff76b642fa9f:LOC" version="any"/>
<ScheduledStopPoint id="chouette:ScheduledStopPoint:9ef8841e-dcbf-4576-a16a-10992806dcc8:LOC" version="any"/>
<ScheduledStopPoint id="chouette:ScheduledStopPoint:bc3a9e99-3a64-495b-888e-03ba188de5c5:LOC" version="any"/>
<ScheduledStopPoint id="chouette:ScheduledStopPoint:a1040357-a99c-44fc-8fa4-1d46069d374b:LOC" version="any"/>
<ScheduledStopPoint id="chouette:ScheduledStopPoint:c78d5e63-c8e2-4117-b788-4bf534a81f35:LOC" version="any"/>
<ScheduledStopPoint id="chouette:ScheduledStopPoint:4df2b469-96b8-4efc-81b9-b0f2fb07fbcf:LOC" version="any"/>
            <PassengerStopAssignment id="chouette:PassengerStopAssignment:3efbc7c7-bca9-4446-917e-84b80c6f0f34:LOC" version="any" order="1">
  <ScheduledStopPointRef ref="chouette:ScheduledStopPoint:3efbc7c7-bca9-4446-917e-84b80c6f0f34:LOC" version="any"/>
  <QuayRef ref="chouette:StopArea:dd315098-03e3-4ec6-bf4f-7a0e04028657:LOC"/>
</PassengerStopAssignment>
<PassengerStopAssignment id="chouette:PassengerStopAssignment:1efc4646-2222-49b5-98f2-d16c0aec1bc3:LOC" version="any" order="1">
  <ScheduledStopPointRef ref="chouette:ScheduledStopPoint:1efc4646-2222-49b5-98f2-d16c0aec1bc3:LOC" version="any"/>
  <QuayRef ref="chouette:StopArea:d5c90a96-bdb3-4a75-b2e9-2d49dc7512a8:LOC"/>
</PassengerStopAssignment>
<PassengerStopAssignment id="chouette:PassengerStopAssignment:4a95bfbb-046a-42a7-8e41-b8c8c8c13075:LOC" version="any" order="1">
  <ScheduledStopPointRef ref="chouette:ScheduledStopPoint:4a95bfbb-046a-42a7-8e41-b8c8c8c13075:LOC" version="any"/>
  <QuayRef ref="chouette:StopArea:29b4afbb-8547-494c-9699-ee77786a7f12:LOC"/>
</PassengerStopAssignment>
<PassengerStopAssignment id="chouette:PassengerStopAssignment:54de128e-2d73-4b4b-843b-498071fd6ad8:LOC" version="any" order="1">
  <ScheduledStopPointRef ref="chouette:ScheduledStopPoint:54de128e-2d73-4b4b-843b-498071fd6ad8:LOC" version="any"/>
  <QuayRef ref="chouette:StopArea:847ac4ba-5fe9-40ef-a16a-2a6639839835:LOC"/>
</PassengerStopAssignment>
<PassengerStopAssignment id="chouette:PassengerStopAssignment:e3585163-c77c-4b04-a89f-2ae391ff227a:LOC" version="any" order="1">
  <ScheduledStopPointRef ref="chouette:ScheduledStopPoint:e3585163-c77c-4b04-a89f-2ae391ff227a:LOC" version="any"/>
  <QuayRef ref="chouette:StopArea:8bc94727-4c8d-4bb1-a3fe-32afb418ad18:LOC"/>
</PassengerStopAssignment>
<PassengerStopAssignment id="chouette:PassengerStopAssignment:b02d207a-ccca-4557-89fa-9aca99ecd640:LOC" version="any" order="1">
  <ScheduledStopPointRef ref="chouette:ScheduledStopPoint:b02d207a-ccca-4557-89fa-9aca99ecd640:LOC" version="any"/>
  <QuayRef ref="chouette:StopArea:a94779d8-88c3-41b9-9639-86636ac0a5c2:LOC"/>
</PassengerStopAssignment>
<PassengerStopAssignment id="chouette:PassengerStopAssignment:14b2c0b7-bcc4-4e8e-b5b0-c700bd5b57d9:LOC" version="any" order="1">
  <ScheduledStopPointRef ref="chouette:ScheduledStopPoint:14b2c0b7-bcc4-4e8e-b5b0-c700bd5b57d9:LOC" version="any"/>
  <QuayRef ref="chouette:StopArea:98413c5f-431c-4ffc-977d-a91a497490c4:LOC"/>
</PassengerStopAssignment>
<PassengerStopAssignment id="chouette:PassengerStopAssignment:b2875ec7-d50e-4907-b8ad-654b7e4d205a:LOC" version="any" order="1">
  <ScheduledStopPointRef ref="chouette:ScheduledStopPoint:b2875ec7-d50e-4907-b8ad-654b7e4d205a:LOC" version="any"/>
  <QuayRef ref="chouette:StopArea:59ff17f7-66cc-4af4-98f7-a613cbe73b39:LOC"/>
</PassengerStopAssignment>
<PassengerStopAssignment id="chouette:PassengerStopAssignment:5da1f976-4bee-49a5-8f8d-70664341ca53:LOC" version="any" order="1">
  <ScheduledStopPointRef ref="chouette:ScheduledStopPoint:5da1f976-4bee-49a5-8f8d-70664341ca53:LOC" version="any"/>
  <QuayRef ref="chouette:StopArea:e8ddd0a7-de53-4888-a30f-98beaaca8117:LOC"/>
</PassengerStopAssignment>
<PassengerStopAssignment id="chouette:PassengerStopAssignment:3adb8727-8f7e-4bd5-aae6-f1635cb6dbca:LOC" version="any" order="1">
  <ScheduledStopPointRef ref="chouette:ScheduledStopPoint:3adb8727-8f7e-4bd5-aae6-f1635cb6dbca:LOC" version="any"/>
  <QuayRef ref="chouette:StopArea:bb9703a3-95ad-4dc5-98d5-c28e546b96bb:LOC"/>
</PassengerStopAssignment>
<PassengerStopAssignment id="chouette:PassengerStopAssignment:bc963837-e7c1-4a18-a82c-d5b51bdbfe11:LOC" version="any" order="1">
  <ScheduledStopPointRef ref="chouette:ScheduledStopPoint:bc963837-e7c1-4a18-a82c-d5b51bdbfe11:LOC" version="any"/>
  <QuayRef ref="chouette:StopArea:e7ed8c2a-bd39-4ad5-b5a8-4802c855314e:LOC"/>
</PassengerStopAssignment>
<PassengerStopAssignment id="chouette:PassengerStopAssignment:45e78866-c3d9-4b38-947d-607ed5dba17d:LOC" version="any" order="1">
  <ScheduledStopPointRef ref="chouette:ScheduledStopPoint:45e78866-c3d9-4b38-947d-607ed5dba17d:LOC" version="any"/>
  <QuayRef ref="chouette:StopArea:e82e2e82-ef99-490f-9408-9fa2bde3bbf4:LOC"/>
</PassengerStopAssignment>
<PassengerStopAssignment id="chouette:PassengerStopAssignment:ef16544b-d575-4ea5-9492-56691dad5891:LOC" version="any" order="1">
  <ScheduledStopPointRef ref="chouette:ScheduledStopPoint:ef16544b-d575-4ea5-9492-56691dad5891:LOC" version="any"/>
  <QuayRef ref="chouette:StopArea:1282c665-0405-4137-aeca-14a86f1f6d78:LOC"/>
</PassengerStopAssignment>
<PassengerStopAssignment id="chouette:PassengerStopAssignment:e4073ffc-11a3-418a-bb13-ad048a396ba1:LOC" version="any" order="1">
  <ScheduledStopPointRef ref="chouette:ScheduledStopPoint:e4073ffc-11a3-418a-bb13-ad048a396ba1:LOC" version="any"/>
  <QuayRef ref="chouette:StopArea:4fc37e5d-5980-4123-9d74-8fa7c9f7bdb2:LOC"/>
</PassengerStopAssignment>
<PassengerStopAssignment id="chouette:PassengerStopAssignment:cd463bc1-a429-4476-b060-12fb771ba540:LOC" version="any" order="1">
  <ScheduledStopPointRef ref="chouette:ScheduledStopPoint:cd463bc1-a429-4476-b060-12fb771ba540:LOC" version="any"/>
  <QuayRef ref="chouette:StopArea:fbf1678d-b42c-48bf-8f85-1bbfee65ca8e:LOC"/>
</PassengerStopAssignment>
<PassengerStopAssignment id="chouette:PassengerStopAssignment:8f8aa59f-75a4-47e3-ac23-5de8afa6efc7:LOC" version="any" order="1">
  <ScheduledStopPointRef ref="chouette:ScheduledStopPoint:8f8aa59f-75a4-47e3-ac23-5de8afa6efc7:LOC" version="any"/>
  <QuayRef ref="chouette:StopArea:1282c665-0405-4137-aeca-14a86f1f6d78:LOC"/>
</PassengerStopAssignment>
<PassengerStopAssignment id="chouette:PassengerStopAssignment:6a6ad9f0-50c7-4015-9180-ff76b642fa9f:LOC" version="any" order="1">
  <ScheduledStopPointRef ref="chouette:ScheduledStopPoint:6a6ad9f0-50c7-4015-9180-ff76b642fa9f:LOC" version="any"/>
  <QuayRef ref="chouette:StopArea:1ca8b987-3e8b-4744-9a01-a84d6532e120:LOC"/>
</PassengerStopAssignment>
<PassengerStopAssignment id="chouette:PassengerStopAssignment:9ef8841e-dcbf-4576-a16a-10992806dcc8:LOC" version="any" order="1">
  <ScheduledStopPointRef ref="chouette:ScheduledStopPoint:9ef8841e-dcbf-4576-a16a-10992806dcc8:LOC" version="any"/>
  <QuayRef ref="chouette:StopArea:97c8fc45-a2e4-49cb-adb4-be312da9878c:LOC"/>
</PassengerStopAssignment>
<PassengerStopAssignment id="chouette:PassengerStopAssignment:bc3a9e99-3a64-495b-888e-03ba188de5c5:LOC" version="any" order="1">
  <ScheduledStopPointRef ref="chouette:ScheduledStopPoint:bc3a9e99-3a64-495b-888e-03ba188de5c5:LOC" version="any"/>
  <QuayRef ref="chouette:StopArea:1dc8da27-bfac-4679-8dc8-722c1b5d0867:LOC"/>
</PassengerStopAssignment>
<PassengerStopAssignment id="chouette:PassengerStopAssignment:a1040357-a99c-44fc-8fa4-1d46069d374b:LOC" version="any" order="1">
  <ScheduledStopPointRef ref="chouette:ScheduledStopPoint:a1040357-a99c-44fc-8fa4-1d46069d374b:LOC" version="any"/>
  <QuayRef ref="chouette:StopArea:de2df1f2-caec-4254-8892-fab8a58dbded:LOC"/>
</PassengerStopAssignment>
<PassengerStopAssignment id="chouette:PassengerStopAssignment:c78d5e63-c8e2-4117-b788-4bf534a81f35:LOC" version="any" order="1">
  <ScheduledStopPointRef ref="chouette:ScheduledStopPoint:c78d5e63-c8e2-4117-b788-4bf534a81f35:LOC" version="any"/>
  <QuayRef ref="chouette:StopArea:2c12ed27-0c2d-4553-a9d4-2475f4fa3800:LOC"/>
</PassengerStopAssignment>
<PassengerStopAssignment id="chouette:PassengerStopAssignment:4df2b469-96b8-4efc-81b9-b0f2fb07fbcf:LOC" version="any" order="1">
  <ScheduledStopPointRef ref="chouette:ScheduledStopPoint:4df2b469-96b8-4efc-81b9-b0f2fb07fbcf:LOC" version="any"/>
  <QuayRef ref="chouette:StopArea:bb9703a3-95ad-4dc5-98d5-c28e546b96bb:LOC"/>
</PassengerStopAssignment>
          </members>
        </GeneralFrame>
        <GeneralFrame id="FR:GeneralFrame:NETEX_HORAIRE-chouette:Line:e3942516-b766-47f0-b610-8ffdec7697ab:LOC:LOC" version="1.09:FR-NETEX-2.1-1.0">
          <TypeOfFrameRef ref="FR:TypeOfFrame:NETEX_HORAIRE:"/>
          <members>
            <ServiceJourney id="chouette:VehicleJourney:8714b86f-2807-4833-b228-49b456c0bc46:LOC" created="2025-03-24T08:02:49Z" changed="2025-03-24T08:03:25Z" version="any">
  <keyList>
    <KeyValue typeOfKey="ALTERNATE_IDENTIFIER">
      <Key>external</Key>
      <Value>6701|20190130|8</Value>
    </KeyValue>
  </keyList>
  <Name>6701|8</Name>
  <dayTypes>
    <DayTypeRef ref="chouette:TimeTable:7e7acf97-89b4-4f41-bb2e-0988dc9f4210:LOC"/>
  </dayTypes>
  <JourneyPatternRef ref="chouette:JourneyPattern:1b8ecca1-8abb-4076-8ab6-ea0d4b8414f0:LOC" version="any"/>
  <passingTimes>
    <TimetabledPassingTime version="any" id="chouette:TimetabledPassingTime:8714b86f-2807-4833-b228-49b456c0bc46-0:LOC">
  <StopPointInJourneyPatternRef ref="chouette:StopPointInJourneyPattern:4df2b469-96b8-4efc-81b9-b0f2fb07fbcf-1b8ecca1-8abb-4076-8ab6-ea0d4b8414f0:LOC"/>
  <ArrivalTime>08:30:00</ArrivalTime>
  <DepartureTime>08:30:00</DepartureTime>
</TimetabledPassingTime><TimetabledPassingTime version="any" id="chouette:TimetabledPassingTime:8714b86f-2807-4833-b228-49b456c0bc46-1:LOC">
  <StopPointInJourneyPatternRef ref="chouette:StopPointInJourneyPattern:8f8aa59f-75a4-47e3-ac23-5de8afa6efc7-1b8ecca1-8abb-4076-8ab6-ea0d4b8414f0:LOC"/>
  <ArrivalTime>09:00:00</ArrivalTime>
  <DepartureTime>09:00:00</DepartureTime>
</TimetabledPassingTime><TimetabledPassingTime version="any" id="chouette:TimetabledPassingTime:8714b86f-2807-4833-b228-49b456c0bc46-2:LOC">
  <StopPointInJourneyPatternRef ref="chouette:StopPointInJourneyPattern:6a6ad9f0-50c7-4015-9180-ff76b642fa9f-1b8ecca1-8abb-4076-8ab6-ea0d4b8414f0:LOC"/>
  <ArrivalTime>09:35:00</ArrivalTime>
  <DepartureTime>09:35:00</DepartureTime>
</TimetabledPassingTime><TimetabledPassingTime version="any" id="chouette:TimetabledPassingTime:8714b86f-2807-4833-b228-49b456c0bc46-3:LOC">
  <StopPointInJourneyPatternRef ref="chouette:StopPointInJourneyPattern:e3585163-c77c-4b04-a89f-2ae391ff227a-1b8ecca1-8abb-4076-8ab6-ea0d4b8414f0:LOC"/>
  <ArrivalTime>09:42:00</ArrivalTime>
  <DepartureTime>09:42:00</DepartureTime>
</TimetabledPassingTime><TimetabledPassingTime version="any" id="chouette:TimetabledPassingTime:8714b86f-2807-4833-b228-49b456c0bc46-4:LOC">
  <StopPointInJourneyPatternRef ref="chouette:StopPointInJourneyPattern:b2875ec7-d50e-4907-b8ad-654b7e4d205a-1b8ecca1-8abb-4076-8ab6-ea0d4b8414f0:LOC"/>
  <ArrivalTime>09:45:00</ArrivalTime>
  <DepartureTime>09:45:00</DepartureTime>
</TimetabledPassingTime><TimetabledPassingTime version="any" id="chouette:TimetabledPassingTime:8714b86f-2807-4833-b228-49b456c0bc46-5:LOC">
  <StopPointInJourneyPatternRef ref="chouette:StopPointInJourneyPattern:14b2c0b7-bcc4-4e8e-b5b0-c700bd5b57d9-1b8ecca1-8abb-4076-8ab6-ea0d4b8414f0:LOC"/>
  <ArrivalTime>09:51:00</ArrivalTime>
  <DepartureTime>09:51:00</DepartureTime>
</TimetabledPassingTime><TimetabledPassingTime version="any" id="chouette:TimetabledPassingTime:8714b86f-2807-4833-b228-49b456c0bc46-6:LOC">
  <StopPointInJourneyPatternRef ref="chouette:StopPointInJourneyPattern:45e78866-c3d9-4b38-947d-607ed5dba17d-1b8ecca1-8abb-4076-8ab6-ea0d4b8414f0:LOC"/>
  <ArrivalTime>09:55:00</ArrivalTime>
  <DepartureTime>09:55:00</DepartureTime>
</TimetabledPassingTime><TimetabledPassingTime version="any" id="chouette:TimetabledPassingTime:8714b86f-2807-4833-b228-49b456c0bc46-7:LOC">
  <StopPointInJourneyPatternRef ref="chouette:StopPointInJourneyPattern:bc963837-e7c1-4a18-a82c-d5b51bdbfe11-1b8ecca1-8abb-4076-8ab6-ea0d4b8414f0:LOC"/>
  <ArrivalTime>10:00:00</ArrivalTime>
  <DepartureTime>10:00:00</DepartureTime>
</TimetabledPassingTime><TimetabledPassingTime version="any" id="chouette:TimetabledPassingTime:8714b86f-2807-4833-b228-49b456c0bc46-8:LOC">
  <StopPointInJourneyPatternRef ref="chouette:StopPointInJourneyPattern:1efc4646-2222-49b5-98f2-d16c0aec1bc3-1b8ecca1-8abb-4076-8ab6-ea0d4b8414f0:LOC"/>
  <ArrivalTime>10:05:00</ArrivalTime>
  <DepartureTime>10:05:00</DepartureTime>
</TimetabledPassingTime><TimetabledPassingTime version="any" id="chouette:TimetabledPassingTime:8714b86f-2807-4833-b228-49b456c0bc46-9:LOC">
  <StopPointInJourneyPatternRef ref="chouette:StopPointInJourneyPattern:54de128e-2d73-4b4b-843b-498071fd6ad8-1b8ecca1-8abb-4076-8ab6-ea0d4b8414f0:LOC"/>
  <ArrivalTime>10:10:00</ArrivalTime>
  <DepartureTime>10:10:00</DepartureTime>
</TimetabledPassingTime><TimetabledPassingTime version="any" id="chouette:TimetabledPassingTime:8714b86f-2807-4833-b228-49b456c0bc46-10:LOC">
  <StopPointInJourneyPatternRef ref="chouette:StopPointInJourneyPattern:e4073ffc-11a3-418a-bb13-ad048a396ba1-1b8ecca1-8abb-4076-8ab6-ea0d4b8414f0:LOC"/>
  <ArrivalTime>10:20:00</ArrivalTime>
  <DepartureTime>10:20:00</DepartureTime>
</TimetabledPassingTime>
  </passingTimes>
</ServiceJourney>
<ServiceJourney id="chouette:VehicleJourney:3b5d3a0f-57e4-421b-93ae-bafc5b88fe72:LOC" created="2025-03-24T08:02:49Z" changed="2025-03-24T08:03:26Z" version="any">
  <keyList>
    <KeyValue typeOfKey="ALTERNATE_IDENTIFIER">
      <Key>external</Key>
      <Value>6701|20190130|10</Value>
    </KeyValue>
  </keyList>
  <Name>6701|10</Name>
  <dayTypes>
    <DayTypeRef ref="chouette:TimeTable:7e7acf97-89b4-4f41-bb2e-0988dc9f4210:LOC"/>
  </dayTypes>
  <JourneyPatternRef ref="chouette:JourneyPattern:1b8ecca1-8abb-4076-8ab6-ea0d4b8414f0:LOC" version="any"/>
  <passingTimes>
    <TimetabledPassingTime version="any" id="chouette:TimetabledPassingTime:3b5d3a0f-57e4-421b-93ae-bafc5b88fe72-0:LOC">
  <StopPointInJourneyPatternRef ref="chouette:StopPointInJourneyPattern:4df2b469-96b8-4efc-81b9-b0f2fb07fbcf-1b8ecca1-8abb-4076-8ab6-ea0d4b8414f0:LOC"/>
  <ArrivalTime>14:20:00</ArrivalTime>
  <DepartureTime>14:20:00</DepartureTime>
</TimetabledPassingTime><TimetabledPassingTime version="any" id="chouette:TimetabledPassingTime:3b5d3a0f-57e4-421b-93ae-bafc5b88fe72-1:LOC">
  <StopPointInJourneyPatternRef ref="chouette:StopPointInJourneyPattern:8f8aa59f-75a4-47e3-ac23-5de8afa6efc7-1b8ecca1-8abb-4076-8ab6-ea0d4b8414f0:LOC"/>
  <ArrivalTime>14:50:00</ArrivalTime>
  <DepartureTime>14:50:00</DepartureTime>
</TimetabledPassingTime><TimetabledPassingTime version="any" id="chouette:TimetabledPassingTime:3b5d3a0f-57e4-421b-93ae-bafc5b88fe72-2:LOC">
  <StopPointInJourneyPatternRef ref="chouette:StopPointInJourneyPattern:6a6ad9f0-50c7-4015-9180-ff76b642fa9f-1b8ecca1-8abb-4076-8ab6-ea0d4b8414f0:LOC"/>
  <ArrivalTime>15:25:00</ArrivalTime>
  <DepartureTime>15:25:00</DepartureTime>
</TimetabledPassingTime><TimetabledPassingTime version="any" id="chouette:TimetabledPassingTime:3b5d3a0f-57e4-421b-93ae-bafc5b88fe72-3:LOC">
  <StopPointInJourneyPatternRef ref="chouette:StopPointInJourneyPattern:e3585163-c77c-4b04-a89f-2ae391ff227a-1b8ecca1-8abb-4076-8ab6-ea0d4b8414f0:LOC"/>
  <ArrivalTime>15:32:00</ArrivalTime>
  <DepartureTime>15:32:00</DepartureTime>
</TimetabledPassingTime><TimetabledPassingTime version="any" id="chouette:TimetabledPassingTime:3b5d3a0f-57e4-421b-93ae-bafc5b88fe72-4:LOC">
  <StopPointInJourneyPatternRef ref="chouette:StopPointInJourneyPattern:b2875ec7-d50e-4907-b8ad-654b7e4d205a-1b8ecca1-8abb-4076-8ab6-ea0d4b8414f0:LOC"/>
  <ArrivalTime>15:35:00</ArrivalTime>
  <DepartureTime>15:35:00</DepartureTime>
</TimetabledPassingTime><TimetabledPassingTime version="any" id="chouette:TimetabledPassingTime:3b5d3a0f-57e4-421b-93ae-bafc5b88fe72-5:LOC">
  <StopPointInJourneyPatternRef ref="chouette:StopPointInJourneyPattern:14b2c0b7-bcc4-4e8e-b5b0-c700bd5b57d9-1b8ecca1-8abb-4076-8ab6-ea0d4b8414f0:LOC"/>
  <ArrivalTime>15:41:00</ArrivalTime>
  <DepartureTime>15:41:00</DepartureTime>
</TimetabledPassingTime><TimetabledPassingTime version="any" id="chouette:TimetabledPassingTime:3b5d3a0f-57e4-421b-93ae-bafc5b88fe72-6:LOC">
  <StopPointInJourneyPatternRef ref="chouette:StopPointInJourneyPattern:45e78866-c3d9-4b38-947d-607ed5dba17d-1b8ecca1-8abb-4076-8ab6-ea0d4b8414f0:LOC"/>
  <ArrivalTime>15:45:00</ArrivalTime>
  <DepartureTime>15:45:00</DepartureTime>
</TimetabledPassingTime><TimetabledPassingTime version="any" id="chouette:TimetabledPassingTime:3b5d3a0f-57e4-421b-93ae-bafc5b88fe72-7:LOC">
  <StopPointInJourneyPatternRef ref="chouette:StopPointInJourneyPattern:bc963837-e7c1-4a18-a82c-d5b51bdbfe11-1b8ecca1-8abb-4076-8ab6-ea0d4b8414f0:LOC"/>
  <ArrivalTime>15:50:00</ArrivalTime>
  <DepartureTime>15:50:00</DepartureTime>
</TimetabledPassingTime><TimetabledPassingTime version="any" id="chouette:TimetabledPassingTime:3b5d3a0f-57e4-421b-93ae-bafc5b88fe72-8:LOC">
  <StopPointInJourneyPatternRef ref="chouette:StopPointInJourneyPattern:1efc4646-2222-49b5-98f2-d16c0aec1bc3-1b8ecca1-8abb-4076-8ab6-ea0d4b8414f0:LOC"/>
  <ArrivalTime>15:55:00</ArrivalTime>
  <DepartureTime>15:55:00</DepartureTime>
</TimetabledPassingTime><TimetabledPassingTime version="any" id="chouette:TimetabledPassingTime:3b5d3a0f-57e4-421b-93ae-bafc5b88fe72-9:LOC">
  <StopPointInJourneyPatternRef ref="chouette:StopPointInJourneyPattern:54de128e-2d73-4b4b-843b-498071fd6ad8-1b8ecca1-8abb-4076-8ab6-ea0d4b8414f0:LOC"/>
  <ArrivalTime>16:00:00</ArrivalTime>
  <DepartureTime>16:00:00</DepartureTime>
</TimetabledPassingTime><TimetabledPassingTime version="any" id="chouette:TimetabledPassingTime:3b5d3a0f-57e4-421b-93ae-bafc5b88fe72-10:LOC">
  <StopPointInJourneyPatternRef ref="chouette:StopPointInJourneyPattern:e4073ffc-11a3-418a-bb13-ad048a396ba1-1b8ecca1-8abb-4076-8ab6-ea0d4b8414f0:LOC"/>
  <ArrivalTime>16:10:00</ArrivalTime>
  <DepartureTime>16:10:00</DepartureTime>
</TimetabledPassingTime>
  </passingTimes>
</ServiceJourney>
<ServiceJourney id="chouette:VehicleJourney:c30e2a8f-116e-421b-bf25-65ed994e7db9:LOC" created="2025-03-24T08:02:49Z" changed="2025-03-24T08:03:25Z" version="any">
  <keyList>
    <KeyValue typeOfKey="ALTERNATE_IDENTIFIER">
      <Key>external</Key>
      <Value>6701|20190130|4</Value>
    </KeyValue>
  </keyList>
  <Name>6701|4</Name>
  <dayTypes>
    <DayTypeRef ref="chouette:TimeTable:7e7acf97-89b4-4f41-bb2e-0988dc9f4210:LOC"/>
  </dayTypes>
  <JourneyPatternRef ref="chouette:JourneyPattern:1b8ecca1-8abb-4076-8ab6-ea0d4b8414f0:LOC" version="any"/>
  <passingTimes>
    <TimetabledPassingTime version="any" id="chouette:TimetabledPassingTime:c30e2a8f-116e-421b-bf25-65ed994e7db9-0:LOC">
  <StopPointInJourneyPatternRef ref="chouette:StopPointInJourneyPattern:4df2b469-96b8-4efc-81b9-b0f2fb07fbcf-1b8ecca1-8abb-4076-8ab6-ea0d4b8414f0:LOC"/>
  <ArrivalTime>17:15:00</ArrivalTime>
  <DepartureTime>17:15:00</DepartureTime>
</TimetabledPassingTime><TimetabledPassingTime version="any" id="chouette:TimetabledPassingTime:c30e2a8f-116e-421b-bf25-65ed994e7db9-1:LOC">
  <StopPointInJourneyPatternRef ref="chouette:StopPointInJourneyPattern:8f8aa59f-75a4-47e3-ac23-5de8afa6efc7-1b8ecca1-8abb-4076-8ab6-ea0d4b8414f0:LOC"/>
  <ArrivalTime>17:45:00</ArrivalTime>
  <DepartureTime>17:45:00</DepartureTime>
</TimetabledPassingTime><TimetabledPassingTime version="any" id="chouette:TimetabledPassingTime:c30e2a8f-116e-421b-bf25-65ed994e7db9-2:LOC">
  <StopPointInJourneyPatternRef ref="chouette:StopPointInJourneyPattern:6a6ad9f0-50c7-4015-9180-ff76b642fa9f-1b8ecca1-8abb-4076-8ab6-ea0d4b8414f0:LOC"/>
  <ArrivalTime>18:20:00</ArrivalTime>
  <DepartureTime>18:20:00</DepartureTime>
</TimetabledPassingTime><TimetabledPassingTime version="any" id="chouette:TimetabledPassingTime:c30e2a8f-116e-421b-bf25-65ed994e7db9-3:LOC">
  <StopPointInJourneyPatternRef ref="chouette:StopPointInJourneyPattern:e3585163-c77c-4b04-a89f-2ae391ff227a-1b8ecca1-8abb-4076-8ab6-ea0d4b8414f0:LOC"/>
  <ArrivalTime>18:27:00</ArrivalTime>
  <DepartureTime>18:27:00</DepartureTime>
</TimetabledPassingTime><TimetabledPassingTime version="any" id="chouette:TimetabledPassingTime:c30e2a8f-116e-421b-bf25-65ed994e7db9-4:LOC">
  <StopPointInJourneyPatternRef ref="chouette:StopPointInJourneyPattern:b2875ec7-d50e-4907-b8ad-654b7e4d205a-1b8ecca1-8abb-4076-8ab6-ea0d4b8414f0:LOC"/>
  <ArrivalTime>18:30:00</ArrivalTime>
  <DepartureTime>18:30:00</DepartureTime>
</TimetabledPassingTime><TimetabledPassingTime version="any" id="chouette:TimetabledPassingTime:c30e2a8f-116e-421b-bf25-65ed994e7db9-5:LOC">
  <StopPointInJourneyPatternRef ref="chouette:StopPointInJourneyPattern:14b2c0b7-bcc4-4e8e-b5b0-c700bd5b57d9-1b8ecca1-8abb-4076-8ab6-ea0d4b8414f0:LOC"/>
  <ArrivalTime>18:36:00</ArrivalTime>
  <DepartureTime>18:36:00</DepartureTime>
</TimetabledPassingTime><TimetabledPassingTime version="any" id="chouette:TimetabledPassingTime:c30e2a8f-116e-421b-bf25-65ed994e7db9-6:LOC">
  <StopPointInJourneyPatternRef ref="chouette:StopPointInJourneyPattern:45e78866-c3d9-4b38-947d-607ed5dba17d-1b8ecca1-8abb-4076-8ab6-ea0d4b8414f0:LOC"/>
  <ArrivalTime>18:40:00</ArrivalTime>
  <DepartureTime>18:40:00</DepartureTime>
</TimetabledPassingTime><TimetabledPassingTime version="any" id="chouette:TimetabledPassingTime:c30e2a8f-116e-421b-bf25-65ed994e7db9-7:LOC">
  <StopPointInJourneyPatternRef ref="chouette:StopPointInJourneyPattern:bc963837-e7c1-4a18-a82c-d5b51bdbfe11-1b8ecca1-8abb-4076-8ab6-ea0d4b8414f0:LOC"/>
  <ArrivalTime>18:45:00</ArrivalTime>
  <DepartureTime>18:45:00</DepartureTime>
</TimetabledPassingTime><TimetabledPassingTime version="any" id="chouette:TimetabledPassingTime:c30e2a8f-116e-421b-bf25-65ed994e7db9-8:LOC">
  <StopPointInJourneyPatternRef ref="chouette:StopPointInJourneyPattern:1efc4646-2222-49b5-98f2-d16c0aec1bc3-1b8ecca1-8abb-4076-8ab6-ea0d4b8414f0:LOC"/>
  <ArrivalTime>18:50:00</ArrivalTime>
  <DepartureTime>18:50:00</DepartureTime>
</TimetabledPassingTime><TimetabledPassingTime version="any" id="chouette:TimetabledPassingTime:c30e2a8f-116e-421b-bf25-65ed994e7db9-9:LOC">
  <StopPointInJourneyPatternRef ref="chouette:StopPointInJourneyPattern:54de128e-2d73-4b4b-843b-498071fd6ad8-1b8ecca1-8abb-4076-8ab6-ea0d4b8414f0:LOC"/>
  <ArrivalTime>18:55:00</ArrivalTime>
  <DepartureTime>18:55:00</DepartureTime>
</TimetabledPassingTime><TimetabledPassingTime version="any" id="chouette:TimetabledPassingTime:c30e2a8f-116e-421b-bf25-65ed994e7db9-10:LOC">
  <StopPointInJourneyPatternRef ref="chouette:StopPointInJourneyPattern:e4073ffc-11a3-418a-bb13-ad048a396ba1-1b8ecca1-8abb-4076-8ab6-ea0d4b8414f0:LOC"/>
  <ArrivalTime>19:05:00</ArrivalTime>
  <DepartureTime>19:05:00</DepartureTime>
</TimetabledPassingTime>
  </passingTimes>
</ServiceJourney>
<ServiceJourney id="chouette:VehicleJourney:754e0bd8-204e-487d-8996-8f32760b707e:LOC" created="2025-03-24T08:02:49Z" changed="2025-03-24T08:03:25Z" version="any">
  <keyList>
    <KeyValue typeOfKey="ALTERNATE_IDENTIFIER">
      <Key>external</Key>
      <Value>6711|20190130|11</Value>
    </KeyValue>
  </keyList>
  <Name>6711|11</Name>
  <dayTypes>
    <DayTypeRef ref="chouette:TimeTable:7e7acf97-89b4-4f41-bb2e-0988dc9f4210:LOC"/>
  </dayTypes>
  <JourneyPatternRef ref="chouette:JourneyPattern:02c4546b-4459-451d-b397-20aa16d25b5d:LOC" version="any"/>
  <passingTimes>
    <TimetabledPassingTime version="any" id="chouette:TimetabledPassingTime:754e0bd8-204e-487d-8996-8f32760b707e-0:LOC">
  <StopPointInJourneyPatternRef ref="chouette:StopPointInJourneyPattern:5da1f976-4bee-49a5-8f8d-70664341ca53-02c4546b-4459-451d-b397-20aa16d25b5d:LOC"/>
  <ArrivalTime>09:15:00</ArrivalTime>
  <DepartureTime>09:15:00</DepartureTime>
</TimetabledPassingTime><TimetabledPassingTime version="any" id="chouette:TimetabledPassingTime:754e0bd8-204e-487d-8996-8f32760b707e-1:LOC">
  <StopPointInJourneyPatternRef ref="chouette:StopPointInJourneyPattern:9ef8841e-dcbf-4576-a16a-10992806dcc8-02c4546b-4459-451d-b397-20aa16d25b5d:LOC"/>
  <ArrivalTime>09:25:00</ArrivalTime>
  <DepartureTime>09:25:00</DepartureTime>
</TimetabledPassingTime><TimetabledPassingTime version="any" id="chouette:TimetabledPassingTime:754e0bd8-204e-487d-8996-8f32760b707e-2:LOC">
  <StopPointInJourneyPatternRef ref="chouette:StopPointInJourneyPattern:a1040357-a99c-44fc-8fa4-1d46069d374b-02c4546b-4459-451d-b397-20aa16d25b5d:LOC"/>
  <ArrivalTime>09:30:00</ArrivalTime>
  <DepartureTime>09:30:00</DepartureTime>
</TimetabledPassingTime><TimetabledPassingTime version="any" id="chouette:TimetabledPassingTime:754e0bd8-204e-487d-8996-8f32760b707e-3:LOC">
  <StopPointInJourneyPatternRef ref="chouette:StopPointInJourneyPattern:c78d5e63-c8e2-4117-b788-4bf534a81f35-02c4546b-4459-451d-b397-20aa16d25b5d:LOC"/>
  <ArrivalTime>09:35:00</ArrivalTime>
  <DepartureTime>09:35:00</DepartureTime>
</TimetabledPassingTime><TimetabledPassingTime version="any" id="chouette:TimetabledPassingTime:754e0bd8-204e-487d-8996-8f32760b707e-4:LOC">
  <StopPointInJourneyPatternRef ref="chouette:StopPointInJourneyPattern:3efbc7c7-bca9-4446-917e-84b80c6f0f34-02c4546b-4459-451d-b397-20aa16d25b5d:LOC"/>
  <ArrivalTime>09:45:00</ArrivalTime>
  <DepartureTime>09:45:00</DepartureTime>
</TimetabledPassingTime><TimetabledPassingTime version="any" id="chouette:TimetabledPassingTime:754e0bd8-204e-487d-8996-8f32760b707e-5:LOC">
  <StopPointInJourneyPatternRef ref="chouette:StopPointInJourneyPattern:b02d207a-ccca-4557-89fa-9aca99ecd640-02c4546b-4459-451d-b397-20aa16d25b5d:LOC"/>
  <ArrivalTime>09:49:00</ArrivalTime>
  <DepartureTime>09:49:00</DepartureTime>
</TimetabledPassingTime><TimetabledPassingTime version="any" id="chouette:TimetabledPassingTime:754e0bd8-204e-487d-8996-8f32760b707e-6:LOC">
  <StopPointInJourneyPatternRef ref="chouette:StopPointInJourneyPattern:cd463bc1-a429-4476-b060-12fb771ba540-02c4546b-4459-451d-b397-20aa16d25b5d:LOC"/>
  <ArrivalTime>09:55:00</ArrivalTime>
  <DepartureTime>09:55:00</DepartureTime>
</TimetabledPassingTime><TimetabledPassingTime version="any" id="chouette:TimetabledPassingTime:754e0bd8-204e-487d-8996-8f32760b707e-7:LOC">
  <StopPointInJourneyPatternRef ref="chouette:StopPointInJourneyPattern:4a95bfbb-046a-42a7-8e41-b8c8c8c13075-02c4546b-4459-451d-b397-20aa16d25b5d:LOC"/>
  <ArrivalTime>09:58:00</ArrivalTime>
  <DepartureTime>09:58:00</DepartureTime>
</TimetabledPassingTime><TimetabledPassingTime version="any" id="chouette:TimetabledPassingTime:754e0bd8-204e-487d-8996-8f32760b707e-8:LOC">
  <StopPointInJourneyPatternRef ref="chouette:StopPointInJourneyPattern:bc3a9e99-3a64-495b-888e-03ba188de5c5-02c4546b-4459-451d-b397-20aa16d25b5d:LOC"/>
  <ArrivalTime>10:05:00</ArrivalTime>
  <DepartureTime>10:05:00</DepartureTime>
</TimetabledPassingTime><TimetabledPassingTime version="any" id="chouette:TimetabledPassingTime:754e0bd8-204e-487d-8996-8f32760b707e-9:LOC">
  <StopPointInJourneyPatternRef ref="chouette:StopPointInJourneyPattern:ef16544b-d575-4ea5-9492-56691dad5891-02c4546b-4459-451d-b397-20aa16d25b5d:LOC"/>
  <ArrivalTime>10:35:00</ArrivalTime>
  <DepartureTime>10:35:00</DepartureTime>
</TimetabledPassingTime><TimetabledPassingTime version="any" id="chouette:TimetabledPassingTime:754e0bd8-204e-487d-8996-8f32760b707e-10:LOC">
  <StopPointInJourneyPatternRef ref="chouette:StopPointInJourneyPattern:3adb8727-8f7e-4bd5-aae6-f1635cb6dbca-02c4546b-4459-451d-b397-20aa16d25b5d:LOC"/>
  <ArrivalTime>11:05:00</ArrivalTime>
  <DepartureTime>11:05:00</DepartureTime>
</TimetabledPassingTime>
  </passingTimes>
</ServiceJourney>
<ServiceJourney id="chouette:VehicleJourney:9b556b4f-06ae-4d51-910f-1cbace7cdcba:LOC" created="2025-03-24T08:02:49Z" changed="2025-03-24T08:03:25Z" version="any">
  <keyList>
    <KeyValue typeOfKey="ALTERNATE_IDENTIFIER">
      <Key>external</Key>
      <Value>6711|20190130|2</Value>
    </KeyValue>
  </keyList>
  <Name>6711|2</Name>
  <dayTypes>
    <DayTypeRef ref="chouette:TimeTable:7e7acf97-89b4-4f41-bb2e-0988dc9f4210:LOC"/>
  </dayTypes>
  <JourneyPatternRef ref="chouette:JourneyPattern:02c4546b-4459-451d-b397-20aa16d25b5d:LOC" version="any"/>
  <passingTimes>
    <TimetabledPassingTime version="any" id="chouette:TimetabledPassingTime:9b556b4f-06ae-4d51-910f-1cbace7cdcba-0:LOC">
  <StopPointInJourneyPatternRef ref="chouette:StopPointInJourneyPattern:5da1f976-4bee-49a5-8f8d-70664341ca53-02c4546b-4459-451d-b397-20aa16d25b5d:LOC"/>
  <ArrivalTime>05:30:00</ArrivalTime>
  <DepartureTime>05:30:00</DepartureTime>
</TimetabledPassingTime><TimetabledPassingTime version="any" id="chouette:TimetabledPassingTime:9b556b4f-06ae-4d51-910f-1cbace7cdcba-1:LOC">
  <StopPointInJourneyPatternRef ref="chouette:StopPointInJourneyPattern:9ef8841e-dcbf-4576-a16a-10992806dcc8-02c4546b-4459-451d-b397-20aa16d25b5d:LOC"/>
  <ArrivalTime>05:40:00</ArrivalTime>
  <DepartureTime>05:40:00</DepartureTime>
</TimetabledPassingTime><TimetabledPassingTime version="any" id="chouette:TimetabledPassingTime:9b556b4f-06ae-4d51-910f-1cbace7cdcba-2:LOC">
  <StopPointInJourneyPatternRef ref="chouette:StopPointInJourneyPattern:a1040357-a99c-44fc-8fa4-1d46069d374b-02c4546b-4459-451d-b397-20aa16d25b5d:LOC"/>
  <ArrivalTime>05:45:00</ArrivalTime>
  <DepartureTime>05:45:00</DepartureTime>
</TimetabledPassingTime><TimetabledPassingTime version="any" id="chouette:TimetabledPassingTime:9b556b4f-06ae-4d51-910f-1cbace7cdcba-3:LOC">
  <StopPointInJourneyPatternRef ref="chouette:StopPointInJourneyPattern:c78d5e63-c8e2-4117-b788-4bf534a81f35-02c4546b-4459-451d-b397-20aa16d25b5d:LOC"/>
  <ArrivalTime>05:50:00</ArrivalTime>
  <DepartureTime>05:50:00</DepartureTime>
</TimetabledPassingTime><TimetabledPassingTime version="any" id="chouette:TimetabledPassingTime:9b556b4f-06ae-4d51-910f-1cbace7cdcba-4:LOC">
  <StopPointInJourneyPatternRef ref="chouette:StopPointInJourneyPattern:3efbc7c7-bca9-4446-917e-84b80c6f0f34-02c4546b-4459-451d-b397-20aa16d25b5d:LOC"/>
  <ArrivalTime>05:55:00</ArrivalTime>
  <DepartureTime>05:55:00</DepartureTime>
</TimetabledPassingTime><TimetabledPassingTime version="any" id="chouette:TimetabledPassingTime:9b556b4f-06ae-4d51-910f-1cbace7cdcba-5:LOC">
  <StopPointInJourneyPatternRef ref="chouette:StopPointInJourneyPattern:b02d207a-ccca-4557-89fa-9aca99ecd640-02c4546b-4459-451d-b397-20aa16d25b5d:LOC"/>
  <ArrivalTime>05:59:00</ArrivalTime>
  <DepartureTime>05:59:00</DepartureTime>
</TimetabledPassingTime><TimetabledPassingTime version="any" id="chouette:TimetabledPassingTime:9b556b4f-06ae-4d51-910f-1cbace7cdcba-6:LOC">
  <StopPointInJourneyPatternRef ref="chouette:StopPointInJourneyPattern:cd463bc1-a429-4476-b060-12fb771ba540-02c4546b-4459-451d-b397-20aa16d25b5d:LOC"/>
  <ArrivalTime>06:05:00</ArrivalTime>
  <DepartureTime>06:05:00</DepartureTime>
</TimetabledPassingTime><TimetabledPassingTime version="any" id="chouette:TimetabledPassingTime:9b556b4f-06ae-4d51-910f-1cbace7cdcba-7:LOC">
  <StopPointInJourneyPatternRef ref="chouette:StopPointInJourneyPattern:4a95bfbb-046a-42a7-8e41-b8c8c8c13075-02c4546b-4459-451d-b397-20aa16d25b5d:LOC"/>
  <ArrivalTime>06:08:00</ArrivalTime>
  <DepartureTime>06:08:00</DepartureTime>
</TimetabledPassingTime><TimetabledPassingTime version="any" id="chouette:TimetabledPassingTime:9b556b4f-06ae-4d51-910f-1cbace7cdcba-8:LOC">
  <StopPointInJourneyPatternRef ref="chouette:StopPointInJourneyPattern:bc3a9e99-3a64-495b-888e-03ba188de5c5-02c4546b-4459-451d-b397-20aa16d25b5d:LOC"/>
  <ArrivalTime>06:15:00</ArrivalTime>
  <DepartureTime>06:15:00</DepartureTime>
</TimetabledPassingTime><TimetabledPassingTime version="any" id="chouette:TimetabledPassingTime:9b556b4f-06ae-4d51-910f-1cbace7cdcba-9:LOC">
  <StopPointInJourneyPatternRef ref="chouette:StopPointInJourneyPattern:ef16544b-d575-4ea5-9492-56691dad5891-02c4546b-4459-451d-b397-20aa16d25b5d:LOC"/>
  <ArrivalTime>06:50:00</ArrivalTime>
  <DepartureTime>06:50:00</DepartureTime>
</TimetabledPassingTime><TimetabledPassingTime version="any" id="chouette:TimetabledPassingTime:9b556b4f-06ae-4d51-910f-1cbace7cdcba-10:LOC">
  <StopPointInJourneyPatternRef ref="chouette:StopPointInJourneyPattern:3adb8727-8f7e-4bd5-aae6-f1635cb6dbca-02c4546b-4459-451d-b397-20aa16d25b5d:LOC"/>
  <ArrivalTime>07:25:00</ArrivalTime>
  <DepartureTime>07:25:00</DepartureTime>
</TimetabledPassingTime>
  </passingTimes>
</ServiceJourney>
<ServiceJourney id="chouette:VehicleJourney:9c641da3-04dc-4a4b-b530-d3adebe7e34c:LOC" created="2025-03-24T08:02:49Z" changed="2025-03-24T08:03:25Z" version="any">
  <keyList>
    <KeyValue typeOfKey="ALTERNATE_IDENTIFIER">
      <Key>external</Key>
      <Value>6711|20190130|9</Value>
    </KeyValue>
  </keyList>
  <Name>6711|9</Name>
  <dayTypes>
    <DayTypeRef ref="chouette:TimeTable:7e7acf97-89b4-4f41-bb2e-0988dc9f4210:LOC"/>
  </dayTypes>
  <JourneyPatternRef ref="chouette:JourneyPattern:02c4546b-4459-451d-b397-20aa16d25b5d:LOC" version="any"/>
  <passingTimes>
    <TimetabledPassingTime version="any" id="chouette:TimetabledPassingTime:9c641da3-04dc-4a4b-b530-d3adebe7e34c-0:LOC">
  <StopPointInJourneyPatternRef ref="chouette:StopPointInJourneyPattern:5da1f976-4bee-49a5-8f8d-70664341ca53-02c4546b-4459-451d-b397-20aa16d25b5d:LOC"/>
  <ArrivalTime>14:15:00</ArrivalTime>
  <DepartureTime>14:15:00</DepartureTime>
</TimetabledPassingTime><TimetabledPassingTime version="any" id="chouette:TimetabledPassingTime:9c641da3-04dc-4a4b-b530-d3adebe7e34c-1:LOC">
  <StopPointInJourneyPatternRef ref="chouette:StopPointInJourneyPattern:9ef8841e-dcbf-4576-a16a-10992806dcc8-02c4546b-4459-451d-b397-20aa16d25b5d:LOC"/>
  <ArrivalTime>14:25:00</ArrivalTime>
  <DepartureTime>14:25:00</DepartureTime>
</TimetabledPassingTime><TimetabledPassingTime version="any" id="chouette:TimetabledPassingTime:9c641da3-04dc-4a4b-b530-d3adebe7e34c-2:LOC">
  <StopPointInJourneyPatternRef ref="chouette:StopPointInJourneyPattern:a1040357-a99c-44fc-8fa4-1d46069d374b-02c4546b-4459-451d-b397-20aa16d25b5d:LOC"/>
  <ArrivalTime>14:30:00</ArrivalTime>
  <DepartureTime>14:30:00</DepartureTime>
</TimetabledPassingTime><TimetabledPassingTime version="any" id="chouette:TimetabledPassingTime:9c641da3-04dc-4a4b-b530-d3adebe7e34c-3:LOC">
  <StopPointInJourneyPatternRef ref="chouette:StopPointInJourneyPattern:c78d5e63-c8e2-4117-b788-4bf534a81f35-02c4546b-4459-451d-b397-20aa16d25b5d:LOC"/>
  <ArrivalTime>14:35:00</ArrivalTime>
  <DepartureTime>14:35:00</DepartureTime>
</TimetabledPassingTime><TimetabledPassingTime version="any" id="chouette:TimetabledPassingTime:9c641da3-04dc-4a4b-b530-d3adebe7e34c-4:LOC">
  <StopPointInJourneyPatternRef ref="chouette:StopPointInJourneyPattern:3efbc7c7-bca9-4446-917e-84b80c6f0f34-02c4546b-4459-451d-b397-20aa16d25b5d:LOC"/>
  <ArrivalTime>14:45:00</ArrivalTime>
  <DepartureTime>14:45:00</DepartureTime>
</TimetabledPassingTime><TimetabledPassingTime version="any" id="chouette:TimetabledPassingTime:9c641da3-04dc-4a4b-b530-d3adebe7e34c-5:LOC">
  <StopPointInJourneyPatternRef ref="chouette:StopPointInJourneyPattern:b02d207a-ccca-4557-89fa-9aca99ecd640-02c4546b-4459-451d-b397-20aa16d25b5d:LOC"/>
  <ArrivalTime>14:49:00</ArrivalTime>
  <DepartureTime>14:49:00</DepartureTime>
</TimetabledPassingTime><TimetabledPassingTime version="any" id="chouette:TimetabledPassingTime:9c641da3-04dc-4a4b-b530-d3adebe7e34c-6:LOC">
  <StopPointInJourneyPatternRef ref="chouette:StopPointInJourneyPattern:cd463bc1-a429-4476-b060-12fb771ba540-02c4546b-4459-451d-b397-20aa16d25b5d:LOC"/>
  <ArrivalTime>14:55:00</ArrivalTime>
  <DepartureTime>14:55:00</DepartureTime>
</TimetabledPassingTime><TimetabledPassingTime version="any" id="chouette:TimetabledPassingTime:9c641da3-04dc-4a4b-b530-d3adebe7e34c-7:LOC">
  <StopPointInJourneyPatternRef ref="chouette:StopPointInJourneyPattern:4a95bfbb-046a-42a7-8e41-b8c8c8c13075-02c4546b-4459-451d-b397-20aa16d25b5d:LOC"/>
  <ArrivalTime>14:58:00</ArrivalTime>
  <DepartureTime>14:58:00</DepartureTime>
</TimetabledPassingTime><TimetabledPassingTime version="any" id="chouette:TimetabledPassingTime:9c641da3-04dc-4a4b-b530-d3adebe7e34c-8:LOC">
  <StopPointInJourneyPatternRef ref="chouette:StopPointInJourneyPattern:bc3a9e99-3a64-495b-888e-03ba188de5c5-02c4546b-4459-451d-b397-20aa16d25b5d:LOC"/>
  <ArrivalTime>15:05:00</ArrivalTime>
  <DepartureTime>15:05:00</DepartureTime>
</TimetabledPassingTime><TimetabledPassingTime version="any" id="chouette:TimetabledPassingTime:9c641da3-04dc-4a4b-b530-d3adebe7e34c-9:LOC">
  <StopPointInJourneyPatternRef ref="chouette:StopPointInJourneyPattern:ef16544b-d575-4ea5-9492-56691dad5891-02c4546b-4459-451d-b397-20aa16d25b5d:LOC"/>
  <ArrivalTime>15:30:00</ArrivalTime>
  <DepartureTime>15:30:00</DepartureTime>
</TimetabledPassingTime><TimetabledPassingTime version="any" id="chouette:TimetabledPassingTime:9c641da3-04dc-4a4b-b530-d3adebe7e34c-10:LOC">
  <StopPointInJourneyPatternRef ref="chouette:StopPointInJourneyPattern:3adb8727-8f7e-4bd5-aae6-f1635cb6dbca-02c4546b-4459-451d-b397-20aa16d25b5d:LOC"/>
  <ArrivalTime>16:00:00</ArrivalTime>
  <DepartureTime>16:00:00</DepartureTime>
</TimetabledPassingTime>
  </passingTimes>
</ServiceJourney>
          </members>
        </GeneralFrame>
      </frames>
    </CompositeFrame>
  </dataObjects>
</PublicationDelivery>
