<?xml version="1.0" encoding="UTF-8"?>
<PublicationDelivery xmlns="http://www.netex.org.uk/netex" version="1.09:FR-NETEX-2.1-1.0">
  <PublicationTimestamp>2025-09-04T19:02:14Z</PublicationTimestamp>
  <ParticipantRef>enRoute</ParticipantRef>
  <dataObjects>
    <CompositeFrame id="FR:CompositeFrame:NETEX_LIGNE-chouette:Line:ff7cbc37-79d4-44e8-845e-654623612715:LOC:LOC" version="1.09:FR-NETEX-2.1-1.0">
      <TypeOfFrameRef ref="FR:TypeOfFrame:NETEX_LIGNE:"/>
      <frames>
        <GeneralFrame id="FR:GeneralFrame:NETEX_RESEAU-chouette:Line:ff7cbc37-79d4-44e8-845e-654623612715:LOC:LOC" version="1.09:FR-NETEX-2.1-1.0">
          <TypeOfFrameRef ref="FR:TypeOfFrame:NETEX_LIGNE_STRUCTURE:"/>
          <members>
            <Line id="chouette:Line:ff7cbc37-79d4-44e8-845e-654623612715:LOC" created="2023-01-12T14:15:51Z" changed="2024-01-22T13:10:31Z" version="any">
  <keyList>
    <KeyValue typeOfKey="ALTERNATE_IDENTIFIER">
      <Key>external</Key>
      <Value>90</Value>
    </KeyValue>
  </keyList>
  <Name>90 _ ST RAPHAEL - NICE</Name>
  <TransportMode>bus</TransportMode>
  <PublicCode>90</PublicCode>
  <OperatorRef ref="chouette:Company:dadcba96-0a68-4b70-b743-3781e5c7d5f1:LOC"/>
  <Presentation>
    <Colour>3dabde</Colour>
    <TextColour>ffffff</TextColour>
  </Presentation>
</Line>
            <Route id="chouette:Route:2c2300e2-f9c3-4b7a-8d36-d40c376cb36e:LOC" created="2023-11-02T12:43:04Z" changed="2023-11-02T12:43:04Z" version="any">
  <Name>Outbound</Name>
  <LineRef ref="chouette:Line:ff7cbc37-79d4-44e8-845e-654623612715:LOC" version="any"/>
  <DirectionType>outbound</DirectionType>
  <pointsInSequence>
    <PointOnRoute id="chouette:PointOnRoute:1faec67f-64d0-434d-b2bc-3797adf4b113:LOC" version="any" order="1">
      <RoutePointRef ref="chouette:RoutePoint:1faec67f-64d0-434d-b2bc-3797adf4b113:LOC" version="any"/>
    </PointOnRoute>
    <PointOnRoute id="chouette:PointOnRoute:d73b1e70-7005-43be-9f64-63af22f92ebc:LOC" version="any" order="2">
      <RoutePointRef ref="chouette:RoutePoint:d73b1e70-7005-43be-9f64-63af22f92ebc:LOC" version="any"/>
    </PointOnRoute>
    <PointOnRoute id="chouette:PointOnRoute:7d378069-1e87-4a7d-8516-a90be6873356:LOC" version="any" order="3">
      <RoutePointRef ref="chouette:RoutePoint:7d378069-1e87-4a7d-8516-a90be6873356:LOC" version="any"/>
    </PointOnRoute>
    <PointOnRoute id="chouette:PointOnRoute:1d4fee1a-205d-4d41-93a4-582135ea2d09:LOC" version="any" order="4">
      <RoutePointRef ref="chouette:RoutePoint:1d4fee1a-205d-4d41-93a4-582135ea2d09:LOC" version="any"/>
    </PointOnRoute>
    <PointOnRoute id="chouette:PointOnRoute:6bf50709-02d6-4213-b95b-879c6f20980a:LOC" version="any" order="5">
      <RoutePointRef ref="chouette:RoutePoint:6bf50709-02d6-4213-b95b-879c6f20980a:LOC" version="any"/>
    </PointOnRoute>
  </pointsInSequence>
</Route>
<Route id="chouette:Route:70f05493-fcc6-4baa-8b38-af20a0566b14:LOC" created="2023-11-02T12:43:04Z" changed="2023-11-02T12:43:04Z" version="any">
  <Name>Inbound</Name>
  <LineRef ref="chouette:Line:ff7cbc37-79d4-44e8-845e-654623612715:LOC" version="any"/>
  <DirectionType>inbound</DirectionType>
  <pointsInSequence>
    <PointOnRoute id="chouette:PointOnRoute:4623a1c4-bf3c-4dcc-ad6b-fca7e0b38682:LOC" version="any" order="1">
      <RoutePointRef ref="chouette:RoutePoint:4623a1c4-bf3c-4dcc-ad6b-fca7e0b38682:LOC" version="any"/>
    </PointOnRoute>
    <PointOnRoute id="chouette:PointOnRoute:6fa1afa3-7d7a-4012-9207-fa506ce18e70:LOC" version="any" order="2">
      <RoutePointRef ref="chouette:RoutePoint:6fa1afa3-7d7a-4012-9207-fa506ce18e70:LOC" version="any"/>
    </PointOnRoute>
    <PointOnRoute id="chouette:PointOnRoute:441377fa-7892-4f82-8431-6d015f8bf3b8:LOC" version="any" order="3">
      <RoutePointRef ref="chouette:RoutePoint:441377fa-7892-4f82-8431-6d015f8bf3b8:LOC" version="any"/>
    </PointOnRoute>
    <PointOnRoute id="chouette:PointOnRoute:0a93d22a-342f-45da-93c0-c6f1edf352a5:LOC" version="any" order="4">
      <RoutePointRef ref="chouette:RoutePoint:0a93d22a-342f-45da-93c0-c6f1edf352a5:LOC" version="any"/>
    </PointOnRoute>
    <PointOnRoute id="chouette:PointOnRoute:6709e784-c379-47b0-9c8d-ca30a9d62326:LOC" version="any" order="5">
      <RoutePointRef ref="chouette:RoutePoint:6709e784-c379-47b0-9c8d-ca30a9d62326:LOC" version="any"/>
    </PointOnRoute>
  </pointsInSequence>
</Route>
            <RoutePoint id="chouette:RoutePoint:1faec67f-64d0-434d-b2bc-3797adf4b113:LOC" version="any">
  <projections>
    <PointProjection id="chouette:PointProjection:1faec67f-64d0-434d-b2bc-3797adf4b113:LOC" version="any">
      <ProjectToPointRef ref="chouette:ScheduledStopPoint:1faec67f-64d0-434d-b2bc-3797adf4b113:LOC" version="any"/>
    </PointProjection>
  </projections>
</RoutePoint>
<RoutePoint id="chouette:RoutePoint:441377fa-7892-4f82-8431-6d015f8bf3b8:LOC" version="any">
  <projections>
    <PointProjection id="chouette:PointProjection:441377fa-7892-4f82-8431-6d015f8bf3b8:LOC" version="any">
      <ProjectToPointRef ref="chouette:ScheduledStopPoint:441377fa-7892-4f82-8431-6d015f8bf3b8:LOC" version="any"/>
    </PointProjection>
  </projections>
</RoutePoint>
<RoutePoint id="chouette:RoutePoint:6bf50709-02d6-4213-b95b-879c6f20980a:LOC" version="any">
  <projections>
    <PointProjection id="chouette:PointProjection:6bf50709-02d6-4213-b95b-879c6f20980a:LOC" version="any">
      <ProjectToPointRef ref="chouette:ScheduledStopPoint:6bf50709-02d6-4213-b95b-879c6f20980a:LOC" version="any"/>
    </PointProjection>
  </projections>
</RoutePoint>
<RoutePoint id="chouette:RoutePoint:6fa1afa3-7d7a-4012-9207-fa506ce18e70:LOC" version="any">
  <projections>
    <PointProjection id="chouette:PointProjection:6fa1afa3-7d7a-4012-9207-fa506ce18e70:LOC" version="any">
      <ProjectToPointRef ref="chouette:ScheduledStopPoint:6fa1afa3-7d7a-4012-9207-fa506ce18e70:LOC" version="any"/>
    </PointProjection>
  </projections>
</RoutePoint>
<RoutePoint id="chouette:RoutePoint:7d378069-1e87-4a7d-8516-a90be6873356:LOC" version="any">
  <projections>
    <PointProjection id="chouette:PointProjection:7d378069-1e87-4a7d-8516-a90be6873356:LOC" version="any">
      <ProjectToPointRef ref="chouette:ScheduledStopPoint:7d378069-1e87-4a7d-8516-a90be6873356:LOC" version="any"/>
    </PointProjection>
  </projections>
</RoutePoint>
<RoutePoint id="chouette:RoutePoint:6709e784-c379-47b0-9c8d-ca30a9d62326:LOC" version="any">
  <projections>
    <PointProjection id="chouette:PointProjection:6709e784-c379-47b0-9c8d-ca30a9d62326:LOC" version="any">
      <ProjectToPointRef ref="chouette:ScheduledStopPoint:6709e784-c379-47b0-9c8d-ca30a9d62326:LOC" version="any"/>
    </PointProjection>
  </projections>
</RoutePoint>
<RoutePoint id="chouette:RoutePoint:0a93d22a-342f-45da-93c0-c6f1edf352a5:LOC" version="any">
  <projections>
    <PointProjection id="chouette:PointProjection:0a93d22a-342f-45da-93c0-c6f1edf352a5:LOC" version="any">
      <ProjectToPointRef ref="chouette:ScheduledStopPoint:0a93d22a-342f-45da-93c0-c6f1edf352a5:LOC" version="any"/>
    </PointProjection>
  </projections>
</RoutePoint>
<RoutePoint id="chouette:RoutePoint:4623a1c4-bf3c-4dcc-ad6b-fca7e0b38682:LOC" version="any">
  <projections>
    <PointProjection id="chouette:PointProjection:4623a1c4-bf3c-4dcc-ad6b-fca7e0b38682:LOC" version="any">
      <ProjectToPointRef ref="chouette:ScheduledStopPoint:4623a1c4-bf3c-4dcc-ad6b-fca7e0b38682:LOC" version="any"/>
    </PointProjection>
  </projections>
</RoutePoint>
<RoutePoint id="chouette:RoutePoint:d73b1e70-7005-43be-9f64-63af22f92ebc:LOC" version="any">
  <projections>
    <PointProjection id="chouette:PointProjection:d73b1e70-7005-43be-9f64-63af22f92ebc:LOC" version="any">
      <ProjectToPointRef ref="chouette:ScheduledStopPoint:d73b1e70-7005-43be-9f64-63af22f92ebc:LOC" version="any"/>
    </PointProjection>
  </projections>
</RoutePoint>
<RoutePoint id="chouette:RoutePoint:1d4fee1a-205d-4d41-93a4-582135ea2d09:LOC" version="any">
  <projections>
    <PointProjection id="chouette:PointProjection:1d4fee1a-205d-4d41-93a4-582135ea2d09:LOC" version="any">
      <ProjectToPointRef ref="chouette:ScheduledStopPoint:1d4fee1a-205d-4d41-93a4-582135ea2d09:LOC" version="any"/>
    </PointProjection>
  </projections>
</RoutePoint>
            <ServiceJourneyPattern id="chouette:JourneyPattern:e2ac2bfe-2621-488f-b86d-74c8b1623113:LOC" created="2023-11-02T12:43:04Z" changed="2023-11-02T12:43:04Z" version="any">
  <Name>Outbound</Name>
  <RouteRef ref="chouette:Route:2c2300e2-f9c3-4b7a-8d36-d40c376cb36e:LOC" version="any"/>
  <pointsInSequence>
    <StopPointInJourneyPattern id="chouette:StopPointInJourneyPattern:1faec67f-64d0-434d-b2bc-3797adf4b113-e2ac2bfe-2621-488f-b86d-74c8b1623113:LOC" version="any" order="1">
      <ScheduledStopPointRef ref="chouette:ScheduledStopPoint:1faec67f-64d0-434d-b2bc-3797adf4b113:LOC" version="any"/>
      <ForAlighting>true</ForAlighting>
      <ForBoarding>true</ForBoarding>
    </StopPointInJourneyPattern>
    <StopPointInJourneyPattern id="chouette:StopPointInJourneyPattern:d73b1e70-7005-43be-9f64-63af22f92ebc-e2ac2bfe-2621-488f-b86d-74c8b1623113:LOC" version="any" order="2">
      <ScheduledStopPointRef ref="chouette:ScheduledStopPoint:d73b1e70-7005-43be-9f64-63af22f92ebc:LOC" version="any"/>
      <ForAlighting>true</ForAlighting>
      <ForBoarding>true</ForBoarding>
    </StopPointInJourneyPattern>
    <StopPointInJourneyPattern id="chouette:StopPointInJourneyPattern:7d378069-1e87-4a7d-8516-a90be6873356-e2ac2bfe-2621-488f-b86d-74c8b1623113:LOC" version="any" order="3">
      <ScheduledStopPointRef ref="chouette:ScheduledStopPoint:7d378069-1e87-4a7d-8516-a90be6873356:LOC" version="any"/>
      <ForAlighting>true</ForAlighting>
      <ForBoarding>true</ForBoarding>
    </StopPointInJourneyPattern>
    <StopPointInJourneyPattern id="chouette:StopPointInJourneyPattern:1d4fee1a-205d-4d41-93a4-582135ea2d09-e2ac2bfe-2621-488f-b86d-74c8b1623113:LOC" version="any" order="4">
      <ScheduledStopPointRef ref="chouette:ScheduledStopPoint:1d4fee1a-205d-4d41-93a4-582135ea2d09:LOC" version="any"/>
      <ForAlighting>true</ForAlighting>
      <ForBoarding>true</ForBoarding>
    </StopPointInJourneyPattern>
    <StopPointInJourneyPattern id="chouette:StopPointInJourneyPattern:6bf50709-02d6-4213-b95b-879c6f20980a-e2ac2bfe-2621-488f-b86d-74c8b1623113:LOC" version="any" order="5">
      <ScheduledStopPointRef ref="chouette:ScheduledStopPoint:6bf50709-02d6-4213-b95b-879c6f20980a:LOC" version="any"/>
      <ForAlighting>true</ForAlighting>
      <ForBoarding>true</ForBoarding>
    </StopPointInJourneyPattern>
  </pointsInSequence>
</ServiceJourneyPattern>
<ServiceJourneyPattern id="chouette:JourneyPattern:02d67377-6457-43d1-8fea-ab015850d055:LOC" created="2023-11-02T12:43:04Z" changed="2023-11-02T12:43:04Z" version="any">
  <Name>Inbound</Name>
  <RouteRef ref="chouette:Route:70f05493-fcc6-4baa-8b38-af20a0566b14:LOC" version="any"/>
  <pointsInSequence>
    <StopPointInJourneyPattern id="chouette:StopPointInJourneyPattern:4623a1c4-bf3c-4dcc-ad6b-fca7e0b38682-02d67377-6457-43d1-8fea-ab015850d055:LOC" version="any" order="1">
      <ScheduledStopPointRef ref="chouette:ScheduledStopPoint:4623a1c4-bf3c-4dcc-ad6b-fca7e0b38682:LOC" version="any"/>
      <ForAlighting>true</ForAlighting>
      <ForBoarding>true</ForBoarding>
    </StopPointInJourneyPattern>
    <StopPointInJourneyPattern id="chouette:StopPointInJourneyPattern:6fa1afa3-7d7a-4012-9207-fa506ce18e70-02d67377-6457-43d1-8fea-ab015850d055:LOC" version="any" order="2">
      <ScheduledStopPointRef ref="chouette:ScheduledStopPoint:6fa1afa3-7d7a-4012-9207-fa506ce18e70:LOC" version="any"/>
      <ForAlighting>true</ForAlighting>
      <ForBoarding>true</ForBoarding>
    </StopPointInJourneyPattern>
    <StopPointInJourneyPattern id="chouette:StopPointInJourneyPattern:441377fa-7892-4f82-8431-6d015f8bf3b8-02d67377-6457-43d1-8fea-ab015850d055:LOC" version="any" order="3">
      <ScheduledStopPointRef ref="chouette:ScheduledStopPoint:441377fa-7892-4f82-8431-6d015f8bf3b8:LOC" version="any"/>
      <ForAlighting>true</ForAlighting>
      <ForBoarding>true</ForBoarding>
    </StopPointInJourneyPattern>
    <StopPointInJourneyPattern id="chouette:StopPointInJourneyPattern:0a93d22a-342f-45da-93c0-c6f1edf352a5-02d67377-6457-43d1-8fea-ab015850d055:LOC" version="any" order="4">
      <ScheduledStopPointRef ref="chouette:ScheduledStopPoint:0a93d22a-342f-45da-93c0-c6f1edf352a5:LOC" version="any"/>
      <ForAlighting>true</ForAlighting>
      <ForBoarding>true</ForBoarding>
    </StopPointInJourneyPattern>
    <StopPointInJourneyPattern id="chouette:StopPointInJourneyPattern:6709e784-c379-47b0-9c8d-ca30a9d62326-02d67377-6457-43d1-8fea-ab015850d055:LOC" version="any" order="5">
      <ScheduledStopPointRef ref="chouette:ScheduledStopPoint:6709e784-c379-47b0-9c8d-ca30a9d62326:LOC" version="any"/>
      <ForAlighting>true</ForAlighting>
      <ForBoarding>true</ForBoarding>
    </StopPointInJourneyPattern>
  </pointsInSequence>
</ServiceJourneyPattern>
            <ScheduledStopPoint id="chouette:ScheduledStopPoint:1faec67f-64d0-434d-b2bc-3797adf4b113:LOC" version="any"/>
<ScheduledStopPoint id="chouette:ScheduledStopPoint:441377fa-7892-4f82-8431-6d015f8bf3b8:LOC" version="any"/>
<ScheduledStopPoint id="chouette:ScheduledStopPoint:6bf50709-02d6-4213-b95b-879c6f20980a:LOC" version="any"/>
<ScheduledStopPoint id="chouette:ScheduledStopPoint:6fa1afa3-7d7a-4012-9207-fa506ce18e70:LOC" version="any"/>
<ScheduledStopPoint id="chouette:ScheduledStopPoint:7d378069-1e87-4a7d-8516-a90be6873356:LOC" version="any"/>
<ScheduledStopPoint id="chouette:ScheduledStopPoint:6709e784-c379-47b0-9c8d-ca30a9d62326:LOC" version="any"/>
<ScheduledStopPoint id="chouette:ScheduledStopPoint:0a93d22a-342f-45da-93c0-c6f1edf352a5:LOC" version="any"/>
<ScheduledStopPoint id="chouette:ScheduledStopPoint:4623a1c4-bf3c-4dcc-ad6b-fca7e0b38682:LOC" version="any"/>
<ScheduledStopPoint id="chouette:ScheduledStopPoint:d73b1e70-7005-43be-9f64-63af22f92ebc:LOC" version="any"/>
<ScheduledStopPoint id="chouette:ScheduledStopPoint:1d4fee1a-205d-4d41-93a4-582135ea2d09:LOC" version="any"/>
            <PassengerStopAssignment id="chouette:PassengerStopAssignment:1faec67f-64d0-434d-b2bc-3797adf4b113:LOC" version="any" order="1">
  <ScheduledStopPointRef ref="chouette:ScheduledStopPoint:1faec67f-64d0-434d-b2bc-3797adf4b113:LOC" version="any"/>
  <QuayRef ref="chouette:StopArea:aadc67ee-7904-4f4f-a57e-e0566f827ac5:LOC"/>
</PassengerStopAssignment>
<PassengerStopAssignment id="chouette:PassengerStopAssignment:441377fa-7892-4f82-8431-6d015f8bf3b8:LOC" version="any" order="1">
  <ScheduledStopPointRef ref="chouette:ScheduledStopPoint:441377fa-7892-4f82-8431-6d015f8bf3b8:LOC" version="any"/>
  <QuayRef ref="chouette:StopArea:c80f2cfd-3422-494e-a7a6-98df026c19d3:LOC"/>
</PassengerStopAssignment>
<PassengerStopAssignment id="chouette:PassengerStopAssignment:6bf50709-02d6-4213-b95b-879c6f20980a:LOC" version="any" order="1">
  <ScheduledStopPointRef ref="chouette:ScheduledStopPoint:6bf50709-02d6-4213-b95b-879c6f20980a:LOC" version="any"/>
  <QuayRef ref="chouette:StopArea:a1876326-c7cb-4752-baba-4a2af3b056e1:LOC"/>
</PassengerStopAssignment>
<PassengerStopAssignment id="chouette:PassengerStopAssignment:6fa1afa3-7d7a-4012-9207-fa506ce18e70:LOC" version="any" order="1">
  <ScheduledStopPointRef ref="chouette:ScheduledStopPoint:6fa1afa3-7d7a-4012-9207-fa506ce18e70:LOC" version="any"/>
  <QuayRef ref="chouette:StopArea:300e38f6-0cc4-4b91-885d-d85b2e91d2cd:LOC"/>
</PassengerStopAssignment>
<PassengerStopAssignment id="chouette:PassengerStopAssignment:7d378069-1e87-4a7d-8516-a90be6873356:LOC" version="any" order="1">
  <ScheduledStopPointRef ref="chouette:ScheduledStopPoint:7d378069-1e87-4a7d-8516-a90be6873356:LOC" version="any"/>
  <QuayRef ref="chouette:StopArea:c80f2cfd-3422-494e-a7a6-98df026c19d3:LOC"/>
</PassengerStopAssignment>
<PassengerStopAssignment id="chouette:PassengerStopAssignment:6709e784-c379-47b0-9c8d-ca30a9d62326:LOC" version="any" order="1">
  <ScheduledStopPointRef ref="chouette:ScheduledStopPoint:6709e784-c379-47b0-9c8d-ca30a9d62326:LOC" version="any"/>
  <QuayRef ref="chouette:StopArea:aadc67ee-7904-4f4f-a57e-e0566f827ac5:LOC"/>
</PassengerStopAssignment>
<PassengerStopAssignment id="chouette:PassengerStopAssignment:0a93d22a-342f-45da-93c0-c6f1edf352a5:LOC" version="any" order="1">
  <ScheduledStopPointRef ref="chouette:ScheduledStopPoint:0a93d22a-342f-45da-93c0-c6f1edf352a5:LOC" version="any"/>
  <QuayRef ref="chouette:StopArea:2d46877a-b539-4f67-a185-41433089850d:LOC"/>
</PassengerStopAssignment>
<PassengerStopAssignment id="chouette:PassengerStopAssignment:4623a1c4-bf3c-4dcc-ad6b-fca7e0b38682:LOC" version="any" order="1">
  <ScheduledStopPointRef ref="chouette:ScheduledStopPoint:4623a1c4-bf3c-4dcc-ad6b-fca7e0b38682:LOC" version="any"/>
  <QuayRef ref="chouette:StopArea:a1876326-c7cb-4752-baba-4a2af3b056e1:LOC"/>
</PassengerStopAssignment>
<PassengerStopAssignment id="chouette:PassengerStopAssignment:d73b1e70-7005-43be-9f64-63af22f92ebc:LOC" version="any" order="1">
  <ScheduledStopPointRef ref="chouette:ScheduledStopPoint:d73b1e70-7005-43be-9f64-63af22f92ebc:LOC" version="any"/>
  <QuayRef ref="chouette:StopArea:2d46877a-b539-4f67-a185-41433089850d:LOC"/>
</PassengerStopAssignment>
<PassengerStopAssignment id="chouette:PassengerStopAssignment:1d4fee1a-205d-4d41-93a4-582135ea2d09:LOC" version="any" order="1">
  <ScheduledStopPointRef ref="chouette:ScheduledStopPoint:1d4fee1a-205d-4d41-93a4-582135ea2d09:LOC" version="any"/>
  <QuayRef ref="chouette:StopArea:300e38f6-0cc4-4b91-885d-d85b2e91d2cd:LOC"/>
</PassengerStopAssignment>
          </members>
        </GeneralFrame>
        <GeneralFrame id="FR:GeneralFrame:NETEX_HORAIRE-chouette:Line:ff7cbc37-79d4-44e8-845e-654623612715:LOC:LOC" version="1.09:FR-NETEX-2.1-1.0">
          <TypeOfFrameRef ref="FR:TypeOfFrame:NETEX_HORAIRE:"/>
          <members>
            <ServiceJourney id="chouette:VehicleJourney:748ba6ea-dc9d-4806-9ccc-00e96aa125db:LOC" created="2024-05-21T20:51:59Z" changed="2024-05-21T20:54:44Z" version="any">
  <keyList>
    <KeyValue typeOfKey="ALTERNATE_IDENTIFIER">
      <Key>external</Key>
      <Value>90A1|20170901|8</Value>
    </KeyValue>
  </keyList>
  <Name>90A1|8</Name>
  <dayTypes>
    <DayTypeRef ref="chouette:TimeTable:4757721c-2983-4627-9ebb-026444b7631e:LOC"/>
  </dayTypes>
  <JourneyPatternRef ref="chouette:JourneyPattern:e2ac2bfe-2621-488f-b86d-74c8b1623113:LOC" version="any"/>
  <passingTimes>
    <TimetabledPassingTime version="any" id="chouette:TimetabledPassingTime:748ba6ea-dc9d-4806-9ccc-00e96aa125db-0:LOC">
  <StopPointInJourneyPatternRef ref="chouette:StopPointInJourneyPattern:1faec67f-64d0-434d-b2bc-3797adf4b113-e2ac2bfe-2621-488f-b86d-74c8b1623113:LOC"/>
  <ArrivalTime>19:30:00</ArrivalTime>
  <DepartureTime>19:30:00</DepartureTime>
</TimetabledPassingTime><TimetabledPassingTime version="any" id="chouette:TimetabledPassingTime:748ba6ea-dc9d-4806-9ccc-00e96aa125db-1:LOC">
  <StopPointInJourneyPatternRef ref="chouette:StopPointInJourneyPattern:d73b1e70-7005-43be-9f64-63af22f92ebc-e2ac2bfe-2621-488f-b86d-74c8b1623113:LOC"/>
  <ArrivalTime>19:45:00</ArrivalTime>
  <DepartureTime>19:45:00</DepartureTime>
</TimetabledPassingTime><TimetabledPassingTime version="any" id="chouette:TimetabledPassingTime:748ba6ea-dc9d-4806-9ccc-00e96aa125db-2:LOC">
  <StopPointInJourneyPatternRef ref="chouette:StopPointInJourneyPattern:7d378069-1e87-4a7d-8516-a90be6873356-e2ac2bfe-2621-488f-b86d-74c8b1623113:LOC"/>
  <ArrivalTime>20:00:00</ArrivalTime>
  <DepartureTime>20:00:00</DepartureTime>
</TimetabledPassingTime><TimetabledPassingTime version="any" id="chouette:TimetabledPassingTime:748ba6ea-dc9d-4806-9ccc-00e96aa125db-3:LOC">
  <StopPointInJourneyPatternRef ref="chouette:StopPointInJourneyPattern:1d4fee1a-205d-4d41-93a4-582135ea2d09-e2ac2bfe-2621-488f-b86d-74c8b1623113:LOC"/>
  <ArrivalTime>20:10:00</ArrivalTime>
  <DepartureTime>20:10:00</DepartureTime>
</TimetabledPassingTime><TimetabledPassingTime version="any" id="chouette:TimetabledPassingTime:748ba6ea-dc9d-4806-9ccc-00e96aa125db-4:LOC">
  <StopPointInJourneyPatternRef ref="chouette:StopPointInJourneyPattern:6bf50709-02d6-4213-b95b-879c6f20980a-e2ac2bfe-2621-488f-b86d-74c8b1623113:LOC"/>
  <ArrivalTime>20:45:00</ArrivalTime>
  <DepartureTime>20:45:00</DepartureTime>
</TimetabledPassingTime>
  </passingTimes>
</ServiceJourney>
<ServiceJourney id="chouette:VehicleJourney:f5a2270f-5839-4729-b4d8-2223504813cc:LOC" created="2024-05-21T20:51:59Z" changed="2024-05-21T20:54:44Z" version="any">
  <keyList>
    <KeyValue typeOfKey="ALTERNATE_IDENTIFIER">
      <Key>external</Key>
      <Value>90A1|20170901|1</Value>
    </KeyValue>
  </keyList>
  <Name>90A1|1</Name>
  <dayTypes>
    <DayTypeRef ref="chouette:TimeTable:4757721c-2983-4627-9ebb-026444b7631e:LOC"/>
  </dayTypes>
  <JourneyPatternRef ref="chouette:JourneyPattern:e2ac2bfe-2621-488f-b86d-74c8b1623113:LOC" version="any"/>
  <passingTimes>
    <TimetabledPassingTime version="any" id="chouette:TimetabledPassingTime:f5a2270f-5839-4729-b4d8-2223504813cc-0:LOC">
  <StopPointInJourneyPatternRef ref="chouette:StopPointInJourneyPattern:1faec67f-64d0-434d-b2bc-3797adf4b113-e2ac2bfe-2621-488f-b86d-74c8b1623113:LOC"/>
  <ArrivalTime>11:00:00</ArrivalTime>
  <DepartureTime>11:00:00</DepartureTime>
</TimetabledPassingTime><TimetabledPassingTime version="any" id="chouette:TimetabledPassingTime:f5a2270f-5839-4729-b4d8-2223504813cc-1:LOC">
  <StopPointInJourneyPatternRef ref="chouette:StopPointInJourneyPattern:d73b1e70-7005-43be-9f64-63af22f92ebc-e2ac2bfe-2621-488f-b86d-74c8b1623113:LOC"/>
  <ArrivalTime>11:15:00</ArrivalTime>
  <DepartureTime>11:15:00</DepartureTime>
</TimetabledPassingTime><TimetabledPassingTime version="any" id="chouette:TimetabledPassingTime:f5a2270f-5839-4729-b4d8-2223504813cc-2:LOC">
  <StopPointInJourneyPatternRef ref="chouette:StopPointInJourneyPattern:7d378069-1e87-4a7d-8516-a90be6873356-e2ac2bfe-2621-488f-b86d-74c8b1623113:LOC"/>
  <ArrivalTime>11:30:00</ArrivalTime>
  <DepartureTime>11:30:00</DepartureTime>
</TimetabledPassingTime><TimetabledPassingTime version="any" id="chouette:TimetabledPassingTime:f5a2270f-5839-4729-b4d8-2223504813cc-3:LOC">
  <StopPointInJourneyPatternRef ref="chouette:StopPointInJourneyPattern:1d4fee1a-205d-4d41-93a4-582135ea2d09-e2ac2bfe-2621-488f-b86d-74c8b1623113:LOC"/>
  <ArrivalTime>11:40:00</ArrivalTime>
  <DepartureTime>11:40:00</DepartureTime>
</TimetabledPassingTime><TimetabledPassingTime version="any" id="chouette:TimetabledPassingTime:f5a2270f-5839-4729-b4d8-2223504813cc-4:LOC">
  <StopPointInJourneyPatternRef ref="chouette:StopPointInJourneyPattern:6bf50709-02d6-4213-b95b-879c6f20980a-e2ac2bfe-2621-488f-b86d-74c8b1623113:LOC"/>
  <ArrivalTime>12:15:00</ArrivalTime>
  <DepartureTime>12:15:00</DepartureTime>
</TimetabledPassingTime>
  </passingTimes>
</ServiceJourney>
<ServiceJourney id="chouette:VehicleJourney:71dd74c9-a852-4fda-ac28-09d79d075377:LOC" created="2024-05-21T20:51:59Z" changed="2024-05-21T20:54:44Z" version="any">
  <keyList>
    <KeyValue typeOfKey="ALTERNATE_IDENTIFIER">
      <Key>external</Key>
      <Value>90A1|20170901|2</Value>
    </KeyValue>
  </keyList>
  <Name>90A1|2</Name>
  <dayTypes>
    <DayTypeRef ref="chouette:TimeTable:4757721c-2983-4627-9ebb-026444b7631e:LOC"/>
  </dayTypes>
  <JourneyPatternRef ref="chouette:JourneyPattern:e2ac2bfe-2621-488f-b86d-74c8b1623113:LOC" version="any"/>
  <passingTimes>
    <TimetabledPassingTime version="any" id="chouette:TimetabledPassingTime:71dd74c9-a852-4fda-ac28-09d79d075377-0:LOC">
  <StopPointInJourneyPatternRef ref="chouette:StopPointInJourneyPattern:1faec67f-64d0-434d-b2bc-3797adf4b113-e2ac2bfe-2621-488f-b86d-74c8b1623113:LOC"/>
  <ArrivalTime>14:10:00</ArrivalTime>
  <DepartureTime>14:10:00</DepartureTime>
</TimetabledPassingTime><TimetabledPassingTime version="any" id="chouette:TimetabledPassingTime:71dd74c9-a852-4fda-ac28-09d79d075377-1:LOC">
  <StopPointInJourneyPatternRef ref="chouette:StopPointInJourneyPattern:d73b1e70-7005-43be-9f64-63af22f92ebc-e2ac2bfe-2621-488f-b86d-74c8b1623113:LOC"/>
  <ArrivalTime>14:25:00</ArrivalTime>
  <DepartureTime>14:25:00</DepartureTime>
</TimetabledPassingTime><TimetabledPassingTime version="any" id="chouette:TimetabledPassingTime:71dd74c9-a852-4fda-ac28-09d79d075377-2:LOC">
  <StopPointInJourneyPatternRef ref="chouette:StopPointInJourneyPattern:7d378069-1e87-4a7d-8516-a90be6873356-e2ac2bfe-2621-488f-b86d-74c8b1623113:LOC"/>
  <ArrivalTime>14:40:00</ArrivalTime>
  <DepartureTime>14:40:00</DepartureTime>
</TimetabledPassingTime><TimetabledPassingTime version="any" id="chouette:TimetabledPassingTime:71dd74c9-a852-4fda-ac28-09d79d075377-3:LOC">
  <StopPointInJourneyPatternRef ref="chouette:StopPointInJourneyPattern:1d4fee1a-205d-4d41-93a4-582135ea2d09-e2ac2bfe-2621-488f-b86d-74c8b1623113:LOC"/>
  <ArrivalTime>14:50:00</ArrivalTime>
  <DepartureTime>14:50:00</DepartureTime>
</TimetabledPassingTime><TimetabledPassingTime version="any" id="chouette:TimetabledPassingTime:71dd74c9-a852-4fda-ac28-09d79d075377-4:LOC">
  <StopPointInJourneyPatternRef ref="chouette:StopPointInJourneyPattern:6bf50709-02d6-4213-b95b-879c6f20980a-e2ac2bfe-2621-488f-b86d-74c8b1623113:LOC"/>
  <ArrivalTime>15:25:00</ArrivalTime>
  <DepartureTime>15:25:00</DepartureTime>
</TimetabledPassingTime>
  </passingTimes>
</ServiceJourney>
<ServiceJourney id="chouette:VehicleJourney:abf5ac0a-0502-40a5-be89-44e016b4a32c:LOC" created="2024-05-21T20:51:59Z" changed="2024-05-21T20:54:44Z" version="any">
  <keyList>
    <KeyValue typeOfKey="ALTERNATE_IDENTIFIER">
      <Key>external</Key>
      <Value>90A1|20170901|6</Value>
    </KeyValue>
  </keyList>
  <Name>90A1|6</Name>
  <dayTypes>
    <DayTypeRef ref="chouette:TimeTable:4757721c-2983-4627-9ebb-026444b7631e:LOC"/>
  </dayTypes>
  <JourneyPatternRef ref="chouette:JourneyPattern:e2ac2bfe-2621-488f-b86d-74c8b1623113:LOC" version="any"/>
  <passingTimes>
    <TimetabledPassingTime version="any" id="chouette:TimetabledPassingTime:abf5ac0a-0502-40a5-be89-44e016b4a32c-0:LOC">
  <StopPointInJourneyPatternRef ref="chouette:StopPointInJourneyPattern:1faec67f-64d0-434d-b2bc-3797adf4b113-e2ac2bfe-2621-488f-b86d-74c8b1623113:LOC"/>
  <ArrivalTime>07:15:00</ArrivalTime>
  <DepartureTime>07:15:00</DepartureTime>
</TimetabledPassingTime><TimetabledPassingTime version="any" id="chouette:TimetabledPassingTime:abf5ac0a-0502-40a5-be89-44e016b4a32c-1:LOC">
  <StopPointInJourneyPatternRef ref="chouette:StopPointInJourneyPattern:d73b1e70-7005-43be-9f64-63af22f92ebc-e2ac2bfe-2621-488f-b86d-74c8b1623113:LOC"/>
  <ArrivalTime>07:30:00</ArrivalTime>
  <DepartureTime>07:30:00</DepartureTime>
</TimetabledPassingTime><TimetabledPassingTime version="any" id="chouette:TimetabledPassingTime:abf5ac0a-0502-40a5-be89-44e016b4a32c-2:LOC">
  <StopPointInJourneyPatternRef ref="chouette:StopPointInJourneyPattern:7d378069-1e87-4a7d-8516-a90be6873356-e2ac2bfe-2621-488f-b86d-74c8b1623113:LOC"/>
  <ArrivalTime>07:45:00</ArrivalTime>
  <DepartureTime>07:45:00</DepartureTime>
</TimetabledPassingTime><TimetabledPassingTime version="any" id="chouette:TimetabledPassingTime:abf5ac0a-0502-40a5-be89-44e016b4a32c-3:LOC">
  <StopPointInJourneyPatternRef ref="chouette:StopPointInJourneyPattern:1d4fee1a-205d-4d41-93a4-582135ea2d09-e2ac2bfe-2621-488f-b86d-74c8b1623113:LOC"/>
  <ArrivalTime>07:55:00</ArrivalTime>
  <DepartureTime>07:55:00</DepartureTime>
</TimetabledPassingTime><TimetabledPassingTime version="any" id="chouette:TimetabledPassingTime:abf5ac0a-0502-40a5-be89-44e016b4a32c-4:LOC">
  <StopPointInJourneyPatternRef ref="chouette:StopPointInJourneyPattern:6bf50709-02d6-4213-b95b-879c6f20980a-e2ac2bfe-2621-488f-b86d-74c8b1623113:LOC"/>
  <ArrivalTime>08:30:00</ArrivalTime>
  <DepartureTime>08:30:00</DepartureTime>
</TimetabledPassingTime>
  </passingTimes>
</ServiceJourney>
<ServiceJourney id="chouette:VehicleJourney:3cd45d8c-28da-44f8-842c-17069260cc90:LOC" created="2024-05-21T20:51:59Z" changed="2024-05-21T20:54:44Z" version="any">
  <keyList>
    <KeyValue typeOfKey="ALTERNATE_IDENTIFIER">
      <Key>external</Key>
      <Value>90A1|20170901|4</Value>
    </KeyValue>
  </keyList>
  <Name>90A1|4</Name>
  <dayTypes>
    <DayTypeRef ref="chouette:TimeTable:4757721c-2983-4627-9ebb-026444b7631e:LOC"/>
  </dayTypes>
  <JourneyPatternRef ref="chouette:JourneyPattern:e2ac2bfe-2621-488f-b86d-74c8b1623113:LOC" version="any"/>
  <passingTimes>
    <TimetabledPassingTime version="any" id="chouette:TimetabledPassingTime:3cd45d8c-28da-44f8-842c-17069260cc90-0:LOC">
  <StopPointInJourneyPatternRef ref="chouette:StopPointInJourneyPattern:1faec67f-64d0-434d-b2bc-3797adf4b113-e2ac2bfe-2621-488f-b86d-74c8b1623113:LOC"/>
  <ArrivalTime>17:15:00</ArrivalTime>
  <DepartureTime>17:15:00</DepartureTime>
</TimetabledPassingTime><TimetabledPassingTime version="any" id="chouette:TimetabledPassingTime:3cd45d8c-28da-44f8-842c-17069260cc90-1:LOC">
  <StopPointInJourneyPatternRef ref="chouette:StopPointInJourneyPattern:d73b1e70-7005-43be-9f64-63af22f92ebc-e2ac2bfe-2621-488f-b86d-74c8b1623113:LOC"/>
  <ArrivalTime>17:30:00</ArrivalTime>
  <DepartureTime>17:30:00</DepartureTime>
</TimetabledPassingTime><TimetabledPassingTime version="any" id="chouette:TimetabledPassingTime:3cd45d8c-28da-44f8-842c-17069260cc90-2:LOC">
  <StopPointInJourneyPatternRef ref="chouette:StopPointInJourneyPattern:7d378069-1e87-4a7d-8516-a90be6873356-e2ac2bfe-2621-488f-b86d-74c8b1623113:LOC"/>
  <ArrivalTime>17:45:00</ArrivalTime>
  <DepartureTime>17:45:00</DepartureTime>
</TimetabledPassingTime><TimetabledPassingTime version="any" id="chouette:TimetabledPassingTime:3cd45d8c-28da-44f8-842c-17069260cc90-3:LOC">
  <StopPointInJourneyPatternRef ref="chouette:StopPointInJourneyPattern:1d4fee1a-205d-4d41-93a4-582135ea2d09-e2ac2bfe-2621-488f-b86d-74c8b1623113:LOC"/>
  <ArrivalTime>17:55:00</ArrivalTime>
  <DepartureTime>17:55:00</DepartureTime>
</TimetabledPassingTime><TimetabledPassingTime version="any" id="chouette:TimetabledPassingTime:3cd45d8c-28da-44f8-842c-17069260cc90-4:LOC">
  <StopPointInJourneyPatternRef ref="chouette:StopPointInJourneyPattern:6bf50709-02d6-4213-b95b-879c6f20980a-e2ac2bfe-2621-488f-b86d-74c8b1623113:LOC"/>
  <ArrivalTime>18:30:00</ArrivalTime>
  <DepartureTime>18:30:00</DepartureTime>
</TimetabledPassingTime>
  </passingTimes>
</ServiceJourney>
<ServiceJourney id="chouette:VehicleJourney:6dd6f729-485a-400f-b2cd-5d477f318c47:LOC" created="2024-05-21T20:51:59Z" changed="2024-05-21T20:54:44Z" version="any">
  <keyList>
    <KeyValue typeOfKey="ALTERNATE_IDENTIFIER">
      <Key>external</Key>
      <Value>90A1|20170901|7</Value>
    </KeyValue>
  </keyList>
  <Name>90A1|7</Name>
  <dayTypes>
    <DayTypeRef ref="chouette:TimeTable:4757721c-2983-4627-9ebb-026444b7631e:LOC"/>
  </dayTypes>
  <JourneyPatternRef ref="chouette:JourneyPattern:e2ac2bfe-2621-488f-b86d-74c8b1623113:LOC" version="any"/>
  <passingTimes>
    <TimetabledPassingTime version="any" id="chouette:TimetabledPassingTime:6dd6f729-485a-400f-b2cd-5d477f318c47-0:LOC">
  <StopPointInJourneyPatternRef ref="chouette:StopPointInJourneyPattern:1faec67f-64d0-434d-b2bc-3797adf4b113-e2ac2bfe-2621-488f-b86d-74c8b1623113:LOC"/>
  <ArrivalTime>09:00:00</ArrivalTime>
  <DepartureTime>09:00:00</DepartureTime>
</TimetabledPassingTime><TimetabledPassingTime version="any" id="chouette:TimetabledPassingTime:6dd6f729-485a-400f-b2cd-5d477f318c47-1:LOC">
  <StopPointInJourneyPatternRef ref="chouette:StopPointInJourneyPattern:d73b1e70-7005-43be-9f64-63af22f92ebc-e2ac2bfe-2621-488f-b86d-74c8b1623113:LOC"/>
  <ArrivalTime>09:15:00</ArrivalTime>
  <DepartureTime>09:15:00</DepartureTime>
</TimetabledPassingTime><TimetabledPassingTime version="any" id="chouette:TimetabledPassingTime:6dd6f729-485a-400f-b2cd-5d477f318c47-2:LOC">
  <StopPointInJourneyPatternRef ref="chouette:StopPointInJourneyPattern:7d378069-1e87-4a7d-8516-a90be6873356-e2ac2bfe-2621-488f-b86d-74c8b1623113:LOC"/>
  <ArrivalTime>09:30:00</ArrivalTime>
  <DepartureTime>09:30:00</DepartureTime>
</TimetabledPassingTime><TimetabledPassingTime version="any" id="chouette:TimetabledPassingTime:6dd6f729-485a-400f-b2cd-5d477f318c47-3:LOC">
  <StopPointInJourneyPatternRef ref="chouette:StopPointInJourneyPattern:1d4fee1a-205d-4d41-93a4-582135ea2d09-e2ac2bfe-2621-488f-b86d-74c8b1623113:LOC"/>
  <ArrivalTime>09:40:00</ArrivalTime>
  <DepartureTime>09:40:00</DepartureTime>
</TimetabledPassingTime><TimetabledPassingTime version="any" id="chouette:TimetabledPassingTime:6dd6f729-485a-400f-b2cd-5d477f318c47-4:LOC">
  <StopPointInJourneyPatternRef ref="chouette:StopPointInJourneyPattern:6bf50709-02d6-4213-b95b-879c6f20980a-e2ac2bfe-2621-488f-b86d-74c8b1623113:LOC"/>
  <ArrivalTime>10:15:00</ArrivalTime>
  <DepartureTime>10:15:00</DepartureTime>
</TimetabledPassingTime>
  </passingTimes>
</ServiceJourney>
<ServiceJourney id="chouette:VehicleJourney:4f246bdf-eabc-4ab9-8744-51e78505529a:LOC" created="2024-05-21T20:51:59Z" changed="2024-05-21T20:54:44Z" version="any">
  <keyList>
    <KeyValue typeOfKey="ALTERNATE_IDENTIFIER">
      <Key>external</Key>
      <Value>90R1|20170901|6</Value>
    </KeyValue>
  </keyList>
  <Name>90R1|6</Name>
  <dayTypes>
    <DayTypeRef ref="chouette:TimeTable:4757721c-2983-4627-9ebb-026444b7631e:LOC"/>
  </dayTypes>
  <JourneyPatternRef ref="chouette:JourneyPattern:02d67377-6457-43d1-8fea-ab015850d055:LOC" version="any"/>
  <passingTimes>
    <TimetabledPassingTime version="any" id="chouette:TimetabledPassingTime:4f246bdf-eabc-4ab9-8744-51e78505529a-0:LOC">
  <StopPointInJourneyPatternRef ref="chouette:StopPointInJourneyPattern:4623a1c4-bf3c-4dcc-ad6b-fca7e0b38682-02d67377-6457-43d1-8fea-ab015850d055:LOC"/>
  <ArrivalTime>19:30:00</ArrivalTime>
  <DepartureTime>19:30:00</DepartureTime>
</TimetabledPassingTime><TimetabledPassingTime version="any" id="chouette:TimetabledPassingTime:4f246bdf-eabc-4ab9-8744-51e78505529a-1:LOC">
  <StopPointInJourneyPatternRef ref="chouette:StopPointInJourneyPattern:6fa1afa3-7d7a-4012-9207-fa506ce18e70-02d67377-6457-43d1-8fea-ab015850d055:LOC"/>
  <ArrivalTime>19:55:00</ArrivalTime>
  <DepartureTime>19:55:00</DepartureTime>
</TimetabledPassingTime><TimetabledPassingTime version="any" id="chouette:TimetabledPassingTime:4f246bdf-eabc-4ab9-8744-51e78505529a-2:LOC">
  <StopPointInJourneyPatternRef ref="chouette:StopPointInJourneyPattern:441377fa-7892-4f82-8431-6d015f8bf3b8-02d67377-6457-43d1-8fea-ab015850d055:LOC"/>
  <ArrivalTime>20:10:00</ArrivalTime>
  <DepartureTime>20:10:00</DepartureTime>
</TimetabledPassingTime><TimetabledPassingTime version="any" id="chouette:TimetabledPassingTime:4f246bdf-eabc-4ab9-8744-51e78505529a-3:LOC">
  <StopPointInJourneyPatternRef ref="chouette:StopPointInJourneyPattern:0a93d22a-342f-45da-93c0-c6f1edf352a5-02d67377-6457-43d1-8fea-ab015850d055:LOC"/>
  <ArrivalTime>20:25:00</ArrivalTime>
  <DepartureTime>20:25:00</DepartureTime>
</TimetabledPassingTime><TimetabledPassingTime version="any" id="chouette:TimetabledPassingTime:4f246bdf-eabc-4ab9-8744-51e78505529a-4:LOC">
  <StopPointInJourneyPatternRef ref="chouette:StopPointInJourneyPattern:6709e784-c379-47b0-9c8d-ca30a9d62326-02d67377-6457-43d1-8fea-ab015850d055:LOC"/>
  <ArrivalTime>20:40:00</ArrivalTime>
  <DepartureTime>20:40:00</DepartureTime>
</TimetabledPassingTime>
  </passingTimes>
</ServiceJourney>
<ServiceJourney id="chouette:VehicleJourney:c4c7f4dd-7568-4655-b34c-92129effb0b7:LOC" created="2024-05-21T20:51:59Z" changed="2024-05-21T20:54:44Z" version="any">
  <keyList>
    <KeyValue typeOfKey="ALTERNATE_IDENTIFIER">
      <Key>external</Key>
      <Value>90R1|20170901|2</Value>
    </KeyValue>
  </keyList>
  <Name>90R1|2</Name>
  <dayTypes>
    <DayTypeRef ref="chouette:TimeTable:4757721c-2983-4627-9ebb-026444b7631e:LOC"/>
  </dayTypes>
  <JourneyPatternRef ref="chouette:JourneyPattern:02d67377-6457-43d1-8fea-ab015850d055:LOC" version="any"/>
  <passingTimes>
    <TimetabledPassingTime version="any" id="chouette:TimetabledPassingTime:c4c7f4dd-7568-4655-b34c-92129effb0b7-0:LOC">
  <StopPointInJourneyPatternRef ref="chouette:StopPointInJourneyPattern:4623a1c4-bf3c-4dcc-ad6b-fca7e0b38682-02d67377-6457-43d1-8fea-ab015850d055:LOC"/>
  <ArrivalTime>11:30:00</ArrivalTime>
  <DepartureTime>11:30:00</DepartureTime>
</TimetabledPassingTime><TimetabledPassingTime version="any" id="chouette:TimetabledPassingTime:c4c7f4dd-7568-4655-b34c-92129effb0b7-1:LOC">
  <StopPointInJourneyPatternRef ref="chouette:StopPointInJourneyPattern:6fa1afa3-7d7a-4012-9207-fa506ce18e70-02d67377-6457-43d1-8fea-ab015850d055:LOC"/>
  <ArrivalTime>11:55:00</ArrivalTime>
  <DepartureTime>11:55:00</DepartureTime>
</TimetabledPassingTime><TimetabledPassingTime version="any" id="chouette:TimetabledPassingTime:c4c7f4dd-7568-4655-b34c-92129effb0b7-2:LOC">
  <StopPointInJourneyPatternRef ref="chouette:StopPointInJourneyPattern:441377fa-7892-4f82-8431-6d015f8bf3b8-02d67377-6457-43d1-8fea-ab015850d055:LOC"/>
  <ArrivalTime>12:10:00</ArrivalTime>
  <DepartureTime>12:10:00</DepartureTime>
</TimetabledPassingTime><TimetabledPassingTime version="any" id="chouette:TimetabledPassingTime:c4c7f4dd-7568-4655-b34c-92129effb0b7-3:LOC">
  <StopPointInJourneyPatternRef ref="chouette:StopPointInJourneyPattern:0a93d22a-342f-45da-93c0-c6f1edf352a5-02d67377-6457-43d1-8fea-ab015850d055:LOC"/>
  <ArrivalTime>12:25:00</ArrivalTime>
  <DepartureTime>12:25:00</DepartureTime>
</TimetabledPassingTime><TimetabledPassingTime version="any" id="chouette:TimetabledPassingTime:c4c7f4dd-7568-4655-b34c-92129effb0b7-4:LOC">
  <StopPointInJourneyPatternRef ref="chouette:StopPointInJourneyPattern:6709e784-c379-47b0-9c8d-ca30a9d62326-02d67377-6457-43d1-8fea-ab015850d055:LOC"/>
  <ArrivalTime>12:45:00</ArrivalTime>
  <DepartureTime>12:45:00</DepartureTime>
</TimetabledPassingTime>
  </passingTimes>
</ServiceJourney>
<ServiceJourney id="chouette:VehicleJourney:9781d173-9b17-4126-a806-9774eca58feb:LOC" created="2024-05-21T20:51:59Z" changed="2024-05-21T20:54:44Z" version="any">
  <keyList>
    <KeyValue typeOfKey="ALTERNATE_IDENTIFIER">
      <Key>external</Key>
      <Value>90R1|20170901|8</Value>
    </KeyValue>
  </keyList>
  <Name>90R1|8</Name>
  <dayTypes>
    <DayTypeRef ref="chouette:TimeTable:4757721c-2983-4627-9ebb-026444b7631e:LOC"/>
  </dayTypes>
  <JourneyPatternRef ref="chouette:JourneyPattern:02d67377-6457-43d1-8fea-ab015850d055:LOC" version="any"/>
  <passingTimes>
    <TimetabledPassingTime version="any" id="chouette:TimetabledPassingTime:9781d173-9b17-4126-a806-9774eca58feb-0:LOC">
  <StopPointInJourneyPatternRef ref="chouette:StopPointInJourneyPattern:4623a1c4-bf3c-4dcc-ad6b-fca7e0b38682-02d67377-6457-43d1-8fea-ab015850d055:LOC"/>
  <ArrivalTime>21:30:00</ArrivalTime>
  <DepartureTime>21:30:00</DepartureTime>
</TimetabledPassingTime><TimetabledPassingTime version="any" id="chouette:TimetabledPassingTime:9781d173-9b17-4126-a806-9774eca58feb-1:LOC">
  <StopPointInJourneyPatternRef ref="chouette:StopPointInJourneyPattern:6fa1afa3-7d7a-4012-9207-fa506ce18e70-02d67377-6457-43d1-8fea-ab015850d055:LOC"/>
  <ArrivalTime>21:55:00</ArrivalTime>
  <DepartureTime>21:55:00</DepartureTime>
</TimetabledPassingTime><TimetabledPassingTime version="any" id="chouette:TimetabledPassingTime:9781d173-9b17-4126-a806-9774eca58feb-2:LOC">
  <StopPointInJourneyPatternRef ref="chouette:StopPointInJourneyPattern:441377fa-7892-4f82-8431-6d015f8bf3b8-02d67377-6457-43d1-8fea-ab015850d055:LOC"/>
  <ArrivalTime>22:10:00</ArrivalTime>
  <DepartureTime>22:10:00</DepartureTime>
</TimetabledPassingTime><TimetabledPassingTime version="any" id="chouette:TimetabledPassingTime:9781d173-9b17-4126-a806-9774eca58feb-3:LOC">
  <StopPointInJourneyPatternRef ref="chouette:StopPointInJourneyPattern:0a93d22a-342f-45da-93c0-c6f1edf352a5-02d67377-6457-43d1-8fea-ab015850d055:LOC"/>
  <ArrivalTime>22:30:00</ArrivalTime>
  <DepartureTime>22:30:00</DepartureTime>
</TimetabledPassingTime><TimetabledPassingTime version="any" id="chouette:TimetabledPassingTime:9781d173-9b17-4126-a806-9774eca58feb-4:LOC">
  <StopPointInJourneyPatternRef ref="chouette:StopPointInJourneyPattern:6709e784-c379-47b0-9c8d-ca30a9d62326-02d67377-6457-43d1-8fea-ab015850d055:LOC"/>
  <ArrivalTime>22:40:00</ArrivalTime>
  <DepartureTime>22:40:00</DepartureTime>
</TimetabledPassingTime>
  </passingTimes>
</ServiceJourney>
<ServiceJourney id="chouette:VehicleJourney:25a09645-9b46-43f4-82f3-0294265a942d:LOC" created="2024-05-21T20:51:59Z" changed="2024-05-21T20:54:44Z" version="any">
  <keyList>
    <KeyValue typeOfKey="ALTERNATE_IDENTIFIER">
      <Key>external</Key>
      <Value>90R1|20170901|5</Value>
    </KeyValue>
  </keyList>
  <Name>90R1|5</Name>
  <dayTypes>
    <DayTypeRef ref="chouette:TimeTable:4757721c-2983-4627-9ebb-026444b7631e:LOC"/>
  </dayTypes>
  <JourneyPatternRef ref="chouette:JourneyPattern:02d67377-6457-43d1-8fea-ab015850d055:LOC" version="any"/>
  <passingTimes>
    <TimetabledPassingTime version="any" id="chouette:TimetabledPassingTime:25a09645-9b46-43f4-82f3-0294265a942d-0:LOC">
  <StopPointInJourneyPatternRef ref="chouette:StopPointInJourneyPattern:4623a1c4-bf3c-4dcc-ad6b-fca7e0b38682-02d67377-6457-43d1-8fea-ab015850d055:LOC"/>
  <ArrivalTime>15:45:00</ArrivalTime>
  <DepartureTime>15:45:00</DepartureTime>
</TimetabledPassingTime><TimetabledPassingTime version="any" id="chouette:TimetabledPassingTime:25a09645-9b46-43f4-82f3-0294265a942d-1:LOC">
  <StopPointInJourneyPatternRef ref="chouette:StopPointInJourneyPattern:6fa1afa3-7d7a-4012-9207-fa506ce18e70-02d67377-6457-43d1-8fea-ab015850d055:LOC"/>
  <ArrivalTime>16:10:00</ArrivalTime>
  <DepartureTime>16:10:00</DepartureTime>
</TimetabledPassingTime><TimetabledPassingTime version="any" id="chouette:TimetabledPassingTime:25a09645-9b46-43f4-82f3-0294265a942d-2:LOC">
  <StopPointInJourneyPatternRef ref="chouette:StopPointInJourneyPattern:441377fa-7892-4f82-8431-6d015f8bf3b8-02d67377-6457-43d1-8fea-ab015850d055:LOC"/>
  <ArrivalTime>16:25:00</ArrivalTime>
  <DepartureTime>16:25:00</DepartureTime>
</TimetabledPassingTime><TimetabledPassingTime version="any" id="chouette:TimetabledPassingTime:25a09645-9b46-43f4-82f3-0294265a942d-3:LOC">
  <StopPointInJourneyPatternRef ref="chouette:StopPointInJourneyPattern:0a93d22a-342f-45da-93c0-c6f1edf352a5-02d67377-6457-43d1-8fea-ab015850d055:LOC"/>
  <ArrivalTime>16:40:00</ArrivalTime>
  <DepartureTime>16:40:00</DepartureTime>
</TimetabledPassingTime><TimetabledPassingTime version="any" id="chouette:TimetabledPassingTime:25a09645-9b46-43f4-82f3-0294265a942d-4:LOC">
  <StopPointInJourneyPatternRef ref="chouette:StopPointInJourneyPattern:6709e784-c379-47b0-9c8d-ca30a9d62326-02d67377-6457-43d1-8fea-ab015850d055:LOC"/>
  <ArrivalTime>17:00:00</ArrivalTime>
  <DepartureTime>17:00:00</DepartureTime>
</TimetabledPassingTime>
  </passingTimes>
</ServiceJourney>
<ServiceJourney id="chouette:VehicleJourney:be2678ef-c6bf-4170-a5db-c41e11ba9997:LOC" created="2024-05-21T20:51:59Z" changed="2024-05-21T20:54:44Z" version="any">
  <keyList>
    <KeyValue typeOfKey="ALTERNATE_IDENTIFIER">
      <Key>external</Key>
      <Value>90R1|20170901|7</Value>
    </KeyValue>
  </keyList>
  <Name>90R1|7</Name>
  <dayTypes>
    <DayTypeRef ref="chouette:TimeTable:4757721c-2983-4627-9ebb-026444b7631e:LOC"/>
  </dayTypes>
  <JourneyPatternRef ref="chouette:JourneyPattern:02d67377-6457-43d1-8fea-ab015850d055:LOC" version="any"/>
  <passingTimes>
    <TimetabledPassingTime version="any" id="chouette:TimetabledPassingTime:be2678ef-c6bf-4170-a5db-c41e11ba9997-0:LOC">
  <StopPointInJourneyPatternRef ref="chouette:StopPointInJourneyPattern:4623a1c4-bf3c-4dcc-ad6b-fca7e0b38682-02d67377-6457-43d1-8fea-ab015850d055:LOC"/>
  <ArrivalTime>09:00:00</ArrivalTime>
  <DepartureTime>09:00:00</DepartureTime>
</TimetabledPassingTime><TimetabledPassingTime version="any" id="chouette:TimetabledPassingTime:be2678ef-c6bf-4170-a5db-c41e11ba9997-1:LOC">
  <StopPointInJourneyPatternRef ref="chouette:StopPointInJourneyPattern:6fa1afa3-7d7a-4012-9207-fa506ce18e70-02d67377-6457-43d1-8fea-ab015850d055:LOC"/>
  <ArrivalTime>09:30:00</ArrivalTime>
  <DepartureTime>09:30:00</DepartureTime>
</TimetabledPassingTime><TimetabledPassingTime version="any" id="chouette:TimetabledPassingTime:be2678ef-c6bf-4170-a5db-c41e11ba9997-2:LOC">
  <StopPointInJourneyPatternRef ref="chouette:StopPointInJourneyPattern:441377fa-7892-4f82-8431-6d015f8bf3b8-02d67377-6457-43d1-8fea-ab015850d055:LOC"/>
  <ArrivalTime>09:45:00</ArrivalTime>
  <DepartureTime>09:45:00</DepartureTime>
</TimetabledPassingTime><TimetabledPassingTime version="any" id="chouette:TimetabledPassingTime:be2678ef-c6bf-4170-a5db-c41e11ba9997-3:LOC">
  <StopPointInJourneyPatternRef ref="chouette:StopPointInJourneyPattern:0a93d22a-342f-45da-93c0-c6f1edf352a5-02d67377-6457-43d1-8fea-ab015850d055:LOC"/>
  <ArrivalTime>10:00:00</ArrivalTime>
  <DepartureTime>10:00:00</DepartureTime>
</TimetabledPassingTime><TimetabledPassingTime version="any" id="chouette:TimetabledPassingTime:be2678ef-c6bf-4170-a5db-c41e11ba9997-4:LOC">
  <StopPointInJourneyPatternRef ref="chouette:StopPointInJourneyPattern:6709e784-c379-47b0-9c8d-ca30a9d62326-02d67377-6457-43d1-8fea-ab015850d055:LOC"/>
  <ArrivalTime>10:15:00</ArrivalTime>
  <DepartureTime>10:15:00</DepartureTime>
</TimetabledPassingTime>
  </passingTimes>
</ServiceJourney>
<ServiceJourney id="chouette:VehicleJourney:9ad3b5af-5f66-4726-980e-78f6e6a6aa4f:LOC" created="2024-05-21T20:51:59Z" changed="2024-05-21T20:54:44Z" version="any">
  <keyList>
    <KeyValue typeOfKey="ALTERNATE_IDENTIFIER">
      <Key>external</Key>
      <Value>90R1|20170901|3</Value>
    </KeyValue>
  </keyList>
  <Name>90R1|3</Name>
  <dayTypes>
    <DayTypeRef ref="chouette:TimeTable:4757721c-2983-4627-9ebb-026444b7631e:LOC"/>
  </dayTypes>
  <JourneyPatternRef ref="chouette:JourneyPattern:02d67377-6457-43d1-8fea-ab015850d055:LOC" version="any"/>
  <passingTimes>
    <TimetabledPassingTime version="any" id="chouette:TimetabledPassingTime:9ad3b5af-5f66-4726-980e-78f6e6a6aa4f-0:LOC">
  <StopPointInJourneyPatternRef ref="chouette:StopPointInJourneyPattern:4623a1c4-bf3c-4dcc-ad6b-fca7e0b38682-02d67377-6457-43d1-8fea-ab015850d055:LOC"/>
  <ArrivalTime>13:30:00</ArrivalTime>
  <DepartureTime>13:30:00</DepartureTime>
</TimetabledPassingTime><TimetabledPassingTime version="any" id="chouette:TimetabledPassingTime:9ad3b5af-5f66-4726-980e-78f6e6a6aa4f-1:LOC">
  <StopPointInJourneyPatternRef ref="chouette:StopPointInJourneyPattern:6fa1afa3-7d7a-4012-9207-fa506ce18e70-02d67377-6457-43d1-8fea-ab015850d055:LOC"/>
  <ArrivalTime>13:55:00</ArrivalTime>
  <DepartureTime>13:55:00</DepartureTime>
</TimetabledPassingTime><TimetabledPassingTime version="any" id="chouette:TimetabledPassingTime:9ad3b5af-5f66-4726-980e-78f6e6a6aa4f-2:LOC">
  <StopPointInJourneyPatternRef ref="chouette:StopPointInJourneyPattern:441377fa-7892-4f82-8431-6d015f8bf3b8-02d67377-6457-43d1-8fea-ab015850d055:LOC"/>
  <ArrivalTime>14:10:00</ArrivalTime>
  <DepartureTime>14:10:00</DepartureTime>
</TimetabledPassingTime><TimetabledPassingTime version="any" id="chouette:TimetabledPassingTime:9ad3b5af-5f66-4726-980e-78f6e6a6aa4f-3:LOC">
  <StopPointInJourneyPatternRef ref="chouette:StopPointInJourneyPattern:0a93d22a-342f-45da-93c0-c6f1edf352a5-02d67377-6457-43d1-8fea-ab015850d055:LOC"/>
  <ArrivalTime>14:25:00</ArrivalTime>
  <DepartureTime>14:25:00</DepartureTime>
</TimetabledPassingTime><TimetabledPassingTime version="any" id="chouette:TimetabledPassingTime:9ad3b5af-5f66-4726-980e-78f6e6a6aa4f-4:LOC">
  <StopPointInJourneyPatternRef ref="chouette:StopPointInJourneyPattern:6709e784-c379-47b0-9c8d-ca30a9d62326-02d67377-6457-43d1-8fea-ab015850d055:LOC"/>
  <ArrivalTime>14:45:00</ArrivalTime>
  <DepartureTime>14:45:00</DepartureTime>
</TimetabledPassingTime>
  </passingTimes>
</ServiceJourney>
          </members>
        </GeneralFrame>
      </frames>
    </CompositeFrame>
  </dataObjects>
</PublicationDelivery>
