<?xml version="1.0" encoding="utf-8"?>
<Siri xmlns:xsi="http://www.w3.org/2001/XMLSchema-instance" xmlns:xsd="http://www.w3.org/2001/XMLSchema" xmlns="http://www.siri.org.uk/siri">
  <ServiceDelivery>
    <ResponseTimestamp>2025-09-05T16:13:44.5211319+02:00</ResponseTimestamp>
    <ProducerRef>CITYWAY</ProducerRef>
    <VehicleMonitoringDelivery version="2.0">
      <ResponseTimestamp>2025-09-05T16:13:44.5211361+02:00</ResponseTimestamp>
      <VehicleActivity>
        <RecordedAtTime>0001-01-01T00:00:00</RecordedAtTime>
        <ItemIdentifier>638926856245207362</ItemIdentifier>
        <ValidUntilTime>0001-01-01T00:00:00</ValidUntilTime>
        <VehicleMonitoringRef>TIC_INT:RCH1343</VehicleMonitoringRef>
        <MonitoredVehicleJourney>
          <LineRef>TIC_INT:Line:Sco JV:LOC</LineRef>
          <DirectionRef>retour</DirectionRef>
          <FramedVehicleJourneyRef>
            <DataFrameRef>2025-09-05</DataFrameRef>
            <DatedVehicleJourneyRef>TIC_INT:VehicleJourney:7788:LOC</DatedVehicleJourneyRef>
          </FramedVehicleJourneyRef>
          <JourneyPatternRef>TIC_INT:JourneyPattern:191:LOC</JourneyPatternRef>
          <VehicleMode>SCOLAIRE</VehicleMode>
          <OperatorRef>TIC_INT</OperatorRef>
          <OriginRef>TIC_INT:StopPoint:BP:LCOCO3:LOC</OriginRef>
          <OriginName xml:lang="FR">LACROIX-SAINT-OUEN - Collège J. Verne</OriginName>
          <DestinationRef>TIC_INT:StopPoint:BP:LCOMB3:LOC</DestinationRef>
          <DestinationName xml:lang="FR">LACROIX-SAINT-OUEN - Mercières aux Bois</DestinationName>
          <Monitored>true</Monitored>
          <VehicleLocation>
            <Longitude>2.78549149552241</Longitude>
            <Latitude>49.3804270722597</Latitude>
          </VehicleLocation>
          <Bearing>124</Bearing>
          <Delay>-PT4M50S</Delay>
          <VehicleRef>RCH1343</VehicleRef>
          <MonitoredCall>
            <StopPointRef>TIC_INT:StopPoint:BP:LCOMB3:LOC</StopPointRef>
            <Order>3</Order>
          </MonitoredCall>
        </MonitoredVehicleJourney>
      </VehicleActivity>
      <VehicleActivity>
        <RecordedAtTime>0001-01-01T00:00:00</RecordedAtTime>
        <ItemIdentifier>638926856245207363</ItemIdentifier>
        <ValidUntilTime>0001-01-01T00:00:00</ValidUntilTime>
        <VehicleMonitoringRef>TIC_INT:TAC10209</VehicleMonitoringRef>
        <MonitoredVehicleJourney>
          <LineRef>TIC_INT:Line:Sco BAC:LOC</LineRef>
          <DirectionRef>retour</DirectionRef>
          <FramedVehicleJourneyRef>
            <DataFrameRef>2025-09-05</DataFrameRef>
            <DatedVehicleJourneyRef>TIC_INT:VehicleJourney:7837:LOC</DatedVehicleJourneyRef>
          </FramedVehicleJourneyRef>
          <JourneyPatternRef>TIC_INT:JourneyPattern:170:LOC</JourneyPatternRef>
          <VehicleMode>SCOLAIRE</VehicleMode>
          <OperatorRef>TIC_INT</OperatorRef>
          <OriginRef>TIC_INT:StopPoint:BP:CCBAC3:LOC</OriginRef>
          <OriginName xml:lang="FR">Collège Ferdinand Bac</OriginName>
          <DestinationRef>TIC_INT:StopPoint:BP:LFRCH3:LOC</DestinationRef>
          <DestinationName xml:lang="FR">LE FRANCPORT - Château</DestinationName>
          <Monitored>true</Monitored>
          <VehicleLocation>
            <Longitude>2.83067425287729</Longitude>
            <Latitude>49.4228430774627</Latitude>
          </VehicleLocation>
          <Bearing>55</Bearing>
          <Delay>PT4M40S</Delay>
          <VehicleRef>TAC10209</VehicleRef>
          <MonitoredCall>
            <StopPointRef>TIC_INT:StopPoint:BP:CHOCE3:LOC</StopPointRef>
            <Order>5</Order>
          </MonitoredCall>
        </MonitoredVehicleJourney>
      </VehicleActivity>
      <VehicleActivity>
        <RecordedAtTime>0001-01-01T00:00:00</RecordedAtTime>
        <ItemIdentifier>638926856245207364</ItemIdentifier>
        <ValidUntilTime>0001-01-01T00:00:00</ValidUntilTime>
        <VehicleMonitoringRef>TIC_INT:TAC21001</VehicleMonitoringRef>
        <MonitoredVehicleJourney>
          <LineRef>TIC_INT:Line:Sco DEB 3:LOC</LineRef>
          <DirectionRef>retour</DirectionRef>
          <FramedVehicleJourneyRef>
            <DataFrameRef>2025-09-05</DataFrameRef>
            <DatedVehicleJourneyRef>TIC_INT:VehicleJourney:6011:LOC</DatedVehicleJourneyRef>
          </FramedVehicleJourneyRef>
          <JourneyPatternRef>TIC_INT:JourneyPattern:172:LOC</JourneyPatternRef>
          <VehicleMode>SCOLAIRE</VehicleMode>
          <OperatorRef>TIC_INT</OperatorRef>
          <OriginRef>TIC_INT:StopPoint:BP:MGYDB1:LOC</OriginRef>
          <OriginName xml:lang="FR">MARGNY - Collège Debussy</OriginName>
          <DestinationRef>TIC_INT:StopPoint:BP:LACPL3:LOC</DestinationRef>
          <DestinationName xml:lang="FR">LACHELLE - Place</DestinationName>
          <Monitored>true</Monitored>
          <VehicleLocation>
            <Longitude>2.74323182221131</Longitude>
            <Latitude>49.4289539394792</Latitude>
          </VehicleLocation>
          <Bearing>347</Bearing>
          <Delay>-PT4M51S</Delay>
          <VehicleRef>TAC21001</VehicleRef>
          <MonitoredCall>
            <StopPointRef>TIC_INT:StopPoint:BP:LACPL3:LOC</StopPointRef>
            <Order>4</Order>
          </MonitoredCall>
        </MonitoredVehicleJourney>
      </VehicleActivity>
      <VehicleActivity>
        <RecordedAtTime>0001-01-01T00:00:00</RecordedAtTime>
        <ItemIdentifier>638926856245207365</ItemIdentifier>
        <ValidUntilTime>0001-01-01T00:00:00</ValidUntilTime>
        <VehicleMonitoringRef>TIC_INT:TAC11048</VehicleMonitoringRef>
        <MonitoredVehicleJourney>
          <LineRef>TIC_INT:Line:Sco BAC:LOC</LineRef>
          <DirectionRef>retour</DirectionRef>
          <FramedVehicleJourneyRef>
            <DataFrameRef>2025-09-05</DataFrameRef>
            <DatedVehicleJourneyRef>TIC_INT:VehicleJourney:7833:LOC</DatedVehicleJourneyRef>
          </FramedVehicleJourneyRef>
          <JourneyPatternRef>TIC_INT:JourneyPattern:169:LOC</JourneyPatternRef>
          <VehicleMode>SCOLAIRE</VehicleMode>
          <OperatorRef>TIC_INT</OperatorRef>
          <OriginRef>TIC_INT:StopPoint:BP:CCBAC3:LOC</OriginRef>
          <OriginName xml:lang="FR">Collège Ferdinand Bac</OriginName>
          <DestinationRef>TIC_INT:StopPoint:BP:CHORO:LOC</DestinationRef>
          <DestinationName xml:lang="FR">CHOISY-Royaumont</DestinationName>
          <Monitored>true</Monitored>
          <VehicleLocation>
            <Longitude>2.82904757568921</Longitude>
            <Latitude>49.4189309219708</Latitude>
          </VehicleLocation>
          <Bearing>330</Bearing>
          <Delay>PT4M10S</Delay>
          <VehicleRef>TAC11048</VehicleRef>
          <MonitoredCall>
            <StopPointRef>TIC_INT:StopPoint:BP:CECHA3:LOC</StopPointRef>
            <Order>2</Order>
          </MonitoredCall>
        </MonitoredVehicleJourney>
      </VehicleActivity>
      <VehicleActivity>
        <RecordedAtTime>0001-01-01T00:00:00</RecordedAtTime>
        <ItemIdentifier>638926856245207366</ItemIdentifier>
        <ValidUntilTime>0001-01-01T00:00:00</ValidUntilTime>
        <VehicleMonitoringRef>TIC_INT:TAC11040</VehicleMonitoringRef>
        <MonitoredVehicleJourney>
          <LineRef>TIC_INT:Line:Sco DEB1:LOC</LineRef>
          <DirectionRef>retour</DirectionRef>
          <FramedVehicleJourneyRef>
            <DataFrameRef>2025-09-05</DataFrameRef>
            <DatedVehicleJourneyRef>TIC_INT:VehicleJourney:7809:LOC</DatedVehicleJourneyRef>
          </FramedVehicleJourneyRef>
          <JourneyPatternRef>TIC_INT:JourneyPattern:176:LOC</JourneyPatternRef>
          <VehicleMode>SCOLAIRE</VehicleMode>
          <OperatorRef>TIC_INT</OperatorRef>
          <OriginRef>TIC_INT:StopPoint:BP:MGYDB1:LOC</OriginRef>
          <OriginName xml:lang="FR">MARGNY - Collège Debussy</OriginName>
          <DestinationRef>TIC_INT:StopPoint:BP:LCOCE3:LOC</DestinationRef>
          <DestinationName xml:lang="FR">LACROIX-SAINT-OUEN - Mairie</DestinationName>
          <Monitored>true</Monitored>
          <VehicleLocation>
            <Longitude>2.77400014164698</Longitude>
            <Latitude>49.4108320988022</Latitude>
          </VehicleLocation>
          <Bearing>159</Bearing>
          <Delay>-PT42S</Delay>
          <VehicleRef>TAC11040</VehicleRef>
          <MonitoredCall>
            <StopPointRef>TIC_INT:StopPoint:BP:JAURG3:LOC</StopPointRef>
            <Order>8</Order>
          </MonitoredCall>
        </MonitoredVehicleJourney>
      </VehicleActivity>
      <VehicleActivity>
        <RecordedAtTime>0001-01-01T00:00:00</RecordedAtTime>
        <ItemIdentifier>638926856245207367</ItemIdentifier>
        <ValidUntilTime>0001-01-01T00:00:00</ValidUntilTime>
        <VehicleMonitoringRef>TIC_INT:TAC11057</VehicleMonitoringRef>
        <MonitoredVehicleJourney>
          <LineRef>TIC_INT:Line:Sco DEB2:LOC</LineRef>
          <DirectionRef>retour</DirectionRef>
          <FramedVehicleJourneyRef>
            <DataFrameRef>2025-09-05</DataFrameRef>
            <DatedVehicleJourneyRef>TIC_INT:VehicleJourney:7820:LOC</DatedVehicleJourneyRef>
          </FramedVehicleJourneyRef>
          <JourneyPatternRef>TIC_INT:JourneyPattern:179:LOC</JourneyPatternRef>
          <VehicleMode>SCOLAIRE</VehicleMode>
          <OperatorRef>TIC_INT</OperatorRef>
          <OriginRef>TIC_INT:StopPoint:BP:MGYDB1:LOC</OriginRef>
          <OriginName xml:lang="FR">MARGNY - Collège Debussy</OriginName>
          <DestinationRef>TIC_INT:StopPoint:BP:BIENV3:LOC</DestinationRef>
          <DestinationName xml:lang="FR">BIENVILLE - Bienville</DestinationName>
          <Monitored>true</Monitored>
          <VehicleLocation>
            <Longitude>2.83014987664857</Longitude>
            <Latitude>49.4481527260436</Latitude>
          </VehicleLocation>
          <Bearing>49</Bearing>
          <Delay>-PT6M11S</Delay>
          <VehicleRef>TAC11057</VehicleRef>
          <MonitoredCall>
            <StopPointRef>TIC_INT:StopPoint:BP:BIENV3:LOC</StopPointRef>
            <Order>6</Order>
          </MonitoredCall>
        </MonitoredVehicleJourney>
      </VehicleActivity>
      <VehicleActivity>
        <RecordedAtTime>0001-01-01T00:00:00</RecordedAtTime>
        <ItemIdentifier>638926856245207368</ItemIdentifier>
        <ValidUntilTime>0001-01-01T00:00:00</ValidUntilTime>
        <VehicleMonitoringRef>TIC_INT:TAC11039</VehicleMonitoringRef>
        <MonitoredVehicleJourney>
          <LineRef>TIC_INT:Line:Sco DEB2:LOC</LineRef>
          <DirectionRef>retour</DirectionRef>
          <FramedVehicleJourneyRef>
            <DataFrameRef>2025-09-05</DataFrameRef>
            <DatedVehicleJourneyRef>TIC_INT:VehicleJourney:7825:LOC</DatedVehicleJourneyRef>
          </FramedVehicleJourneyRef>
          <JourneyPatternRef>TIC_INT:JourneyPattern:183:LOC</JourneyPatternRef>
          <VehicleMode>SCOLAIRE</VehicleMode>
          <OperatorRef>TIC_INT</OperatorRef>
          <OriginRef>TIC_INT:StopPoint:BP:MGYDB1:LOC</OriginRef>
          <OriginName xml:lang="FR">MARGNY - Collège Debussy</OriginName>
          <DestinationRef>TIC_INT:StopPoint:BP:CHOLI3:LOC</DestinationRef>
          <DestinationName xml:lang="FR">CHOISY-Linières</DestinationName>
          <Monitored>true</Monitored>
          <VehicleLocation>
            <Longitude>2.86148616020415</Longitude>
            <Latitude>49.4422875295602</Latitude>
          </VehicleLocation>
          <Bearing>40</Bearing>
          <Delay>-PT1M28S</Delay>
          <VehicleRef>TAC11039</VehicleRef>
          <MonitoredCall>
            <StopPointRef>TIC_INT:StopPoint:BP:CHORO:LOC</StopPointRef>
            <Order>12</Order>
          </MonitoredCall>
        </MonitoredVehicleJourney>
      </VehicleActivity>
      <VehicleActivity>
        <RecordedAtTime>0001-01-01T00:00:00</RecordedAtTime>
        <ItemIdentifier>638926856245207369</ItemIdentifier>
        <ValidUntilTime>0001-01-01T00:00:00</ValidUntilTime>
        <VehicleMonitoringRef>TIC_INT:TAC11043</VehicleMonitoringRef>
        <MonitoredVehicleJourney>
          <LineRef>TIC_INT:Line:Sco DEB1:LOC</LineRef>
          <DirectionRef>retour</DirectionRef>
          <FramedVehicleJourneyRef>
            <DataFrameRef>2025-09-05</DataFrameRef>
            <DatedVehicleJourneyRef>TIC_INT:VehicleJourney:7810:LOC</DatedVehicleJourneyRef>
          </FramedVehicleJourneyRef>
          <JourneyPatternRef>TIC_INT:JourneyPattern:177:LOC</JourneyPatternRef>
          <VehicleMode>SCOLAIRE</VehicleMode>
          <OperatorRef>TIC_INT</OperatorRef>
          <OriginRef>TIC_INT:StopPoint:BP:MGYDB2:LOC</OriginRef>
          <OriginName xml:lang="FR">MARGNY - Collège Debussy</OriginName>
          <DestinationRef>TIC_INT:StopPoint:BP:LMECE1:LOC</DestinationRef>
          <DestinationName xml:lang="FR">LE MEUX - Centre</DestinationName>
          <Monitored>true</Monitored>
          <VehicleLocation>
            <Longitude>2.77751319197921</Longitude>
            <Latitude>49.3916213882762</Latitude>
          </VehicleLocation>
          <Bearing>199</Bearing>
          <Delay>-PT5M7S</Delay>
          <VehicleRef>TAC11043</VehicleRef>
          <MonitoredCall>
            <StopPointRef>TIC_INT:StopPoint:BP:JAURG3:LOC</StopPointRef>
            <Order>8</Order>
            <VehicleAtStop>true</VehicleAtStop>
          </MonitoredCall>
        </MonitoredVehicleJourney>
      </VehicleActivity>
      <VehicleActivity>
        <RecordedAtTime>0001-01-01T00:00:00</RecordedAtTime>
        <ItemIdentifier>638926856245207370</ItemIdentifier>
        <ValidUntilTime>0001-01-01T00:00:00</ValidUntilTime>
        <VehicleMonitoringRef>TIC_INT:RCH1343</VehicleMonitoringRef>
        <MonitoredVehicleJourney>
          <LineRef>TIC_INT:Line:103:LOC</LineRef>
          <DirectionRef>retour</DirectionRef>
          <FramedVehicleJourneyRef>
            <DataFrameRef>2025-09-05</DataFrameRef>
            <DatedVehicleJourneyRef>TIC_INT:VehicleJourney:6009:LOC</DatedVehicleJourneyRef>
          </FramedVehicleJourneyRef>
          <JourneyPatternRef>TIC_INT:JourneyPattern:94:LOC</JourneyPatternRef>
          <VehicleMode>BUS</VehicleMode>
          <OperatorRef>TIC_INT</OperatorRef>
          <OriginRef>TIC_INT:StopPoint:BP:CMAGE1:LOC</OriginRef>
          <OriginName xml:lang="FR">Magenta</OriginName>
          <DestinationRef>TIC_INT:StopPoint:BP:SSVEG3:LOC</DestinationRef>
          <DestinationName xml:lang="FR">SAINT-SAUVEUR- Eglise</DestinationName>
          <Monitored>true</Monitored>
          <VehicleLocation>
            <Longitude>2.83674339955664</Longitude>
            <Latitude>49.4033917926075</Latitude>
          </VehicleLocation>
          <Bearing>57</Bearing>
          <Delay>PT0S</Delay>
          <VehicleRef>RCH1343</VehicleRef>
          <MonitoredCall>
            <StopPointRef>TIC_INT:StopPoint:BP:CMAGE1:LOC</StopPointRef>
            <Order>2</Order>
          </MonitoredCall>
        </MonitoredVehicleJourney>
      </VehicleActivity>
      <VehicleActivity>
        <RecordedAtTime>0001-01-01T00:00:00</RecordedAtTime>
        <ItemIdentifier>638926856245207371</ItemIdentifier>
        <ValidUntilTime>0001-01-01T00:00:00</ValidUntilTime>
        <VehicleMonitoringRef>TIC_INT:TAC11042</VehicleMonitoringRef>
        <MonitoredVehicleJourney>
          <LineRef>TIC_INT:Line:105:LOC</LineRef>
          <DirectionRef>retour</DirectionRef>
          <FramedVehicleJourneyRef>
            <DataFrameRef>2025-09-05</DataFrameRef>
            <DatedVehicleJourneyRef>TIC_INT:VehicleJourney:6019:LOC</DatedVehicleJourneyRef>
          </FramedVehicleJourneyRef>
          <JourneyPatternRef>TIC_INT:JourneyPattern:103:LOC</JourneyPatternRef>
          <VehicleMode>BUS</VehicleMode>
          <OperatorRef>TIC_INT</OperatorRef>
          <OriginRef>TIC_INT:StopPoint:BP:CDAIL1:LOC</OriginRef>
          <OriginName xml:lang="FR">Les Lycées</OriginName>
          <DestinationRef>TIC_INT:StopPoint:BP:HULAR3:LOC</DestinationRef>
          <DestinationName xml:lang="FR">NERY - Huleux</DestinationName>
          <Monitored>true</Monitored>
          <VehicleLocation>
            <Longitude>2.8086436353352</Longitude>
            <Latitude>49.3964834687734</Latitude>
          </VehicleLocation>
          <Bearing>49</Bearing>
          <Delay>PT0S</Delay>
          <VehicleRef>TAC11042</VehicleRef>
          <MonitoredCall>
            <StopPointRef>TIC_INT:StopPoint:BP:CDAIL1:LOC</StopPointRef>
            <Order>7</Order>
          </MonitoredCall>
        </MonitoredVehicleJourney>
      </VehicleActivity>
      <VehicleActivity>
        <RecordedAtTime>0001-01-01T00:00:00</RecordedAtTime>
        <ItemIdentifier>638926856245207372</ItemIdentifier>
        <ValidUntilTime>0001-01-01T00:00:00</ValidUntilTime>
        <VehicleMonitoringRef>TIC_INT:TAC10206</VehicleMonitoringRef>
        <MonitoredVehicleJourney>
          <LineRef>TIC_INT:Line:ARC Express:LOC</LineRef>
          <DirectionRef>retour</DirectionRef>
          <FramedVehicleJourneyRef>
            <DataFrameRef>2025-09-05</DataFrameRef>
            <DatedVehicleJourneyRef>TIC_INT:VehicleJourney:6886:LOC</DatedVehicleJourneyRef>
          </FramedVehicleJourneyRef>
          <JourneyPatternRef>TIC_INT:JourneyPattern:159:LOC</JourneyPatternRef>
          <VehicleMode>BUS</VehicleMode>
          <OperatorRef>TIC_INT</OperatorRef>
          <OriginRef>TIC_INT:StopPoint:BP:LCOMA2:LOC</OriginRef>
          <OriginName xml:lang="FR">LA-CROIX-SAINT-OUEN - Matra</OriginName>
          <DestinationRef>TIC_INT:StopPoint:BP:CGAREJ:LOC</DestinationRef>
          <DestinationName xml:lang="FR">COMPIEGNE GARE-J.D'ARC</DestinationName>
          <Monitored>true</Monitored>
          <VehicleLocation>
            <Longitude>2.79421353581906</Longitude>
            <Latitude>49.3613502366382</Latitude>
          </VehicleLocation>
          <Bearing>191</Bearing>
          <Delay>PT0S</Delay>
          <VehicleRef>TAC10206</VehicleRef>
          <MonitoredCall>
            <StopPointRef>TIC_INT:StopPoint:BP:LCOMA2:LOC</StopPointRef>
            <Order>5</Order>
          </MonitoredCall>
        </MonitoredVehicleJourney>
      </VehicleActivity>
      <VehicleActivity>
        <RecordedAtTime>0001-01-01T00:00:00</RecordedAtTime>
        <ItemIdentifier>638926856245207373</ItemIdentifier>
        <ValidUntilTime>0001-01-01T00:00:00</ValidUntilTime>
        <VehicleMonitoringRef>TIC_INT:TAC10215</VehicleMonitoringRef>
        <MonitoredVehicleJourney>
          <LineRef>TIC_INT:Line:112:LOC</LineRef>
          <DirectionRef>retour</DirectionRef>
          <FramedVehicleJourneyRef>
            <DataFrameRef>2025-09-05</DataFrameRef>
            <DatedVehicleJourneyRef>TIC_INT:VehicleJourney:7743:LOC</DatedVehicleJourneyRef>
          </FramedVehicleJourneyRef>
          <JourneyPatternRef>TIC_INT:JourneyPattern:153:LOC</JourneyPatternRef>
          <VehicleMode>BUS</VehicleMode>
          <OperatorRef>TIC_INT</OperatorRef>
          <OriginRef>TIC_INT:StopPoint:BP:CDAIL3:LOC</OriginRef>
          <OriginName xml:lang="FR">Lycée P. D'Ailly</OriginName>
          <DestinationRef>TIC_INT:StopPoint:BP:VBICO1:LOC</DestinationRef>
          <DestinationName xml:lang="FR">VERBERIE - Collège d'Aramont</DestinationName>
          <Monitored>true</Monitored>
          <VehicleLocation>
            <Longitude>2.83504610615329</Longitude>
            <Latitude>49.404378211145</Latitude>
          </VehicleLocation>
          <Bearing>233</Bearing>
          <Delay>PT0S</Delay>
          <VehicleRef>TAC10215</VehicleRef>
          <MonitoredCall>
            <StopPointRef>TIC_INT:StopPoint:BP:CDAIL3:LOC</StopPointRef>
            <Order>1</Order>
          </MonitoredCall>
        </MonitoredVehicleJourney>
      </VehicleActivity>
      <VehicleActivity>
        <RecordedAtTime>0001-01-01T00:00:00</RecordedAtTime>
        <ItemIdentifier>638926856245207374</ItemIdentifier>
        <ValidUntilTime>0001-01-01T00:00:00</ValidUntilTime>
        <VehicleMonitoringRef>TIC_INT:RCH12499</VehicleMonitoringRef>
        <MonitoredVehicleJourney>
          <LineRef>TIC_INT:Line:Sco ARA:LOC</LineRef>
          <DirectionRef>retour</DirectionRef>
          <FramedVehicleJourneyRef>
            <DataFrameRef>2025-09-05</DataFrameRef>
            <DatedVehicleJourneyRef>TIC_INT:VehicleJourney:7853:LOC</DatedVehicleJourneyRef>
          </FramedVehicleJourneyRef>
          <JourneyPatternRef>TIC_INT:JourneyPattern:167:LOC</JourneyPatternRef>
          <VehicleMode>SCOLAIRE</VehicleMode>
          <OperatorRef>TIC_INT</OperatorRef>
          <OriginRef>TIC_INT:StopPoint:BP:VBICO3:LOC</OriginRef>
          <OriginName xml:lang="FR">VERBERIE - Collège</OriginName>
          <DestinationRef>TIC_INT:StopPoint:BP:BTIPL3:LOC</DestinationRef>
          <DestinationName xml:lang="FR">Béthisy StP Place</DestinationName>
          <Monitored>true</Monitored>
          <VehicleLocation>
            <Longitude>2.71919831883446</Longitude>
            <Latitude>49.3077322896089</Latitude>
          </VehicleLocation>
          <Bearing>240</Bearing>
          <Delay>PT0S</Delay>
          <VehicleRef>RCH12499</VehicleRef>
          <MonitoredCall>
            <StopPointRef>TIC_INT:StopPoint:BP:VBICO3:LOC</StopPointRef>
            <Order>1</Order>
          </MonitoredCall>
        </MonitoredVehicleJourney>
      </VehicleActivity>
      <VehicleActivity>
        <RecordedAtTime>0001-01-01T00:00:00</RecordedAtTime>
        <ItemIdentifier>638926856245207375</ItemIdentifier>
        <ValidUntilTime>0001-01-01T00:00:00</ValidUntilTime>
        <VehicleMonitoringRef>TIC_INT:TAC11045</VehicleMonitoringRef>
        <MonitoredVehicleJourney>
          <LineRef>TIC_INT:Line:Sco JV:LOC</LineRef>
          <DirectionRef>retour</DirectionRef>
          <FramedVehicleJourneyRef>
            <DataFrameRef>2025-09-05</DataFrameRef>
            <DatedVehicleJourneyRef>TIC_INT:VehicleJourney:7781:LOC</DatedVehicleJourneyRef>
          </FramedVehicleJourneyRef>
          <JourneyPatternRef>TIC_INT:JourneyPattern:186:LOC</JourneyPatternRef>
          <VehicleMode>SCOLAIRE</VehicleMode>
          <OperatorRef>TIC_INT</OperatorRef>
          <OriginRef>TIC_INT:StopPoint:BP:LCOCO3:LOC</OriginRef>
          <OriginName xml:lang="FR">LACROIX-SAINT-OUEN - Collège J. Verne</OriginName>
          <DestinationRef>TIC_INT:StopPoint:BP:SSVEG3:LOC</DestinationRef>
          <DestinationName xml:lang="FR">SAINT-SAUVEUR- Eglise</DestinationName>
          <Monitored>true</Monitored>
          <VehicleLocation>
            <Longitude>2.78199058912064</Longitude>
            <Latitude>49.3162579388408</Latitude>
          </VehicleLocation>
          <Bearing>39</Bearing>
          <Delay>-PT4M9S</Delay>
          <VehicleRef>TAC11045</VehicleRef>
          <MonitoredCall>
            <StopPointRef>TIC_INT:StopPoint:BP:SSVEG3:LOC</StopPointRef>
            <Order>8</Order>
          </MonitoredCall>
        </MonitoredVehicleJourney>
      </VehicleActivity>
      <VehicleActivity>
        <RecordedAtTime>0001-01-01T00:00:00</RecordedAtTime>
        <ItemIdentifier>638926856245207376</ItemIdentifier>
        <ValidUntilTime>0001-01-01T00:00:00</ValidUntilTime>
        <VehicleMonitoringRef>TIC_INT:TAC10206</VehicleMonitoringRef>
        <MonitoredVehicleJourney>
          <LineRef>TIC_INT:Line:ARC Express:LOC</LineRef>
          <DirectionRef>aller</DirectionRef>
          <FramedVehicleJourneyRef>
            <DataFrameRef>2025-09-05</DataFrameRef>
            <DatedVehicleJourneyRef>TIC_INT:VehicleJourney:6887:LOC</DatedVehicleJourneyRef>
          </FramedVehicleJourneyRef>
          <JourneyPatternRef>TIC_INT:JourneyPattern:52:LOC</JourneyPatternRef>
          <VehicleMode>BUS</VehicleMode>
          <OperatorRef>TIC_INT</OperatorRef>
          <OriginRef>TIC_INT:StopPoint:BP:CGAREJ:LOC</OriginRef>
          <OriginName xml:lang="FR">COMPIEGNE GARE-J.D'ARC</OriginName>
          <DestinationRef>TIC_INT:StopPoint:BP:LCOMA1:LOC</DestinationRef>
          <DestinationName xml:lang="FR">LA CROIX-SAINT-OUEN - Matra</DestinationName>
          <Monitored>true</Monitored>
          <VehicleLocation>
            <Longitude>2.787660275906</Longitude>
            <Latitude>49.3585973192771</Latitude>
          </VehicleLocation>
          <Bearing>354</Bearing>
          <Delay>-PT3M4S</Delay>
          <VehicleRef>TAC10206</VehicleRef>
          <MonitoredCall>
            <StopPointRef>TIC_INT:StopPoint:BP:LCOMA1:LOC</StopPointRef>
            <Order>8</Order>
          </MonitoredCall>
        </MonitoredVehicleJourney>
      </VehicleActivity>
      <VehicleActivity>
        <RecordedAtTime>0001-01-01T00:00:00</RecordedAtTime>
        <ItemIdentifier>638926856245207377</ItemIdentifier>
        <ValidUntilTime>0001-01-01T00:00:00</ValidUntilTime>
        <VehicleMonitoringRef>TIC_INT:RCH1341</VehicleMonitoringRef>
        <MonitoredVehicleJourney>
          <LineRef>TIC_INT:Line:Sco ARA:LOC</LineRef>
          <DirectionRef>retour</DirectionRef>
          <FramedVehicleJourneyRef>
            <DataFrameRef>2025-09-05</DataFrameRef>
            <DatedVehicleJourneyRef>TIC_INT:VehicleJourney:7851:LOC</DatedVehicleJourneyRef>
          </FramedVehicleJourneyRef>
          <JourneyPatternRef>TIC_INT:JourneyPattern:166:LOC</JourneyPatternRef>
          <VehicleMode>SCOLAIRE</VehicleMode>
          <OperatorRef>TIC_INT</OperatorRef>
          <OriginRef>TIC_INT:StopPoint:BP:VBICO3:LOC</OriginRef>
          <OriginName xml:lang="FR">VERBERIE - Collège</OriginName>
          <DestinationRef>TIC_INT:StopPoint:BP:HULAR3:LOC</DestinationRef>
          <DestinationName xml:lang="FR">NERY - Huleux</DestinationName>
          <Monitored>true</Monitored>
          <VehicleLocation>
            <Longitude>2.71881421201419</Longitude>
            <Latitude>49.3075785773767</Latitude>
          </VehicleLocation>
          <Bearing>241</Bearing>
          <Delay>PT0S</Delay>
          <VehicleRef>RCH1341</VehicleRef>
          <MonitoredCall>
            <StopPointRef>TIC_INT:StopPoint:BP:VBICO3:LOC</StopPointRef>
            <Order>1</Order>
          </MonitoredCall>
        </MonitoredVehicleJourney>
      </VehicleActivity>
      <VehicleActivity>
        <RecordedAtTime>0001-01-01T00:00:00</RecordedAtTime>
        <ItemIdentifier>638926856245207378</ItemIdentifier>
        <ValidUntilTime>0001-01-01T00:00:00</ValidUntilTime>
        <VehicleMonitoringRef>TIC_INT:RCH1344</VehicleMonitoringRef>
        <MonitoredVehicleJourney>
          <LineRef>TIC_INT:Line:Sco JV:LOC</LineRef>
          <DirectionRef>retour</DirectionRef>
          <FramedVehicleJourneyRef>
            <DataFrameRef>2025-09-05</DataFrameRef>
            <DatedVehicleJourneyRef>TIC_INT:VehicleJourney:7790:LOC</DatedVehicleJourneyRef>
          </FramedVehicleJourneyRef>
          <JourneyPatternRef>TIC_INT:JourneyPattern:192:LOC</JourneyPatternRef>
          <VehicleMode>SCOLAIRE</VehicleMode>
          <OperatorRef>TIC_INT</OperatorRef>
          <OriginRef>TIC_INT:StopPoint:BP:LCOCO3:LOC</OriginRef>
          <OriginName xml:lang="FR">LACROIX-SAINT-OUEN - Collège J. Verne</OriginName>
          <DestinationRef>TIC_INT:StopPoint:BP:LMECR3:LOC</DestinationRef>
          <DestinationName xml:lang="FR">LE MEUX - Croisette</DestinationName>
          <Monitored>true</Monitored>
          <VehicleLocation>
            <Longitude>2.74726358473948</Longitude>
            <Latitude>49.3627533423248</Latitude>
          </VehicleLocation>
          <Bearing>138</Bearing>
          <Delay>-PT8M10S</Delay>
          <VehicleRef>RCH1344</VehicleRef>
          <MonitoredCall>
            <StopPointRef>TIC_INT:StopPoint:BP:LMECR3:LOC</StopPointRef>
            <Order>16</Order>
          </MonitoredCall>
        </MonitoredVehicleJourney>
      </VehicleActivity>
      <VehicleActivity>
        <RecordedAtTime>0001-01-01T00:00:00</RecordedAtTime>
        <ItemIdentifier>638926856245207379</ItemIdentifier>
        <ValidUntilTime>0001-01-01T00:00:00</ValidUntilTime>
        <VehicleMonitoringRef>TIC_INT:TAC10204</VehicleMonitoringRef>
        <MonitoredVehicleJourney>
          <LineRef>TIC_INT:Line:ARC Express:LOC</LineRef>
          <DirectionRef>aller</DirectionRef>
          <FramedVehicleJourneyRef>
            <DataFrameRef>2025-09-05</DataFrameRef>
            <DatedVehicleJourneyRef>TIC_INT:VehicleJourney:7665:LOC</DatedVehicleJourneyRef>
          </FramedVehicleJourneyRef>
          <JourneyPatternRef>TIC_INT:JourneyPattern:55:LOC</JourneyPatternRef>
          <VehicleMode>BUS</VehicleMode>
          <OperatorRef>TIC_INT</OperatorRef>
          <OriginRef>TIC_INT:StopPoint:BP:CGAREJ:LOC</OriginRef>
          <OriginName xml:lang="FR">COMPIEGNE GARE-J.D'ARC</OriginName>
          <DestinationRef>TIC_INT:StopPoint:BP:VBIAR1:LOC</DestinationRef>
          <DestinationName xml:lang="FR">VERBERIE - Aramont</DestinationName>
          <Monitored>true</Monitored>
          <VehicleLocation>
            <Longitude>2.7913412557637</Longitude>
            <Latitude>49.394369541317</Latitude>
          </VehicleLocation>
          <Bearing>242</Bearing>
          <Delay>PT2M54S</Delay>
          <VehicleRef>TAC10204</VehicleRef>
          <MonitoredCall>
            <StopPointRef>TIC_INT:StopPoint:BP:CMERC1:LOC</StopPointRef>
            <Order>5</Order>
          </MonitoredCall>
        </MonitoredVehicleJourney>
      </VehicleActivity>
      <VehicleActivity>
        <RecordedAtTime>0001-01-01T00:00:00</RecordedAtTime>
        <ItemIdentifier>638926856245207380</ItemIdentifier>
        <ValidUntilTime>0001-01-01T00:00:00</ValidUntilTime>
        <VehicleMonitoringRef>TIC_INT:TAC10212</VehicleMonitoringRef>
        <MonitoredVehicleJourney>
          <LineRef>TIC_INT:Line:Sco DEB2:LOC</LineRef>
          <DirectionRef>retour</DirectionRef>
          <FramedVehicleJourneyRef>
            <DataFrameRef>2025-09-05</DataFrameRef>
            <DatedVehicleJourneyRef>TIC_INT:VehicleJourney:7822:LOC</DatedVehicleJourneyRef>
          </FramedVehicleJourneyRef>
          <JourneyPatternRef>TIC_INT:JourneyPattern:181:LOC</JourneyPatternRef>
          <VehicleMode>SCOLAIRE</VehicleMode>
          <OperatorRef>TIC_INT</OperatorRef>
          <OriginRef>TIC_INT:StopPoint:BP:MGYDB1:LOC</OriginRef>
          <OriginName xml:lang="FR">MARGNY - Collège Debussy</OriginName>
          <DestinationRef>TIC_INT:StopPoint:BP:JANVI3:LOC</DestinationRef>
          <DestinationName xml:lang="FR">JANVILLE -Janville</DestinationName>
          <Monitored>true</Monitored>
          <VehicleLocation>
            <Longitude>2.86268453924276</Longitude>
            <Latitude>49.4529306114358</Latitude>
          </VehicleLocation>
          <Bearing>320</Bearing>
          <Delay>-PT3M46S</Delay>
          <VehicleRef>TAC10212</VehicleRef>
          <MonitoredCall>
            <StopPointRef>TIC_INT:StopPoint:BP:JANVI3:LOC</StopPointRef>
            <Order>16</Order>
          </MonitoredCall>
        </MonitoredVehicleJourney>
      </VehicleActivity>
      <VehicleActivity>
        <RecordedAtTime>0001-01-01T00:00:00</RecordedAtTime>
        <ItemIdentifier>638926856245207381</ItemIdentifier>
        <ValidUntilTime>0001-01-01T00:00:00</ValidUntilTime>
        <VehicleMonitoringRef>TIC_INT:RCH12498</VehicleMonitoringRef>
        <MonitoredVehicleJourney>
          <LineRef>TIC_INT:Line:Sco ARA:LOC</LineRef>
          <DirectionRef>retour</DirectionRef>
          <FramedVehicleJourneyRef>
            <DataFrameRef>2025-09-05</DataFrameRef>
            <DatedVehicleJourneyRef>TIC_INT:VehicleJourney:7847:LOC</DatedVehicleJourneyRef>
          </FramedVehicleJourneyRef>
          <JourneyPatternRef>TIC_INT:JourneyPattern:161:LOC</JourneyPatternRef>
          <VehicleMode>SCOLAIRE</VehicleMode>
          <OperatorRef>TIC_INT</OperatorRef>
          <OriginRef>TIC_INT:StopPoint:BP:VBICO3:LOC</OriginRef>
          <OriginName xml:lang="FR">VERBERIE - Collège</OriginName>
          <DestinationRef>TIC_INT:StopPoint:BP:BTICL2:LOC</DestinationRef>
          <DestinationName xml:lang="FR">Béthisy Clos Cadot</DestinationName>
          <Monitored>true</Monitored>
          <VehicleLocation>
            <Longitude>2.71899244394684</Longitude>
            <Latitude>49.3076688854715</Latitude>
          </VehicleLocation>
          <Bearing>239</Bearing>
          <Delay>PT0S</Delay>
          <VehicleRef>RCH12498</VehicleRef>
          <MonitoredCall>
            <StopPointRef>TIC_INT:StopPoint:BP:VBICO3:LOC</StopPointRef>
            <Order>1</Order>
          </MonitoredCall>
        </MonitoredVehicleJourney>
      </VehicleActivity>
      <VehicleActivity>
        <RecordedAtTime>0001-01-01T00:00:00</RecordedAtTime>
        <ItemIdentifier>638926856245207382</ItemIdentifier>
        <ValidUntilTime>0001-01-01T00:00:00</ValidUntilTime>
        <VehicleMonitoringRef>TIC_INT:TAC10216</VehicleMonitoringRef>
        <MonitoredVehicleJourney>
          <LineRef>TIC_INT:Line:101:LOC</LineRef>
          <DirectionRef>retour</DirectionRef>
          <FramedVehicleJourneyRef>
            <DataFrameRef>2025-09-05</DataFrameRef>
            <DatedVehicleJourneyRef>TIC_INT:VehicleJourney:6327:LOC</DatedVehicleJourneyRef>
          </FramedVehicleJourneyRef>
          <JourneyPatternRef>TIC_INT:JourneyPattern:89:LOC</JourneyPatternRef>
          <VehicleMode>BUS</VehicleMode>
          <OperatorRef>TIC_INT</OperatorRef>
          <OriginRef>TIC_INT:StopPoint:BP:CCBAC3:LOC</OriginRef>
          <OriginName xml:lang="FR">Collège Ferdinand Bac</OriginName>
          <DestinationRef>TIC_INT:StopPoint:BP:SJBBR3:LOC</DestinationRef>
          <DestinationName xml:lang="FR">ST-JEAN-AUX-BOIS - La Brévière</DestinationName>
          <Monitored>true</Monitored>
          <VehicleLocation>
            <Longitude>2.83457219319057</Longitude>
            <Latitude>49.4147051363788</Latitude>
          </VehicleLocation>
          <Bearing>140</Bearing>
          <Delay>PT7M14S</Delay>
          <VehicleRef>TAC10216</VehicleRef>
          <MonitoredCall>
            <StopPointRef>TIC_INT:StopPoint:BP:VMOUL3:LOC</StopPointRef>
            <Order>8</Order>
          </MonitoredCall>
        </MonitoredVehicleJourney>
      </VehicleActivity>
      <VehicleActivity>
        <RecordedAtTime>0001-01-01T00:00:00</RecordedAtTime>
        <ItemIdentifier>638926856245207383</ItemIdentifier>
        <ValidUntilTime>0001-01-01T00:00:00</ValidUntilTime>
        <VehicleMonitoringRef>TIC_INT:TAC11050</VehicleMonitoringRef>
        <MonitoredVehicleJourney>
          <LineRef>TIC_INT:Line:Sco LYC:LOC</LineRef>
          <DirectionRef>retour</DirectionRef>
          <FramedVehicleJourneyRef>
            <DataFrameRef>2025-09-05</DataFrameRef>
            <DatedVehicleJourneyRef>TIC_INT:VehicleJourney:7768:LOC</DatedVehicleJourneyRef>
          </FramedVehicleJourneyRef>
          <JourneyPatternRef>TIC_INT:JourneyPattern:193:LOC</JourneyPatternRef>
          <VehicleMode>SCOLAIRE</VehicleMode>
          <OperatorRef>TIC_INT</OperatorRef>
          <OriginRef>TIC_INT:StopPoint:BP:CPISC2:LOC</OriginRef>
          <OriginName xml:lang="FR">Piscine</OriginName>
          <DestinationRef>TIC_INT:StopPoint:BP:CGAREJ:LOC</DestinationRef>
          <DestinationName xml:lang="FR">COMPIEGNE GARE-J.D'ARC</DestinationName>
          <Monitored>true</Monitored>
          <VehicleLocation>
            <Longitude>2.80734957592299</Longitude>
            <Latitude>49.4295133695277</Latitude>
          </VehicleLocation>
          <Bearing>230</Bearing>
          <Delay>PT0S</Delay>
          <VehicleRef>TAC11050</VehicleRef>
          <MonitoredCall>
            <StopPointRef>TIC_INT:StopPoint:BP:CPISC2:LOC</StopPointRef>
            <Order>1</Order>
          </MonitoredCall>
        </MonitoredVehicleJourney>
      </VehicleActivity>
      <VehicleActivity>
        <RecordedAtTime>0001-01-01T00:00:00</RecordedAtTime>
        <ItemIdentifier>638926856245207384</ItemIdentifier>
        <ValidUntilTime>0001-01-01T00:00:00</ValidUntilTime>
        <VehicleMonitoringRef>TIC_INT:RCH1342</VehicleMonitoringRef>
        <MonitoredVehicleJourney>
          <LineRef>TIC_INT:Line:105:LOC</LineRef>
          <DirectionRef>retour</DirectionRef>
          <FramedVehicleJourneyRef>
            <DataFrameRef>2025-09-05</DataFrameRef>
            <DatedVehicleJourneyRef>TIC_INT:VehicleJourney:7727:LOC</DatedVehicleJourneyRef>
          </FramedVehicleJourneyRef>
          <JourneyPatternRef>TIC_INT:JourneyPattern:110:LOC</JourneyPatternRef>
          <VehicleMode>BUS</VehicleMode>
          <OperatorRef>TIC_INT</OperatorRef>
          <OriginRef>TIC_INT:StopPoint:BP:CGARE3:LOC</OriginRef>
          <OriginName xml:lang="FR">COMPIEGNE GARE-Quai de la République</OriginName>
          <DestinationRef>TIC_INT:StopPoint:BP:VBIEG3:LOC</DestinationRef>
          <DestinationName xml:lang="FR">VERBERIE - Église</DestinationName>
          <Monitored>true</Monitored>
          <VehicleLocation>
            <Longitude>2.78983897550593</Longitude>
            <Latitude>49.3575224680959</Latitude>
          </VehicleLocation>
          <Bearing>222</Bearing>
          <Delay>PT1M36S</Delay>
          <VehicleRef>RCH1342</VehicleRef>
          <MonitoredCall>
            <StopPointRef>TIC_INT:StopPoint:BP:SVLFI3:LOC</StopPointRef>
            <Order>37</Order>
          </MonitoredCall>
        </MonitoredVehicleJourney>
      </VehicleActivity>
    </VehicleMonitoringDelivery>
  </ServiceDelivery>
  <Extensions />
</Siri>