<?xml version="1.0" encoding="UTF-8"?>
<PublicationDelivery xmlns:xsi="http://www.w3.org/2001/XMLSchema-instance"
                     xsi:schemaLocation="http://www.netex.org.uk/netex"
                     xmlns="http://www.netex.org.uk/netex"
                     xmlns:xlink="http://www.w3.org/1999/xlink"
                     xmlns:ifopt="http://www.ifopt.org.uk/ifopt"
                     xmlns:gml="http://www.opengis.net/gml/3.2"
                     xmlns:core="http://www.govtalk.gov.uk/core"
                     xmlns:siri="http://www.siri.org.uk/siri"
                     version="1.10:FR-NETEX-2.2">
   <PublicationTimestamp>2025-06-27T23:13:54+02:00</PublicationTimestamp>
   <ParticipantRef>CYPRE</ParticipantRef>
   <Description>Offre sur la période du 27/06/2025 au 31/12/2025</Description>
   <dataObjects>
      <CompositeFrame id="FR:CompositeFrame:NETEX_FRANCE-20250627T231354:LOC" version="1.0">
         <FrameDefaults>
            <DefaultLocale>
               <TimeZone>Europe/Paris</TimeZone>
               <DefaultLanguage>fr</DefaultLanguage>
            </DefaultLocale>
            <DefaultLocationSystem>WGS84</DefaultLocationSystem>
            <DefaultSystemOfUnits>SiMetres</DefaultSystemOfUnits>
         </FrameDefaults>
         <frames>
            <ResourceFrame id="FR:ResourceFrame:1" version="any">
               <typesOfValue>
                  <ValueSet id="FR:ValueSet:TypeOfFrame" nameOfClass="TypeOfFrame" version="any">
                     <Name>TypeOfFrame</Name>
                     <values>
                        <TypeOfFrame id="FR:TypeOfFrame:NETEX_CALENDRIER" version="any">
                           <Name>NETEX_CALENDRIER</Name>
                        </TypeOfFrame>
                     </values>
                  </ValueSet>
               </typesOfValue>
            </ResourceFrame>
            <GeneralFrame id="FR:GeneralFrame:NETEX_CALENDRIER-20250627T231354:LOC" version="1.0" dataSourceRef="CYPRE">
               <ValidBetween>
                  <FromDate>2025-06-27T00:00:00</FromDate>
                  <ToDate>2025-12-31T00:00:00</ToDate>
               </ValidBetween>
               <TypeOfFrameRef ref="FR:TypeOfFrame:NETEX_CALENDRIER"/>
               <members>
                  <DayType id="CYPRE:DayType:2620xSemaine127:LOC" version="1">
                     <Name>Semaine</Name>
                     <properties>
                        <PropertyOfDay>
                           <DaysOfWeek>Sunday</DaysOfWeek>
                        </PropertyOfDay>
                        <PropertyOfDay>
                           <DaysOfWeek>Saturday</DaysOfWeek>
                        </PropertyOfDay>
                        <PropertyOfDay>
                           <DaysOfWeek>Friday</DaysOfWeek>
                        </PropertyOfDay>
                        <PropertyOfDay>
                           <DaysOfWeek>Thursday</DaysOfWeek>
                        </PropertyOfDay>
                        <PropertyOfDay>
                           <DaysOfWeek>Wednesday</DaysOfWeek>
                        </PropertyOfDay>
                        <PropertyOfDay>
                           <DaysOfWeek>Tuesday</DaysOfWeek>
                        </PropertyOfDay>
                        <PropertyOfDay>
                           <DaysOfWeek>Monday</DaysOfWeek>
                        </PropertyOfDay>
                     </properties>
                  </DayType>
                  <DayType id="CYPRE:DayType:2620xSemainexxxT1xetxT7127:LOC" version="1">
                     <Name>Semaine / T1 et T7</Name>
                     <properties>
                        <PropertyOfDay>
                           <DaysOfWeek>Sunday</DaysOfWeek>
                        </PropertyOfDay>
                        <PropertyOfDay>
                           <DaysOfWeek>Saturday</DaysOfWeek>
                        </PropertyOfDay>
                        <PropertyOfDay>
                           <DaysOfWeek>Friday</DaysOfWeek>
                        </PropertyOfDay>
                        <PropertyOfDay>
                           <DaysOfWeek>Thursday</DaysOfWeek>
                        </PropertyOfDay>
                        <PropertyOfDay>
                           <DaysOfWeek>Wednesday</DaysOfWeek>
                        </PropertyOfDay>
                        <PropertyOfDay>
                           <DaysOfWeek>Tuesday</DaysOfWeek>
                        </PropertyOfDay>
                        <PropertyOfDay>
                           <DaysOfWeek>Monday</DaysOfWeek>
                        </PropertyOfDay>
                     </properties>
                  </DayType>
                  <DayType id="CYPRE:DayType:2620xSemainexxxT10xetxT12127:LOC" version="1">
                     <Name>Semaine / T10 et T12</Name>
                     <properties>
                        <PropertyOfDay>
                           <DaysOfWeek>Sunday</DaysOfWeek>
                        </PropertyOfDay>
                        <PropertyOfDay>
                           <DaysOfWeek>Saturday</DaysOfWeek>
                        </PropertyOfDay>
                        <PropertyOfDay>
                           <DaysOfWeek>Friday</DaysOfWeek>
                        </PropertyOfDay>
                        <PropertyOfDay>
                           <DaysOfWeek>Thursday</DaysOfWeek>
                        </PropertyOfDay>
                        <PropertyOfDay>
                           <DaysOfWeek>Wednesday</DaysOfWeek>
                        </PropertyOfDay>
                        <PropertyOfDay>
                           <DaysOfWeek>Tuesday</DaysOfWeek>
                        </PropertyOfDay>
                        <PropertyOfDay>
                           <DaysOfWeek>Monday</DaysOfWeek>
                        </PropertyOfDay>
                     </properties>
                  </DayType>
                  <DayType id="CYPRE:DayType:2620xSemainexxxT2xetxT6127:LOC" version="1">
                     <Name>Semaine / T2 et T6</Name>
                     <properties>
                        <PropertyOfDay>
                           <DaysOfWeek>Sunday</DaysOfWeek>
                        </PropertyOfDay>
                        <PropertyOfDay>
                           <DaysOfWeek>Saturday</DaysOfWeek>
                        </PropertyOfDay>
                        <PropertyOfDay>
                           <DaysOfWeek>Friday</DaysOfWeek>
                        </PropertyOfDay>
                        <PropertyOfDay>
                           <DaysOfWeek>Thursday</DaysOfWeek>
                        </PropertyOfDay>
                        <PropertyOfDay>
                           <DaysOfWeek>Wednesday</DaysOfWeek>
                        </PropertyOfDay>
                        <PropertyOfDay>
                           <DaysOfWeek>Tuesday</DaysOfWeek>
                        </PropertyOfDay>
                        <PropertyOfDay>
                           <DaysOfWeek>Monday</DaysOfWeek>
                        </PropertyOfDay>
                     </properties>
                  </DayType>
                  <DayType id="CYPRE:DayType:2620xSemainexxxT3xetxT8127:LOC" version="1">
                     <Name>Semaine / T3 et T8</Name>
                     <properties>
                        <PropertyOfDay>
                           <DaysOfWeek>Sunday</DaysOfWeek>
                        </PropertyOfDay>
                        <PropertyOfDay>
                           <DaysOfWeek>Saturday</DaysOfWeek>
                        </PropertyOfDay>
                        <PropertyOfDay>
                           <DaysOfWeek>Friday</DaysOfWeek>
                        </PropertyOfDay>
                        <PropertyOfDay>
                           <DaysOfWeek>Thursday</DaysOfWeek>
                        </PropertyOfDay>
                        <PropertyOfDay>
                           <DaysOfWeek>Wednesday</DaysOfWeek>
                        </PropertyOfDay>
                        <PropertyOfDay>
                           <DaysOfWeek>Tuesday</DaysOfWeek>
                        </PropertyOfDay>
                        <PropertyOfDay>
                           <DaysOfWeek>Monday</DaysOfWeek>
                        </PropertyOfDay>
                     </properties>
                  </DayType>
                  <DayType id="CYPRE:DayType:2620xSemainexxxT4xetxT9127:LOC" version="1">
                     <Name>Semaine / T4 et T9</Name>
                     <properties>
                        <PropertyOfDay>
                           <DaysOfWeek>Sunday</DaysOfWeek>
                        </PropertyOfDay>
                        <PropertyOfDay>
                           <DaysOfWeek>Saturday</DaysOfWeek>
                        </PropertyOfDay>
                        <PropertyOfDay>
                           <DaysOfWeek>Friday</DaysOfWeek>
                        </PropertyOfDay>
                        <PropertyOfDay>
                           <DaysOfWeek>Thursday</DaysOfWeek>
                        </PropertyOfDay>
                        <PropertyOfDay>
                           <DaysOfWeek>Wednesday</DaysOfWeek>
                        </PropertyOfDay>
                        <PropertyOfDay>
                           <DaysOfWeek>Tuesday</DaysOfWeek>
                        </PropertyOfDay>
                        <PropertyOfDay>
                           <DaysOfWeek>Monday</DaysOfWeek>
                        </PropertyOfDay>
                     </properties>
                  </DayType>
                  <DayType id="CYPRE:DayType:2620xSemainexxxT5xetxT11127:LOC" version="1">
                     <Name>Semaine / T5 et T11</Name>
                     <properties>
                        <PropertyOfDay>
                           <DaysOfWeek>Sunday</DaysOfWeek>
                        </PropertyOfDay>
                        <PropertyOfDay>
                           <DaysOfWeek>Saturday</DaysOfWeek>
                        </PropertyOfDay>
                        <PropertyOfDay>
                           <DaysOfWeek>Friday</DaysOfWeek>
                        </PropertyOfDay>
                        <PropertyOfDay>
                           <DaysOfWeek>Thursday</DaysOfWeek>
                        </PropertyOfDay>
                        <PropertyOfDay>
                           <DaysOfWeek>Wednesday</DaysOfWeek>
                        </PropertyOfDay>
                        <PropertyOfDay>
                           <DaysOfWeek>Tuesday</DaysOfWeek>
                        </PropertyOfDay>
                        <PropertyOfDay>
                           <DaysOfWeek>Monday</DaysOfWeek>
                        </PropertyOfDay>
                     </properties>
                  </DayType>
                  <DayType id="CYPRE:DayType:2620xSam127:LOC" version="1">
                     <Name>Sam</Name>
                     <properties>
                        <PropertyOfDay>
                           <DaysOfWeek>Sunday</DaysOfWeek>
                        </PropertyOfDay>
                        <PropertyOfDay>
                           <DaysOfWeek>Saturday</DaysOfWeek>
                        </PropertyOfDay>
                        <PropertyOfDay>
                           <DaysOfWeek>Friday</DaysOfWeek>
                        </PropertyOfDay>
                        <PropertyOfDay>
                           <DaysOfWeek>Thursday</DaysOfWeek>
                        </PropertyOfDay>
                        <PropertyOfDay>
                           <DaysOfWeek>Wednesday</DaysOfWeek>
                        </PropertyOfDay>
                        <PropertyOfDay>
                           <DaysOfWeek>Tuesday</DaysOfWeek>
                        </PropertyOfDay>
                        <PropertyOfDay>
                           <DaysOfWeek>Monday</DaysOfWeek>
                        </PropertyOfDay>
                     </properties>
                  </DayType>
                  <DayTypeAssignment id="CYPRE:DayTypeAssignment:1:LOC" version="any" order="0">
                     <Date>2025-06-27</Date>
                     <DayTypeRef ref="CYPRE:DayType:2620xSemaine127:LOC" versionRef="1"/>
                     <isAvailable>true</isAvailable>
                  </DayTypeAssignment>
                  <DayTypeAssignment id="CYPRE:DayTypeAssignment:2:LOC" version="any" order="0">
                     <Date>2025-06-30</Date>
                     <DayTypeRef ref="CYPRE:DayType:2620xSemaine127:LOC" versionRef="1"/>
                     <isAvailable>true</isAvailable>
                  </DayTypeAssignment>
                  <DayTypeAssignment id="CYPRE:DayTypeAssignment:3:LOC" version="any" order="0">
                     <Date>2025-07-01</Date>
                     <DayTypeRef ref="CYPRE:DayType:2620xSemaine127:LOC" versionRef="1"/>
                     <isAvailable>true</isAvailable>
                  </DayTypeAssignment>
                  <DayTypeAssignment id="CYPRE:DayTypeAssignment:4:LOC" version="any" order="0">
                     <Date>2025-07-02</Date>
                     <DayTypeRef ref="CYPRE:DayType:2620xSemaine127:LOC" versionRef="1"/>
                     <isAvailable>true</isAvailable>
                  </DayTypeAssignment>
                  <DayTypeAssignment id="CYPRE:DayTypeAssignment:5:LOC" version="any" order="0">
                     <Date>2025-07-03</Date>
                     <DayTypeRef ref="CYPRE:DayType:2620xSemaine127:LOC" versionRef="1"/>
                     <isAvailable>true</isAvailable>
                  </DayTypeAssignment>
                  <DayTypeAssignment id="CYPRE:DayTypeAssignment:6:LOC" version="any" order="0">
                     <Date>2025-07-04</Date>
                     <DayTypeRef ref="CYPRE:DayType:2620xSemaine127:LOC" versionRef="1"/>
                     <isAvailable>true</isAvailable>
                  </DayTypeAssignment>
                  <DayTypeAssignment id="CYPRE:DayTypeAssignment:7:LOC" version="any" order="0">
                     <Date>2025-08-11</Date>
                     <DayTypeRef ref="CYPRE:DayType:2620xSemaine127:LOC" versionRef="1"/>
                     <isAvailable>true</isAvailable>
                  </DayTypeAssignment>
                  <DayTypeAssignment id="CYPRE:DayTypeAssignment:8:LOC" version="any" order="0">
                     <Date>2025-08-12</Date>
                     <DayTypeRef ref="CYPRE:DayType:2620xSemaine127:LOC" versionRef="1"/>
                     <isAvailable>true</isAvailable>
                  </DayTypeAssignment>
                  <DayTypeAssignment id="CYPRE:DayTypeAssignment:9:LOC" version="any" order="0">
                     <Date>2025-08-13</Date>
                     <DayTypeRef ref="CYPRE:DayType:2620xSemaine127:LOC" versionRef="1"/>
                     <isAvailable>true</isAvailable>
                  </DayTypeAssignment>
                  <DayTypeAssignment id="CYPRE:DayTypeAssignment:10:LOC" version="any" order="0">
                     <Date>2025-08-14</Date>
                     <DayTypeRef ref="CYPRE:DayType:2620xSemaine127:LOC" versionRef="1"/>
                     <isAvailable>true</isAvailable>
                  </DayTypeAssignment>
                  <DayTypeAssignment id="CYPRE:DayTypeAssignment:11:LOC" version="any" order="0">
                     <Date>2025-08-18</Date>
                     <DayTypeRef ref="CYPRE:DayType:2620xSemaine127:LOC" versionRef="1"/>
                     <isAvailable>true</isAvailable>
                  </DayTypeAssignment>
                  <DayTypeAssignment id="CYPRE:DayTypeAssignment:12:LOC" version="any" order="0">
                     <Date>2025-08-19</Date>
                     <DayTypeRef ref="CYPRE:DayType:2620xSemaine127:LOC" versionRef="1"/>
                     <isAvailable>true</isAvailable>
                  </DayTypeAssignment>
                  <DayTypeAssignment id="CYPRE:DayTypeAssignment:13:LOC" version="any" order="0">
                     <Date>2025-08-20</Date>
                     <DayTypeRef ref="CYPRE:DayType:2620xSemaine127:LOC" versionRef="1"/>
                     <isAvailable>true</isAvailable>
                  </DayTypeAssignment>
                  <DayTypeAssignment id="CYPRE:DayTypeAssignment:14:LOC" version="any" order="0">
                     <Date>2025-08-21</Date>
                     <DayTypeRef ref="CYPRE:DayType:2620xSemaine127:LOC" versionRef="1"/>
                     <isAvailable>true</isAvailable>
                  </DayTypeAssignment>
                  <DayTypeAssignment id="CYPRE:DayTypeAssignment:15:LOC" version="any" order="0">
                     <Date>2025-08-22</Date>
                     <DayTypeRef ref="CYPRE:DayType:2620xSemaine127:LOC" versionRef="1"/>
                     <isAvailable>true</isAvailable>
                  </DayTypeAssignment>
                  <DayTypeAssignment id="CYPRE:DayTypeAssignment:16:LOC" version="any" order="0">
                     <Date>2025-08-25</Date>
                     <DayTypeRef ref="CYPRE:DayType:2620xSemaine127:LOC" versionRef="1"/>
                     <isAvailable>true</isAvailable>
                  </DayTypeAssignment>
                  <DayTypeAssignment id="CYPRE:DayTypeAssignment:17:LOC" version="any" order="0">
                     <Date>2025-08-26</Date>
                     <DayTypeRef ref="CYPRE:DayType:2620xSemaine127:LOC" versionRef="1"/>
                     <isAvailable>true</isAvailable>
                  </DayTypeAssignment>
                  <DayTypeAssignment id="CYPRE:DayTypeAssignment:18:LOC" version="any" order="0">
                     <Date>2025-08-27</Date>
                     <DayTypeRef ref="CYPRE:DayType:2620xSemaine127:LOC" versionRef="1"/>
                     <isAvailable>true</isAvailable>
                  </DayTypeAssignment>
                  <DayTypeAssignment id="CYPRE:DayTypeAssignment:19:LOC" version="any" order="0">
                     <Date>2025-08-28</Date>
                     <DayTypeRef ref="CYPRE:DayType:2620xSemaine127:LOC" versionRef="1"/>
                     <isAvailable>true</isAvailable>
                  </DayTypeAssignment>
                  <DayTypeAssignment id="CYPRE:DayTypeAssignment:20:LOC" version="any" order="0">
                     <Date>2025-08-29</Date>
                     <DayTypeRef ref="CYPRE:DayType:2620xSemaine127:LOC" versionRef="1"/>
                     <isAvailable>true</isAvailable>
                  </DayTypeAssignment>
                  <DayTypeAssignment id="CYPRE:DayTypeAssignment:21:LOC" version="any" order="0">
                     <Date>2025-09-01</Date>
                     <DayTypeRef ref="CYPRE:DayType:2620xSemaine127:LOC" versionRef="1"/>
                     <isAvailable>true</isAvailable>
                  </DayTypeAssignment>
                  <DayTypeAssignment id="CYPRE:DayTypeAssignment:22:LOC" version="any" order="0">
                     <Date>2025-09-02</Date>
                     <DayTypeRef ref="CYPRE:DayType:2620xSemaine127:LOC" versionRef="1"/>
                     <isAvailable>true</isAvailable>
                  </DayTypeAssignment>
                  <DayTypeAssignment id="CYPRE:DayTypeAssignment:23:LOC" version="any" order="0">
                     <Date>2025-09-03</Date>
                     <DayTypeRef ref="CYPRE:DayType:2620xSemaine127:LOC" versionRef="1"/>
                     <isAvailable>true</isAvailable>
                  </DayTypeAssignment>
                  <DayTypeAssignment id="CYPRE:DayTypeAssignment:24:LOC" version="any" order="0">
                     <Date>2025-09-04</Date>
                     <DayTypeRef ref="CYPRE:DayType:2620xSemaine127:LOC" versionRef="1"/>
                     <isAvailable>true</isAvailable>
                  </DayTypeAssignment>
                  <DayTypeAssignment id="CYPRE:DayTypeAssignment:25:LOC" version="any" order="0">
                     <Date>2025-09-05</Date>
                     <DayTypeRef ref="CYPRE:DayType:2620xSemaine127:LOC" versionRef="1"/>
                     <isAvailable>true</isAvailable>
                  </DayTypeAssignment>
                  <DayTypeAssignment id="CYPRE:DayTypeAssignment:26:LOC" version="any" order="0">
                     <Date>2025-09-08</Date>
                     <DayTypeRef ref="CYPRE:DayType:2620xSemaine127:LOC" versionRef="1"/>
                     <isAvailable>true</isAvailable>
                  </DayTypeAssignment>
                  <DayTypeAssignment id="CYPRE:DayTypeAssignment:27:LOC" version="any" order="0">
                     <Date>2025-09-09</Date>
                     <DayTypeRef ref="CYPRE:DayType:2620xSemaine127:LOC" versionRef="1"/>
                     <isAvailable>true</isAvailable>
                  </DayTypeAssignment>
                  <DayTypeAssignment id="CYPRE:DayTypeAssignment:28:LOC" version="any" order="0">
                     <Date>2025-09-10</Date>
                     <DayTypeRef ref="CYPRE:DayType:2620xSemaine127:LOC" versionRef="1"/>
                     <isAvailable>true</isAvailable>
                  </DayTypeAssignment>
                  <DayTypeAssignment id="CYPRE:DayTypeAssignment:29:LOC" version="any" order="0">
                     <Date>2025-09-11</Date>
                     <DayTypeRef ref="CYPRE:DayType:2620xSemaine127:LOC" versionRef="1"/>
                     <isAvailable>true</isAvailable>
                  </DayTypeAssignment>
                  <DayTypeAssignment id="CYPRE:DayTypeAssignment:30:LOC" version="any" order="0">
                     <Date>2025-09-12</Date>
                     <DayTypeRef ref="CYPRE:DayType:2620xSemaine127:LOC" versionRef="1"/>
                     <isAvailable>true</isAvailable>
                  </DayTypeAssignment>
                  <DayTypeAssignment id="CYPRE:DayTypeAssignment:31:LOC" version="any" order="0">
                     <Date>2025-09-15</Date>
                     <DayTypeRef ref="CYPRE:DayType:2620xSemaine127:LOC" versionRef="1"/>
                     <isAvailable>true</isAvailable>
                  </DayTypeAssignment>
                  <DayTypeAssignment id="CYPRE:DayTypeAssignment:32:LOC" version="any" order="0">
                     <Date>2025-09-16</Date>
                     <DayTypeRef ref="CYPRE:DayType:2620xSemaine127:LOC" versionRef="1"/>
                     <isAvailable>true</isAvailable>
                  </DayTypeAssignment>
                  <DayTypeAssignment id="CYPRE:DayTypeAssignment:33:LOC" version="any" order="0">
                     <Date>2025-09-17</Date>
                     <DayTypeRef ref="CYPRE:DayType:2620xSemaine127:LOC" versionRef="1"/>
                     <isAvailable>true</isAvailable>
                  </DayTypeAssignment>
                  <DayTypeAssignment id="CYPRE:DayTypeAssignment:34:LOC" version="any" order="0">
                     <Date>2025-09-18</Date>
                     <DayTypeRef ref="CYPRE:DayType:2620xSemaine127:LOC" versionRef="1"/>
                     <isAvailable>true</isAvailable>
                  </DayTypeAssignment>
                  <DayTypeAssignment id="CYPRE:DayTypeAssignment:35:LOC" version="any" order="0">
                     <Date>2025-09-19</Date>
                     <DayTypeRef ref="CYPRE:DayType:2620xSemaine127:LOC" versionRef="1"/>
                     <isAvailable>true</isAvailable>
                  </DayTypeAssignment>
                  <DayTypeAssignment id="CYPRE:DayTypeAssignment:36:LOC" version="any" order="0">
                     <Date>2025-09-22</Date>
                     <DayTypeRef ref="CYPRE:DayType:2620xSemaine127:LOC" versionRef="1"/>
                     <isAvailable>true</isAvailable>
                  </DayTypeAssignment>
                  <DayTypeAssignment id="CYPRE:DayTypeAssignment:37:LOC" version="any" order="0">
                     <Date>2025-09-23</Date>
                     <DayTypeRef ref="CYPRE:DayType:2620xSemaine127:LOC" versionRef="1"/>
                     <isAvailable>true</isAvailable>
                  </DayTypeAssignment>
                  <DayTypeAssignment id="CYPRE:DayTypeAssignment:38:LOC" version="any" order="0">
                     <Date>2025-09-24</Date>
                     <DayTypeRef ref="CYPRE:DayType:2620xSemaine127:LOC" versionRef="1"/>
                     <isAvailable>true</isAvailable>
                  </DayTypeAssignment>
                  <DayTypeAssignment id="CYPRE:DayTypeAssignment:39:LOC" version="any" order="0">
                     <Date>2025-09-25</Date>
                     <DayTypeRef ref="CYPRE:DayType:2620xSemaine127:LOC" versionRef="1"/>
                     <isAvailable>true</isAvailable>
                  </DayTypeAssignment>
                  <DayTypeAssignment id="CYPRE:DayTypeAssignment:40:LOC" version="any" order="0">
                     <Date>2025-09-26</Date>
                     <DayTypeRef ref="CYPRE:DayType:2620xSemaine127:LOC" versionRef="1"/>
                     <isAvailable>true</isAvailable>
                  </DayTypeAssignment>
                  <DayTypeAssignment id="CYPRE:DayTypeAssignment:41:LOC" version="any" order="0">
                     <Date>2025-09-29</Date>
                     <DayTypeRef ref="CYPRE:DayType:2620xSemaine127:LOC" versionRef="1"/>
                     <isAvailable>true</isAvailable>
                  </DayTypeAssignment>
                  <DayTypeAssignment id="CYPRE:DayTypeAssignment:42:LOC" version="any" order="0">
                     <Date>2025-09-30</Date>
                     <DayTypeRef ref="CYPRE:DayType:2620xSemaine127:LOC" versionRef="1"/>
                     <isAvailable>true</isAvailable>
                  </DayTypeAssignment>
                  <DayTypeAssignment id="CYPRE:DayTypeAssignment:43:LOC" version="any" order="0">
                     <Date>2025-10-01</Date>
                     <DayTypeRef ref="CYPRE:DayType:2620xSemaine127:LOC" versionRef="1"/>
                     <isAvailable>true</isAvailable>
                  </DayTypeAssignment>
                  <DayTypeAssignment id="CYPRE:DayTypeAssignment:44:LOC" version="any" order="0">
                     <Date>2025-10-02</Date>
                     <DayTypeRef ref="CYPRE:DayType:2620xSemaine127:LOC" versionRef="1"/>
                     <isAvailable>true</isAvailable>
                  </DayTypeAssignment>
                  <DayTypeAssignment id="CYPRE:DayTypeAssignment:45:LOC" version="any" order="0">
                     <Date>2025-10-03</Date>
                     <DayTypeRef ref="CYPRE:DayType:2620xSemaine127:LOC" versionRef="1"/>
                     <isAvailable>true</isAvailable>
                  </DayTypeAssignment>
                  <DayTypeAssignment id="CYPRE:DayTypeAssignment:46:LOC" version="any" order="0">
                     <Date>2025-10-06</Date>
                     <DayTypeRef ref="CYPRE:DayType:2620xSemaine127:LOC" versionRef="1"/>
                     <isAvailable>true</isAvailable>
                  </DayTypeAssignment>
                  <DayTypeAssignment id="CYPRE:DayTypeAssignment:47:LOC" version="any" order="0">
                     <Date>2025-10-07</Date>
                     <DayTypeRef ref="CYPRE:DayType:2620xSemaine127:LOC" versionRef="1"/>
                     <isAvailable>true</isAvailable>
                  </DayTypeAssignment>
                  <DayTypeAssignment id="CYPRE:DayTypeAssignment:48:LOC" version="any" order="0">
                     <Date>2025-10-08</Date>
                     <DayTypeRef ref="CYPRE:DayType:2620xSemaine127:LOC" versionRef="1"/>
                     <isAvailable>true</isAvailable>
                  </DayTypeAssignment>
                  <DayTypeAssignment id="CYPRE:DayTypeAssignment:49:LOC" version="any" order="0">
                     <Date>2025-10-09</Date>
                     <DayTypeRef ref="CYPRE:DayType:2620xSemaine127:LOC" versionRef="1"/>
                     <isAvailable>true</isAvailable>
                  </DayTypeAssignment>
                  <DayTypeAssignment id="CYPRE:DayTypeAssignment:50:LOC" version="any" order="0">
                     <Date>2025-10-10</Date>
                     <DayTypeRef ref="CYPRE:DayType:2620xSemaine127:LOC" versionRef="1"/>
                     <isAvailable>true</isAvailable>
                  </DayTypeAssignment>
                  <DayTypeAssignment id="CYPRE:DayTypeAssignment:51:LOC" version="any" order="0">
                     <Date>2025-10-13</Date>
                     <DayTypeRef ref="CYPRE:DayType:2620xSemaine127:LOC" versionRef="1"/>
                     <isAvailable>true</isAvailable>
                  </DayTypeAssignment>
                  <DayTypeAssignment id="CYPRE:DayTypeAssignment:52:LOC" version="any" order="0">
                     <Date>2025-10-14</Date>
                     <DayTypeRef ref="CYPRE:DayType:2620xSemaine127:LOC" versionRef="1"/>
                     <isAvailable>true</isAvailable>
                  </DayTypeAssignment>
                  <DayTypeAssignment id="CYPRE:DayTypeAssignment:53:LOC" version="any" order="0">
                     <Date>2025-10-15</Date>
                     <DayTypeRef ref="CYPRE:DayType:2620xSemaine127:LOC" versionRef="1"/>
                     <isAvailable>true</isAvailable>
                  </DayTypeAssignment>
                  <DayTypeAssignment id="CYPRE:DayTypeAssignment:54:LOC" version="any" order="0">
                     <Date>2025-10-16</Date>
                     <DayTypeRef ref="CYPRE:DayType:2620xSemaine127:LOC" versionRef="1"/>
                     <isAvailable>true</isAvailable>
                  </DayTypeAssignment>
                  <DayTypeAssignment id="CYPRE:DayTypeAssignment:55:LOC" version="any" order="0">
                     <Date>2025-10-17</Date>
                     <DayTypeRef ref="CYPRE:DayType:2620xSemaine127:LOC" versionRef="1"/>
                     <isAvailable>true</isAvailable>
                  </DayTypeAssignment>
                  <DayTypeAssignment id="CYPRE:DayTypeAssignment:56:LOC" version="any" order="0">
                     <Date>2025-10-20</Date>
                     <DayTypeRef ref="CYPRE:DayType:2620xSemaine127:LOC" versionRef="1"/>
                     <isAvailable>true</isAvailable>
                  </DayTypeAssignment>
                  <DayTypeAssignment id="CYPRE:DayTypeAssignment:57:LOC" version="any" order="0">
                     <Date>2025-10-21</Date>
                     <DayTypeRef ref="CYPRE:DayType:2620xSemaine127:LOC" versionRef="1"/>
                     <isAvailable>true</isAvailable>
                  </DayTypeAssignment>
                  <DayTypeAssignment id="CYPRE:DayTypeAssignment:58:LOC" version="any" order="0">
                     <Date>2025-10-22</Date>
                     <DayTypeRef ref="CYPRE:DayType:2620xSemaine127:LOC" versionRef="1"/>
                     <isAvailable>true</isAvailable>
                  </DayTypeAssignment>
                  <DayTypeAssignment id="CYPRE:DayTypeAssignment:59:LOC" version="any" order="0">
                     <Date>2025-10-23</Date>
                     <DayTypeRef ref="CYPRE:DayType:2620xSemaine127:LOC" versionRef="1"/>
                     <isAvailable>true</isAvailable>
                  </DayTypeAssignment>
                  <DayTypeAssignment id="CYPRE:DayTypeAssignment:60:LOC" version="any" order="0">
                     <Date>2025-10-24</Date>
                     <DayTypeRef ref="CYPRE:DayType:2620xSemaine127:LOC" versionRef="1"/>
                     <isAvailable>true</isAvailable>
                  </DayTypeAssignment>
                  <DayTypeAssignment id="CYPRE:DayTypeAssignment:61:LOC" version="any" order="0">
                     <Date>2025-10-27</Date>
                     <DayTypeRef ref="CYPRE:DayType:2620xSemaine127:LOC" versionRef="1"/>
                     <isAvailable>true</isAvailable>
                  </DayTypeAssignment>
                  <DayTypeAssignment id="CYPRE:DayTypeAssignment:62:LOC" version="any" order="0">
                     <Date>2025-10-28</Date>
                     <DayTypeRef ref="CYPRE:DayType:2620xSemaine127:LOC" versionRef="1"/>
                     <isAvailable>true</isAvailable>
                  </DayTypeAssignment>
                  <DayTypeAssignment id="CYPRE:DayTypeAssignment:63:LOC" version="any" order="0">
                     <Date>2025-10-29</Date>
                     <DayTypeRef ref="CYPRE:DayType:2620xSemaine127:LOC" versionRef="1"/>
                     <isAvailable>true</isAvailable>
                  </DayTypeAssignment>
                  <DayTypeAssignment id="CYPRE:DayTypeAssignment:64:LOC" version="any" order="0">
                     <Date>2025-10-30</Date>
                     <DayTypeRef ref="CYPRE:DayType:2620xSemaine127:LOC" versionRef="1"/>
                     <isAvailable>true</isAvailable>
                  </DayTypeAssignment>
                  <DayTypeAssignment id="CYPRE:DayTypeAssignment:65:LOC" version="any" order="0">
                     <Date>2025-10-31</Date>
                     <DayTypeRef ref="CYPRE:DayType:2620xSemaine127:LOC" versionRef="1"/>
                     <isAvailable>true</isAvailable>
                  </DayTypeAssignment>
                  <DayTypeAssignment id="CYPRE:DayTypeAssignment:66:LOC" version="any" order="0">
                     <Date>2025-11-03</Date>
                     <DayTypeRef ref="CYPRE:DayType:2620xSemaine127:LOC" versionRef="1"/>
                     <isAvailable>true</isAvailable>
                  </DayTypeAssignment>
                  <DayTypeAssignment id="CYPRE:DayTypeAssignment:67:LOC" version="any" order="0">
                     <Date>2025-11-04</Date>
                     <DayTypeRef ref="CYPRE:DayType:2620xSemaine127:LOC" versionRef="1"/>
                     <isAvailable>true</isAvailable>
                  </DayTypeAssignment>
                  <DayTypeAssignment id="CYPRE:DayTypeAssignment:68:LOC" version="any" order="0">
                     <Date>2025-11-05</Date>
                     <DayTypeRef ref="CYPRE:DayType:2620xSemaine127:LOC" versionRef="1"/>
                     <isAvailable>true</isAvailable>
                  </DayTypeAssignment>
                  <DayTypeAssignment id="CYPRE:DayTypeAssignment:69:LOC" version="any" order="0">
                     <Date>2025-11-06</Date>
                     <DayTypeRef ref="CYPRE:DayType:2620xSemaine127:LOC" versionRef="1"/>
                     <isAvailable>true</isAvailable>
                  </DayTypeAssignment>
                  <DayTypeAssignment id="CYPRE:DayTypeAssignment:70:LOC" version="any" order="0">
                     <Date>2025-11-07</Date>
                     <DayTypeRef ref="CYPRE:DayType:2620xSemaine127:LOC" versionRef="1"/>
                     <isAvailable>true</isAvailable>
                  </DayTypeAssignment>
                  <DayTypeAssignment id="CYPRE:DayTypeAssignment:71:LOC" version="any" order="0">
                     <Date>2025-11-10</Date>
                     <DayTypeRef ref="CYPRE:DayType:2620xSemaine127:LOC" versionRef="1"/>
                     <isAvailable>true</isAvailable>
                  </DayTypeAssignment>
                  <DayTypeAssignment id="CYPRE:DayTypeAssignment:72:LOC" version="any" order="0">
                     <Date>2025-11-12</Date>
                     <DayTypeRef ref="CYPRE:DayType:2620xSemaine127:LOC" versionRef="1"/>
                     <isAvailable>true</isAvailable>
                  </DayTypeAssignment>
                  <DayTypeAssignment id="CYPRE:DayTypeAssignment:73:LOC" version="any" order="0">
                     <Date>2025-11-13</Date>
                     <DayTypeRef ref="CYPRE:DayType:2620xSemaine127:LOC" versionRef="1"/>
                     <isAvailable>true</isAvailable>
                  </DayTypeAssignment>
                  <DayTypeAssignment id="CYPRE:DayTypeAssignment:74:LOC" version="any" order="0">
                     <Date>2025-11-14</Date>
                     <DayTypeRef ref="CYPRE:DayType:2620xSemaine127:LOC" versionRef="1"/>
                     <isAvailable>true</isAvailable>
                  </DayTypeAssignment>
                  <DayTypeAssignment id="CYPRE:DayTypeAssignment:75:LOC" version="any" order="0">
                     <Date>2025-11-17</Date>
                     <DayTypeRef ref="CYPRE:DayType:2620xSemaine127:LOC" versionRef="1"/>
                     <isAvailable>true</isAvailable>
                  </DayTypeAssignment>
                  <DayTypeAssignment id="CYPRE:DayTypeAssignment:76:LOC" version="any" order="0">
                     <Date>2025-11-18</Date>
                     <DayTypeRef ref="CYPRE:DayType:2620xSemaine127:LOC" versionRef="1"/>
                     <isAvailable>true</isAvailable>
                  </DayTypeAssignment>
                  <DayTypeAssignment id="CYPRE:DayTypeAssignment:77:LOC" version="any" order="0">
                     <Date>2025-11-19</Date>
                     <DayTypeRef ref="CYPRE:DayType:2620xSemaine127:LOC" versionRef="1"/>
                     <isAvailable>true</isAvailable>
                  </DayTypeAssignment>
                  <DayTypeAssignment id="CYPRE:DayTypeAssignment:78:LOC" version="any" order="0">
                     <Date>2025-11-20</Date>
                     <DayTypeRef ref="CYPRE:DayType:2620xSemaine127:LOC" versionRef="1"/>
                     <isAvailable>true</isAvailable>
                  </DayTypeAssignment>
                  <DayTypeAssignment id="CYPRE:DayTypeAssignment:79:LOC" version="any" order="0">
                     <Date>2025-11-21</Date>
                     <DayTypeRef ref="CYPRE:DayType:2620xSemaine127:LOC" versionRef="1"/>
                     <isAvailable>true</isAvailable>
                  </DayTypeAssignment>
                  <DayTypeAssignment id="CYPRE:DayTypeAssignment:80:LOC" version="any" order="0">
                     <Date>2025-11-24</Date>
                     <DayTypeRef ref="CYPRE:DayType:2620xSemaine127:LOC" versionRef="1"/>
                     <isAvailable>true</isAvailable>
                  </DayTypeAssignment>
                  <DayTypeAssignment id="CYPRE:DayTypeAssignment:81:LOC" version="any" order="0">
                     <Date>2025-11-25</Date>
                     <DayTypeRef ref="CYPRE:DayType:2620xSemaine127:LOC" versionRef="1"/>
                     <isAvailable>true</isAvailable>
                  </DayTypeAssignment>
                  <DayTypeAssignment id="CYPRE:DayTypeAssignment:82:LOC" version="any" order="0">
                     <Date>2025-11-26</Date>
                     <DayTypeRef ref="CYPRE:DayType:2620xSemaine127:LOC" versionRef="1"/>
                     <isAvailable>true</isAvailable>
                  </DayTypeAssignment>
                  <DayTypeAssignment id="CYPRE:DayTypeAssignment:83:LOC" version="any" order="0">
                     <Date>2025-11-27</Date>
                     <DayTypeRef ref="CYPRE:DayType:2620xSemaine127:LOC" versionRef="1"/>
                     <isAvailable>true</isAvailable>
                  </DayTypeAssignment>
                  <DayTypeAssignment id="CYPRE:DayTypeAssignment:84:LOC" version="any" order="0">
                     <Date>2025-11-28</Date>
                     <DayTypeRef ref="CYPRE:DayType:2620xSemaine127:LOC" versionRef="1"/>
                     <isAvailable>true</isAvailable>
                  </DayTypeAssignment>
                  <DayTypeAssignment id="CYPRE:DayTypeAssignment:85:LOC" version="any" order="0">
                     <Date>2025-12-01</Date>
                     <DayTypeRef ref="CYPRE:DayType:2620xSemaine127:LOC" versionRef="1"/>
                     <isAvailable>true</isAvailable>
                  </DayTypeAssignment>
                  <DayTypeAssignment id="CYPRE:DayTypeAssignment:86:LOC" version="any" order="0">
                     <Date>2025-12-02</Date>
                     <DayTypeRef ref="CYPRE:DayType:2620xSemaine127:LOC" versionRef="1"/>
                     <isAvailable>true</isAvailable>
                  </DayTypeAssignment>
                  <DayTypeAssignment id="CYPRE:DayTypeAssignment:87:LOC" version="any" order="0">
                     <Date>2025-12-03</Date>
                     <DayTypeRef ref="CYPRE:DayType:2620xSemaine127:LOC" versionRef="1"/>
                     <isAvailable>true</isAvailable>
                  </DayTypeAssignment>
                  <DayTypeAssignment id="CYPRE:DayTypeAssignment:88:LOC" version="any" order="0">
                     <Date>2025-12-04</Date>
                     <DayTypeRef ref="CYPRE:DayType:2620xSemaine127:LOC" versionRef="1"/>
                     <isAvailable>true</isAvailable>
                  </DayTypeAssignment>
                  <DayTypeAssignment id="CYPRE:DayTypeAssignment:89:LOC" version="any" order="0">
                     <Date>2025-12-05</Date>
                     <DayTypeRef ref="CYPRE:DayType:2620xSemaine127:LOC" versionRef="1"/>
                     <isAvailable>true</isAvailable>
                  </DayTypeAssignment>
                  <DayTypeAssignment id="CYPRE:DayTypeAssignment:90:LOC" version="any" order="0">
                     <Date>2025-12-08</Date>
                     <DayTypeRef ref="CYPRE:DayType:2620xSemaine127:LOC" versionRef="1"/>
                     <isAvailable>true</isAvailable>
                  </DayTypeAssignment>
                  <DayTypeAssignment id="CYPRE:DayTypeAssignment:91:LOC" version="any" order="0">
                     <Date>2025-12-09</Date>
                     <DayTypeRef ref="CYPRE:DayType:2620xSemaine127:LOC" versionRef="1"/>
                     <isAvailable>true</isAvailable>
                  </DayTypeAssignment>
                  <DayTypeAssignment id="CYPRE:DayTypeAssignment:92:LOC" version="any" order="0">
                     <Date>2025-12-10</Date>
                     <DayTypeRef ref="CYPRE:DayType:2620xSemaine127:LOC" versionRef="1"/>
                     <isAvailable>true</isAvailable>
                  </DayTypeAssignment>
                  <DayTypeAssignment id="CYPRE:DayTypeAssignment:93:LOC" version="any" order="0">
                     <Date>2025-12-11</Date>
                     <DayTypeRef ref="CYPRE:DayType:2620xSemaine127:LOC" versionRef="1"/>
                     <isAvailable>true</isAvailable>
                  </DayTypeAssignment>
                  <DayTypeAssignment id="CYPRE:DayTypeAssignment:94:LOC" version="any" order="0">
                     <Date>2025-12-12</Date>
                     <DayTypeRef ref="CYPRE:DayType:2620xSemaine127:LOC" versionRef="1"/>
                     <isAvailable>true</isAvailable>
                  </DayTypeAssignment>
                  <DayTypeAssignment id="CYPRE:DayTypeAssignment:95:LOC" version="any" order="0">
                     <Date>2025-12-15</Date>
                     <DayTypeRef ref="CYPRE:DayType:2620xSemaine127:LOC" versionRef="1"/>
                     <isAvailable>true</isAvailable>
                  </DayTypeAssignment>
                  <DayTypeAssignment id="CYPRE:DayTypeAssignment:96:LOC" version="any" order="0">
                     <Date>2025-12-16</Date>
                     <DayTypeRef ref="CYPRE:DayType:2620xSemaine127:LOC" versionRef="1"/>
                     <isAvailable>true</isAvailable>
                  </DayTypeAssignment>
                  <DayTypeAssignment id="CYPRE:DayTypeAssignment:97:LOC" version="any" order="0">
                     <Date>2025-12-17</Date>
                     <DayTypeRef ref="CYPRE:DayType:2620xSemaine127:LOC" versionRef="1"/>
                     <isAvailable>true</isAvailable>
                  </DayTypeAssignment>
                  <DayTypeAssignment id="CYPRE:DayTypeAssignment:98:LOC" version="any" order="0">
                     <Date>2025-12-18</Date>
                     <DayTypeRef ref="CYPRE:DayType:2620xSemaine127:LOC" versionRef="1"/>
                     <isAvailable>true</isAvailable>
                  </DayTypeAssignment>
                  <DayTypeAssignment id="CYPRE:DayTypeAssignment:99:LOC" version="any" order="0">
                     <Date>2025-12-19</Date>
                     <DayTypeRef ref="CYPRE:DayType:2620xSemaine127:LOC" versionRef="1"/>
                     <isAvailable>true</isAvailable>
                  </DayTypeAssignment>
                  <DayTypeAssignment id="CYPRE:DayTypeAssignment:100:LOC" version="any" order="0">
                     <Date>2025-12-22</Date>
                     <DayTypeRef ref="CYPRE:DayType:2620xSemaine127:LOC" versionRef="1"/>
                     <isAvailable>true</isAvailable>
                  </DayTypeAssignment>
                  <DayTypeAssignment id="CYPRE:DayTypeAssignment:101:LOC" version="any" order="0">
                     <Date>2025-12-23</Date>
                     <DayTypeRef ref="CYPRE:DayType:2620xSemaine127:LOC" versionRef="1"/>
                     <isAvailable>true</isAvailable>
                  </DayTypeAssignment>
                  <DayTypeAssignment id="CYPRE:DayTypeAssignment:102:LOC" version="any" order="0">
                     <Date>2025-12-24</Date>
                     <DayTypeRef ref="CYPRE:DayType:2620xSemaine127:LOC" versionRef="1"/>
                     <isAvailable>true</isAvailable>
                  </DayTypeAssignment>
                  <DayTypeAssignment id="CYPRE:DayTypeAssignment:103:LOC" version="any" order="0">
                     <Date>2025-12-26</Date>
                     <DayTypeRef ref="CYPRE:DayType:2620xSemaine127:LOC" versionRef="1"/>
                     <isAvailable>true</isAvailable>
                  </DayTypeAssignment>
                  <DayTypeAssignment id="CYPRE:DayTypeAssignment:104:LOC" version="any" order="0">
                     <Date>2025-12-29</Date>
                     <DayTypeRef ref="CYPRE:DayType:2620xSemaine127:LOC" versionRef="1"/>
                     <isAvailable>true</isAvailable>
                  </DayTypeAssignment>
                  <DayTypeAssignment id="CYPRE:DayTypeAssignment:105:LOC" version="any" order="0">
                     <Date>2025-12-30</Date>
                     <DayTypeRef ref="CYPRE:DayType:2620xSemaine127:LOC" versionRef="1"/>
                     <isAvailable>true</isAvailable>
                  </DayTypeAssignment>
                  <DayTypeAssignment id="CYPRE:DayTypeAssignment:106:LOC" version="any" order="0">
                     <Date>2025-12-31</Date>
                     <DayTypeRef ref="CYPRE:DayType:2620xSemaine127:LOC" versionRef="1"/>
                     <isAvailable>true</isAvailable>
                  </DayTypeAssignment>
                  <DayTypeAssignment id="CYPRE:DayTypeAssignment:107:LOC" version="any" order="0">
                     <Date>2025-07-09</Date>
                     <DayTypeRef ref="CYPRE:DayType:2620xSemainexxxT1xetxT7127:LOC" versionRef="1"/>
                     <isAvailable>true</isAvailable>
                  </DayTypeAssignment>
                  <DayTypeAssignment id="CYPRE:DayTypeAssignment:108:LOC" version="any" order="0">
                     <Date>2025-07-18</Date>
                     <DayTypeRef ref="CYPRE:DayType:2620xSemainexxxT1xetxT7127:LOC" versionRef="1"/>
                     <isAvailable>true</isAvailable>
                  </DayTypeAssignment>
                  <DayTypeAssignment id="CYPRE:DayTypeAssignment:109:LOC" version="any" order="0">
                     <Date>2025-07-28</Date>
                     <DayTypeRef ref="CYPRE:DayType:2620xSemainexxxT1xetxT7127:LOC" versionRef="1"/>
                     <isAvailable>true</isAvailable>
                  </DayTypeAssignment>
                  <DayTypeAssignment id="CYPRE:DayTypeAssignment:110:LOC" version="any" order="0">
                     <Date>2025-08-05</Date>
                     <DayTypeRef ref="CYPRE:DayType:2620xSemainexxxT1xetxT7127:LOC" versionRef="1"/>
                     <isAvailable>true</isAvailable>
                  </DayTypeAssignment>
                  <DayTypeAssignment id="CYPRE:DayTypeAssignment:111:LOC" version="any" order="0">
                     <Date>2025-07-08</Date>
                     <DayTypeRef ref="CYPRE:DayType:2620xSemainexxxT10xetxT12127:LOC" versionRef="1"/>
                     <isAvailable>true</isAvailable>
                  </DayTypeAssignment>
                  <DayTypeAssignment id="CYPRE:DayTypeAssignment:112:LOC" version="any" order="0">
                     <Date>2025-07-17</Date>
                     <DayTypeRef ref="CYPRE:DayType:2620xSemainexxxT10xetxT12127:LOC" versionRef="1"/>
                     <isAvailable>true</isAvailable>
                  </DayTypeAssignment>
                  <DayTypeAssignment id="CYPRE:DayTypeAssignment:113:LOC" version="any" order="0">
                     <Date>2025-07-25</Date>
                     <DayTypeRef ref="CYPRE:DayType:2620xSemainexxxT10xetxT12127:LOC" versionRef="1"/>
                     <isAvailable>true</isAvailable>
                  </DayTypeAssignment>
                  <DayTypeAssignment id="CYPRE:DayTypeAssignment:114:LOC" version="any" order="0">
                     <Date>2025-08-04</Date>
                     <DayTypeRef ref="CYPRE:DayType:2620xSemainexxxT10xetxT12127:LOC" versionRef="1"/>
                     <isAvailable>true</isAvailable>
                  </DayTypeAssignment>
                  <DayTypeAssignment id="CYPRE:DayTypeAssignment:115:LOC" version="any" order="0">
                     <Date>2025-07-10</Date>
                     <DayTypeRef ref="CYPRE:DayType:2620xSemainexxxT2xetxT6127:LOC" versionRef="1"/>
                     <isAvailable>true</isAvailable>
                  </DayTypeAssignment>
                  <DayTypeAssignment id="CYPRE:DayTypeAssignment:116:LOC" version="any" order="0">
                     <Date>2025-07-21</Date>
                     <DayTypeRef ref="CYPRE:DayType:2620xSemainexxxT2xetxT6127:LOC" versionRef="1"/>
                     <isAvailable>true</isAvailable>
                  </DayTypeAssignment>
                  <DayTypeAssignment id="CYPRE:DayTypeAssignment:117:LOC" version="any" order="0">
                     <Date>2025-07-29</Date>
                     <DayTypeRef ref="CYPRE:DayType:2620xSemainexxxT2xetxT6127:LOC" versionRef="1"/>
                     <isAvailable>true</isAvailable>
                  </DayTypeAssignment>
                  <DayTypeAssignment id="CYPRE:DayTypeAssignment:118:LOC" version="any" order="0">
                     <Date>2025-08-06</Date>
                     <DayTypeRef ref="CYPRE:DayType:2620xSemainexxxT2xetxT6127:LOC" versionRef="1"/>
                     <isAvailable>true</isAvailable>
                  </DayTypeAssignment>
                  <DayTypeAssignment id="CYPRE:DayTypeAssignment:119:LOC" version="any" order="0">
                     <Date>2025-07-11</Date>
                     <DayTypeRef ref="CYPRE:DayType:2620xSemainexxxT3xetxT8127:LOC" versionRef="1"/>
                     <isAvailable>true</isAvailable>
                  </DayTypeAssignment>
                  <DayTypeAssignment id="CYPRE:DayTypeAssignment:120:LOC" version="any" order="0">
                     <Date>2025-07-22</Date>
                     <DayTypeRef ref="CYPRE:DayType:2620xSemainexxxT3xetxT8127:LOC" versionRef="1"/>
                     <isAvailable>true</isAvailable>
                  </DayTypeAssignment>
                  <DayTypeAssignment id="CYPRE:DayTypeAssignment:121:LOC" version="any" order="0">
                     <Date>2025-07-30</Date>
                     <DayTypeRef ref="CYPRE:DayType:2620xSemainexxxT3xetxT8127:LOC" versionRef="1"/>
                     <isAvailable>true</isAvailable>
                  </DayTypeAssignment>
                  <DayTypeAssignment id="CYPRE:DayTypeAssignment:122:LOC" version="any" order="0">
                     <Date>2025-08-07</Date>
                     <DayTypeRef ref="CYPRE:DayType:2620xSemainexxxT3xetxT8127:LOC" versionRef="1"/>
                     <isAvailable>true</isAvailable>
                  </DayTypeAssignment>
                  <DayTypeAssignment id="CYPRE:DayTypeAssignment:123:LOC" version="any" order="0">
                     <Date>2025-07-15</Date>
                     <DayTypeRef ref="CYPRE:DayType:2620xSemainexxxT4xetxT9127:LOC" versionRef="1"/>
                     <isAvailable>true</isAvailable>
                  </DayTypeAssignment>
                  <DayTypeAssignment id="CYPRE:DayTypeAssignment:124:LOC" version="any" order="0">
                     <Date>2025-07-23</Date>
                     <DayTypeRef ref="CYPRE:DayType:2620xSemainexxxT4xetxT9127:LOC" versionRef="1"/>
                     <isAvailable>true</isAvailable>
                  </DayTypeAssignment>
                  <DayTypeAssignment id="CYPRE:DayTypeAssignment:125:LOC" version="any" order="0">
                     <Date>2025-07-31</Date>
                     <DayTypeRef ref="CYPRE:DayType:2620xSemainexxxT4xetxT9127:LOC" versionRef="1"/>
                     <isAvailable>true</isAvailable>
                  </DayTypeAssignment>
                  <DayTypeAssignment id="CYPRE:DayTypeAssignment:126:LOC" version="any" order="0">
                     <Date>2025-08-08</Date>
                     <DayTypeRef ref="CYPRE:DayType:2620xSemainexxxT4xetxT9127:LOC" versionRef="1"/>
                     <isAvailable>true</isAvailable>
                  </DayTypeAssignment>
                  <DayTypeAssignment id="CYPRE:DayTypeAssignment:127:LOC" version="any" order="0">
                     <Date>2025-07-07</Date>
                     <DayTypeRef ref="CYPRE:DayType:2620xSemainexxxT5xetxT11127:LOC" versionRef="1"/>
                     <isAvailable>true</isAvailable>
                  </DayTypeAssignment>
                  <DayTypeAssignment id="CYPRE:DayTypeAssignment:128:LOC" version="any" order="0">
                     <Date>2025-07-16</Date>
                     <DayTypeRef ref="CYPRE:DayType:2620xSemainexxxT5xetxT11127:LOC" versionRef="1"/>
                     <isAvailable>true</isAvailable>
                  </DayTypeAssignment>
                  <DayTypeAssignment id="CYPRE:DayTypeAssignment:129:LOC" version="any" order="0">
                     <Date>2025-07-24</Date>
                     <DayTypeRef ref="CYPRE:DayType:2620xSemainexxxT5xetxT11127:LOC" versionRef="1"/>
                     <isAvailable>true</isAvailable>
                  </DayTypeAssignment>
                  <DayTypeAssignment id="CYPRE:DayTypeAssignment:130:LOC" version="any" order="0">
                     <Date>2025-08-01</Date>
                     <DayTypeRef ref="CYPRE:DayType:2620xSemainexxxT5xetxT11127:LOC" versionRef="1"/>
                     <isAvailable>true</isAvailable>
                  </DayTypeAssignment>
                  <DayTypeAssignment id="CYPRE:DayTypeAssignment:131:LOC" version="any" order="0">
                     <Date>2025-06-28</Date>
                     <DayTypeRef ref="CYPRE:DayType:2620xSam127:LOC" versionRef="1"/>
                     <isAvailable>true</isAvailable>
                  </DayTypeAssignment>
                  <DayTypeAssignment id="CYPRE:DayTypeAssignment:132:LOC" version="any" order="0">
                     <Date>2025-07-05</Date>
                     <DayTypeRef ref="CYPRE:DayType:2620xSam127:LOC" versionRef="1"/>
                     <isAvailable>true</isAvailable>
                  </DayTypeAssignment>
                  <DayTypeAssignment id="CYPRE:DayTypeAssignment:133:LOC" version="any" order="0">
                     <Date>2025-07-12</Date>
                     <DayTypeRef ref="CYPRE:DayType:2620xSam127:LOC" versionRef="1"/>
                     <isAvailable>true</isAvailable>
                  </DayTypeAssignment>
                  <DayTypeAssignment id="CYPRE:DayTypeAssignment:134:LOC" version="any" order="0">
                     <Date>2025-07-19</Date>
                     <DayTypeRef ref="CYPRE:DayType:2620xSam127:LOC" versionRef="1"/>
                     <isAvailable>true</isAvailable>
                  </DayTypeAssignment>
                  <DayTypeAssignment id="CYPRE:DayTypeAssignment:135:LOC" version="any" order="0">
                     <Date>2025-07-26</Date>
                     <DayTypeRef ref="CYPRE:DayType:2620xSam127:LOC" versionRef="1"/>
                     <isAvailable>true</isAvailable>
                  </DayTypeAssignment>
                  <DayTypeAssignment id="CYPRE:DayTypeAssignment:136:LOC" version="any" order="0">
                     <Date>2025-08-02</Date>
                     <DayTypeRef ref="CYPRE:DayType:2620xSam127:LOC" versionRef="1"/>
                     <isAvailable>true</isAvailable>
                  </DayTypeAssignment>
                  <DayTypeAssignment id="CYPRE:DayTypeAssignment:137:LOC" version="any" order="0">
                     <Date>2025-08-09</Date>
                     <DayTypeRef ref="CYPRE:DayType:2620xSam127:LOC" versionRef="1"/>
                     <isAvailable>true</isAvailable>
                  </DayTypeAssignment>
                  <DayTypeAssignment id="CYPRE:DayTypeAssignment:138:LOC" version="any" order="0">
                     <Date>2025-08-16</Date>
                     <DayTypeRef ref="CYPRE:DayType:2620xSam127:LOC" versionRef="1"/>
                     <isAvailable>true</isAvailable>
                  </DayTypeAssignment>
                  <DayTypeAssignment id="CYPRE:DayTypeAssignment:139:LOC" version="any" order="0">
                     <Date>2025-08-23</Date>
                     <DayTypeRef ref="CYPRE:DayType:2620xSam127:LOC" versionRef="1"/>
                     <isAvailable>true</isAvailable>
                  </DayTypeAssignment>
                  <DayTypeAssignment id="CYPRE:DayTypeAssignment:140:LOC" version="any" order="0">
                     <Date>2025-08-30</Date>
                     <DayTypeRef ref="CYPRE:DayType:2620xSam127:LOC" versionRef="1"/>
                     <isAvailable>true</isAvailable>
                  </DayTypeAssignment>
                  <DayTypeAssignment id="CYPRE:DayTypeAssignment:141:LOC" version="any" order="0">
                     <Date>2025-09-06</Date>
                     <DayTypeRef ref="CYPRE:DayType:2620xSam127:LOC" versionRef="1"/>
                     <isAvailable>true</isAvailable>
                  </DayTypeAssignment>
                  <DayTypeAssignment id="CYPRE:DayTypeAssignment:142:LOC" version="any" order="0">
                     <Date>2025-09-13</Date>
                     <DayTypeRef ref="CYPRE:DayType:2620xSam127:LOC" versionRef="1"/>
                     <isAvailable>true</isAvailable>
                  </DayTypeAssignment>
                  <DayTypeAssignment id="CYPRE:DayTypeAssignment:143:LOC" version="any" order="0">
                     <Date>2025-09-20</Date>
                     <DayTypeRef ref="CYPRE:DayType:2620xSam127:LOC" versionRef="1"/>
                     <isAvailable>true</isAvailable>
                  </DayTypeAssignment>
                  <DayTypeAssignment id="CYPRE:DayTypeAssignment:144:LOC" version="any" order="0">
                     <Date>2025-09-27</Date>
                     <DayTypeRef ref="CYPRE:DayType:2620xSam127:LOC" versionRef="1"/>
                     <isAvailable>true</isAvailable>
                  </DayTypeAssignment>
                  <DayTypeAssignment id="CYPRE:DayTypeAssignment:145:LOC" version="any" order="0">
                     <Date>2025-10-04</Date>
                     <DayTypeRef ref="CYPRE:DayType:2620xSam127:LOC" versionRef="1"/>
                     <isAvailable>true</isAvailable>
                  </DayTypeAssignment>
                  <DayTypeAssignment id="CYPRE:DayTypeAssignment:146:LOC" version="any" order="0">
                     <Date>2025-10-11</Date>
                     <DayTypeRef ref="CYPRE:DayType:2620xSam127:LOC" versionRef="1"/>
                     <isAvailable>true</isAvailable>
                  </DayTypeAssignment>
                  <DayTypeAssignment id="CYPRE:DayTypeAssignment:147:LOC" version="any" order="0">
                     <Date>2025-10-18</Date>
                     <DayTypeRef ref="CYPRE:DayType:2620xSam127:LOC" versionRef="1"/>
                     <isAvailable>true</isAvailable>
                  </DayTypeAssignment>
                  <DayTypeAssignment id="CYPRE:DayTypeAssignment:148:LOC" version="any" order="0">
                     <Date>2025-10-25</Date>
                     <DayTypeRef ref="CYPRE:DayType:2620xSam127:LOC" versionRef="1"/>
                     <isAvailable>true</isAvailable>
                  </DayTypeAssignment>
                  <DayTypeAssignment id="CYPRE:DayTypeAssignment:149:LOC" version="any" order="0">
                     <Date>2025-11-08</Date>
                     <DayTypeRef ref="CYPRE:DayType:2620xSam127:LOC" versionRef="1"/>
                     <isAvailable>true</isAvailable>
                  </DayTypeAssignment>
                  <DayTypeAssignment id="CYPRE:DayTypeAssignment:150:LOC" version="any" order="0">
                     <Date>2025-11-15</Date>
                     <DayTypeRef ref="CYPRE:DayType:2620xSam127:LOC" versionRef="1"/>
                     <isAvailable>true</isAvailable>
                  </DayTypeAssignment>
                  <DayTypeAssignment id="CYPRE:DayTypeAssignment:151:LOC" version="any" order="0">
                     <Date>2025-11-22</Date>
                     <DayTypeRef ref="CYPRE:DayType:2620xSam127:LOC" versionRef="1"/>
                     <isAvailable>true</isAvailable>
                  </DayTypeAssignment>
                  <DayTypeAssignment id="CYPRE:DayTypeAssignment:152:LOC" version="any" order="0">
                     <Date>2025-11-29</Date>
                     <DayTypeRef ref="CYPRE:DayType:2620xSam127:LOC" versionRef="1"/>
                     <isAvailable>true</isAvailable>
                  </DayTypeAssignment>
                  <DayTypeAssignment id="CYPRE:DayTypeAssignment:153:LOC" version="any" order="0">
                     <Date>2025-12-06</Date>
                     <DayTypeRef ref="CYPRE:DayType:2620xSam127:LOC" versionRef="1"/>
                     <isAvailable>true</isAvailable>
                  </DayTypeAssignment>
                  <DayTypeAssignment id="CYPRE:DayTypeAssignment:154:LOC" version="any" order="0">
                     <Date>2025-12-13</Date>
                     <DayTypeRef ref="CYPRE:DayType:2620xSam127:LOC" versionRef="1"/>
                     <isAvailable>true</isAvailable>
                  </DayTypeAssignment>
                  <DayTypeAssignment id="CYPRE:DayTypeAssignment:155:LOC" version="any" order="0">
                     <Date>2025-12-20</Date>
                     <DayTypeRef ref="CYPRE:DayType:2620xSam127:LOC" versionRef="1"/>
                     <isAvailable>true</isAvailable>
                  </DayTypeAssignment>
                  <DayTypeAssignment id="CYPRE:DayTypeAssignment:156:LOC" version="any" order="0">
                     <Date>2025-12-27</Date>
                     <DayTypeRef ref="CYPRE:DayType:2620xSam127:LOC" versionRef="1"/>
                     <isAvailable>true</isAvailable>
                  </DayTypeAssignment>
               </members>
            </GeneralFrame>
         </frames>
      </CompositeFrame>
   </dataObjects>
</PublicationDelivery>
