<?xml version="1.0" encoding="UTF-8"?>
<PublicationDelivery xmlns:xsi="http://www.w3.org/2001/XMLSchema-instance"
                     xsi:schemaLocation="http://www.netex.org.uk/netex"
                     xmlns="http://www.netex.org.uk/netex"
                     xmlns:xlink="http://www.w3.org/1999/xlink"
                     xmlns:ifopt="http://www.ifopt.org.uk/ifopt"
                     xmlns:gml="http://www.opengis.net/gml/3.2"
                     xmlns:core="http://www.govtalk.gov.uk/core"
                     xmlns:siri="http://www.siri.org.uk/siri"
                     version="1.10:FR-NETEX-2.2">
   <PublicationTimestamp>2025-06-27T23:13:54+02:00</PublicationTimestamp>
   <ParticipantRef>CYPRE</ParticipantRef>
   <Description>Offre sur la période du 27/06/2025 au 31/12/2025</Description>
   <dataObjects>
      <CompositeFrame id="FR:CompositeFrame:NETEX_LIGNE-20250627T231354:LOC" version="1.0">
         <Name>Rosoy-en-Multien - Crépy-en-Valois</Name>
         <FrameDefaults>
            <DefaultLocale>
               <TimeZone>Europe/Paris</TimeZone>
               <DefaultLanguage>fr</DefaultLanguage>
            </DefaultLocale>
            <DefaultLocationSystem>WGS84</DefaultLocationSystem>
            <DefaultSystemOfUnits>SiMetres</DefaultSystemOfUnits>
         </FrameDefaults>
         <frames>
            <ResourceFrame id="FR:ResourceFrame:1" version="any">
               <typesOfValue>
                  <ValueSet id="FR:ValueSet:TypeOfFrame" nameOfClass="TypeOfFrame" version="any">
                     <Name>TypeOfFrame</Name>
                     <values>
                        <TypeOfFrame id="FR:TypeOfFrame:NETEX_RESEAU" version="any">
                           <Name>NETEX_RESEAU</Name>
                        </TypeOfFrame>
                        <TypeOfFrame id="FR:TypeOfFrame:NETEX_HORAIRE" version="any">
                           <Name>NETEX_HORAIRE</Name>
                        </TypeOfFrame>
                     </values>
                  </ValueSet>
               </typesOfValue>
            </ResourceFrame>
            <GeneralFrame id="FR:GeneralFrame:NETEX_RESEAU-20250627T231354:LOC" version="1.0" dataSourceRef="CYPRE">
               <TypeOfFrameRef ref="FR:TypeOfFrame:NETEX_RESEAU"/>
               <members>
                  <Route id="CYPRE:Route:T8xA:LOC" version="1">
                     <Name>Rosoy-en-Multien - Crépy-en-Valois - Aller</Name>
                     <LineRef ref="CYPRE:Line:T8:LOC" versionRef="1"/>
                     <DirectionType>outbound</DirectionType>
                     <DirectionRef ref="CYPRE:Direction:T8xA:LOC" versionRef="1"/>
                     <InverseRouteRef ref="CYPRE:Route:T8xR:LOC" versionRef="1"/>
                  </Route>
                  <Direction id="CYPRE:Direction:T8xA:LOC" version="1">
                     <Name>Rosoy-en-Multien - Crépy-en-Valois - Aller</Name>
                     <DirectionType>outbound</DirectionType>
                  </Direction>
                  <Route id="CYPRE:Route:T8xR:LOC" version="1">
                     <Name>Rosoy-en-Multien - Crépy-en-Valois - Retour</Name>
                     <LineRef ref="CYPRE:Line:T8:LOC" versionRef="1"/>
                     <DirectionType>inbound</DirectionType>
                     <DirectionRef ref="CYPRE:Direction:T8xR:LOC" versionRef="1"/>
                     <InverseRouteRef ref="CYPRE:Route:T8xA:LOC" versionRef="1"/>
                  </Route>
                  <Direction id="CYPRE:Direction:T8xR:LOC" version="1">
                     <Name>Rosoy-en-Multien - Crépy-en-Valois - Retour</Name>
                     <DirectionType>inbound</DirectionType>
                  </Direction>
                  <ServiceJourneyPattern id="CYPRE:ServiceJourneyPattern:RosoyxenxMultienxxxCAV:LOC" version="1">
                     <Name>Centre aquatique</Name>
                     <PrivateCode>6335109</PrivateCode>
                     <RouteRef ref="CYPRE:Route:T8xA:LOC" versionRef="1"/>
                     <DestinationDisplayRef ref="CYPRE:DestinationDisplay:RosoyxenxMultienxxxCAV:LOC" versionRef="1"/>
                     <pointsInSequence>
                        <StopPointInJourneyPattern id="CYPRE:StopPointInJourneyPattern:RosoyxenxMultienxxxCAVx1:LOC" version="any" order="1">
                           <ScheduledStopPointRef ref="CYPRE:ScheduledStopPoint:202:LOC" versionRef="1"/>
                           <ForAlighting>false</ForAlighting>
                           <ForBoarding>true</ForBoarding>
                           <RequestStop>false</RequestStop>
                        </StopPointInJourneyPattern>
                        <StopPointInJourneyPattern id="CYPRE:StopPointInJourneyPattern:RosoyxenxMultienxxxCAVx2:LOC" version="any" order="2">
                           <ScheduledStopPointRef ref="CYPRE:ScheduledStopPoint:203:LOC" versionRef="1"/>
                           <ForAlighting>false</ForAlighting>
                           <ForBoarding>true</ForBoarding>
                           <RequestStop>false</RequestStop>
                        </StopPointInJourneyPattern>
                        <StopPointInJourneyPattern id="CYPRE:StopPointInJourneyPattern:RosoyxenxMultienxxxCAVx3:LOC" version="any" order="3">
                           <ScheduledStopPointRef ref="CYPRE:ScheduledStopPoint:204:LOC" versionRef="1"/>
                           <ForAlighting>false</ForAlighting>
                           <ForBoarding>true</ForBoarding>
                           <RequestStop>false</RequestStop>
                        </StopPointInJourneyPattern>
                        <StopPointInJourneyPattern id="CYPRE:StopPointInJourneyPattern:RosoyxenxMultienxxxCAVx4:LOC" version="any" order="4">
                           <ScheduledStopPointRef ref="CYPRE:ScheduledStopPoint:205:LOC" versionRef="1"/>
                           <ForAlighting>false</ForAlighting>
                           <ForBoarding>true</ForBoarding>
                           <RequestStop>false</RequestStop>
                        </StopPointInJourneyPattern>
                        <StopPointInJourneyPattern id="CYPRE:StopPointInJourneyPattern:RosoyxenxMultienxxxCAVx5:LOC" version="any" order="5">
                           <ScheduledStopPointRef ref="CYPRE:ScheduledStopPoint:206:LOC" versionRef="1"/>
                           <ForAlighting>false</ForAlighting>
                           <ForBoarding>true</ForBoarding>
                           <RequestStop>false</RequestStop>
                        </StopPointInJourneyPattern>
                        <StopPointInJourneyPattern id="CYPRE:StopPointInJourneyPattern:RosoyxenxMultienxxxCAVx6:LOC" version="any" order="6">
                           <ScheduledStopPointRef ref="CYPRE:ScheduledStopPoint:207:LOC" versionRef="1"/>
                           <ForAlighting>false</ForAlighting>
                           <ForBoarding>true</ForBoarding>
                           <RequestStop>false</RequestStop>
                        </StopPointInJourneyPattern>
                        <StopPointInJourneyPattern id="CYPRE:StopPointInJourneyPattern:RosoyxenxMultienxxxCAVx7:LOC" version="any" order="7">
                           <ScheduledStopPointRef ref="CYPRE:ScheduledStopPoint:208:LOC" versionRef="1"/>
                           <ForAlighting>false</ForAlighting>
                           <ForBoarding>true</ForBoarding>
                           <RequestStop>false</RequestStop>
                        </StopPointInJourneyPattern>
                        <StopPointInJourneyPattern id="CYPRE:StopPointInJourneyPattern:RosoyxenxMultienxxxCAVx8:LOC" version="any" order="8">
                           <ScheduledStopPointRef ref="CYPRE:ScheduledStopPoint:209:LOC" versionRef="1"/>
                           <ForAlighting>true</ForAlighting>
                           <ForBoarding>false</ForBoarding>
                           <RequestStop>false</RequestStop>
                        </StopPointInJourneyPattern>
                     </pointsInSequence>
                     <ServiceJourneyPatternType>passenger</ServiceJourneyPatternType>
                  </ServiceJourneyPattern>
                  <ServiceJourneyPattern id="CYPRE:ServiceJourneyPattern:CAVxxxRosoyxenxMultien:LOC" version="1">
                     <Name>École</Name>
                     <PrivateCode>6335108</PrivateCode>
                     <RouteRef ref="CYPRE:Route:T8xR:LOC" versionRef="1"/>
                     <DestinationDisplayRef ref="CYPRE:DestinationDisplay:CAVxxxRosoyxenxMultien:LOC" versionRef="1"/>
                     <pointsInSequence>
                        <StopPointInJourneyPattern id="CYPRE:StopPointInJourneyPattern:CAVxxxRosoyxenxMultienx1:LOC" version="any" order="1">
                           <ScheduledStopPointRef ref="CYPRE:ScheduledStopPoint:210:LOC" versionRef="1"/>
                           <ForAlighting>false</ForAlighting>
                           <ForBoarding>true</ForBoarding>
                           <RequestStop>false</RequestStop>
                        </StopPointInJourneyPattern>
                        <StopPointInJourneyPattern id="CYPRE:StopPointInJourneyPattern:CAVxxxRosoyxenxMultienx2:LOC" version="any" order="2">
                           <ScheduledStopPointRef ref="CYPRE:ScheduledStopPoint:211:LOC" versionRef="1"/>
                           <ForAlighting>true</ForAlighting>
                           <ForBoarding>false</ForBoarding>
                           <RequestStop>false</RequestStop>
                        </StopPointInJourneyPattern>
                        <StopPointInJourneyPattern id="CYPRE:StopPointInJourneyPattern:CAVxxxRosoyxenxMultienx3:LOC" version="any" order="3">
                           <ScheduledStopPointRef ref="CYPRE:ScheduledStopPoint:212:LOC" versionRef="1"/>
                           <ForAlighting>true</ForAlighting>
                           <ForBoarding>false</ForBoarding>
                           <RequestStop>false</RequestStop>
                        </StopPointInJourneyPattern>
                        <StopPointInJourneyPattern id="CYPRE:StopPointInJourneyPattern:CAVxxxRosoyxenxMultienx4:LOC" version="any" order="4">
                           <ScheduledStopPointRef ref="CYPRE:ScheduledStopPoint:213:LOC" versionRef="1"/>
                           <ForAlighting>true</ForAlighting>
                           <ForBoarding>false</ForBoarding>
                           <RequestStop>false</RequestStop>
                        </StopPointInJourneyPattern>
                        <StopPointInJourneyPattern id="CYPRE:StopPointInJourneyPattern:CAVxxxRosoyxenxMultienx5:LOC" version="any" order="5">
                           <ScheduledStopPointRef ref="CYPRE:ScheduledStopPoint:214:LOC" versionRef="1"/>
                           <ForAlighting>true</ForAlighting>
                           <ForBoarding>false</ForBoarding>
                           <RequestStop>false</RequestStop>
                        </StopPointInJourneyPattern>
                        <StopPointInJourneyPattern id="CYPRE:StopPointInJourneyPattern:CAVxxxRosoyxenxMultienx6:LOC" version="any" order="6">
                           <ScheduledStopPointRef ref="CYPRE:ScheduledStopPoint:215:LOC" versionRef="1"/>
                           <ForAlighting>true</ForAlighting>
                           <ForBoarding>false</ForBoarding>
                           <RequestStop>false</RequestStop>
                        </StopPointInJourneyPattern>
                        <StopPointInJourneyPattern id="CYPRE:StopPointInJourneyPattern:CAVxxxRosoyxenxMultienx7:LOC" version="any" order="7">
                           <ScheduledStopPointRef ref="CYPRE:ScheduledStopPoint:216:LOC" versionRef="1"/>
                           <ForAlighting>true</ForAlighting>
                           <ForBoarding>false</ForBoarding>
                           <RequestStop>false</RequestStop>
                        </StopPointInJourneyPattern>
                        <StopPointInJourneyPattern id="CYPRE:StopPointInJourneyPattern:CAVxxxRosoyxenxMultienx8:LOC" version="any" order="8">
                           <ScheduledStopPointRef ref="CYPRE:ScheduledStopPoint:217:LOC" versionRef="1"/>
                           <ForAlighting>true</ForAlighting>
                           <ForBoarding>false</ForBoarding>
                           <RequestStop>false</RequestStop>
                        </StopPointInJourneyPattern>
                     </pointsInSequence>
                     <ServiceJourneyPatternType>passenger</ServiceJourneyPatternType>
                  </ServiceJourneyPattern>
                  <DestinationDisplay id="CYPRE:DestinationDisplay:RosoyxenxMultienxxxCAV:LOC" version="1">
                     <FrontText>Centre aquatique</FrontText>
                  </DestinationDisplay>
                  <DestinationDisplay id="CYPRE:DestinationDisplay:CAVxxxRosoyxenxMultien:LOC" version="1">
                     <FrontText>École</FrontText>
                  </DestinationDisplay>
                  <ScheduledStopPoint id="CYPRE:ScheduledStopPoint:202:LOC" version="1">
                     <Name>École</Name>
                     <Location id="CYPRE:Location:77a085339cff463aa3b888b5850e804b:LOC">
                        <Longitude>2.9969187</Longitude>
                        <Latitude>49.0961425</Latitude>
                        <gml:pos srsName="EPSG:2154">699774.952998514 6888479.17887128</gml:pos>
                     </Location>
                  </ScheduledStopPoint>
                  <ScheduledStopPoint id="CYPRE:ScheduledStopPoint:203:LOC" version="1">
                     <Name>Place</Name>
                     <Location id="CYPRE:Location:597cb370161140c1a11cd639b5fd770c:LOC">
                        <Longitude>2.9545518</Longitude>
                        <Latitude>49.1027758</Latitude>
                        <gml:pos srsName="EPSG:2154">696681.052750291 6889217.88776164</gml:pos>
                     </Location>
                  </ScheduledStopPoint>
                  <ScheduledStopPoint id="CYPRE:ScheduledStopPoint:204:LOC" version="1">
                     <Name>Les-quatre-routes</Name>
                     <Location id="CYPRE:Location:6f4e9673bcc14fbf97992dd4aef68670:LOC">
                        <Longitude>2.9330793</Longitude>
                        <Latitude>49.108533</Latitude>
                        <gml:pos srsName="EPSG:2154">695113.522749248 6889859.32511976</gml:pos>
                     </Location>
                  </ScheduledStopPoint>
                  <ScheduledStopPoint id="CYPRE:ScheduledStopPoint:205:LOC" version="1">
                     <Name>Centre</Name>
                     <Location id="CYPRE:Location:ae25761158a242bfa58ac58a1010a0c4:LOC">
                        <Longitude>2.9189688</Longitude>
                        <Latitude>49.1127853</Latitude>
                        <gml:pos srsName="EPSG:2154">694083.674944678 6890333.23774671</gml:pos>
                     </Location>
                  </ScheduledStopPoint>
                  <ScheduledStopPoint id="CYPRE:ScheduledStopPoint:206:LOC" version="1">
                     <Name>Centre</Name>
                     <Location id="CYPRE:Location:e61eeb638dbb47b6a02bbe99fe8e236b:LOC">
                        <Longitude>2.9073964</Longitude>
                        <Latitude>49.1413881</Latitude>
                        <gml:pos srsName="EPSG:2154">693242.471400644 6893515.46518127</gml:pos>
                     </Location>
                  </ScheduledStopPoint>
                  <ScheduledStopPoint id="CYPRE:ScheduledStopPoint:207:LOC" version="1">
                     <Name>Blassiers</Name>
                     <Location id="CYPRE:Location:7aaf01d0375649b7ac0781d1aaff60de:LOC">
                        <Longitude>2.8802985</Longitude>
                        <Latitude>49.1612495</Latitude>
                        <gml:pos srsName="EPSG:2154">691268.416453988 6895727.22638156</gml:pos>
                     </Location>
                  </ScheduledStopPoint>
                  <ScheduledStopPoint id="CYPRE:ScheduledStopPoint:208:LOC" version="1">
                     <Name>Centre</Name>
                     <Location id="CYPRE:Location:c18f6d6b3db74957983ae92d8e7f08d8:LOC">
                        <Longitude>2.9147986</Longitude>
                        <Latitude>49.1972626</Latitude>
                        <gml:pos srsName="EPSG:2154">693789.3350648 6899729.66618846</gml:pos>
                     </Location>
                  </ScheduledStopPoint>
                  <ScheduledStopPoint id="CYPRE:ScheduledStopPoint:209:LOC" version="1">
                     <Name>Centre aquatique</Name>
                     <Location id="CYPRE:Location:4274779bfa6d44549576a1f46480c045:LOC">
                        <Longitude>2.8947524</Longitude>
                        <Latitude>49.2239159</Latitude>
                        <gml:pos srsName="EPSG:2154">692332.041153333 6902696.14391952</gml:pos>
                     </Location>
                  </ScheduledStopPoint>
                  <ScheduledStopPoint id="CYPRE:ScheduledStopPoint:210:LOC" version="1">
                     <Name>Centre aquatique</Name>
                     <Location id="CYPRE:Location:e3df318e825841e4becb8fdf1529518e:LOC">
                        <Longitude>2.8945618</Longitude>
                        <Latitude>49.2239854</Latitude>
                        <gml:pos srsName="EPSG:2154">692318.165058946 6902703.89321492</gml:pos>
                     </Location>
                  </ScheduledStopPoint>
                  <ScheduledStopPoint id="CYPRE:ScheduledStopPoint:211:LOC" version="1">
                     <Name>Centre</Name>
                     <Location id="CYPRE:Location:a8cf6225430d4ffc8a442e7ddea0c3a8:LOC">
                        <Longitude>2.914728</Longitude>
                        <Latitude>49.1971876</Latitude>
                        <gml:pos srsName="EPSG:2154">693784.179746367 6899721.32940985</gml:pos>
                     </Location>
                  </ScheduledStopPoint>
                  <ScheduledStopPoint id="CYPRE:ScheduledStopPoint:212:LOC" version="1">
                     <Name>Blassiers</Name>
                     <Location id="CYPRE:Location:cd3acc1e2d554938903248491b7e3d5d:LOC">
                        <Longitude>2.8802985</Longitude>
                        <Latitude>49.1612495</Latitude>
                        <gml:pos srsName="EPSG:2154">691268.416453988 6895727.22638156</gml:pos>
                     </Location>
                  </ScheduledStopPoint>
                  <ScheduledStopPoint id="CYPRE:ScheduledStopPoint:213:LOC" version="1">
                     <Name>Centre</Name>
                     <Location id="CYPRE:Location:dcc3b8e9151146bc832a0848058d35c4:LOC">
                        <Longitude>2.907288</Longitude>
                        <Latitude>49.1414304</Latitude>
                        <gml:pos srsName="EPSG:2154">693234.566694816 6893520.17927659</gml:pos>
                     </Location>
                  </ScheduledStopPoint>
                  <ScheduledStopPoint id="CYPRE:ScheduledStopPoint:214:LOC" version="1">
                     <Name>Centre</Name>
                     <Location id="CYPRE:Location:c38d3d59362f40359c9ed1fd103d8d0f:LOC">
                        <Longitude>2.9189688</Longitude>
                        <Latitude>49.1127853</Latitude>
                        <gml:pos srsName="EPSG:2154">694083.674944678 6890333.23774671</gml:pos>
                     </Location>
                  </ScheduledStopPoint>
                  <ScheduledStopPoint id="CYPRE:ScheduledStopPoint:215:LOC" version="1">
                     <Name>Les-quatre-routes</Name>
                     <Location id="CYPRE:Location:98a88a1c04c241b0b1d77cfe90d2a3b6:LOC">
                        <Longitude>2.9329626</Longitude>
                        <Latitude>49.1085482</Latitude>
                        <gml:pos srsName="EPSG:2154">695105.002878562 6889861.02291205</gml:pos>
                     </Location>
                  </ScheduledStopPoint>
                  <ScheduledStopPoint id="CYPRE:ScheduledStopPoint:216:LOC" version="1">
                     <Name>Place</Name>
                     <Location id="CYPRE:Location:af1ee6728b0845b69b492d5b98e05053:LOC">
                        <Longitude>2.9543453</Longitude>
                        <Latitude>49.1029648</Latitude>
                        <gml:pos srsName="EPSG:2154">696665.984823241 6889238.9171793</gml:pos>
                     </Location>
                  </ScheduledStopPoint>
                  <ScheduledStopPoint id="CYPRE:ScheduledStopPoint:217:LOC" version="1">
                     <Name>École</Name>
                     <Location id="CYPRE:Location:67d32763d2174a90a4817fcbb0115e03:LOC">
                        <Longitude>2.9969187</Longitude>
                        <Latitude>49.0961425</Latitude>
                        <gml:pos srsName="EPSG:2154">699774.952998514 6888479.17887128</gml:pos>
                     </Location>
                  </ScheduledStopPoint>
                  <PassengerStopAssignment id="CYPRE:PassengerStopAssignment:202:LOC" version="1" order="0">
                     <ScheduledStopPointRef ref="CYPRE:ScheduledStopPoint:202:LOC" versionRef="1"/>
                     <StopPlaceRef ref="FR:60548:StopPlace:gen6054801:CYPRE" versionRef="1"/>
                     <QuayRef ref="FR:60548:Quay:6054801:CYPRE" versionRef="1"/>
                  </PassengerStopAssignment>
                  <PassengerStopAssignment id="CYPRE:PassengerStopAssignment:203:LOC" version="1" order="0">
                     <ScheduledStopPointRef ref="CYPRE:ScheduledStopPoint:203:LOC" versionRef="1"/>
                     <StopPlaceRef ref="FR:60005:StopPlace:gen6000504:CYPRE" versionRef="1"/>
                     <QuayRef ref="FR:60005:Quay:6000504:CYPRE" versionRef="1"/>
                  </PassengerStopAssignment>
                  <PassengerStopAssignment id="CYPRE:PassengerStopAssignment:204:LOC" version="1" order="0">
                     <ScheduledStopPointRef ref="CYPRE:ScheduledStopPoint:204:LOC" versionRef="1"/>
                     <StopPlaceRef ref="FR:60527:StopPlace:gen6052705:CYPRE" versionRef="1"/>
                     <QuayRef ref="FR:60527:Quay:6052705:CYPRE" versionRef="1"/>
                  </PassengerStopAssignment>
                  <PassengerStopAssignment id="CYPRE:PassengerStopAssignment:205:LOC" version="1" order="0">
                     <ScheduledStopPointRef ref="CYPRE:ScheduledStopPoint:205:LOC" versionRef="1"/>
                     <StopPlaceRef ref="FR:60091:StopPlace:gen6009102:CYPRE" versionRef="1"/>
                     <QuayRef ref="FR:60091:Quay:6009102:CYPRE" versionRef="1"/>
                  </PassengerStopAssignment>
                  <PassengerStopAssignment id="CYPRE:PassengerStopAssignment:206:LOC" version="1" order="0">
                     <ScheduledStopPointRef ref="CYPRE:ScheduledStopPoint:206:LOC" versionRef="1"/>
                     <StopPlaceRef ref="FR:60683:StopPlace:gen6068301:CYPRE" versionRef="1"/>
                     <QuayRef ref="FR:60683:Quay:6068301:CYPRE" versionRef="1"/>
                  </PassengerStopAssignment>
                  <PassengerStopAssignment id="CYPRE:PassengerStopAssignment:207:LOC" version="1" order="0">
                     <ScheduledStopPointRef ref="CYPRE:ScheduledStopPoint:207:LOC" versionRef="1"/>
                     <StopPlaceRef ref="FR:60079:StopPlace:gen6007902:CYPRE" versionRef="1"/>
                     <QuayRef ref="FR:60079:Quay:6007902:CYPRE" versionRef="1"/>
                  </PassengerStopAssignment>
                  <PassengerStopAssignment id="CYPRE:PassengerStopAssignment:208:LOC" version="1" order="0">
                     <ScheduledStopPointRef ref="CYPRE:ScheduledStopPoint:208:LOC" versionRef="1"/>
                     <StopPlaceRef ref="FR:60358:StopPlace:gen6035802:CYPRE" versionRef="1"/>
                     <QuayRef ref="FR:60358:Quay:6035802:CYPRE" versionRef="1"/>
                  </PassengerStopAssignment>
                  <PassengerStopAssignment id="CYPRE:PassengerStopAssignment:209:LOC" version="1" order="0">
                     <ScheduledStopPointRef ref="CYPRE:ScheduledStopPoint:209:LOC" versionRef="1"/>
                     <StopPlaceRef ref="FR:60176:StopPlace:gencevaqua2:CYPRE" versionRef="1"/>
                     <QuayRef ref="FR:60176:Quay:cevaqua2:CYPRE" versionRef="1"/>
                  </PassengerStopAssignment>
                  <PassengerStopAssignment id="CYPRE:PassengerStopAssignment:210:LOC" version="1" order="0">
                     <ScheduledStopPointRef ref="CYPRE:ScheduledStopPoint:210:LOC" versionRef="1"/>
                     <StopPlaceRef ref="FR:60176:StopPlace:gencevaqua1:CYPRE" versionRef="1"/>
                     <QuayRef ref="FR:60176:Quay:cevaqua1:CYPRE" versionRef="1"/>
                  </PassengerStopAssignment>
                  <PassengerStopAssignment id="CYPRE:PassengerStopAssignment:211:LOC" version="1" order="0">
                     <ScheduledStopPointRef ref="CYPRE:ScheduledStopPoint:211:LOC" versionRef="1"/>
                     <StopPlaceRef ref="FR:60358:StopPlace:gen6035810:CYPRE" versionRef="1"/>
                     <QuayRef ref="FR:60358:Quay:6035810:CYPRE" versionRef="1"/>
                  </PassengerStopAssignment>
                  <PassengerStopAssignment id="CYPRE:PassengerStopAssignment:212:LOC" version="1" order="0">
                     <ScheduledStopPointRef ref="CYPRE:ScheduledStopPoint:212:LOC" versionRef="1"/>
                     <StopPlaceRef ref="FR:60079:StopPlace:gen6007902:CYPRE" versionRef="1"/>
                     <QuayRef ref="FR:60079:Quay:6007902:CYPRE" versionRef="1"/>
                  </PassengerStopAssignment>
                  <PassengerStopAssignment id="CYPRE:PassengerStopAssignment:213:LOC" version="1" order="0">
                     <ScheduledStopPointRef ref="CYPRE:ScheduledStopPoint:213:LOC" versionRef="1"/>
                     <StopPlaceRef ref="FR:60683:StopPlace:gen6068305:CYPRE" versionRef="1"/>
                     <QuayRef ref="FR:60683:Quay:6068305:CYPRE" versionRef="1"/>
                  </PassengerStopAssignment>
                  <PassengerStopAssignment id="CYPRE:PassengerStopAssignment:214:LOC" version="1" order="0">
                     <ScheduledStopPointRef ref="CYPRE:ScheduledStopPoint:214:LOC" versionRef="1"/>
                     <StopPlaceRef ref="FR:60091:StopPlace:gen6009102:CYPRE" versionRef="1"/>
                     <QuayRef ref="FR:60091:Quay:6009102:CYPRE" versionRef="1"/>
                  </PassengerStopAssignment>
                  <PassengerStopAssignment id="CYPRE:PassengerStopAssignment:215:LOC" version="1" order="0">
                     <ScheduledStopPointRef ref="CYPRE:ScheduledStopPoint:215:LOC" versionRef="1"/>
                     <StopPlaceRef ref="FR:60527:StopPlace:gen6052703:CYPRE" versionRef="1"/>
                     <QuayRef ref="FR:60527:Quay:6052703:CYPRE" versionRef="1"/>
                  </PassengerStopAssignment>
                  <PassengerStopAssignment id="CYPRE:PassengerStopAssignment:216:LOC" version="1" order="0">
                     <ScheduledStopPointRef ref="CYPRE:ScheduledStopPoint:216:LOC" versionRef="1"/>
                     <StopPlaceRef ref="FR:60005:StopPlace:gen6000503:CYPRE" versionRef="1"/>
                     <QuayRef ref="FR:60005:Quay:6000503:CYPRE" versionRef="1"/>
                  </PassengerStopAssignment>
                  <PassengerStopAssignment id="CYPRE:PassengerStopAssignment:217:LOC" version="1" order="0">
                     <ScheduledStopPointRef ref="CYPRE:ScheduledStopPoint:217:LOC" versionRef="1"/>
                     <StopPlaceRef ref="FR:60548:StopPlace:gen6054801:CYPRE" versionRef="1"/>
                     <QuayRef ref="FR:60548:Quay:6054801:CYPRE" versionRef="1"/>
                  </PassengerStopAssignment>
               </members>
            </GeneralFrame>
            <GeneralFrame id="FR:GeneralFrame:NETEX_HORAIRE-20250627T231354:LOC" version="1.0" dataSourceRef="CYPRE">
               <TypeOfFrameRef ref="FR:TypeOfFrame:NETEX_HORAIRE"/>
               <members>
                  <ServiceJourney id="CYPRE:ServiceJourney:82:LOC" version="1">
                     <PrivateCode>82</PrivateCode>
                     <TransportMode>bus</TransportMode>
                     <TransportSubmode>
                        <BusSubmode>demandAndResponseBus</BusSubmode>
                     </TransportSubmode>
                     <dayTypes>
                        <DayTypeRef ref="CYPRE:DayType:2620xSemainexxxT3xetxT8127:LOC" versionRef="1"/>
                     </dayTypes>
                     <JourneyPatternRef ref="CYPRE:ServiceJourneyPattern:CAVxxxRosoyxenxMultien:LOC" versionRef="1"/>
                     <passingTimes>
                        <TimetabledPassingTime version="any">
                           <ArrivalTime>17:00:00</ArrivalTime>
                           <ArrivalDayOffset>0</ArrivalDayOffset>
                           <DepartureTime>17:00:00</DepartureTime>
                           <DepartureDayOffset>0</DepartureDayOffset>
                        </TimetabledPassingTime>
                        <TimetabledPassingTime version="any">
                           <ArrivalTime>17:06:00</ArrivalTime>
                           <ArrivalDayOffset>0</ArrivalDayOffset>
                           <DepartureTime>17:06:00</DepartureTime>
                           <DepartureDayOffset>0</DepartureDayOffset>
                        </TimetabledPassingTime>
                        <TimetabledPassingTime version="any">
                           <ArrivalTime>17:13:00</ArrivalTime>
                           <ArrivalDayOffset>0</ArrivalDayOffset>
                           <DepartureTime>17:13:00</DepartureTime>
                           <DepartureDayOffset>0</DepartureDayOffset>
                        </TimetabledPassingTime>
                        <TimetabledPassingTime version="any">
                           <ArrivalTime>17:19:00</ArrivalTime>
                           <ArrivalDayOffset>0</ArrivalDayOffset>
                           <DepartureTime>17:19:00</DepartureTime>
                           <DepartureDayOffset>0</DepartureDayOffset>
                        </TimetabledPassingTime>
                        <TimetabledPassingTime version="any">
                           <ArrivalTime>17:25:00</ArrivalTime>
                           <ArrivalDayOffset>0</ArrivalDayOffset>
                           <DepartureTime>17:25:00</DepartureTime>
                           <DepartureDayOffset>0</DepartureDayOffset>
                        </TimetabledPassingTime>
                        <TimetabledPassingTime version="any">
                           <ArrivalTime>17:29:00</ArrivalTime>
                           <ArrivalDayOffset>0</ArrivalDayOffset>
                           <DepartureTime>17:29:00</DepartureTime>
                           <DepartureDayOffset>0</DepartureDayOffset>
                        </TimetabledPassingTime>
                        <TimetabledPassingTime version="any">
                           <ArrivalTime>17:33:00</ArrivalTime>
                           <ArrivalDayOffset>0</ArrivalDayOffset>
                           <DepartureTime>17:33:00</DepartureTime>
                           <DepartureDayOffset>0</DepartureDayOffset>
                        </TimetabledPassingTime>
                        <TimetabledPassingTime version="any">
                           <ArrivalTime>17:38:00</ArrivalTime>
                           <ArrivalDayOffset>0</ArrivalDayOffset>
                           <DepartureTime>17:38:00</DepartureTime>
                           <DepartureDayOffset>0</DepartureDayOffset>
                        </TimetabledPassingTime>
                     </passingTimes>
                  </ServiceJourney>
                  <ServiceJourney id="CYPRE:ServiceJourney:81:LOC" version="1">
                     <PrivateCode>81</PrivateCode>
                     <TransportMode>bus</TransportMode>
                     <TransportSubmode>
                        <BusSubmode>demandAndResponseBus</BusSubmode>
                     </TransportSubmode>
                     <dayTypes>
                        <DayTypeRef ref="CYPRE:DayType:2620xSemainexxxT3xetxT8127:LOC" versionRef="1"/>
                     </dayTypes>
                     <JourneyPatternRef ref="CYPRE:ServiceJourneyPattern:RosoyxenxMultienxxxCAV:LOC" versionRef="1"/>
                     <passingTimes>
                        <TimetabledPassingTime version="any">
                           <ArrivalTime>14:00:00</ArrivalTime>
                           <ArrivalDayOffset>0</ArrivalDayOffset>
                           <DepartureTime>14:00:00</DepartureTime>
                           <DepartureDayOffset>0</DepartureDayOffset>
                        </TimetabledPassingTime>
                        <TimetabledPassingTime version="any">
                           <ArrivalTime>14:06:00</ArrivalTime>
                           <ArrivalDayOffset>0</ArrivalDayOffset>
                           <DepartureTime>14:06:00</DepartureTime>
                           <DepartureDayOffset>0</DepartureDayOffset>
                        </TimetabledPassingTime>
                        <TimetabledPassingTime version="any">
                           <ArrivalTime>14:10:00</ArrivalTime>
                           <ArrivalDayOffset>0</ArrivalDayOffset>
                           <DepartureTime>14:10:00</DepartureTime>
                           <DepartureDayOffset>0</DepartureDayOffset>
                        </TimetabledPassingTime>
                        <TimetabledPassingTime version="any">
                           <ArrivalTime>14:14:00</ArrivalTime>
                           <ArrivalDayOffset>0</ArrivalDayOffset>
                           <DepartureTime>14:14:00</DepartureTime>
                           <DepartureDayOffset>0</DepartureDayOffset>
                        </TimetabledPassingTime>
                        <TimetabledPassingTime version="any">
                           <ArrivalTime>14:20:00</ArrivalTime>
                           <ArrivalDayOffset>0</ArrivalDayOffset>
                           <DepartureTime>14:20:00</DepartureTime>
                           <DepartureDayOffset>0</DepartureDayOffset>
                        </TimetabledPassingTime>
                        <TimetabledPassingTime version="any">
                           <ArrivalTime>14:26:00</ArrivalTime>
                           <ArrivalDayOffset>0</ArrivalDayOffset>
                           <DepartureTime>14:26:00</DepartureTime>
                           <DepartureDayOffset>0</DepartureDayOffset>
                        </TimetabledPassingTime>
                        <TimetabledPassingTime version="any">
                           <ArrivalTime>14:34:00</ArrivalTime>
                           <ArrivalDayOffset>0</ArrivalDayOffset>
                           <DepartureTime>14:34:00</DepartureTime>
                           <DepartureDayOffset>0</DepartureDayOffset>
                        </TimetabledPassingTime>
                        <TimetabledPassingTime version="any">
                           <ArrivalTime>14:39:00</ArrivalTime>
                           <ArrivalDayOffset>0</ArrivalDayOffset>
                           <DepartureTime>14:39:00</DepartureTime>
                           <DepartureDayOffset>0</DepartureDayOffset>
                        </TimetabledPassingTime>
                     </passingTimes>
                  </ServiceJourney>
               </members>
            </GeneralFrame>
         </frames>
      </CompositeFrame>
   </dataObjects>
</PublicationDelivery>
