<?xml version="1.0" encoding="UTF-8"?>
<PublicationDelivery xmlns:xsi="http://www.w3.org/2001/XMLSchema-instance"
                     xsi:schemaLocation="http://www.netex.org.uk/netex"
                     xmlns="http://www.netex.org.uk/netex"
                     xmlns:xlink="http://www.w3.org/1999/xlink"
                     xmlns:ifopt="http://www.ifopt.org.uk/ifopt"
                     xmlns:gml="http://www.opengis.net/gml/3.2"
                     xmlns:core="http://www.govtalk.gov.uk/core"
                     xmlns:siri="http://www.siri.org.uk/siri"
                     version="1.10:FR-NETEX-2.2">
   <PublicationTimestamp>2025-06-27T23:13:54+02:00</PublicationTimestamp>
   <ParticipantRef>CYPRE</ParticipantRef>
   <Description>Offre sur la période du 27/06/2025 au 31/12/2025</Description>
   <dataObjects>
      <CompositeFrame id="FR:CompositeFrame:NETEX_LIGNE-20250627T231354:LOC" version="1.0">
         <Name>Éméville - Crépy-en-Valois</Name>
         <FrameDefaults>
            <DefaultLocale>
               <TimeZone>Europe/Paris</TimeZone>
               <DefaultLanguage>fr</DefaultLanguage>
            </DefaultLocale>
            <DefaultLocationSystem>WGS84</DefaultLocationSystem>
            <DefaultSystemOfUnits>SiMetres</DefaultSystemOfUnits>
         </FrameDefaults>
         <frames>
            <ResourceFrame id="FR:ResourceFrame:1" version="any">
               <typesOfValue>
                  <ValueSet id="FR:ValueSet:TypeOfFrame" nameOfClass="TypeOfFrame" version="any">
                     <Name>TypeOfFrame</Name>
                     <values>
                        <TypeOfFrame id="FR:TypeOfFrame:NETEX_RESEAU" version="any">
                           <Name>NETEX_RESEAU</Name>
                        </TypeOfFrame>
                        <TypeOfFrame id="FR:TypeOfFrame:NETEX_HORAIRE" version="any">
                           <Name>NETEX_HORAIRE</Name>
                        </TypeOfFrame>
                     </values>
                  </ValueSet>
               </typesOfValue>
            </ResourceFrame>
            <GeneralFrame id="FR:GeneralFrame:NETEX_RESEAU-20250627T231354:LOC" version="1.0" dataSourceRef="CYPRE">
               <TypeOfFrameRef ref="FR:TypeOfFrame:NETEX_RESEAU"/>
               <members>
                  <Route id="CYPRE:Route:T3xA:LOC" version="1">
                     <Name>Éméville - Crépy-en-Valois - Aller</Name>
                     <LineRef ref="CYPRE:Line:T3:LOC" versionRef="1"/>
                     <DirectionType>outbound</DirectionType>
                     <DirectionRef ref="CYPRE:Direction:T3xA:LOC" versionRef="1"/>
                     <InverseRouteRef ref="CYPRE:Route:T3xR:LOC" versionRef="1"/>
                  </Route>
                  <Direction id="CYPRE:Direction:T3xA:LOC" version="1">
                     <Name>Éméville - Crépy-en-Valois - Aller</Name>
                     <DirectionType>outbound</DirectionType>
                  </Direction>
                  <Route id="CYPRE:Route:T3xR:LOC" version="1">
                     <Name>Éméville - Crépy-en-Valois - Retour</Name>
                     <LineRef ref="CYPRE:Line:T3:LOC" versionRef="1"/>
                     <DirectionType>inbound</DirectionType>
                     <DirectionRef ref="CYPRE:Direction:T3xR:LOC" versionRef="1"/>
                     <InverseRouteRef ref="CYPRE:Route:T3xA:LOC" versionRef="1"/>
                  </Route>
                  <Direction id="CYPRE:Direction:T3xR:LOC" version="1">
                     <Name>Éméville - Crépy-en-Valois - Retour</Name>
                     <DirectionType>inbound</DirectionType>
                  </Direction>
                  <ServiceJourneyPattern id="CYPRE:ServiceJourneyPattern:EmevillexxxCAV:LOC" version="1">
                     <Name>Centre aquatique</Name>
                     <PrivateCode>6335106</PrivateCode>
                     <RouteRef ref="CYPRE:Route:T3xA:LOC" versionRef="1"/>
                     <DestinationDisplayRef ref="CYPRE:DestinationDisplay:EmevillexxxCAV:LOC" versionRef="1"/>
                     <pointsInSequence>
                        <StopPointInJourneyPattern id="CYPRE:StopPointInJourneyPattern:EmevillexxxCAVx1:LOC" version="any" order="1">
                           <ScheduledStopPointRef ref="CYPRE:ScheduledStopPoint:134:LOC" versionRef="1"/>
                           <ForAlighting>false</ForAlighting>
                           <ForBoarding>true</ForBoarding>
                           <RequestStop>false</RequestStop>
                        </StopPointInJourneyPattern>
                        <StopPointInJourneyPattern id="CYPRE:StopPointInJourneyPattern:EmevillexxxCAVx2:LOC" version="any" order="2">
                           <ScheduledStopPointRef ref="CYPRE:ScheduledStopPoint:135:LOC" versionRef="1"/>
                           <ForAlighting>false</ForAlighting>
                           <ForBoarding>true</ForBoarding>
                           <RequestStop>false</RequestStop>
                        </StopPointInJourneyPattern>
                        <StopPointInJourneyPattern id="CYPRE:StopPointInJourneyPattern:EmevillexxxCAVx3:LOC" version="any" order="3">
                           <ScheduledStopPointRef ref="CYPRE:ScheduledStopPoint:136:LOC" versionRef="1"/>
                           <ForAlighting>false</ForAlighting>
                           <ForBoarding>true</ForBoarding>
                           <RequestStop>false</RequestStop>
                        </StopPointInJourneyPattern>
                        <StopPointInJourneyPattern id="CYPRE:StopPointInJourneyPattern:EmevillexxxCAVx4:LOC" version="any" order="4">
                           <ScheduledStopPointRef ref="CYPRE:ScheduledStopPoint:137:LOC" versionRef="1"/>
                           <ForAlighting>false</ForAlighting>
                           <ForBoarding>true</ForBoarding>
                           <RequestStop>false</RequestStop>
                        </StopPointInJourneyPattern>
                        <StopPointInJourneyPattern id="CYPRE:StopPointInJourneyPattern:EmevillexxxCAVx5:LOC" version="any" order="5">
                           <ScheduledStopPointRef ref="CYPRE:ScheduledStopPoint:138:LOC" versionRef="1"/>
                           <ForAlighting>true</ForAlighting>
                           <ForBoarding>false</ForBoarding>
                           <RequestStop>false</RequestStop>
                        </StopPointInJourneyPattern>
                     </pointsInSequence>
                     <ServiceJourneyPatternType>passenger</ServiceJourneyPatternType>
                  </ServiceJourneyPattern>
                  <ServiceJourneyPattern id="CYPRE:ServiceJourneyPattern:CAVxxxEmeville:LOC" version="1">
                     <Name>École</Name>
                     <PrivateCode>6335107</PrivateCode>
                     <RouteRef ref="CYPRE:Route:T3xR:LOC" versionRef="1"/>
                     <DestinationDisplayRef ref="CYPRE:DestinationDisplay:CAVxxxEmeville:LOC" versionRef="1"/>
                     <pointsInSequence>
                        <StopPointInJourneyPattern id="CYPRE:StopPointInJourneyPattern:CAVxxxEmevillex1:LOC" version="any" order="1">
                           <ScheduledStopPointRef ref="CYPRE:ScheduledStopPoint:139:LOC" versionRef="1"/>
                           <ForAlighting>false</ForAlighting>
                           <ForBoarding>true</ForBoarding>
                           <RequestStop>false</RequestStop>
                        </StopPointInJourneyPattern>
                        <StopPointInJourneyPattern id="CYPRE:StopPointInJourneyPattern:CAVxxxEmevillex2:LOC" version="any" order="2">
                           <ScheduledStopPointRef ref="CYPRE:ScheduledStopPoint:140:LOC" versionRef="1"/>
                           <ForAlighting>true</ForAlighting>
                           <ForBoarding>false</ForBoarding>
                           <RequestStop>false</RequestStop>
                        </StopPointInJourneyPattern>
                        <StopPointInJourneyPattern id="CYPRE:StopPointInJourneyPattern:CAVxxxEmevillex3:LOC" version="any" order="3">
                           <ScheduledStopPointRef ref="CYPRE:ScheduledStopPoint:141:LOC" versionRef="1"/>
                           <ForAlighting>true</ForAlighting>
                           <ForBoarding>false</ForBoarding>
                           <RequestStop>false</RequestStop>
                        </StopPointInJourneyPattern>
                        <StopPointInJourneyPattern id="CYPRE:StopPointInJourneyPattern:CAVxxxEmevillex4:LOC" version="any" order="4">
                           <ScheduledStopPointRef ref="CYPRE:ScheduledStopPoint:142:LOC" versionRef="1"/>
                           <ForAlighting>true</ForAlighting>
                           <ForBoarding>false</ForBoarding>
                           <RequestStop>false</RequestStop>
                        </StopPointInJourneyPattern>
                        <StopPointInJourneyPattern id="CYPRE:StopPointInJourneyPattern:CAVxxxEmevillex5:LOC" version="any" order="5">
                           <ScheduledStopPointRef ref="CYPRE:ScheduledStopPoint:143:LOC" versionRef="1"/>
                           <ForAlighting>true</ForAlighting>
                           <ForBoarding>false</ForBoarding>
                           <RequestStop>false</RequestStop>
                        </StopPointInJourneyPattern>
                     </pointsInSequence>
                     <ServiceJourneyPatternType>passenger</ServiceJourneyPatternType>
                  </ServiceJourneyPattern>
                  <DestinationDisplay id="CYPRE:DestinationDisplay:EmevillexxxCAV:LOC" version="1">
                     <FrontText>Centre aquatique</FrontText>
                  </DestinationDisplay>
                  <DestinationDisplay id="CYPRE:DestinationDisplay:CAVxxxEmeville:LOC" version="1">
                     <FrontText>École</FrontText>
                  </DestinationDisplay>
                  <ScheduledStopPoint id="CYPRE:ScheduledStopPoint:134:LOC" version="1">
                     <Name>École</Name>
                     <Location id="CYPRE:Location:f8cdbd8553854e9da91d45ca411fde85:LOC">
                        <Longitude>3.0287571</Longitude>
                        <Latitude>49.2831514</Latitude>
                        <gml:pos srsName="EPSG:2154">702092.738994043 6909280.62753957</gml:pos>
                     </Location>
                  </ScheduledStopPoint>
                  <ScheduledStopPoint id="CYPRE:ScheduledStopPoint:135:LOC" version="1">
                     <Name>Mairie</Name>
                     <Location id="CYPRE:Location:ec18095488094d28be57c082b533c7c1:LOC">
                        <Longitude>2.9919646</Longitude>
                        <Latitude>49.2854917</Latitude>
                        <gml:pos srsName="EPSG:2154">699415.26671998 6909540.61375094</gml:pos>
                     </Location>
                  </ScheduledStopPoint>
                  <ScheduledStopPoint id="CYPRE:ScheduledStopPoint:136:LOC" version="1">
                     <Name>Pondron</Name>
                     <Location id="CYPRE:Location:1afcada603c1419bb445fc24b29bd126:LOC">
                        <Longitude>2.9449602</Longitude>
                        <Latitude>49.2786357</Latitude>
                        <gml:pos srsName="EPSG:2154">695994.241492096 6908779.31292142</gml:pos>
                     </Location>
                  </ScheduledStopPoint>
                  <ScheduledStopPoint id="CYPRE:ScheduledStopPoint:137:LOC" version="1">
                     <Name>École</Name>
                     <Location id="CYPRE:Location:5a46a37194df40f3be5aaa0ce66997a8:LOC">
                        <Longitude>2.9305231</Longitude>
                        <Latitude>49.2589048</Latitude>
                        <gml:pos srsName="EPSG:2154">694941.588411055 6906585.29060556</gml:pos>
                     </Location>
                  </ScheduledStopPoint>
                  <ScheduledStopPoint id="CYPRE:ScheduledStopPoint:138:LOC" version="1">
                     <Name>Centre aquatique</Name>
                     <Location id="CYPRE:Location:ffa7261fde654e799ce2acbcdf0f9457:LOC">
                        <Longitude>2.8945618</Longitude>
                        <Latitude>49.2239854</Latitude>
                        <gml:pos srsName="EPSG:2154">692318.165058946 6902703.89321492</gml:pos>
                     </Location>
                  </ScheduledStopPoint>
                  <ScheduledStopPoint id="CYPRE:ScheduledStopPoint:139:LOC" version="1">
                     <Name>Centre aquatique</Name>
                     <Location id="CYPRE:Location:2d48727e00f34dc2bb2f007ec0a35ccd:LOC">
                        <Longitude>2.8947524</Longitude>
                        <Latitude>49.2239159</Latitude>
                        <gml:pos srsName="EPSG:2154">692332.041153333 6902696.14391952</gml:pos>
                     </Location>
                  </ScheduledStopPoint>
                  <ScheduledStopPoint id="CYPRE:ScheduledStopPoint:140:LOC" version="1">
                     <Name>École</Name>
                     <Location id="CYPRE:Location:0ab6044ef8c54f90859d8c3034eeccae:LOC">
                        <Longitude>2.9308288</Longitude>
                        <Latitude>49.2592694</Latitude>
                        <gml:pos srsName="EPSG:2154">694963.881064103 6906625.82849552</gml:pos>
                     </Location>
                  </ScheduledStopPoint>
                  <ScheduledStopPoint id="CYPRE:ScheduledStopPoint:141:LOC" version="1">
                     <Name>Pondron</Name>
                     <Location id="CYPRE:Location:2756fbe0dc56471b92c05de206ec68e3:LOC">
                        <Longitude>2.944995</Longitude>
                        <Latitude>49.2785805</Latitude>
                        <gml:pos srsName="EPSG:2154">695996.769934141 6908773.170686</gml:pos>
                     </Location>
                  </ScheduledStopPoint>
                  <ScheduledStopPoint id="CYPRE:ScheduledStopPoint:142:LOC" version="1">
                     <Name>Mairie</Name>
                     <Location id="CYPRE:Location:8a617d74dd944702a3bcd47a95c6f5ad:LOC">
                        <Longitude>2.9919646</Longitude>
                        <Latitude>49.2854917</Latitude>
                        <gml:pos srsName="EPSG:2154">699415.26671998 6909540.61375094</gml:pos>
                     </Location>
                  </ScheduledStopPoint>
                  <ScheduledStopPoint id="CYPRE:ScheduledStopPoint:143:LOC" version="1">
                     <Name>École</Name>
                     <Location id="CYPRE:Location:2a9d26b826eb4272a73c038c4ac10b43:LOC">
                        <Longitude>3.0287571</Longitude>
                        <Latitude>49.2831514</Latitude>
                        <gml:pos srsName="EPSG:2154">702092.738994043 6909280.62753957</gml:pos>
                     </Location>
                  </ScheduledStopPoint>
                  <PassengerStopAssignment id="CYPRE:PassengerStopAssignment:134:LOC" version="1" order="0">
                     <ScheduledStopPointRef ref="CYPRE:ScheduledStopPoint:134:LOC" versionRef="1"/>
                     <StopPlaceRef ref="FR:60207:StopPlace:gen6020702:CYPRE" versionRef="1"/>
                     <QuayRef ref="FR:60207:Quay:6020702:CYPRE" versionRef="1"/>
                  </PassengerStopAssignment>
                  <PassengerStopAssignment id="CYPRE:PassengerStopAssignment:135:LOC" version="1" order="0">
                     <ScheduledStopPointRef ref="CYPRE:ScheduledStopPoint:135:LOC" versionRef="1"/>
                     <StopPlaceRef ref="FR:60083:StopPlace:gen6008301:CYPRE" versionRef="1"/>
                     <QuayRef ref="FR:60083:Quay:6008301:CYPRE" versionRef="1"/>
                  </PassengerStopAssignment>
                  <PassengerStopAssignment id="CYPRE:PassengerStopAssignment:136:LOC" version="1" order="0">
                     <ScheduledStopPointRef ref="CYPRE:ScheduledStopPoint:136:LOC" versionRef="1"/>
                     <StopPlaceRef ref="FR:60260:StopPlace:gen6026007:CYPRE" versionRef="1"/>
                     <QuayRef ref="FR:60260:Quay:6026007:CYPRE" versionRef="1"/>
                  </PassengerStopAssignment>
                  <PassengerStopAssignment id="CYPRE:PassengerStopAssignment:137:LOC" version="1" order="0">
                     <ScheduledStopPointRef ref="CYPRE:ScheduledStopPoint:137:LOC" versionRef="1"/>
                     <StopPlaceRef ref="FR:60231:StopPlace:gen6023109:CYPRE" versionRef="1"/>
                     <QuayRef ref="FR:60231:Quay:6023109:CYPRE" versionRef="1"/>
                  </PassengerStopAssignment>
                  <PassengerStopAssignment id="CYPRE:PassengerStopAssignment:138:LOC" version="1" order="0">
                     <ScheduledStopPointRef ref="CYPRE:ScheduledStopPoint:138:LOC" versionRef="1"/>
                     <StopPlaceRef ref="FR:60176:StopPlace:gencevaqua1:CYPRE" versionRef="1"/>
                     <QuayRef ref="FR:60176:Quay:cevaqua1:CYPRE" versionRef="1"/>
                  </PassengerStopAssignment>
                  <PassengerStopAssignment id="CYPRE:PassengerStopAssignment:139:LOC" version="1" order="0">
                     <ScheduledStopPointRef ref="CYPRE:ScheduledStopPoint:139:LOC" versionRef="1"/>
                     <StopPlaceRef ref="FR:60176:StopPlace:gencevaqua2:CYPRE" versionRef="1"/>
                     <QuayRef ref="FR:60176:Quay:cevaqua2:CYPRE" versionRef="1"/>
                  </PassengerStopAssignment>
                  <PassengerStopAssignment id="CYPRE:PassengerStopAssignment:140:LOC" version="1" order="0">
                     <ScheduledStopPointRef ref="CYPRE:ScheduledStopPoint:140:LOC" versionRef="1"/>
                     <StopPlaceRef ref="FR:60231:StopPlace:gen6023106:CYPRE" versionRef="1"/>
                     <QuayRef ref="FR:60231:Quay:6023106:CYPRE" versionRef="1"/>
                  </PassengerStopAssignment>
                  <PassengerStopAssignment id="CYPRE:PassengerStopAssignment:141:LOC" version="1" order="0">
                     <ScheduledStopPointRef ref="CYPRE:ScheduledStopPoint:141:LOC" versionRef="1"/>
                     <StopPlaceRef ref="FR:60260:StopPlace:gen6026002:CYPRE" versionRef="1"/>
                     <QuayRef ref="FR:60260:Quay:6026002:CYPRE" versionRef="1"/>
                  </PassengerStopAssignment>
                  <PassengerStopAssignment id="CYPRE:PassengerStopAssignment:142:LOC" version="1" order="0">
                     <ScheduledStopPointRef ref="CYPRE:ScheduledStopPoint:142:LOC" versionRef="1"/>
                     <StopPlaceRef ref="FR:60083:StopPlace:gen6008301:CYPRE" versionRef="1"/>
                     <QuayRef ref="FR:60083:Quay:6008301:CYPRE" versionRef="1"/>
                  </PassengerStopAssignment>
                  <PassengerStopAssignment id="CYPRE:PassengerStopAssignment:143:LOC" version="1" order="0">
                     <ScheduledStopPointRef ref="CYPRE:ScheduledStopPoint:143:LOC" versionRef="1"/>
                     <StopPlaceRef ref="FR:60207:StopPlace:gen6020702:CYPRE" versionRef="1"/>
                     <QuayRef ref="FR:60207:Quay:6020702:CYPRE" versionRef="1"/>
                  </PassengerStopAssignment>
               </members>
            </GeneralFrame>
            <GeneralFrame id="FR:GeneralFrame:NETEX_HORAIRE-20250627T231354:LOC" version="1.0" dataSourceRef="CYPRE">
               <TypeOfFrameRef ref="FR:TypeOfFrame:NETEX_HORAIRE"/>
               <members>
                  <ServiceJourney id="CYPRE:ServiceJourney:32:LOC" version="1">
                     <PrivateCode>32</PrivateCode>
                     <TransportMode>bus</TransportMode>
                     <TransportSubmode>
                        <BusSubmode>demandAndResponseBus</BusSubmode>
                     </TransportSubmode>
                     <dayTypes>
                        <DayTypeRef ref="CYPRE:DayType:2620xSemainexxxT3xetxT8127:LOC" versionRef="1"/>
                     </dayTypes>
                     <JourneyPatternRef ref="CYPRE:ServiceJourneyPattern:CAVxxxEmeville:LOC" versionRef="1"/>
                     <passingTimes>
                        <TimetabledPassingTime version="any">
                           <ArrivalTime>16:00:00</ArrivalTime>
                           <ArrivalDayOffset>0</ArrivalDayOffset>
                           <DepartureTime>16:00:00</DepartureTime>
                           <DepartureDayOffset>0</DepartureDayOffset>
                        </TimetabledPassingTime>
                        <TimetabledPassingTime version="any">
                           <ArrivalTime>16:11:00</ArrivalTime>
                           <ArrivalDayOffset>0</ArrivalDayOffset>
                           <DepartureTime>16:11:00</DepartureTime>
                           <DepartureDayOffset>0</DepartureDayOffset>
                        </TimetabledPassingTime>
                        <TimetabledPassingTime version="any">
                           <ArrivalTime>16:16:00</ArrivalTime>
                           <ArrivalDayOffset>0</ArrivalDayOffset>
                           <DepartureTime>16:16:00</DepartureTime>
                           <DepartureDayOffset>0</DepartureDayOffset>
                        </TimetabledPassingTime>
                        <TimetabledPassingTime version="any">
                           <ArrivalTime>16:22:00</ArrivalTime>
                           <ArrivalDayOffset>0</ArrivalDayOffset>
                           <DepartureTime>16:22:00</DepartureTime>
                           <DepartureDayOffset>0</DepartureDayOffset>
                        </TimetabledPassingTime>
                        <TimetabledPassingTime version="any">
                           <ArrivalTime>16:27:00</ArrivalTime>
                           <ArrivalDayOffset>0</ArrivalDayOffset>
                           <DepartureTime>16:27:00</DepartureTime>
                           <DepartureDayOffset>0</DepartureDayOffset>
                        </TimetabledPassingTime>
                     </passingTimes>
                  </ServiceJourney>
                  <ServiceJourney id="CYPRE:ServiceJourney:31:LOC" version="1">
                     <PrivateCode>31</PrivateCode>
                     <TransportMode>bus</TransportMode>
                     <TransportSubmode>
                        <BusSubmode>demandAndResponseBus</BusSubmode>
                     </TransportSubmode>
                     <dayTypes>
                        <DayTypeRef ref="CYPRE:DayType:2620xSemainexxxT3xetxT8127:LOC" versionRef="1"/>
                     </dayTypes>
                     <JourneyPatternRef ref="CYPRE:ServiceJourneyPattern:EmevillexxxCAV:LOC" versionRef="1"/>
                     <passingTimes>
                        <TimetabledPassingTime version="any">
                           <ArrivalTime>13:00:00</ArrivalTime>
                           <ArrivalDayOffset>0</ArrivalDayOffset>
                           <DepartureTime>13:00:00</DepartureTime>
                           <DepartureDayOffset>0</DepartureDayOffset>
                        </TimetabledPassingTime>
                        <TimetabledPassingTime version="any">
                           <ArrivalTime>13:06:00</ArrivalTime>
                           <ArrivalDayOffset>0</ArrivalDayOffset>
                           <DepartureTime>13:06:00</DepartureTime>
                           <DepartureDayOffset>0</DepartureDayOffset>
                        </TimetabledPassingTime>
                        <TimetabledPassingTime version="any">
                           <ArrivalTime>13:12:00</ArrivalTime>
                           <ArrivalDayOffset>0</ArrivalDayOffset>
                           <DepartureTime>13:12:00</DepartureTime>
                           <DepartureDayOffset>0</DepartureDayOffset>
                        </TimetabledPassingTime>
                        <TimetabledPassingTime version="any">
                           <ArrivalTime>13:17:00</ArrivalTime>
                           <ArrivalDayOffset>0</ArrivalDayOffset>
                           <DepartureTime>13:17:00</DepartureTime>
                           <DepartureDayOffset>0</DepartureDayOffset>
                        </TimetabledPassingTime>
                        <TimetabledPassingTime version="any">
                           <ArrivalTime>13:27:00</ArrivalTime>
                           <ArrivalDayOffset>0</ArrivalDayOffset>
                           <DepartureTime>13:27:00</DepartureTime>
                           <DepartureDayOffset>0</DepartureDayOffset>
                        </TimetabledPassingTime>
                     </passingTimes>
                  </ServiceJourney>
               </members>
            </GeneralFrame>
         </frames>
      </CompositeFrame>
   </dataObjects>
</PublicationDelivery>
