<?xml version="1.0" encoding="UTF-8"?>
<PublicationDelivery xmlns:xsi="http://www.w3.org/2001/XMLSchema-instance"
                     xsi:schemaLocation="http://www.netex.org.uk/netex"
                     xmlns="http://www.netex.org.uk/netex"
                     xmlns:xlink="http://www.w3.org/1999/xlink"
                     xmlns:ifopt="http://www.ifopt.org.uk/ifopt"
                     xmlns:gml="http://www.opengis.net/gml/3.2"
                     xmlns:core="http://www.govtalk.gov.uk/core"
                     xmlns:siri="http://www.siri.org.uk/siri"
                     version="1.10:FR-NETEX-2.2">
   <PublicationTimestamp>2025-06-27T23:13:54+02:00</PublicationTimestamp>
   <ParticipantRef>CYPRE</ParticipantRef>
   <Description>Offre sur la période du 27/06/2025 au 31/12/2025</Description>
   <dataObjects>
      <CompositeFrame id="FR:CompositeFrame:NETEX_LIGNE-20250627T231354:LOC" version="1.0">
         <Name>Baron - Crépy-en-Valois</Name>
         <FrameDefaults>
            <DefaultLocale>
               <TimeZone>Europe/Paris</TimeZone>
               <DefaultLanguage>fr</DefaultLanguage>
            </DefaultLocale>
            <DefaultLocationSystem>WGS84</DefaultLocationSystem>
            <DefaultSystemOfUnits>SiMetres</DefaultSystemOfUnits>
         </FrameDefaults>
         <frames>
            <ResourceFrame id="FR:ResourceFrame:1" version="any">
               <typesOfValue>
                  <ValueSet id="FR:ValueSet:TypeOfFrame" nameOfClass="TypeOfFrame" version="any">
                     <Name>TypeOfFrame</Name>
                     <values>
                        <TypeOfFrame id="FR:TypeOfFrame:NETEX_RESEAU" version="any">
                           <Name>NETEX_RESEAU</Name>
                        </TypeOfFrame>
                        <TypeOfFrame id="FR:TypeOfFrame:NETEX_HORAIRE" version="any">
                           <Name>NETEX_HORAIRE</Name>
                        </TypeOfFrame>
                     </values>
                  </ValueSet>
               </typesOfValue>
            </ResourceFrame>
            <GeneralFrame id="FR:GeneralFrame:NETEX_RESEAU-20250627T231354:LOC" version="1.0" dataSourceRef="CYPRE">
               <TypeOfFrameRef ref="FR:TypeOfFrame:NETEX_RESEAU"/>
               <members>
                  <Route id="CYPRE:Route:T12xA:LOC" version="1">
                     <Name>Baron - Crépy-en-Valois - Aller</Name>
                     <LineRef ref="CYPRE:Line:T12:LOC" versionRef="1"/>
                     <DirectionType>outbound</DirectionType>
                     <DirectionRef ref="CYPRE:Direction:T12xA:LOC" versionRef="1"/>
                     <InverseRouteRef ref="CYPRE:Route:T12xR:LOC" versionRef="1"/>
                  </Route>
                  <Direction id="CYPRE:Direction:T12xA:LOC" version="1">
                     <Name>Baron - Crépy-en-Valois - Aller</Name>
                     <DirectionType>outbound</DirectionType>
                  </Direction>
                  <Route id="CYPRE:Route:T12xR:LOC" version="1">
                     <Name>Baron - Crépy-en-Valois - Retour</Name>
                     <LineRef ref="CYPRE:Line:T12:LOC" versionRef="1"/>
                     <DirectionType>inbound</DirectionType>
                     <DirectionRef ref="CYPRE:Direction:T12xR:LOC" versionRef="1"/>
                     <InverseRouteRef ref="CYPRE:Route:T12xA:LOC" versionRef="1"/>
                  </Route>
                  <Direction id="CYPRE:Direction:T12xR:LOC" version="1">
                     <Name>Baron - Crépy-en-Valois - Retour</Name>
                     <DirectionType>inbound</DirectionType>
                  </Direction>
                  <ServiceJourneyPattern id="CYPRE:ServiceJourneyPattern:BaronxxxCAV:LOC" version="1">
                     <Name>Centre aquatique</Name>
                     <PrivateCode>6335126</PrivateCode>
                     <RouteRef ref="CYPRE:Route:T12xA:LOC" versionRef="1"/>
                     <DestinationDisplayRef ref="CYPRE:DestinationDisplay:BaronxxxCAV:LOC" versionRef="1"/>
                     <pointsInSequence>
                        <StopPointInJourneyPattern id="CYPRE:StopPointInJourneyPattern:BaronxxxCAVx1:LOC" version="any" order="1">
                           <ScheduledStopPointRef ref="CYPRE:ScheduledStopPoint:104:LOC" versionRef="1"/>
                           <ForAlighting>false</ForAlighting>
                           <ForBoarding>true</ForBoarding>
                           <RequestStop>false</RequestStop>
                        </StopPointInJourneyPattern>
                        <StopPointInJourneyPattern id="CYPRE:StopPointInJourneyPattern:BaronxxxCAVx2:LOC" version="any" order="2">
                           <ScheduledStopPointRef ref="CYPRE:ScheduledStopPoint:105:LOC" versionRef="1"/>
                           <ForAlighting>false</ForAlighting>
                           <ForBoarding>true</ForBoarding>
                           <RequestStop>false</RequestStop>
                        </StopPointInJourneyPattern>
                        <StopPointInJourneyPattern id="CYPRE:StopPointInJourneyPattern:BaronxxxCAVx3:LOC" version="any" order="3">
                           <ScheduledStopPointRef ref="CYPRE:ScheduledStopPoint:106:LOC" versionRef="1"/>
                           <ForAlighting>false</ForAlighting>
                           <ForBoarding>true</ForBoarding>
                           <RequestStop>false</RequestStop>
                        </StopPointInJourneyPattern>
                        <StopPointInJourneyPattern id="CYPRE:StopPointInJourneyPattern:BaronxxxCAVx4:LOC" version="any" order="4">
                           <ScheduledStopPointRef ref="CYPRE:ScheduledStopPoint:107:LOC" versionRef="1"/>
                           <ForAlighting>false</ForAlighting>
                           <ForBoarding>true</ForBoarding>
                           <RequestStop>false</RequestStop>
                        </StopPointInJourneyPattern>
                        <StopPointInJourneyPattern id="CYPRE:StopPointInJourneyPattern:BaronxxxCAVx5:LOC" version="any" order="5">
                           <ScheduledStopPointRef ref="CYPRE:ScheduledStopPoint:108:LOC" versionRef="1"/>
                           <ForAlighting>false</ForAlighting>
                           <ForBoarding>true</ForBoarding>
                           <RequestStop>false</RequestStop>
                        </StopPointInJourneyPattern>
                        <StopPointInJourneyPattern id="CYPRE:StopPointInJourneyPattern:BaronxxxCAVx6:LOC" version="any" order="6">
                           <ScheduledStopPointRef ref="CYPRE:ScheduledStopPoint:109:LOC" versionRef="1"/>
                           <ForAlighting>false</ForAlighting>
                           <ForBoarding>true</ForBoarding>
                           <RequestStop>false</RequestStop>
                        </StopPointInJourneyPattern>
                        <StopPointInJourneyPattern id="CYPRE:StopPointInJourneyPattern:BaronxxxCAVx7:LOC" version="any" order="7">
                           <ScheduledStopPointRef ref="CYPRE:ScheduledStopPoint:110:LOC" versionRef="1"/>
                           <ForAlighting>true</ForAlighting>
                           <ForBoarding>false</ForBoarding>
                           <RequestStop>false</RequestStop>
                        </StopPointInJourneyPattern>
                     </pointsInSequence>
                     <ServiceJourneyPatternType>passenger</ServiceJourneyPatternType>
                  </ServiceJourneyPattern>
                  <ServiceJourneyPattern id="CYPRE:ServiceJourneyPattern:CAVxxxBaron:LOC" version="1">
                     <Name>Centre</Name>
                     <PrivateCode>6335127</PrivateCode>
                     <RouteRef ref="CYPRE:Route:T12xR:LOC" versionRef="1"/>
                     <DestinationDisplayRef ref="CYPRE:DestinationDisplay:CAVxxxBaron:LOC" versionRef="1"/>
                     <pointsInSequence>
                        <StopPointInJourneyPattern id="CYPRE:StopPointInJourneyPattern:CAVxxxBaronx1:LOC" version="any" order="1">
                           <ScheduledStopPointRef ref="CYPRE:ScheduledStopPoint:111:LOC" versionRef="1"/>
                           <ForAlighting>false</ForAlighting>
                           <ForBoarding>true</ForBoarding>
                           <RequestStop>false</RequestStop>
                        </StopPointInJourneyPattern>
                        <StopPointInJourneyPattern id="CYPRE:StopPointInJourneyPattern:CAVxxxBaronx2:LOC" version="any" order="2">
                           <ScheduledStopPointRef ref="CYPRE:ScheduledStopPoint:112:LOC" versionRef="1"/>
                           <ForAlighting>true</ForAlighting>
                           <ForBoarding>false</ForBoarding>
                           <RequestStop>false</RequestStop>
                        </StopPointInJourneyPattern>
                        <StopPointInJourneyPattern id="CYPRE:StopPointInJourneyPattern:CAVxxxBaronx3:LOC" version="any" order="3">
                           <ScheduledStopPointRef ref="CYPRE:ScheduledStopPoint:113:LOC" versionRef="1"/>
                           <ForAlighting>true</ForAlighting>
                           <ForBoarding>false</ForBoarding>
                           <RequestStop>false</RequestStop>
                        </StopPointInJourneyPattern>
                        <StopPointInJourneyPattern id="CYPRE:StopPointInJourneyPattern:CAVxxxBaronx4:LOC" version="any" order="4">
                           <ScheduledStopPointRef ref="CYPRE:ScheduledStopPoint:114:LOC" versionRef="1"/>
                           <ForAlighting>true</ForAlighting>
                           <ForBoarding>false</ForBoarding>
                           <RequestStop>false</RequestStop>
                        </StopPointInJourneyPattern>
                        <StopPointInJourneyPattern id="CYPRE:StopPointInJourneyPattern:CAVxxxBaronx5:LOC" version="any" order="5">
                           <ScheduledStopPointRef ref="CYPRE:ScheduledStopPoint:115:LOC" versionRef="1"/>
                           <ForAlighting>true</ForAlighting>
                           <ForBoarding>false</ForBoarding>
                           <RequestStop>false</RequestStop>
                        </StopPointInJourneyPattern>
                        <StopPointInJourneyPattern id="CYPRE:StopPointInJourneyPattern:CAVxxxBaronx6:LOC" version="any" order="6">
                           <ScheduledStopPointRef ref="CYPRE:ScheduledStopPoint:116:LOC" versionRef="1"/>
                           <ForAlighting>true</ForAlighting>
                           <ForBoarding>false</ForBoarding>
                           <RequestStop>false</RequestStop>
                        </StopPointInJourneyPattern>
                        <StopPointInJourneyPattern id="CYPRE:StopPointInJourneyPattern:CAVxxxBaronx7:LOC" version="any" order="7">
                           <ScheduledStopPointRef ref="CYPRE:ScheduledStopPoint:117:LOC" versionRef="1"/>
                           <ForAlighting>true</ForAlighting>
                           <ForBoarding>false</ForBoarding>
                           <RequestStop>false</RequestStop>
                        </StopPointInJourneyPattern>
                     </pointsInSequence>
                     <ServiceJourneyPatternType>passenger</ServiceJourneyPatternType>
                  </ServiceJourneyPattern>
                  <DestinationDisplay id="CYPRE:DestinationDisplay:BaronxxxCAV:LOC" version="1">
                     <FrontText>Centre aquatique</FrontText>
                  </DestinationDisplay>
                  <DestinationDisplay id="CYPRE:DestinationDisplay:CAVxxxBaron:LOC" version="1">
                     <FrontText>Centre</FrontText>
                  </DestinationDisplay>
                  <ScheduledStopPoint id="CYPRE:ScheduledStopPoint:104:LOC" version="1">
                     <Name>Centre</Name>
                     <Location id="CYPRE:Location:6f486348f90b4c7c89fcd61fc51e648b:LOC">
                        <Longitude>2.7343145</Longitude>
                        <Latitude>49.1722033</Latitude>
                        <gml:pos srsName="EPSG:2154">680623.793832892 6896971.57261549</gml:pos>
                     </Location>
                  </ScheduledStopPoint>
                  <ScheduledStopPoint id="CYPRE:ScheduledStopPoint:105:LOC" version="1">
                     <Name>Centre</Name>
                     <Location id="CYPRE:Location:e791a0df56b94ee5a86e052fe464b49d:LOC">
                        <Longitude>2.7795865</Longitude>
                        <Latitude>49.1886114</Latitude>
                        <gml:pos srsName="EPSG:2154">683930.525309796 6898786.46439375</gml:pos>
                     </Location>
                  </ScheduledStopPoint>
                  <ScheduledStopPoint id="CYPRE:ScheduledStopPoint:106:LOC" version="1">
                     <Name>École</Name>
                     <Location id="CYPRE:Location:4b9d6b03e3994423bfde198be44ef134:LOC">
                        <Longitude>2.7611611</Longitude>
                        <Latitude>49.1585595</Latitude>
                        <gml:pos srsName="EPSG:2154">682577.095880237 6895447.75714291</gml:pos>
                     </Location>
                  </ScheduledStopPoint>
                  <ScheduledStopPoint id="CYPRE:ScheduledStopPoint:107:LOC" version="1">
                     <Name>Eglise</Name>
                     <Location id="CYPRE:Location:04ad918f611b4f02aa40a344cf80a854:LOC">
                        <Longitude>2.8117763</Longitude>
                        <Latitude>49.1395862</Latitude>
                        <gml:pos srsName="EPSG:2154">686264.352976512 6893327.45753719</gml:pos>
                     </Location>
                  </ScheduledStopPoint>
                  <ScheduledStopPoint id="CYPRE:ScheduledStopPoint:108:LOC" version="1">
                     <Name>Église</Name>
                     <Location id="CYPRE:Location:001e97cd3d8a4d6abc0d619465d613d4:LOC">
                        <Longitude>2.8402244</Longitude>
                        <Latitude>49.1969532</Latitude>
                        <gml:pos srsName="EPSG:2154">688353.264559574 6899703.68379855</gml:pos>
                     </Location>
                  </ScheduledStopPoint>
                  <ScheduledStopPoint id="CYPRE:ScheduledStopPoint:109:LOC" version="1">
                     <Name>Centre</Name>
                     <Location id="CYPRE:Location:2f7b1e7d26ca41749ecdac7db9e05843:LOC">
                        <Longitude>2.8711454</Longitude>
                        <Latitude>49.209672</Latitude>
                        <gml:pos srsName="EPSG:2154">690609.536551811 6901114.29834299</gml:pos>
                     </Location>
                  </ScheduledStopPoint>
                  <ScheduledStopPoint id="CYPRE:ScheduledStopPoint:110:LOC" version="1">
                     <Name>Centre aquatique</Name>
                     <Location id="CYPRE:Location:9425a2e4aebc4faca719082fd6a28e8f:LOC">
                        <Longitude>2.8947524</Longitude>
                        <Latitude>49.2239159</Latitude>
                        <gml:pos srsName="EPSG:2154">692332.041153333 6902696.14391952</gml:pos>
                     </Location>
                  </ScheduledStopPoint>
                  <ScheduledStopPoint id="CYPRE:ScheduledStopPoint:111:LOC" version="1">
                     <Name>Centre aquatique</Name>
                     <Location id="CYPRE:Location:bcdd424cb4034136991052511d117e48:LOC">
                        <Longitude>2.8945618</Longitude>
                        <Latitude>49.2239854</Latitude>
                        <gml:pos srsName="EPSG:2154">692318.165058946 6902703.89321492</gml:pos>
                     </Location>
                  </ScheduledStopPoint>
                  <ScheduledStopPoint id="CYPRE:ScheduledStopPoint:112:LOC" version="1">
                     <Name>Centre</Name>
                     <Location id="CYPRE:Location:1e97bc7ca424499090ce25bbb83f6f41:LOC">
                        <Longitude>2.8711454</Longitude>
                        <Latitude>49.209672</Latitude>
                        <gml:pos srsName="EPSG:2154">690609.536551811 6901114.29834299</gml:pos>
                     </Location>
                  </ScheduledStopPoint>
                  <ScheduledStopPoint id="CYPRE:ScheduledStopPoint:113:LOC" version="1">
                     <Name>Église</Name>
                     <Location id="CYPRE:Location:8192fc3a981d430da7b5f8c49bdba0a2:LOC">
                        <Longitude>2.8402242</Longitude>
                        <Latitude>49.1970281</Latitude>
                        <gml:pos srsName="EPSG:2154">688353.266838426 6899712.01502462</gml:pos>
                     </Location>
                  </ScheduledStopPoint>
                  <ScheduledStopPoint id="CYPRE:ScheduledStopPoint:114:LOC" version="1">
                     <Name>Eglise</Name>
                     <Location id="CYPRE:Location:537d48f82cb248468207955f741b45c9:LOC">
                        <Longitude>2.8117763</Longitude>
                        <Latitude>49.1395862</Latitude>
                        <gml:pos srsName="EPSG:2154">686264.352976512 6893327.45753719</gml:pos>
                     </Location>
                  </ScheduledStopPoint>
                  <ScheduledStopPoint id="CYPRE:ScheduledStopPoint:115:LOC" version="1">
                     <Name>École</Name>
                     <Location id="CYPRE:Location:6e0eb1b656e141b2b46eb019d3940116:LOC">
                        <Longitude>2.7611611</Longitude>
                        <Latitude>49.1585595</Latitude>
                        <gml:pos srsName="EPSG:2154">682577.095880237 6895447.75714291</gml:pos>
                     </Location>
                  </ScheduledStopPoint>
                  <ScheduledStopPoint id="CYPRE:ScheduledStopPoint:116:LOC" version="1">
                     <Name>Centre</Name>
                     <Location id="CYPRE:Location:8b9b3cfa4ed144cb9583b3f8b9a537d5:LOC">
                        <Longitude>2.7795865</Longitude>
                        <Latitude>49.1886114</Latitude>
                        <gml:pos srsName="EPSG:2154">683930.525309796 6898786.46439375</gml:pos>
                     </Location>
                  </ScheduledStopPoint>
                  <ScheduledStopPoint id="CYPRE:ScheduledStopPoint:117:LOC" version="1">
                     <Name>Centre</Name>
                     <Location id="CYPRE:Location:00cf73ef637d4bb1bb86d17d2c0ef533:LOC">
                        <Longitude>2.7343145</Longitude>
                        <Latitude>49.1722033</Latitude>
                        <gml:pos srsName="EPSG:2154">680623.793832892 6896971.57261549</gml:pos>
                     </Location>
                  </ScheduledStopPoint>
                  <PassengerStopAssignment id="CYPRE:PassengerStopAssignment:104:LOC" version="1" order="0">
                     <ScheduledStopPointRef ref="CYPRE:ScheduledStopPoint:104:LOC" versionRef="1"/>
                     <StopPlaceRef ref="FR:60047:StopPlace:gen6004704:CYPRE" versionRef="1"/>
                     <QuayRef ref="FR:60047:Quay:6004704:CYPRE" versionRef="1"/>
                  </PassengerStopAssignment>
                  <PassengerStopAssignment id="CYPRE:PassengerStopAssignment:105:LOC" version="1" order="0">
                     <ScheduledStopPointRef ref="CYPRE:ScheduledStopPoint:105:LOC" versionRef="1"/>
                     <StopPlaceRef ref="FR:60546:StopPlace:gen6054603:CYPRE" versionRef="1"/>
                     <QuayRef ref="FR:60546:Quay:6054603:CYPRE" versionRef="1"/>
                  </PassengerStopAssignment>
                  <PassengerStopAssignment id="CYPRE:PassengerStopAssignment:106:LOC" version="1" order="0">
                     <ScheduledStopPointRef ref="CYPRE:ScheduledStopPoint:106:LOC" versionRef="1"/>
                     <StopPlaceRef ref="FR:60671:StopPlace:gen6067101:CYPRE" versionRef="1"/>
                     <QuayRef ref="FR:60671:Quay:6067101:CYPRE" versionRef="1"/>
                  </PassengerStopAssignment>
                  <PassengerStopAssignment id="CYPRE:PassengerStopAssignment:107:LOC" version="1" order="0">
                     <ScheduledStopPointRef ref="CYPRE:ScheduledStopPoint:107:LOC" versionRef="1"/>
                     <StopPlaceRef ref="FR:60446:StopPlace:gen6044603:CYPRE" versionRef="1"/>
                     <QuayRef ref="FR:60446:Quay:6044603:CYPRE" versionRef="1"/>
                  </PassengerStopAssignment>
                  <PassengerStopAssignment id="CYPRE:PassengerStopAssignment:108:LOC" version="1" order="0">
                     <ScheduledStopPointRef ref="CYPRE:ScheduledStopPoint:108:LOC" versionRef="1"/>
                     <StopPlaceRef ref="FR:60479:StopPlace:gen6047905:CYPRE" versionRef="1"/>
                     <QuayRef ref="FR:60479:Quay:6047905:CYPRE" versionRef="1"/>
                  </PassengerStopAssignment>
                  <PassengerStopAssignment id="CYPRE:PassengerStopAssignment:109:LOC" version="1" order="0">
                     <ScheduledStopPointRef ref="CYPRE:ScheduledStopPoint:109:LOC" versionRef="1"/>
                     <StopPlaceRef ref="FR:60552:StopPlace:gen6055203:CYPRE" versionRef="1"/>
                     <QuayRef ref="FR:60552:Quay:6055203:CYPRE" versionRef="1"/>
                  </PassengerStopAssignment>
                  <PassengerStopAssignment id="CYPRE:PassengerStopAssignment:110:LOC" version="1" order="0">
                     <ScheduledStopPointRef ref="CYPRE:ScheduledStopPoint:110:LOC" versionRef="1"/>
                     <StopPlaceRef ref="FR:60176:StopPlace:gencevaqua2:CYPRE" versionRef="1"/>
                     <QuayRef ref="FR:60176:Quay:cevaqua2:CYPRE" versionRef="1"/>
                  </PassengerStopAssignment>
                  <PassengerStopAssignment id="CYPRE:PassengerStopAssignment:111:LOC" version="1" order="0">
                     <ScheduledStopPointRef ref="CYPRE:ScheduledStopPoint:111:LOC" versionRef="1"/>
                     <StopPlaceRef ref="FR:60176:StopPlace:gencevaqua1:CYPRE" versionRef="1"/>
                     <QuayRef ref="FR:60176:Quay:cevaqua1:CYPRE" versionRef="1"/>
                  </PassengerStopAssignment>
                  <PassengerStopAssignment id="CYPRE:PassengerStopAssignment:112:LOC" version="1" order="0">
                     <ScheduledStopPointRef ref="CYPRE:ScheduledStopPoint:112:LOC" versionRef="1"/>
                     <StopPlaceRef ref="FR:60552:StopPlace:gen6055203:CYPRE" versionRef="1"/>
                     <QuayRef ref="FR:60552:Quay:6055203:CYPRE" versionRef="1"/>
                  </PassengerStopAssignment>
                  <PassengerStopAssignment id="CYPRE:PassengerStopAssignment:113:LOC" version="1" order="0">
                     <ScheduledStopPointRef ref="CYPRE:ScheduledStopPoint:113:LOC" versionRef="1"/>
                     <StopPlaceRef ref="FR:60479:StopPlace:gen6047903:CYPRE" versionRef="1"/>
                     <QuayRef ref="FR:60479:Quay:6047903:CYPRE" versionRef="1"/>
                  </PassengerStopAssignment>
                  <PassengerStopAssignment id="CYPRE:PassengerStopAssignment:114:LOC" version="1" order="0">
                     <ScheduledStopPointRef ref="CYPRE:ScheduledStopPoint:114:LOC" versionRef="1"/>
                     <StopPlaceRef ref="FR:60446:StopPlace:gen6044603:CYPRE" versionRef="1"/>
                     <QuayRef ref="FR:60446:Quay:6044603:CYPRE" versionRef="1"/>
                  </PassengerStopAssignment>
                  <PassengerStopAssignment id="CYPRE:PassengerStopAssignment:115:LOC" version="1" order="0">
                     <ScheduledStopPointRef ref="CYPRE:ScheduledStopPoint:115:LOC" versionRef="1"/>
                     <StopPlaceRef ref="FR:60671:StopPlace:gen6067101:CYPRE" versionRef="1"/>
                     <QuayRef ref="FR:60671:Quay:6067101:CYPRE" versionRef="1"/>
                  </PassengerStopAssignment>
                  <PassengerStopAssignment id="CYPRE:PassengerStopAssignment:116:LOC" version="1" order="0">
                     <ScheduledStopPointRef ref="CYPRE:ScheduledStopPoint:116:LOC" versionRef="1"/>
                     <StopPlaceRef ref="FR:60546:StopPlace:gen6054603:CYPRE" versionRef="1"/>
                     <QuayRef ref="FR:60546:Quay:6054603:CYPRE" versionRef="1"/>
                  </PassengerStopAssignment>
                  <PassengerStopAssignment id="CYPRE:PassengerStopAssignment:117:LOC" version="1" order="0">
                     <ScheduledStopPointRef ref="CYPRE:ScheduledStopPoint:117:LOC" versionRef="1"/>
                     <StopPlaceRef ref="FR:60047:StopPlace:gen6004704:CYPRE" versionRef="1"/>
                     <QuayRef ref="FR:60047:Quay:6004704:CYPRE" versionRef="1"/>
                  </PassengerStopAssignment>
               </members>
            </GeneralFrame>
            <GeneralFrame id="FR:GeneralFrame:NETEX_HORAIRE-20250627T231354:LOC" version="1.0" dataSourceRef="CYPRE">
               <TypeOfFrameRef ref="FR:TypeOfFrame:NETEX_HORAIRE"/>
               <members>
                  <ServiceJourney id="CYPRE:ServiceJourney:121:LOC" version="1">
                     <PrivateCode>121</PrivateCode>
                     <TransportMode>bus</TransportMode>
                     <TransportSubmode>
                        <BusSubmode>demandAndResponseBus</BusSubmode>
                     </TransportSubmode>
                     <dayTypes>
                        <DayTypeRef ref="CYPRE:DayType:2620xSemainexxxT10xetxT12127:LOC" versionRef="1"/>
                     </dayTypes>
                     <JourneyPatternRef ref="CYPRE:ServiceJourneyPattern:BaronxxxCAV:LOC" versionRef="1"/>
                     <passingTimes>
                        <TimetabledPassingTime version="any">
                           <ArrivalTime>14:15:00</ArrivalTime>
                           <ArrivalDayOffset>0</ArrivalDayOffset>
                           <DepartureTime>14:15:00</DepartureTime>
                           <DepartureDayOffset>0</DepartureDayOffset>
                        </TimetabledPassingTime>
                        <TimetabledPassingTime version="any">
                           <ArrivalTime>14:22:00</ArrivalTime>
                           <ArrivalDayOffset>0</ArrivalDayOffset>
                           <DepartureTime>14:22:00</DepartureTime>
                           <DepartureDayOffset>0</DepartureDayOffset>
                        </TimetabledPassingTime>
                        <TimetabledPassingTime version="any">
                           <ArrivalTime>14:30:00</ArrivalTime>
                           <ArrivalDayOffset>0</ArrivalDayOffset>
                           <DepartureTime>14:30:00</DepartureTime>
                           <DepartureDayOffset>0</DepartureDayOffset>
                        </TimetabledPassingTime>
                        <TimetabledPassingTime version="any">
                           <ArrivalTime>14:38:00</ArrivalTime>
                           <ArrivalDayOffset>0</ArrivalDayOffset>
                           <DepartureTime>14:38:00</DepartureTime>
                           <DepartureDayOffset>0</DepartureDayOffset>
                        </TimetabledPassingTime>
                        <TimetabledPassingTime version="any">
                           <ArrivalTime>14:47:00</ArrivalTime>
                           <ArrivalDayOffset>0</ArrivalDayOffset>
                           <DepartureTime>14:47:00</DepartureTime>
                           <DepartureDayOffset>0</DepartureDayOffset>
                        </TimetabledPassingTime>
                        <TimetabledPassingTime version="any">
                           <ArrivalTime>14:52:00</ArrivalTime>
                           <ArrivalDayOffset>0</ArrivalDayOffset>
                           <DepartureTime>14:52:00</DepartureTime>
                           <DepartureDayOffset>0</DepartureDayOffset>
                        </TimetabledPassingTime>
                        <TimetabledPassingTime version="any">
                           <ArrivalTime>14:58:00</ArrivalTime>
                           <ArrivalDayOffset>0</ArrivalDayOffset>
                           <DepartureTime>14:58:00</DepartureTime>
                           <DepartureDayOffset>0</DepartureDayOffset>
                        </TimetabledPassingTime>
                     </passingTimes>
                  </ServiceJourney>
                  <ServiceJourney id="CYPRE:ServiceJourney:122:LOC" version="1">
                     <PrivateCode>122</PrivateCode>
                     <TransportMode>bus</TransportMode>
                     <TransportSubmode>
                        <BusSubmode>demandAndResponseBus</BusSubmode>
                     </TransportSubmode>
                     <dayTypes>
                        <DayTypeRef ref="CYPRE:DayType:2620xSemainexxxT10xetxT12127:LOC" versionRef="1"/>
                     </dayTypes>
                     <JourneyPatternRef ref="CYPRE:ServiceJourneyPattern:CAVxxxBaron:LOC" versionRef="1"/>
                     <passingTimes>
                        <TimetabledPassingTime version="any">
                           <ArrivalTime>17:15:00</ArrivalTime>
                           <ArrivalDayOffset>0</ArrivalDayOffset>
                           <DepartureTime>17:15:00</DepartureTime>
                           <DepartureDayOffset>0</DepartureDayOffset>
                        </TimetabledPassingTime>
                        <TimetabledPassingTime version="any">
                           <ArrivalTime>17:23:00</ArrivalTime>
                           <ArrivalDayOffset>0</ArrivalDayOffset>
                           <DepartureTime>17:23:00</DepartureTime>
                           <DepartureDayOffset>0</DepartureDayOffset>
                        </TimetabledPassingTime>
                        <TimetabledPassingTime version="any">
                           <ArrivalTime>17:28:00</ArrivalTime>
                           <ArrivalDayOffset>0</ArrivalDayOffset>
                           <DepartureTime>17:28:00</DepartureTime>
                           <DepartureDayOffset>0</DepartureDayOffset>
                        </TimetabledPassingTime>
                        <TimetabledPassingTime version="any">
                           <ArrivalTime>17:36:00</ArrivalTime>
                           <ArrivalDayOffset>0</ArrivalDayOffset>
                           <DepartureTime>17:36:00</DepartureTime>
                           <DepartureDayOffset>0</DepartureDayOffset>
                        </TimetabledPassingTime>
                        <TimetabledPassingTime version="any">
                           <ArrivalTime>17:43:00</ArrivalTime>
                           <ArrivalDayOffset>0</ArrivalDayOffset>
                           <DepartureTime>17:43:00</DepartureTime>
                           <DepartureDayOffset>0</DepartureDayOffset>
                        </TimetabledPassingTime>
                        <TimetabledPassingTime version="any">
                           <ArrivalTime>17:53:00</ArrivalTime>
                           <ArrivalDayOffset>0</ArrivalDayOffset>
                           <DepartureTime>17:53:00</DepartureTime>
                           <DepartureDayOffset>0</DepartureDayOffset>
                        </TimetabledPassingTime>
                        <TimetabledPassingTime version="any">
                           <ArrivalTime>17:59:00</ArrivalTime>
                           <ArrivalDayOffset>0</ArrivalDayOffset>
                           <DepartureTime>17:59:00</DepartureTime>
                           <DepartureDayOffset>0</DepartureDayOffset>
                        </TimetabledPassingTime>
                     </passingTimes>
                  </ServiceJourney>
               </members>
            </GeneralFrame>
         </frames>
      </CompositeFrame>
   </dataObjects>
</PublicationDelivery>
