<?xml version="1.0" encoding="UTF-8"?>
<PublicationDelivery xmlns:xsi="http://www.w3.org/2001/XMLSchema-instance"
                     xsi:schemaLocation="http://www.netex.org.uk/netex"
                     xmlns="http://www.netex.org.uk/netex"
                     xmlns:xlink="http://www.w3.org/1999/xlink"
                     xmlns:ifopt="http://www.ifopt.org.uk/ifopt"
                     xmlns:gml="http://www.opengis.net/gml/3.2"
                     xmlns:core="http://www.govtalk.gov.uk/core"
                     xmlns:siri="http://www.siri.org.uk/siri"
                     version="1.10:FR-NETEX-2.2">
   <PublicationTimestamp>2025-06-27T23:13:54+02:00</PublicationTimestamp>
   <ParticipantRef>CYPRE</ParticipantRef>
   <Description>Offre sur la période du 27/06/2025 au 31/12/2025</Description>
   <dataObjects>
      <CompositeFrame id="FR:CompositeFrame:NETEX_LIGNE-20250627T231354:LOC" version="1.0">
         <Name>Ève - Crépy-en-Valois</Name>
         <FrameDefaults>
            <DefaultLocale>
               <TimeZone>Europe/Paris</TimeZone>
               <DefaultLanguage>fr</DefaultLanguage>
            </DefaultLocale>
            <DefaultLocationSystem>WGS84</DefaultLocationSystem>
            <DefaultSystemOfUnits>SiMetres</DefaultSystemOfUnits>
         </FrameDefaults>
         <frames>
            <ResourceFrame id="FR:ResourceFrame:1" version="any">
               <typesOfValue>
                  <ValueSet id="FR:ValueSet:TypeOfFrame" nameOfClass="TypeOfFrame" version="any">
                     <Name>TypeOfFrame</Name>
                     <values>
                        <TypeOfFrame id="FR:TypeOfFrame:NETEX_RESEAU" version="any">
                           <Name>NETEX_RESEAU</Name>
                        </TypeOfFrame>
                        <TypeOfFrame id="FR:TypeOfFrame:NETEX_HORAIRE" version="any">
                           <Name>NETEX_HORAIRE</Name>
                        </TypeOfFrame>
                     </values>
                  </ValueSet>
               </typesOfValue>
            </ResourceFrame>
            <GeneralFrame id="FR:GeneralFrame:NETEX_RESEAU-20250627T231354:LOC" version="1.0" dataSourceRef="CYPRE">
               <TypeOfFrameRef ref="FR:TypeOfFrame:NETEX_RESEAU"/>
               <members>
                  <Route id="CYPRE:Route:T10xA:LOC" version="1">
                     <Name>Ève - Crépy-en-Valois - Aller</Name>
                     <LineRef ref="CYPRE:Line:T10:LOC" versionRef="1"/>
                     <DirectionType>outbound</DirectionType>
                     <DirectionRef ref="CYPRE:Direction:T10xA:LOC" versionRef="1"/>
                     <InverseRouteRef ref="CYPRE:Route:T10xR:LOC" versionRef="1"/>
                  </Route>
                  <Direction id="CYPRE:Direction:T10xA:LOC" version="1">
                     <Name>Ève - Crépy-en-Valois - Aller</Name>
                     <DirectionType>outbound</DirectionType>
                  </Direction>
                  <Route id="CYPRE:Route:T10xR:LOC" version="1">
                     <Name>Ève - Crépy-en-Valois - Retour</Name>
                     <LineRef ref="CYPRE:Line:T10:LOC" versionRef="1"/>
                     <DirectionType>inbound</DirectionType>
                     <DirectionRef ref="CYPRE:Direction:T10xR:LOC" versionRef="1"/>
                     <InverseRouteRef ref="CYPRE:Route:T10xA:LOC" versionRef="1"/>
                  </Route>
                  <Direction id="CYPRE:Direction:T10xR:LOC" version="1">
                     <Name>Ève - Crépy-en-Valois - Retour</Name>
                     <DirectionType>inbound</DirectionType>
                  </Direction>
                  <ServiceJourneyPattern id="CYPRE:ServiceJourneyPattern:EvexxxCAV:LOC" version="1">
                     <Name>Centre aquatique</Name>
                     <PrivateCode>6335124</PrivateCode>
                     <RouteRef ref="CYPRE:Route:T10xA:LOC" versionRef="1"/>
                     <DestinationDisplayRef ref="CYPRE:DestinationDisplay:EvexxxCAV:LOC" versionRef="1"/>
                     <pointsInSequence>
                        <StopPointInJourneyPattern id="CYPRE:StopPointInJourneyPattern:EvexxxCAVx1:LOC" version="any" order="1">
                           <ScheduledStopPointRef ref="CYPRE:ScheduledStopPoint:78:LOC" versionRef="1"/>
                           <ForAlighting>false</ForAlighting>
                           <ForBoarding>true</ForBoarding>
                           <RequestStop>false</RequestStop>
                        </StopPointInJourneyPattern>
                        <StopPointInJourneyPattern id="CYPRE:StopPointInJourneyPattern:EvexxxCAVx2:LOC" version="any" order="2">
                           <ScheduledStopPointRef ref="CYPRE:ScheduledStopPoint:79:LOC" versionRef="1"/>
                           <ForAlighting>false</ForAlighting>
                           <ForBoarding>true</ForBoarding>
                           <RequestStop>false</RequestStop>
                        </StopPointInJourneyPattern>
                        <StopPointInJourneyPattern id="CYPRE:StopPointInJourneyPattern:EvexxxCAVx3:LOC" version="any" order="3">
                           <ScheduledStopPointRef ref="CYPRE:ScheduledStopPoint:80:LOC" versionRef="1"/>
                           <ForAlighting>false</ForAlighting>
                           <ForBoarding>true</ForBoarding>
                           <RequestStop>false</RequestStop>
                        </StopPointInJourneyPattern>
                        <StopPointInJourneyPattern id="CYPRE:StopPointInJourneyPattern:EvexxxCAVx4:LOC" version="any" order="4">
                           <ScheduledStopPointRef ref="CYPRE:ScheduledStopPoint:81:LOC" versionRef="1"/>
                           <ForAlighting>false</ForAlighting>
                           <ForBoarding>true</ForBoarding>
                           <RequestStop>false</RequestStop>
                        </StopPointInJourneyPattern>
                        <StopPointInJourneyPattern id="CYPRE:StopPointInJourneyPattern:EvexxxCAVx5:LOC" version="any" order="5">
                           <ScheduledStopPointRef ref="CYPRE:ScheduledStopPoint:82:LOC" versionRef="1"/>
                           <ForAlighting>false</ForAlighting>
                           <ForBoarding>true</ForBoarding>
                           <RequestStop>false</RequestStop>
                        </StopPointInJourneyPattern>
                        <StopPointInJourneyPattern id="CYPRE:StopPointInJourneyPattern:EvexxxCAVx6:LOC" version="any" order="6">
                           <ScheduledStopPointRef ref="CYPRE:ScheduledStopPoint:83:LOC" versionRef="1"/>
                           <ForAlighting>false</ForAlighting>
                           <ForBoarding>true</ForBoarding>
                           <RequestStop>false</RequestStop>
                        </StopPointInJourneyPattern>
                        <StopPointInJourneyPattern id="CYPRE:StopPointInJourneyPattern:EvexxxCAVx7:LOC" version="any" order="7">
                           <ScheduledStopPointRef ref="CYPRE:ScheduledStopPoint:84:LOC" versionRef="1"/>
                           <ForAlighting>true</ForAlighting>
                           <ForBoarding>false</ForBoarding>
                           <RequestStop>false</RequestStop>
                        </StopPointInJourneyPattern>
                     </pointsInSequence>
                     <ServiceJourneyPatternType>passenger</ServiceJourneyPatternType>
                  </ServiceJourneyPattern>
                  <ServiceJourneyPattern id="CYPRE:ServiceJourneyPattern:CAVxxxEve:LOC" version="1">
                     <Name>École</Name>
                     <PrivateCode>6335125</PrivateCode>
                     <RouteRef ref="CYPRE:Route:T10xR:LOC" versionRef="1"/>
                     <DestinationDisplayRef ref="CYPRE:DestinationDisplay:CAVxxxEve:LOC" versionRef="1"/>
                     <pointsInSequence>
                        <StopPointInJourneyPattern id="CYPRE:StopPointInJourneyPattern:CAVxxxEvex1:LOC" version="any" order="1">
                           <ScheduledStopPointRef ref="CYPRE:ScheduledStopPoint:85:LOC" versionRef="1"/>
                           <ForAlighting>false</ForAlighting>
                           <ForBoarding>true</ForBoarding>
                           <RequestStop>false</RequestStop>
                        </StopPointInJourneyPattern>
                        <StopPointInJourneyPattern id="CYPRE:StopPointInJourneyPattern:CAVxxxEvex2:LOC" version="any" order="2">
                           <ScheduledStopPointRef ref="CYPRE:ScheduledStopPoint:86:LOC" versionRef="1"/>
                           <ForAlighting>true</ForAlighting>
                           <ForBoarding>false</ForBoarding>
                           <RequestStop>false</RequestStop>
                        </StopPointInJourneyPattern>
                        <StopPointInJourneyPattern id="CYPRE:StopPointInJourneyPattern:CAVxxxEvex3:LOC" version="any" order="3">
                           <ScheduledStopPointRef ref="CYPRE:ScheduledStopPoint:87:LOC" versionRef="1"/>
                           <ForAlighting>true</ForAlighting>
                           <ForBoarding>false</ForBoarding>
                           <RequestStop>false</RequestStop>
                        </StopPointInJourneyPattern>
                        <StopPointInJourneyPattern id="CYPRE:StopPointInJourneyPattern:CAVxxxEvex4:LOC" version="any" order="4">
                           <ScheduledStopPointRef ref="CYPRE:ScheduledStopPoint:88:LOC" versionRef="1"/>
                           <ForAlighting>true</ForAlighting>
                           <ForBoarding>false</ForBoarding>
                           <RequestStop>false</RequestStop>
                        </StopPointInJourneyPattern>
                        <StopPointInJourneyPattern id="CYPRE:StopPointInJourneyPattern:CAVxxxEvex5:LOC" version="any" order="5">
                           <ScheduledStopPointRef ref="CYPRE:ScheduledStopPoint:89:LOC" versionRef="1"/>
                           <ForAlighting>true</ForAlighting>
                           <ForBoarding>false</ForBoarding>
                           <RequestStop>false</RequestStop>
                        </StopPointInJourneyPattern>
                        <StopPointInJourneyPattern id="CYPRE:StopPointInJourneyPattern:CAVxxxEvex6:LOC" version="any" order="6">
                           <ScheduledStopPointRef ref="CYPRE:ScheduledStopPoint:90:LOC" versionRef="1"/>
                           <ForAlighting>true</ForAlighting>
                           <ForBoarding>false</ForBoarding>
                           <RequestStop>false</RequestStop>
                        </StopPointInJourneyPattern>
                        <StopPointInJourneyPattern id="CYPRE:StopPointInJourneyPattern:CAVxxxEvex7:LOC" version="any" order="7">
                           <ScheduledStopPointRef ref="CYPRE:ScheduledStopPoint:91:LOC" versionRef="1"/>
                           <ForAlighting>true</ForAlighting>
                           <ForBoarding>false</ForBoarding>
                           <RequestStop>false</RequestStop>
                        </StopPointInJourneyPattern>
                     </pointsInSequence>
                     <ServiceJourneyPatternType>passenger</ServiceJourneyPatternType>
                  </ServiceJourneyPattern>
                  <DestinationDisplay id="CYPRE:DestinationDisplay:EvexxxCAV:LOC" version="1">
                     <FrontText>Centre aquatique</FrontText>
                  </DestinationDisplay>
                  <DestinationDisplay id="CYPRE:DestinationDisplay:CAVxxxEve:LOC" version="1">
                     <FrontText>École</FrontText>
                  </DestinationDisplay>
                  <ScheduledStopPoint id="CYPRE:ScheduledStopPoint:78:LOC" version="1">
                     <Name>École</Name>
                     <Location id="CYPRE:Location:e61f1b1bec6e40cc83e2161edd429f5d:LOC">
                        <Longitude>2.7034275</Longitude>
                        <Latitude>49.0902781</Latitude>
                        <gml:pos srsName="EPSG:2154">678337.019039166 6887867.61935089</gml:pos>
                     </Location>
                  </ScheduledStopPoint>
                  <ScheduledStopPoint id="CYPRE:ScheduledStopPoint:79:LOC" version="1">
                     <Name>Mairie</Name>
                     <Location id="CYPRE:Location:5ec8f1e1264b4924a070c1edc0fb38de:LOC">
                        <Longitude>2.7457596</Longitude>
                        <Latitude>49.0860338</Latitude>
                        <gml:pos srsName="EPSG:2154">681427.613377875 6887384.78958462</gml:pos>
                     </Location>
                  </ScheduledStopPoint>
                  <ScheduledStopPoint id="CYPRE:ScheduledStopPoint:80:LOC" version="1">
                     <Name>E G B</Name>
                     <Location id="CYPRE:Location:156f8debff864e8482e6b4c9aad848ce:LOC">
                        <Longitude>2.7540985</Longitude>
                        <Latitude>49.095206</Latitude>
                        <gml:pos srsName="EPSG:2154">682039.948962862 6888402.98220993</gml:pos>
                     </Location>
                  </ScheduledStopPoint>
                  <ScheduledStopPoint id="CYPRE:ScheduledStopPoint:81:LOC" version="1">
                     <Name>Le Pré au Lièvre</Name>
                     <Location id="CYPRE:Location:408476676ab740899632f461c5fce085:LOC">
                        <Longitude>2.7586299</Longitude>
                        <Latitude>49.1031777</Latitude>
                        <gml:pos srsName="EPSG:2154">682373.620597386 6889288.57216216</gml:pos>
                     </Location>
                  </ScheduledStopPoint>
                  <ScheduledStopPoint id="CYPRE:ScheduledStopPoint:82:LOC" version="1">
                     <Name>Mairie</Name>
                     <Location id="CYPRE:Location:9d301feb605546efa10f78c325a019ec:LOC">
                        <Longitude>2.7876712</Longitude>
                        <Latitude>49.1064778</Latitude>
                        <gml:pos srsName="EPSG:2154">684495.382479495 6889649.51839569</gml:pos>
                     </Location>
                  </ScheduledStopPoint>
                  <ScheduledStopPoint id="CYPRE:ScheduledStopPoint:83:LOC" version="1">
                     <Name>Centre</Name>
                     <Location id="CYPRE:Location:7d20b8ccbdd44d49bb437f82be6ae4b3:LOC">
                        <Longitude>2.9147986</Longitude>
                        <Latitude>49.1972626</Latitude>
                        <gml:pos srsName="EPSG:2154">693789.3350648 6899729.66618846</gml:pos>
                     </Location>
                  </ScheduledStopPoint>
                  <ScheduledStopPoint id="CYPRE:ScheduledStopPoint:84:LOC" version="1">
                     <Name>Centre aquatique</Name>
                     <Location id="CYPRE:Location:ec3b2683354b4bb892f469e6f4803841:LOC">
                        <Longitude>2.8947524</Longitude>
                        <Latitude>49.2239159</Latitude>
                        <gml:pos srsName="EPSG:2154">692332.041153333 6902696.14391952</gml:pos>
                     </Location>
                  </ScheduledStopPoint>
                  <ScheduledStopPoint id="CYPRE:ScheduledStopPoint:85:LOC" version="1">
                     <Name>Centre aquatique</Name>
                     <Location id="CYPRE:Location:9d8b8d432fb54526bda77ab9f9c08486:LOC">
                        <Longitude>2.8945618</Longitude>
                        <Latitude>49.2239854</Latitude>
                        <gml:pos srsName="EPSG:2154">692318.165058946 6902703.89321492</gml:pos>
                     </Location>
                  </ScheduledStopPoint>
                  <ScheduledStopPoint id="CYPRE:ScheduledStopPoint:86:LOC" version="1">
                     <Name>Centre</Name>
                     <Location id="CYPRE:Location:70f8d0533e7349aa803c0f9bdc898f94:LOC">
                        <Longitude>2.914728</Longitude>
                        <Latitude>49.1971876</Latitude>
                        <gml:pos srsName="EPSG:2154">693784.179746367 6899721.32940985</gml:pos>
                     </Location>
                  </ScheduledStopPoint>
                  <ScheduledStopPoint id="CYPRE:ScheduledStopPoint:87:LOC" version="1">
                     <Name>Mairie</Name>
                     <Location id="CYPRE:Location:f2bc75c0526246a183cf2e3408510ae1:LOC">
                        <Longitude>2.7876178</Longitude>
                        <Latitude>49.1065514</Latitude>
                        <gml:pos srsName="EPSG:2154">684491.505145408 6889657.71472918</gml:pos>
                     </Location>
                  </ScheduledStopPoint>
                  <ScheduledStopPoint id="CYPRE:ScheduledStopPoint:88:LOC" version="1">
                     <Name>Le Pré au Lièvre</Name>
                     <Location id="CYPRE:Location:1a24c24d93e44faa8893674d2124a517:LOC">
                        <Longitude>2.7579914</Longitude>
                        <Latitude>49.1027664</Latitude>
                        <gml:pos srsName="EPSG:2154">682326.853211495 6889242.96999528</gml:pos>
                     </Location>
                  </ScheduledStopPoint>
                  <ScheduledStopPoint id="CYPRE:ScheduledStopPoint:89:LOC" version="1">
                     <Name>E G B</Name>
                     <Location id="CYPRE:Location:4a96cf3f17f849a195583e4f60809017:LOC">
                        <Longitude>2.7540985</Longitude>
                        <Latitude>49.095206</Latitude>
                        <gml:pos srsName="EPSG:2154">682039.948962862 6888402.98220993</gml:pos>
                     </Location>
                  </ScheduledStopPoint>
                  <ScheduledStopPoint id="CYPRE:ScheduledStopPoint:90:LOC" version="1">
                     <Name>Mairie</Name>
                     <Location id="CYPRE:Location:08f2495eea5945e59d5cfd1d712746bf:LOC">
                        <Longitude>2.7457596</Longitude>
                        <Latitude>49.0860338</Latitude>
                        <gml:pos srsName="EPSG:2154">681427.613377875 6887384.78958462</gml:pos>
                     </Location>
                  </ScheduledStopPoint>
                  <ScheduledStopPoint id="CYPRE:ScheduledStopPoint:91:LOC" version="1">
                     <Name>École</Name>
                     <Location id="CYPRE:Location:65df3ccc82e64b30b15645aaa1e92c55:LOC">
                        <Longitude>2.7034275</Longitude>
                        <Latitude>49.0902781</Latitude>
                        <gml:pos srsName="EPSG:2154">678337.019039166 6887867.61935089</gml:pos>
                     </Location>
                  </ScheduledStopPoint>
                  <PassengerStopAssignment id="CYPRE:PassengerStopAssignment:78:LOC" version="1" order="0">
                     <ScheduledStopPointRef ref="CYPRE:ScheduledStopPoint:78:LOC" versionRef="1"/>
                     <StopPlaceRef ref="FR:60226:StopPlace:gen6022601:CYPRE" versionRef="1"/>
                     <QuayRef ref="FR:60226:Quay:6022601:CYPRE" versionRef="1"/>
                  </PassengerStopAssignment>
                  <PassengerStopAssignment id="CYPRE:PassengerStopAssignment:79:LOC" version="1" order="0">
                     <ScheduledStopPointRef ref="CYPRE:ScheduledStopPoint:79:LOC" versionRef="1"/>
                     <StopPlaceRef ref="FR:60341:StopPlace:gen6034101:CYPRE" versionRef="1"/>
                     <QuayRef ref="FR:60341:Quay:6034101:CYPRE" versionRef="1"/>
                  </PassengerStopAssignment>
                  <PassengerStopAssignment id="CYPRE:PassengerStopAssignment:80:LOC" version="1" order="0">
                     <ScheduledStopPointRef ref="CYPRE:ScheduledStopPoint:80:LOC" versionRef="1"/>
                     <StopPlaceRef ref="FR:60500:StopPlace:gen6050004:CYPRE" versionRef="1"/>
                     <QuayRef ref="FR:60500:Quay:6050004:CYPRE" versionRef="1"/>
                  </PassengerStopAssignment>
                  <PassengerStopAssignment id="CYPRE:PassengerStopAssignment:81:LOC" version="1" order="0">
                     <ScheduledStopPointRef ref="CYPRE:ScheduledStopPoint:81:LOC" versionRef="1"/>
                     <StopPlaceRef ref="FR:60500:StopPlace:gen6050002:CYPRE" versionRef="1"/>
                     <QuayRef ref="FR:60500:Quay:6050002:CYPRE" versionRef="1"/>
                  </PassengerStopAssignment>
                  <PassengerStopAssignment id="CYPRE:PassengerStopAssignment:82:LOC" version="1" order="0">
                     <ScheduledStopPointRef ref="CYPRE:ScheduledStopPoint:82:LOC" versionRef="1"/>
                     <StopPlaceRef ref="FR:60619:StopPlace:gen6061906:CYPRE" versionRef="1"/>
                     <QuayRef ref="FR:60619:Quay:6061906:CYPRE" versionRef="1"/>
                  </PassengerStopAssignment>
                  <PassengerStopAssignment id="CYPRE:PassengerStopAssignment:83:LOC" version="1" order="0">
                     <ScheduledStopPointRef ref="CYPRE:ScheduledStopPoint:83:LOC" versionRef="1"/>
                     <StopPlaceRef ref="FR:60358:StopPlace:gen6035802:CYPRE" versionRef="1"/>
                     <QuayRef ref="FR:60358:Quay:6035802:CYPRE" versionRef="1"/>
                  </PassengerStopAssignment>
                  <PassengerStopAssignment id="CYPRE:PassengerStopAssignment:84:LOC" version="1" order="0">
                     <ScheduledStopPointRef ref="CYPRE:ScheduledStopPoint:84:LOC" versionRef="1"/>
                     <StopPlaceRef ref="FR:60176:StopPlace:gencevaqua2:CYPRE" versionRef="1"/>
                     <QuayRef ref="FR:60176:Quay:cevaqua2:CYPRE" versionRef="1"/>
                  </PassengerStopAssignment>
                  <PassengerStopAssignment id="CYPRE:PassengerStopAssignment:85:LOC" version="1" order="0">
                     <ScheduledStopPointRef ref="CYPRE:ScheduledStopPoint:85:LOC" versionRef="1"/>
                     <StopPlaceRef ref="FR:60176:StopPlace:gencevaqua1:CYPRE" versionRef="1"/>
                     <QuayRef ref="FR:60176:Quay:cevaqua1:CYPRE" versionRef="1"/>
                  </PassengerStopAssignment>
                  <PassengerStopAssignment id="CYPRE:PassengerStopAssignment:86:LOC" version="1" order="0">
                     <ScheduledStopPointRef ref="CYPRE:ScheduledStopPoint:86:LOC" versionRef="1"/>
                     <StopPlaceRef ref="FR:60358:StopPlace:gen6035810:CYPRE" versionRef="1"/>
                     <QuayRef ref="FR:60358:Quay:6035810:CYPRE" versionRef="1"/>
                  </PassengerStopAssignment>
                  <PassengerStopAssignment id="CYPRE:PassengerStopAssignment:87:LOC" version="1" order="0">
                     <ScheduledStopPointRef ref="CYPRE:ScheduledStopPoint:87:LOC" versionRef="1"/>
                     <StopPlaceRef ref="FR:60619:StopPlace:gen6061901:CYPRE" versionRef="1"/>
                     <QuayRef ref="FR:60619:Quay:6061901:CYPRE" versionRef="1"/>
                  </PassengerStopAssignment>
                  <PassengerStopAssignment id="CYPRE:PassengerStopAssignment:88:LOC" version="1" order="0">
                     <ScheduledStopPointRef ref="CYPRE:ScheduledStopPoint:88:LOC" versionRef="1"/>
                     <StopPlaceRef ref="FR:60500:StopPlace:gen6050003:CYPRE" versionRef="1"/>
                     <QuayRef ref="FR:60500:Quay:6050003:CYPRE" versionRef="1"/>
                  </PassengerStopAssignment>
                  <PassengerStopAssignment id="CYPRE:PassengerStopAssignment:89:LOC" version="1" order="0">
                     <ScheduledStopPointRef ref="CYPRE:ScheduledStopPoint:89:LOC" versionRef="1"/>
                     <StopPlaceRef ref="FR:60500:StopPlace:gen6050004:CYPRE" versionRef="1"/>
                     <QuayRef ref="FR:60500:Quay:6050004:CYPRE" versionRef="1"/>
                  </PassengerStopAssignment>
                  <PassengerStopAssignment id="CYPRE:PassengerStopAssignment:90:LOC" version="1" order="0">
                     <ScheduledStopPointRef ref="CYPRE:ScheduledStopPoint:90:LOC" versionRef="1"/>
                     <StopPlaceRef ref="FR:60341:StopPlace:gen6034101:CYPRE" versionRef="1"/>
                     <QuayRef ref="FR:60341:Quay:6034101:CYPRE" versionRef="1"/>
                  </PassengerStopAssignment>
                  <PassengerStopAssignment id="CYPRE:PassengerStopAssignment:91:LOC" version="1" order="0">
                     <ScheduledStopPointRef ref="CYPRE:ScheduledStopPoint:91:LOC" versionRef="1"/>
                     <StopPlaceRef ref="FR:60226:StopPlace:gen6022601:CYPRE" versionRef="1"/>
                     <QuayRef ref="FR:60226:Quay:6022601:CYPRE" versionRef="1"/>
                  </PassengerStopAssignment>
               </members>
            </GeneralFrame>
            <GeneralFrame id="FR:GeneralFrame:NETEX_HORAIRE-20250627T231354:LOC" version="1.0" dataSourceRef="CYPRE">
               <TypeOfFrameRef ref="FR:TypeOfFrame:NETEX_HORAIRE"/>
               <members>
                  <ServiceJourney id="CYPRE:ServiceJourney:102:LOC" version="1">
                     <PrivateCode>102</PrivateCode>
                     <TransportMode>bus</TransportMode>
                     <TransportSubmode>
                        <BusSubmode>demandAndResponseBus</BusSubmode>
                     </TransportSubmode>
                     <dayTypes>
                        <DayTypeRef ref="CYPRE:DayType:2620xSemainexxxT10xetxT12127:LOC" versionRef="1"/>
                     </dayTypes>
                     <JourneyPatternRef ref="CYPRE:ServiceJourneyPattern:CAVxxxEve:LOC" versionRef="1"/>
                     <passingTimes>
                        <TimetabledPassingTime version="any">
                           <ArrivalTime>16:00:00</ArrivalTime>
                           <ArrivalDayOffset>0</ArrivalDayOffset>
                           <DepartureTime>16:00:00</DepartureTime>
                           <DepartureDayOffset>0</DepartureDayOffset>
                        </TimetabledPassingTime>
                        <TimetabledPassingTime version="any">
                           <ArrivalTime>16:07:00</ArrivalTime>
                           <ArrivalDayOffset>0</ArrivalDayOffset>
                           <DepartureTime>16:07:00</DepartureTime>
                           <DepartureDayOffset>0</DepartureDayOffset>
                        </TimetabledPassingTime>
                        <TimetabledPassingTime version="any">
                           <ArrivalTime>16:22:00</ArrivalTime>
                           <ArrivalDayOffset>0</ArrivalDayOffset>
                           <DepartureTime>16:22:00</DepartureTime>
                           <DepartureDayOffset>0</DepartureDayOffset>
                        </TimetabledPassingTime>
                        <TimetabledPassingTime version="any">
                           <ArrivalTime>16:27:00</ArrivalTime>
                           <ArrivalDayOffset>0</ArrivalDayOffset>
                           <DepartureTime>16:27:00</DepartureTime>
                           <DepartureDayOffset>0</DepartureDayOffset>
                        </TimetabledPassingTime>
                        <TimetabledPassingTime version="any">
                           <ArrivalTime>16:32:00</ArrivalTime>
                           <ArrivalDayOffset>0</ArrivalDayOffset>
                           <DepartureTime>16:32:00</DepartureTime>
                           <DepartureDayOffset>0</DepartureDayOffset>
                        </TimetabledPassingTime>
                        <TimetabledPassingTime version="any">
                           <ArrivalTime>16:37:00</ArrivalTime>
                           <ArrivalDayOffset>0</ArrivalDayOffset>
                           <DepartureTime>16:37:00</DepartureTime>
                           <DepartureDayOffset>0</DepartureDayOffset>
                        </TimetabledPassingTime>
                        <TimetabledPassingTime version="any">
                           <ArrivalTime>16:42:00</ArrivalTime>
                           <ArrivalDayOffset>0</ArrivalDayOffset>
                           <DepartureTime>16:42:00</DepartureTime>
                           <DepartureDayOffset>0</DepartureDayOffset>
                        </TimetabledPassingTime>
                     </passingTimes>
                  </ServiceJourney>
                  <ServiceJourney id="CYPRE:ServiceJourney:101:LOC" version="1">
                     <PrivateCode>101</PrivateCode>
                     <TransportMode>bus</TransportMode>
                     <TransportSubmode>
                        <BusSubmode>demandAndResponseBus</BusSubmode>
                     </TransportSubmode>
                     <dayTypes>
                        <DayTypeRef ref="CYPRE:DayType:2620xSemainexxxT10xetxT12127:LOC" versionRef="1"/>
                     </dayTypes>
                     <JourneyPatternRef ref="CYPRE:ServiceJourneyPattern:EvexxxCAV:LOC" versionRef="1"/>
                     <passingTimes>
                        <TimetabledPassingTime version="any">
                           <ArrivalTime>13:00:00</ArrivalTime>
                           <ArrivalDayOffset>0</ArrivalDayOffset>
                           <DepartureTime>13:00:00</DepartureTime>
                           <DepartureDayOffset>0</DepartureDayOffset>
                        </TimetabledPassingTime>
                        <TimetabledPassingTime version="any">
                           <ArrivalTime>13:06:00</ArrivalTime>
                           <ArrivalDayOffset>0</ArrivalDayOffset>
                           <DepartureTime>13:06:00</DepartureTime>
                           <DepartureDayOffset>0</DepartureDayOffset>
                        </TimetabledPassingTime>
                        <TimetabledPassingTime version="any">
                           <ArrivalTime>13:11:00</ArrivalTime>
                           <ArrivalDayOffset>0</ArrivalDayOffset>
                           <DepartureTime>13:11:00</DepartureTime>
                           <DepartureDayOffset>0</DepartureDayOffset>
                        </TimetabledPassingTime>
                        <TimetabledPassingTime version="any">
                           <ArrivalTime>13:15:00</ArrivalTime>
                           <ArrivalDayOffset>0</ArrivalDayOffset>
                           <DepartureTime>13:15:00</DepartureTime>
                           <DepartureDayOffset>0</DepartureDayOffset>
                        </TimetabledPassingTime>
                        <TimetabledPassingTime version="any">
                           <ArrivalTime>13:20:00</ArrivalTime>
                           <ArrivalDayOffset>0</ArrivalDayOffset>
                           <DepartureTime>13:20:00</DepartureTime>
                           <DepartureDayOffset>0</DepartureDayOffset>
                        </TimetabledPassingTime>
                        <TimetabledPassingTime version="any">
                           <ArrivalTime>13:35:00</ArrivalTime>
                           <ArrivalDayOffset>0</ArrivalDayOffset>
                           <DepartureTime>13:35:00</DepartureTime>
                           <DepartureDayOffset>0</DepartureDayOffset>
                        </TimetabledPassingTime>
                        <TimetabledPassingTime version="any">
                           <ArrivalTime>13:40:00</ArrivalTime>
                           <ArrivalDayOffset>0</ArrivalDayOffset>
                           <DepartureTime>13:40:00</DepartureTime>
                           <DepartureDayOffset>0</DepartureDayOffset>
                        </TimetabledPassingTime>
                     </passingTimes>
                  </ServiceJourney>
               </members>
            </GeneralFrame>
         </frames>
      </CompositeFrame>
   </dataObjects>
</PublicationDelivery>
