<?xml version="1.0" encoding="UTF-8"?>
<PublicationDelivery xmlns:xsi="http://www.w3.org/2001/XMLSchema-instance"
                     xsi:schemaLocation="http://www.netex.org.uk/netex"
                     xmlns="http://www.netex.org.uk/netex"
                     xmlns:xlink="http://www.w3.org/1999/xlink"
                     xmlns:ifopt="http://www.ifopt.org.uk/ifopt"
                     xmlns:gml="http://www.opengis.net/gml/3.2"
                     xmlns:core="http://www.govtalk.gov.uk/core"
                     xmlns:siri="http://www.siri.org.uk/siri"
                     version="1.10:FR-NETEX-2.2">
   <PublicationTimestamp>2025-06-27T23:13:54+02:00</PublicationTimestamp>
   <ParticipantRef>CYPRE</ParticipantRef>
   <Description>Offre sur la période du 27/06/2025 au 31/12/2025</Description>
   <dataObjects>
      <CompositeFrame id="FR:CompositeFrame:NETEX_LIGNE-20250627T231354:LOC" version="1.0">
         <Name>Varinfroy - Crépy-en-Valois</Name>
         <FrameDefaults>
            <DefaultLocale>
               <TimeZone>Europe/Paris</TimeZone>
               <DefaultLanguage>fr</DefaultLanguage>
            </DefaultLocale>
            <DefaultLocationSystem>WGS84</DefaultLocationSystem>
            <DefaultSystemOfUnits>SiMetres</DefaultSystemOfUnits>
         </FrameDefaults>
         <frames>
            <ResourceFrame id="FR:ResourceFrame:1" version="any">
               <typesOfValue>
                  <ValueSet id="FR:ValueSet:TypeOfFrame" nameOfClass="TypeOfFrame" version="any">
                     <Name>TypeOfFrame</Name>
                     <values>
                        <TypeOfFrame id="FR:TypeOfFrame:NETEX_RESEAU" version="any">
                           <Name>NETEX_RESEAU</Name>
                        </TypeOfFrame>
                        <TypeOfFrame id="FR:TypeOfFrame:NETEX_HORAIRE" version="any">
                           <Name>NETEX_HORAIRE</Name>
                        </TypeOfFrame>
                     </values>
                  </ValueSet>
               </typesOfValue>
            </ResourceFrame>
            <GeneralFrame id="FR:GeneralFrame:NETEX_RESEAU-20250627T231354:LOC" version="1.0" dataSourceRef="CYPRE">
               <TypeOfFrameRef ref="FR:TypeOfFrame:NETEX_RESEAU"/>
               <members>
                  <Route id="CYPRE:Route:T7xA:LOC" version="1">
                     <Name>Varinfroy - Crépy-en-Valois - Aller</Name>
                     <LineRef ref="CYPRE:Line:T7:LOC" versionRef="1"/>
                     <DirectionType>outbound</DirectionType>
                     <DirectionRef ref="CYPRE:Direction:T7xA:LOC" versionRef="1"/>
                     <InverseRouteRef ref="CYPRE:Route:T7xR:LOC" versionRef="1"/>
                  </Route>
                  <Direction id="CYPRE:Direction:T7xA:LOC" version="1">
                     <Name>Varinfroy - Crépy-en-Valois - Aller</Name>
                     <DirectionType>outbound</DirectionType>
                  </Direction>
                  <Route id="CYPRE:Route:T7xR:LOC" version="1">
                     <Name>Varinfroy - Crépy-en-Valois - Retour</Name>
                     <LineRef ref="CYPRE:Line:T7:LOC" versionRef="1"/>
                     <DirectionType>inbound</DirectionType>
                     <DirectionRef ref="CYPRE:Direction:T7xR:LOC" versionRef="1"/>
                     <InverseRouteRef ref="CYPRE:Route:T7xA:LOC" versionRef="1"/>
                  </Route>
                  <Direction id="CYPRE:Direction:T7xR:LOC" version="1">
                     <Name>Varinfroy - Crépy-en-Valois - Retour</Name>
                     <DirectionType>inbound</DirectionType>
                  </Direction>
                  <ServiceJourneyPattern id="CYPRE:ServiceJourneyPattern:VarinfroyxxxCAV:LOC" version="1">
                     <Name>Centre aquatique</Name>
                     <PrivateCode>6335102</PrivateCode>
                     <RouteRef ref="CYPRE:Route:T7xA:LOC" versionRef="1"/>
                     <DestinationDisplayRef ref="CYPRE:DestinationDisplay:VarinfroyxxxCAV:LOC" versionRef="1"/>
                     <pointsInSequence>
                        <StopPointInJourneyPattern id="CYPRE:StopPointInJourneyPattern:VarinfroyxxxCAVx1:LOC" version="any" order="1">
                           <ScheduledStopPointRef ref="CYPRE:ScheduledStopPoint:184:LOC" versionRef="1"/>
                           <ForAlighting>false</ForAlighting>
                           <ForBoarding>true</ForBoarding>
                           <RequestStop>false</RequestStop>
                        </StopPointInJourneyPattern>
                        <StopPointInJourneyPattern id="CYPRE:StopPointInJourneyPattern:VarinfroyxxxCAVx2:LOC" version="any" order="2">
                           <ScheduledStopPointRef ref="CYPRE:ScheduledStopPoint:185:LOC" versionRef="1"/>
                           <ForAlighting>false</ForAlighting>
                           <ForBoarding>true</ForBoarding>
                           <RequestStop>false</RequestStop>
                        </StopPointInJourneyPattern>
                        <StopPointInJourneyPattern id="CYPRE:StopPointInJourneyPattern:VarinfroyxxxCAVx3:LOC" version="any" order="3">
                           <ScheduledStopPointRef ref="CYPRE:ScheduledStopPoint:186:LOC" versionRef="1"/>
                           <ForAlighting>false</ForAlighting>
                           <ForBoarding>true</ForBoarding>
                           <RequestStop>false</RequestStop>
                        </StopPointInJourneyPattern>
                        <StopPointInJourneyPattern id="CYPRE:StopPointInJourneyPattern:VarinfroyxxxCAVx4:LOC" version="any" order="4">
                           <ScheduledStopPointRef ref="CYPRE:ScheduledStopPoint:187:LOC" versionRef="1"/>
                           <ForAlighting>false</ForAlighting>
                           <ForBoarding>true</ForBoarding>
                           <RequestStop>false</RequestStop>
                        </StopPointInJourneyPattern>
                        <StopPointInJourneyPattern id="CYPRE:StopPointInJourneyPattern:VarinfroyxxxCAVx5:LOC" version="any" order="5">
                           <ScheduledStopPointRef ref="CYPRE:ScheduledStopPoint:188:LOC" versionRef="1"/>
                           <ForAlighting>false</ForAlighting>
                           <ForBoarding>true</ForBoarding>
                           <RequestStop>false</RequestStop>
                        </StopPointInJourneyPattern>
                        <StopPointInJourneyPattern id="CYPRE:StopPointInJourneyPattern:VarinfroyxxxCAVx6:LOC" version="any" order="6">
                           <ScheduledStopPointRef ref="CYPRE:ScheduledStopPoint:189:LOC" versionRef="1"/>
                           <ForAlighting>false</ForAlighting>
                           <ForBoarding>true</ForBoarding>
                           <RequestStop>false</RequestStop>
                        </StopPointInJourneyPattern>
                        <StopPointInJourneyPattern id="CYPRE:StopPointInJourneyPattern:VarinfroyxxxCAVx7:LOC" version="any" order="7">
                           <ScheduledStopPointRef ref="CYPRE:ScheduledStopPoint:190:LOC" versionRef="1"/>
                           <ForAlighting>false</ForAlighting>
                           <ForBoarding>true</ForBoarding>
                           <RequestStop>false</RequestStop>
                        </StopPointInJourneyPattern>
                        <StopPointInJourneyPattern id="CYPRE:StopPointInJourneyPattern:VarinfroyxxxCAVx8:LOC" version="any" order="8">
                           <ScheduledStopPointRef ref="CYPRE:ScheduledStopPoint:191:LOC" versionRef="1"/>
                           <ForAlighting>false</ForAlighting>
                           <ForBoarding>true</ForBoarding>
                           <RequestStop>false</RequestStop>
                        </StopPointInJourneyPattern>
                        <StopPointInJourneyPattern id="CYPRE:StopPointInJourneyPattern:VarinfroyxxxCAVx9:LOC" version="any" order="9">
                           <ScheduledStopPointRef ref="CYPRE:ScheduledStopPoint:192:LOC" versionRef="1"/>
                           <ForAlighting>true</ForAlighting>
                           <ForBoarding>false</ForBoarding>
                           <RequestStop>false</RequestStop>
                        </StopPointInJourneyPattern>
                     </pointsInSequence>
                     <ServiceJourneyPatternType>passenger</ServiceJourneyPatternType>
                  </ServiceJourneyPattern>
                  <ServiceJourneyPattern id="CYPRE:ServiceJourneyPattern:CAVxxxVarinfroy:LOC" version="1">
                     <Name>Ecole</Name>
                     <PrivateCode>6335103</PrivateCode>
                     <RouteRef ref="CYPRE:Route:T7xR:LOC" versionRef="1"/>
                     <DestinationDisplayRef ref="CYPRE:DestinationDisplay:CAVxxxVarinfroy:LOC" versionRef="1"/>
                     <pointsInSequence>
                        <StopPointInJourneyPattern id="CYPRE:StopPointInJourneyPattern:CAVxxxVarinfroyx1:LOC" version="any" order="1">
                           <ScheduledStopPointRef ref="CYPRE:ScheduledStopPoint:193:LOC" versionRef="1"/>
                           <ForAlighting>false</ForAlighting>
                           <ForBoarding>true</ForBoarding>
                           <RequestStop>false</RequestStop>
                        </StopPointInJourneyPattern>
                        <StopPointInJourneyPattern id="CYPRE:StopPointInJourneyPattern:CAVxxxVarinfroyx2:LOC" version="any" order="2">
                           <ScheduledStopPointRef ref="CYPRE:ScheduledStopPoint:194:LOC" versionRef="1"/>
                           <ForAlighting>true</ForAlighting>
                           <ForBoarding>false</ForBoarding>
                           <RequestStop>false</RequestStop>
                        </StopPointInJourneyPattern>
                        <StopPointInJourneyPattern id="CYPRE:StopPointInJourneyPattern:CAVxxxVarinfroyx3:LOC" version="any" order="3">
                           <ScheduledStopPointRef ref="CYPRE:ScheduledStopPoint:195:LOC" versionRef="1"/>
                           <ForAlighting>true</ForAlighting>
                           <ForBoarding>false</ForBoarding>
                           <RequestStop>false</RequestStop>
                        </StopPointInJourneyPattern>
                        <StopPointInJourneyPattern id="CYPRE:StopPointInJourneyPattern:CAVxxxVarinfroyx4:LOC" version="any" order="4">
                           <ScheduledStopPointRef ref="CYPRE:ScheduledStopPoint:196:LOC" versionRef="1"/>
                           <ForAlighting>true</ForAlighting>
                           <ForBoarding>false</ForBoarding>
                           <RequestStop>false</RequestStop>
                        </StopPointInJourneyPattern>
                        <StopPointInJourneyPattern id="CYPRE:StopPointInJourneyPattern:CAVxxxVarinfroyx5:LOC" version="any" order="5">
                           <ScheduledStopPointRef ref="CYPRE:ScheduledStopPoint:197:LOC" versionRef="1"/>
                           <ForAlighting>true</ForAlighting>
                           <ForBoarding>false</ForBoarding>
                           <RequestStop>false</RequestStop>
                        </StopPointInJourneyPattern>
                        <StopPointInJourneyPattern id="CYPRE:StopPointInJourneyPattern:CAVxxxVarinfroyx6:LOC" version="any" order="6">
                           <ScheduledStopPointRef ref="CYPRE:ScheduledStopPoint:198:LOC" versionRef="1"/>
                           <ForAlighting>true</ForAlighting>
                           <ForBoarding>false</ForBoarding>
                           <RequestStop>false</RequestStop>
                        </StopPointInJourneyPattern>
                        <StopPointInJourneyPattern id="CYPRE:StopPointInJourneyPattern:CAVxxxVarinfroyx7:LOC" version="any" order="7">
                           <ScheduledStopPointRef ref="CYPRE:ScheduledStopPoint:199:LOC" versionRef="1"/>
                           <ForAlighting>true</ForAlighting>
                           <ForBoarding>false</ForBoarding>
                           <RequestStop>false</RequestStop>
                        </StopPointInJourneyPattern>
                        <StopPointInJourneyPattern id="CYPRE:StopPointInJourneyPattern:CAVxxxVarinfroyx8:LOC" version="any" order="8">
                           <ScheduledStopPointRef ref="CYPRE:ScheduledStopPoint:200:LOC" versionRef="1"/>
                           <ForAlighting>true</ForAlighting>
                           <ForBoarding>false</ForBoarding>
                           <RequestStop>false</RequestStop>
                        </StopPointInJourneyPattern>
                        <StopPointInJourneyPattern id="CYPRE:StopPointInJourneyPattern:CAVxxxVarinfroyx9:LOC" version="any" order="9">
                           <ScheduledStopPointRef ref="CYPRE:ScheduledStopPoint:201:LOC" versionRef="1"/>
                           <ForAlighting>true</ForAlighting>
                           <ForBoarding>false</ForBoarding>
                           <RequestStop>false</RequestStop>
                        </StopPointInJourneyPattern>
                     </pointsInSequence>
                     <ServiceJourneyPatternType>passenger</ServiceJourneyPatternType>
                  </ServiceJourneyPattern>
                  <DestinationDisplay id="CYPRE:DestinationDisplay:VarinfroyxxxCAV:LOC" version="1">
                     <FrontText>Centre aquatique</FrontText>
                  </DestinationDisplay>
                  <DestinationDisplay id="CYPRE:DestinationDisplay:CAVxxxVarinfroy:LOC" version="1">
                     <FrontText>Ecole</FrontText>
                  </DestinationDisplay>
                  <ScheduledStopPoint id="CYPRE:ScheduledStopPoint:184:LOC" version="1">
                     <Name>Ecole</Name>
                     <Location id="CYPRE:Location:343d7584dcfe4067a693a25a19e205f4:LOC">
                        <Longitude>3.0449343</Longitude>
                        <Latitude>49.0988325</Latitude>
                        <gml:pos srsName="EPSG:2154">703281.668236509 6888779.29045558</gml:pos>
                     </Location>
                  </ScheduledStopPoint>
                  <ScheduledStopPoint id="CYPRE:ScheduledStopPoint:185:LOC" version="1">
                     <Name>Mairie</Name>
                     <Location id="CYPRE:Location:461862da65194c469d794137357d079b:LOC">
                        <Longitude>3.0621844</Longitude>
                        <Latitude>49.1154855</Latitude>
                        <gml:pos srsName="EPSG:2154">704540.028849691 6890632.31135034</gml:pos>
                     </Location>
                  </ScheduledStopPoint>
                  <ScheduledStopPoint id="CYPRE:ScheduledStopPoint:186:LOC" version="1">
                     <Name>École</Name>
                     <Location id="CYPRE:Location:389cac87bece4f80b1cba90e6b7c3ade:LOC">
                        <Longitude>3.0262479</Longitude>
                        <Latitude>49.1102128</Latitude>
                        <gml:pos srsName="EPSG:2154">701916.531404701 6890044.40281896</gml:pos>
                     </Location>
                  </ScheduledStopPoint>
                  <ScheduledStopPoint id="CYPRE:ScheduledStopPoint:187:LOC" version="1">
                     <Name>École</Name>
                     <Location id="CYPRE:Location:d4c1508a5bd44efa987a63acf96718ca:LOC">
                        <Longitude>2.9798097</Longitude>
                        <Latitude>49.1189129</Latitude>
                        <gml:pos srsName="EPSG:2154">698526.021128492 6891011.91547685</gml:pos>
                     </Location>
                  </ScheduledStopPoint>
                  <ScheduledStopPoint id="CYPRE:ScheduledStopPoint:188:LOC" version="1">
                     <Name>Centre</Name>
                     <Location id="CYPRE:Location:d6976c3998014087b99139c4afb98f82:LOC">
                        <Longitude>3.0048928</Longitude>
                        <Latitude>49.1298893</Latitude>
                        <gml:pos srsName="EPSG:2154">700357.119832838 6892232.56736805</gml:pos>
                     </Location>
                  </ScheduledStopPoint>
                  <ScheduledStopPoint id="CYPRE:ScheduledStopPoint:189:LOC" version="1">
                     <Name>Centre</Name>
                     <Location id="CYPRE:Location:2ae319e3ed6d4ae592699659e7b31501:LOC">
                        <Longitude>2.9847614</Longitude>
                        <Latitude>49.1520397</Latitude>
                        <gml:pos srsName="EPSG:2154">698888.227608836 6894696.34015916</gml:pos>
                     </Location>
                  </ScheduledStopPoint>
                  <ScheduledStopPoint id="CYPRE:ScheduledStopPoint:190:LOC" version="1">
                     <Name>École</Name>
                     <Location id="CYPRE:Location:cbcf2968083e4bdd9cd423cad4f9367a:LOC">
                        <Longitude>2.9539434</Longitude>
                        <Latitude>49.1580711</Latitude>
                        <gml:pos srsName="EPSG:2154">696640.210319112 6895368.06411562</gml:pos>
                     </Location>
                  </ScheduledStopPoint>
                  <ScheduledStopPoint id="CYPRE:ScheduledStopPoint:191:LOC" version="1">
                     <Name>Centre</Name>
                     <Location id="CYPRE:Location:eb6ff60a931b42598520ea3e65866ce9:LOC">
                        <Longitude>2.9147986</Longitude>
                        <Latitude>49.1972626</Latitude>
                        <gml:pos srsName="EPSG:2154">693789.3350648 6899729.66618846</gml:pos>
                     </Location>
                  </ScheduledStopPoint>
                  <ScheduledStopPoint id="CYPRE:ScheduledStopPoint:192:LOC" version="1">
                     <Name>Centre aquatique</Name>
                     <Location id="CYPRE:Location:48b8e204c6074574b6da5f88a9264f33:LOC">
                        <Longitude>2.8947524</Longitude>
                        <Latitude>49.2239159</Latitude>
                        <gml:pos srsName="EPSG:2154">692332.041153333 6902696.14391952</gml:pos>
                     </Location>
                  </ScheduledStopPoint>
                  <ScheduledStopPoint id="CYPRE:ScheduledStopPoint:193:LOC" version="1">
                     <Name>Centre aquatique</Name>
                     <Location id="CYPRE:Location:f6d6ef7c5ad54fc6baceb621b5c4fc0f:LOC">
                        <Longitude>2.8945618</Longitude>
                        <Latitude>49.2239854</Latitude>
                        <gml:pos srsName="EPSG:2154">692318.165058946 6902703.89321492</gml:pos>
                     </Location>
                  </ScheduledStopPoint>
                  <ScheduledStopPoint id="CYPRE:ScheduledStopPoint:194:LOC" version="1">
                     <Name>Centre</Name>
                     <Location id="CYPRE:Location:6f91aae6d54a4206ba738af94f8797f6:LOC">
                        <Longitude>2.914728</Longitude>
                        <Latitude>49.1971876</Latitude>
                        <gml:pos srsName="EPSG:2154">693784.179746367 6899721.32940985</gml:pos>
                     </Location>
                  </ScheduledStopPoint>
                  <ScheduledStopPoint id="CYPRE:ScheduledStopPoint:195:LOC" version="1">
                     <Name>École</Name>
                     <Location id="CYPRE:Location:d7f0361c39c84c758da876802a34678b:LOC">
                        <Longitude>2.9539434</Longitude>
                        <Latitude>49.1580711</Latitude>
                        <gml:pos srsName="EPSG:2154">696640.210319112 6895368.06411562</gml:pos>
                     </Location>
                  </ScheduledStopPoint>
                  <ScheduledStopPoint id="CYPRE:ScheduledStopPoint:196:LOC" version="1">
                     <Name>Centre</Name>
                     <Location id="CYPRE:Location:2cfa68cfc0e745949c9ddf0b07766bfd:LOC">
                        <Longitude>2.9847614</Longitude>
                        <Latitude>49.1520397</Latitude>
                        <gml:pos srsName="EPSG:2154">698888.227608836 6894696.34015916</gml:pos>
                     </Location>
                  </ScheduledStopPoint>
                  <ScheduledStopPoint id="CYPRE:ScheduledStopPoint:197:LOC" version="1">
                     <Name>Centre</Name>
                     <Location id="CYPRE:Location:1b95b041d3e845119911c1d8f4be966c:LOC">
                        <Longitude>3.0047543</Longitude>
                        <Latitude>49.1299114</Latitude>
                        <gml:pos srsName="EPSG:2154">700347.01072948 6892235.02479444</gml:pos>
                     </Location>
                  </ScheduledStopPoint>
                  <ScheduledStopPoint id="CYPRE:ScheduledStopPoint:198:LOC" version="1">
                     <Name>École</Name>
                     <Location id="CYPRE:Location:0bce9f87e357482ebf20b0170de1facb:LOC">
                        <Longitude>2.9800792</Longitude>
                        <Latitude>49.1190533</Latitude>
                        <gml:pos srsName="EPSG:2154">698545.69972851 6891027.52611956</gml:pos>
                     </Location>
                  </ScheduledStopPoint>
                  <ScheduledStopPoint id="CYPRE:ScheduledStopPoint:199:LOC" version="1">
                     <Name>École</Name>
                     <Location id="CYPRE:Location:2ad982fb1d01486cbae45b9a4ddfdf8b:LOC">
                        <Longitude>3.0262479</Longitude>
                        <Latitude>49.1102128</Latitude>
                        <gml:pos srsName="EPSG:2154">701916.531404701 6890044.40281896</gml:pos>
                     </Location>
                  </ScheduledStopPoint>
                  <ScheduledStopPoint id="CYPRE:ScheduledStopPoint:200:LOC" version="1">
                     <Name>Mairie</Name>
                     <Location id="CYPRE:Location:86d0564c63e441aeb37fcd34fd8b29ca:LOC">
                        <Longitude>3.0621844</Longitude>
                        <Latitude>49.1154855</Latitude>
                        <gml:pos srsName="EPSG:2154">704540.028849691 6890632.31135034</gml:pos>
                     </Location>
                  </ScheduledStopPoint>
                  <ScheduledStopPoint id="CYPRE:ScheduledStopPoint:201:LOC" version="1">
                     <Name>Ecole</Name>
                     <Location id="CYPRE:Location:2e48d6209f9e49dfbd1e1cac7ed13fc4:LOC">
                        <Longitude>3.0449343</Longitude>
                        <Latitude>49.0988325</Latitude>
                        <gml:pos srsName="EPSG:2154">703281.668236509 6888779.29045558</gml:pos>
                     </Location>
                  </ScheduledStopPoint>
                  <PassengerStopAssignment id="CYPRE:PassengerStopAssignment:184:LOC" version="1" order="0">
                     <ScheduledStopPointRef ref="CYPRE:ScheduledStopPoint:184:LOC" versionRef="1"/>
                     <StopPlaceRef ref="FR:60656:StopPlace:gen6065607:CYPRE" versionRef="1"/>
                     <QuayRef ref="FR:60656:Quay:6065607:CYPRE" versionRef="1"/>
                  </PassengerStopAssignment>
                  <PassengerStopAssignment id="CYPRE:PassengerStopAssignment:185:LOC" version="1" order="0">
                     <ScheduledStopPointRef ref="CYPRE:ScheduledStopPoint:185:LOC" versionRef="1"/>
                     <StopPlaceRef ref="FR:60448:StopPlace:gen6044807:CYPRE" versionRef="1"/>
                     <QuayRef ref="FR:60448:Quay:6044807:CYPRE" versionRef="1"/>
                  </PassengerStopAssignment>
                  <PassengerStopAssignment id="CYPRE:PassengerStopAssignment:186:LOC" version="1" order="0">
                     <ScheduledStopPointRef ref="CYPRE:ScheduledStopPoint:186:LOC" versionRef="1"/>
                     <StopPlaceRef ref="FR:60554:StopPlace:gen6055403:CYPRE" versionRef="1"/>
                     <QuayRef ref="FR:60554:Quay:6055403:CYPRE" versionRef="1"/>
                  </PassengerStopAssignment>
                  <PassengerStopAssignment id="CYPRE:PassengerStopAssignment:187:LOC" version="1" order="0">
                     <ScheduledStopPointRef ref="CYPRE:ScheduledStopPoint:187:LOC" versionRef="1"/>
                     <StopPlaceRef ref="FR:60224:StopPlace:gen6022402:CYPRE" versionRef="1"/>
                     <QuayRef ref="FR:60224:Quay:6022402:CYPRE" versionRef="1"/>
                  </PassengerStopAssignment>
                  <PassengerStopAssignment id="CYPRE:PassengerStopAssignment:188:LOC" version="1" order="0">
                     <ScheduledStopPointRef ref="CYPRE:ScheduledStopPoint:188:LOC" versionRef="1"/>
                     <StopPlaceRef ref="FR:60092:StopPlace:gen6009201:CYPRE" versionRef="1"/>
                     <QuayRef ref="FR:60092:Quay:6009201:CYPRE" versionRef="1"/>
                  </PassengerStopAssignment>
                  <PassengerStopAssignment id="CYPRE:PassengerStopAssignment:189:LOC" version="1" order="0">
                     <ScheduledStopPointRef ref="CYPRE:ScheduledStopPoint:189:LOC" versionRef="1"/>
                     <StopPlaceRef ref="FR:60020:StopPlace:gen6002002:CYPRE" versionRef="1"/>
                     <QuayRef ref="FR:60020:Quay:6002002:CYPRE" versionRef="1"/>
                  </PassengerStopAssignment>
                  <PassengerStopAssignment id="CYPRE:PassengerStopAssignment:190:LOC" version="1" order="0">
                     <ScheduledStopPointRef ref="CYPRE:ScheduledStopPoint:190:LOC" versionRef="1"/>
                     <StopPlaceRef ref="FR:60069:StopPlace:gen6006901:CYPRE" versionRef="1"/>
                     <QuayRef ref="FR:60069:Quay:6006901:CYPRE" versionRef="1"/>
                  </PassengerStopAssignment>
                  <PassengerStopAssignment id="CYPRE:PassengerStopAssignment:191:LOC" version="1" order="0">
                     <ScheduledStopPointRef ref="CYPRE:ScheduledStopPoint:191:LOC" versionRef="1"/>
                     <StopPlaceRef ref="FR:60358:StopPlace:gen6035802:CYPRE" versionRef="1"/>
                     <QuayRef ref="FR:60358:Quay:6035802:CYPRE" versionRef="1"/>
                  </PassengerStopAssignment>
                  <PassengerStopAssignment id="CYPRE:PassengerStopAssignment:192:LOC" version="1" order="0">
                     <ScheduledStopPointRef ref="CYPRE:ScheduledStopPoint:192:LOC" versionRef="1"/>
                     <StopPlaceRef ref="FR:60176:StopPlace:gencevaqua2:CYPRE" versionRef="1"/>
                     <QuayRef ref="FR:60176:Quay:cevaqua2:CYPRE" versionRef="1"/>
                  </PassengerStopAssignment>
                  <PassengerStopAssignment id="CYPRE:PassengerStopAssignment:193:LOC" version="1" order="0">
                     <ScheduledStopPointRef ref="CYPRE:ScheduledStopPoint:193:LOC" versionRef="1"/>
                     <StopPlaceRef ref="FR:60176:StopPlace:gencevaqua1:CYPRE" versionRef="1"/>
                     <QuayRef ref="FR:60176:Quay:cevaqua1:CYPRE" versionRef="1"/>
                  </PassengerStopAssignment>
                  <PassengerStopAssignment id="CYPRE:PassengerStopAssignment:194:LOC" version="1" order="0">
                     <ScheduledStopPointRef ref="CYPRE:ScheduledStopPoint:194:LOC" versionRef="1"/>
                     <StopPlaceRef ref="FR:60358:StopPlace:gen6035810:CYPRE" versionRef="1"/>
                     <QuayRef ref="FR:60358:Quay:6035810:CYPRE" versionRef="1"/>
                  </PassengerStopAssignment>
                  <PassengerStopAssignment id="CYPRE:PassengerStopAssignment:195:LOC" version="1" order="0">
                     <ScheduledStopPointRef ref="CYPRE:ScheduledStopPoint:195:LOC" versionRef="1"/>
                     <StopPlaceRef ref="FR:60069:StopPlace:gen6006901:CYPRE" versionRef="1"/>
                     <QuayRef ref="FR:60069:Quay:6006901:CYPRE" versionRef="1"/>
                  </PassengerStopAssignment>
                  <PassengerStopAssignment id="CYPRE:PassengerStopAssignment:196:LOC" version="1" order="0">
                     <ScheduledStopPointRef ref="CYPRE:ScheduledStopPoint:196:LOC" versionRef="1"/>
                     <StopPlaceRef ref="FR:60020:StopPlace:gen6002002:CYPRE" versionRef="1"/>
                     <QuayRef ref="FR:60020:Quay:6002002:CYPRE" versionRef="1"/>
                  </PassengerStopAssignment>
                  <PassengerStopAssignment id="CYPRE:PassengerStopAssignment:197:LOC" version="1" order="0">
                     <ScheduledStopPointRef ref="CYPRE:ScheduledStopPoint:197:LOC" versionRef="1"/>
                     <StopPlaceRef ref="FR:60092:StopPlace:gen6009203:CYPRE" versionRef="1"/>
                     <QuayRef ref="FR:60092:Quay:6009203:CYPRE" versionRef="1"/>
                  </PassengerStopAssignment>
                  <PassengerStopAssignment id="CYPRE:PassengerStopAssignment:198:LOC" version="1" order="0">
                     <ScheduledStopPointRef ref="CYPRE:ScheduledStopPoint:198:LOC" versionRef="1"/>
                     <StopPlaceRef ref="FR:60224:StopPlace:gen6022401:CYPRE" versionRef="1"/>
                     <QuayRef ref="FR:60224:Quay:6022401:CYPRE" versionRef="1"/>
                  </PassengerStopAssignment>
                  <PassengerStopAssignment id="CYPRE:PassengerStopAssignment:199:LOC" version="1" order="0">
                     <ScheduledStopPointRef ref="CYPRE:ScheduledStopPoint:199:LOC" versionRef="1"/>
                     <StopPlaceRef ref="FR:60554:StopPlace:gen6055403:CYPRE" versionRef="1"/>
                     <QuayRef ref="FR:60554:Quay:6055403:CYPRE" versionRef="1"/>
                  </PassengerStopAssignment>
                  <PassengerStopAssignment id="CYPRE:PassengerStopAssignment:200:LOC" version="1" order="0">
                     <ScheduledStopPointRef ref="CYPRE:ScheduledStopPoint:200:LOC" versionRef="1"/>
                     <StopPlaceRef ref="FR:60448:StopPlace:gen6044807:CYPRE" versionRef="1"/>
                     <QuayRef ref="FR:60448:Quay:6044807:CYPRE" versionRef="1"/>
                  </PassengerStopAssignment>
                  <PassengerStopAssignment id="CYPRE:PassengerStopAssignment:201:LOC" version="1" order="0">
                     <ScheduledStopPointRef ref="CYPRE:ScheduledStopPoint:201:LOC" versionRef="1"/>
                     <StopPlaceRef ref="FR:60656:StopPlace:gen6065607:CYPRE" versionRef="1"/>
                     <QuayRef ref="FR:60656:Quay:6065607:CYPRE" versionRef="1"/>
                  </PassengerStopAssignment>
               </members>
            </GeneralFrame>
            <GeneralFrame id="FR:GeneralFrame:NETEX_HORAIRE-20250627T231354:LOC" version="1.0" dataSourceRef="CYPRE">
               <TypeOfFrameRef ref="FR:TypeOfFrame:NETEX_HORAIRE"/>
               <members>
                  <ServiceJourney id="CYPRE:ServiceJourney:72:LOC" version="1">
                     <PrivateCode>72</PrivateCode>
                     <TransportMode>bus</TransportMode>
                     <TransportSubmode>
                        <BusSubmode>demandAndResponseBus</BusSubmode>
                     </TransportSubmode>
                     <dayTypes>
                        <DayTypeRef ref="CYPRE:DayType:2620xSemainexxxT1xetxT7127:LOC" versionRef="1"/>
                     </dayTypes>
                     <JourneyPatternRef ref="CYPRE:ServiceJourneyPattern:CAVxxxVarinfroy:LOC" versionRef="1"/>
                     <passingTimes>
                        <TimetabledPassingTime version="any">
                           <ArrivalTime>17:15:00</ArrivalTime>
                           <ArrivalDayOffset>0</ArrivalDayOffset>
                           <DepartureTime>17:15:00</DepartureTime>
                           <DepartureDayOffset>0</DepartureDayOffset>
                        </TimetabledPassingTime>
                        <TimetabledPassingTime version="any">
                           <ArrivalTime>17:21:00</ArrivalTime>
                           <ArrivalDayOffset>0</ArrivalDayOffset>
                           <DepartureTime>17:21:00</DepartureTime>
                           <DepartureDayOffset>0</DepartureDayOffset>
                        </TimetabledPassingTime>
                        <TimetabledPassingTime version="any">
                           <ArrivalTime>17:28:00</ArrivalTime>
                           <ArrivalDayOffset>0</ArrivalDayOffset>
                           <DepartureTime>17:28:00</DepartureTime>
                           <DepartureDayOffset>0</DepartureDayOffset>
                        </TimetabledPassingTime>
                        <TimetabledPassingTime version="any">
                           <ArrivalTime>17:34:00</ArrivalTime>
                           <ArrivalDayOffset>0</ArrivalDayOffset>
                           <DepartureTime>17:34:00</DepartureTime>
                           <DepartureDayOffset>0</DepartureDayOffset>
                        </TimetabledPassingTime>
                        <TimetabledPassingTime version="any">
                           <ArrivalTime>17:40:00</ArrivalTime>
                           <ArrivalDayOffset>0</ArrivalDayOffset>
                           <DepartureTime>17:40:00</DepartureTime>
                           <DepartureDayOffset>0</DepartureDayOffset>
                        </TimetabledPassingTime>
                        <TimetabledPassingTime version="any">
                           <ArrivalTime>17:44:00</ArrivalTime>
                           <ArrivalDayOffset>0</ArrivalDayOffset>
                           <DepartureTime>17:44:00</DepartureTime>
                           <DepartureDayOffset>0</DepartureDayOffset>
                        </TimetabledPassingTime>
                        <TimetabledPassingTime version="any">
                           <ArrivalTime>17:50:00</ArrivalTime>
                           <ArrivalDayOffset>0</ArrivalDayOffset>
                           <DepartureTime>17:50:00</DepartureTime>
                           <DepartureDayOffset>0</DepartureDayOffset>
                        </TimetabledPassingTime>
                        <TimetabledPassingTime version="any">
                           <ArrivalTime>17:55:00</ArrivalTime>
                           <ArrivalDayOffset>0</ArrivalDayOffset>
                           <DepartureTime>17:55:00</DepartureTime>
                           <DepartureDayOffset>0</DepartureDayOffset>
                        </TimetabledPassingTime>
                        <TimetabledPassingTime version="any">
                           <ArrivalTime>17:58:00</ArrivalTime>
                           <ArrivalDayOffset>0</ArrivalDayOffset>
                           <DepartureTime>17:58:00</DepartureTime>
                           <DepartureDayOffset>0</DepartureDayOffset>
                        </TimetabledPassingTime>
                     </passingTimes>
                  </ServiceJourney>
                  <ServiceJourney id="CYPRE:ServiceJourney:71:LOC" version="1">
                     <PrivateCode>71</PrivateCode>
                     <TransportMode>bus</TransportMode>
                     <TransportSubmode>
                        <BusSubmode>demandAndResponseBus</BusSubmode>
                     </TransportSubmode>
                     <dayTypes>
                        <DayTypeRef ref="CYPRE:DayType:2620xSemainexxxT1xetxT7127:LOC" versionRef="1"/>
                     </dayTypes>
                     <JourneyPatternRef ref="CYPRE:ServiceJourneyPattern:VarinfroyxxxCAV:LOC" versionRef="1"/>
                     <passingTimes>
                        <TimetabledPassingTime version="any">
                           <ArrivalTime>14:15:00</ArrivalTime>
                           <ArrivalDayOffset>0</ArrivalDayOffset>
                           <DepartureTime>14:15:00</DepartureTime>
                           <DepartureDayOffset>0</DepartureDayOffset>
                        </TimetabledPassingTime>
                        <TimetabledPassingTime version="any">
                           <ArrivalTime>14:19:00</ArrivalTime>
                           <ArrivalDayOffset>0</ArrivalDayOffset>
                           <DepartureTime>14:19:00</DepartureTime>
                           <DepartureDayOffset>0</DepartureDayOffset>
                        </TimetabledPassingTime>
                        <TimetabledPassingTime version="any">
                           <ArrivalTime>14:24:00</ArrivalTime>
                           <ArrivalDayOffset>0</ArrivalDayOffset>
                           <DepartureTime>14:24:00</DepartureTime>
                           <DepartureDayOffset>0</DepartureDayOffset>
                        </TimetabledPassingTime>
                        <TimetabledPassingTime version="any">
                           <ArrivalTime>14:29:00</ArrivalTime>
                           <ArrivalDayOffset>0</ArrivalDayOffset>
                           <DepartureTime>14:29:00</DepartureTime>
                           <DepartureDayOffset>0</DepartureDayOffset>
                        </TimetabledPassingTime>
                        <TimetabledPassingTime version="any">
                           <ArrivalTime>14:33:00</ArrivalTime>
                           <ArrivalDayOffset>0</ArrivalDayOffset>
                           <DepartureTime>14:33:00</DepartureTime>
                           <DepartureDayOffset>0</DepartureDayOffset>
                        </TimetabledPassingTime>
                        <TimetabledPassingTime version="any">
                           <ArrivalTime>14:38:00</ArrivalTime>
                           <ArrivalDayOffset>0</ArrivalDayOffset>
                           <DepartureTime>14:38:00</DepartureTime>
                           <DepartureDayOffset>0</DepartureDayOffset>
                        </TimetabledPassingTime>
                        <TimetabledPassingTime version="any">
                           <ArrivalTime>14:45:00</ArrivalTime>
                           <ArrivalDayOffset>0</ArrivalDayOffset>
                           <DepartureTime>14:45:00</DepartureTime>
                           <DepartureDayOffset>0</DepartureDayOffset>
                        </TimetabledPassingTime>
                        <TimetabledPassingTime version="any">
                           <ArrivalTime>14:51:00</ArrivalTime>
                           <ArrivalDayOffset>0</ArrivalDayOffset>
                           <DepartureTime>14:51:00</DepartureTime>
                           <DepartureDayOffset>0</DepartureDayOffset>
                        </TimetabledPassingTime>
                        <TimetabledPassingTime version="any">
                           <ArrivalTime>14:55:00</ArrivalTime>
                           <ArrivalDayOffset>0</ArrivalDayOffset>
                           <DepartureTime>14:55:00</DepartureTime>
                           <DepartureDayOffset>0</DepartureDayOffset>
                        </TimetabledPassingTime>
                     </passingTimes>
                  </ServiceJourney>
               </members>
            </GeneralFrame>
         </frames>
      </CompositeFrame>
   </dataObjects>
</PublicationDelivery>
