<?xml version="1.0" encoding="UTF-8" standalone="yes"?>
<PublicationDelivery xmlns="http://www.netex.org.uk/netex" xmlns:ns2="http://www.opengis.net/gml/3.2" xmlns:ns3="http://www.siri.org.uk/siri">
    <PublicationTimestamp>2025-09-04T13:22:47.922Z</PublicationTimestamp>
    <ParticipantRef>Toutenbus</ParticipantRef>
    <dataObjects>
        <ServiceFrame version="any" id="Toutenbus:ServiceFrame:0:LOC">
            <TypeOfFrameRef ref="FR:TypeOfFrame:NETEX_LIGNE_STRUCTURE:"/>
            <routes>
                <Route version="any" id="Toutenbus:Route:4467@0">
                    <LineRef ref="Toutenbus:Line:4467"/>
                    <DirectionType>outbound</DirectionType>
                    <DirectionRef ref="gtfs:Direction:0" version="any"/>
                </Route>
                <Route version="any" id="Toutenbus:Route:4467@1">
                    <LineRef ref="Toutenbus:Line:4467"/>
                    <DirectionType>inbound</DirectionType>
                    <DirectionRef ref="gtfs:Direction:1" version="any"/>
                </Route>
            </routes>
            <lines>
                <Line version="any" id="Toutenbus:Line:4467">
                    <Name>VALS Les Combes/Fontanille - VALS Collège</Name>
                    <ShortName>L67</ShortName>
                    <TransportMode>bus</TransportMode>
                    <PublicCode>L67</PublicCode>
                    <AuthorityRef ref="Toutenbus:Authority:44"/>
                    <Presentation>
                        <Colour>C0C0C0</Colour>
                        <TextColour>194696</TextColour>
                    </Presentation>
                </Line>
            </lines>
            <scheduledStopPoints>
                <ScheduledStopPoint version="any" id="Toutenbus:ScheduledStopPoint:44528">
                    <Name>Ucel Bois Vert - La Crête</Name>
                    <types>
                        <TypeOfPointRef ref="gtfs:TypeOfPoint:0" version="any"/>
                    </types>
                    <StopType>onstreetBus</StopType>
                </ScheduledStopPoint>
                <ScheduledStopPoint version="any" id="Toutenbus:ScheduledStopPoint:44519">
                    <Name>Ucel Fontanille Bas</Name>
                    <types>
                        <TypeOfPointRef ref="gtfs:TypeOfPoint:0" version="any"/>
                    </types>
                    <StopType>onstreetBus</StopType>
                </ScheduledStopPoint>
                <ScheduledStopPoint version="any" id="Toutenbus:ScheduledStopPoint:44510">
                    <Name>Ucel Fontanille Haut</Name>
                    <types>
                        <TypeOfPointRef ref="gtfs:TypeOfPoint:0" version="any"/>
                    </types>
                    <StopType>onstreetBus</StopType>
                </ScheduledStopPoint>
                <ScheduledStopPoint version="any" id="Toutenbus:ScheduledStopPoint:44542">
                    <Name>Ucel Grange Crémade</Name>
                    <types>
                        <TypeOfPointRef ref="gtfs:TypeOfPoint:0" version="any"/>
                    </types>
                    <StopType>onstreetBus</StopType>
                </ScheduledStopPoint>
                <ScheduledStopPoint version="any" id="Toutenbus:ScheduledStopPoint:44509">
                    <Name>Ucel Les Combes</Name>
                    <types>
                        <TypeOfPointRef ref="gtfs:TypeOfPoint:0" version="any"/>
                    </types>
                    <StopType>onstreetBus</StopType>
                </ScheduledStopPoint>
                <ScheduledStopPoint version="any" id="Toutenbus:ScheduledStopPoint:44515">
                    <Name>Ucel Virage Fontanille - Route des Combes</Name>
                    <types>
                        <TypeOfPointRef ref="gtfs:TypeOfPoint:0" version="any"/>
                    </types>
                    <StopType>onstreetBus</StopType>
                </ScheduledStopPoint>
                <ScheduledStopPoint version="any" id="Toutenbus:ScheduledStopPoint:44544">
                    <Name>Vals Château Clément - La Châtaigneraie</Name>
                    <types>
                        <TypeOfPointRef ref="gtfs:TypeOfPoint:0" version="any"/>
                    </types>
                    <StopType>onstreetBus</StopType>
                </ScheduledStopPoint>
                <ScheduledStopPoint version="any" id="Toutenbus:ScheduledStopPoint:44527">
                    <Name>Vals Collège Gouy</Name>
                    <types>
                        <TypeOfPointRef ref="gtfs:TypeOfPoint:0" version="any"/>
                    </types>
                    <StopType>onstreetBus</StopType>
                </ScheduledStopPoint>
            </scheduledStopPoints>
            <stopAssignments>
                <PassengerStopAssignment version="any" id="Toutenbus:PassengerStopAssignment:44528">
                    <ScheduledStopPointRef ref="Toutenbus:ScheduledStopPoint:44528" version="any"/>
                    <StopPlaceRef ref="Toutenbus:StopPlace:44528" version="any"/>
                    <QuayRef ref="Toutenbus:Quay:44528" version="any"/>
                </PassengerStopAssignment>
                <PassengerStopAssignment version="any" id="Toutenbus:PassengerStopAssignment:44519">
                    <ScheduledStopPointRef ref="Toutenbus:ScheduledStopPoint:44519" version="any"/>
                    <StopPlaceRef ref="Toutenbus:StopPlace:44519" version="any"/>
                    <QuayRef ref="Toutenbus:Quay:44519" version="any"/>
                </PassengerStopAssignment>
                <PassengerStopAssignment version="any" id="Toutenbus:PassengerStopAssignment:44510">
                    <ScheduledStopPointRef ref="Toutenbus:ScheduledStopPoint:44510" version="any"/>
                    <StopPlaceRef ref="Toutenbus:StopPlace:44510" version="any"/>
                    <QuayRef ref="Toutenbus:Quay:44510" version="any"/>
                </PassengerStopAssignment>
                <PassengerStopAssignment version="any" id="Toutenbus:PassengerStopAssignment:44542">
                    <ScheduledStopPointRef ref="Toutenbus:ScheduledStopPoint:44542" version="any"/>
                    <StopPlaceRef ref="Toutenbus:StopPlace:44542" version="any"/>
                    <QuayRef ref="Toutenbus:Quay:44542" version="any"/>
                </PassengerStopAssignment>
                <PassengerStopAssignment version="any" id="Toutenbus:PassengerStopAssignment:44509">
                    <ScheduledStopPointRef ref="Toutenbus:ScheduledStopPoint:44509" version="any"/>
                    <StopPlaceRef ref="Toutenbus:StopPlace:44509" version="any"/>
                    <QuayRef ref="Toutenbus:Quay:44509" version="any"/>
                </PassengerStopAssignment>
                <PassengerStopAssignment version="any" id="Toutenbus:PassengerStopAssignment:44515">
                    <ScheduledStopPointRef ref="Toutenbus:ScheduledStopPoint:44515" version="any"/>
                    <StopPlaceRef ref="Toutenbus:StopPlace:44515" version="any"/>
                    <QuayRef ref="Toutenbus:Quay:44515" version="any"/>
                </PassengerStopAssignment>
                <PassengerStopAssignment version="any" id="Toutenbus:PassengerStopAssignment:44544">
                    <ScheduledStopPointRef ref="Toutenbus:ScheduledStopPoint:44544" version="any"/>
                    <StopPlaceRef ref="Toutenbus:StopPlace:44544" version="any"/>
                    <QuayRef ref="Toutenbus:Quay:44544" version="any"/>
                </PassengerStopAssignment>
                <PassengerStopAssignment version="any" id="Toutenbus:PassengerStopAssignment:44527">
                    <ScheduledStopPointRef ref="Toutenbus:ScheduledStopPoint:44527" version="any"/>
                    <StopPlaceRef ref="Toutenbus:StopPlace:44527" version="any"/>
                    <QuayRef ref="Toutenbus:Quay:44527" version="any"/>
                </PassengerStopAssignment>
            </stopAssignments>
            <journeyPatterns>
                <ServiceJourneyPattern version="any" id="Toutenbus:JourneyPattern:0:LOC">
                    <RouteRef ref="Toutenbus:Route:4467@0"/>
                    <DirectionType>outbound</DirectionType>
                    <DirectionRef ref="gtfs:Direction:0" version="any"/>
                    <pointsInSequence>
                        <StopPointInJourneyPattern order="0" id="Toutenbus:JourneyPattern:0@0:LOC">
                            <ScheduledStopPointRef ref="Toutenbus:ScheduledStopPoint:44509" version="any"/>
                            <ForAlighting>true</ForAlighting>
                            <ForBoarding>true</ForBoarding>
                            <RequestMethod>noneRequired</RequestMethod>
                        </StopPointInJourneyPattern>
                        <StopPointInJourneyPattern order="1" id="Toutenbus:JourneyPattern:0@1:LOC">
                            <ScheduledStopPointRef ref="Toutenbus:ScheduledStopPoint:44542" version="any"/>
                            <ForAlighting>true</ForAlighting>
                            <ForBoarding>true</ForBoarding>
                            <RequestMethod>noneRequired</RequestMethod>
                        </StopPointInJourneyPattern>
                        <StopPointInJourneyPattern order="2" id="Toutenbus:JourneyPattern:0@2:LOC">
                            <ScheduledStopPointRef ref="Toutenbus:ScheduledStopPoint:44515" version="any"/>
                            <ForAlighting>true</ForAlighting>
                            <ForBoarding>true</ForBoarding>
                            <RequestMethod>noneRequired</RequestMethod>
                        </StopPointInJourneyPattern>
                        <StopPointInJourneyPattern order="3" id="Toutenbus:JourneyPattern:0@3:LOC">
                            <ScheduledStopPointRef ref="Toutenbus:ScheduledStopPoint:44519" version="any"/>
                            <ForAlighting>true</ForAlighting>
                            <ForBoarding>true</ForBoarding>
                            <RequestMethod>noneRequired</RequestMethod>
                        </StopPointInJourneyPattern>
                        <StopPointInJourneyPattern order="4" id="Toutenbus:JourneyPattern:0@4:LOC">
                            <ScheduledStopPointRef ref="Toutenbus:ScheduledStopPoint:44510" version="any"/>
                            <ForAlighting>true</ForAlighting>
                            <ForBoarding>true</ForBoarding>
                            <RequestMethod>noneRequired</RequestMethod>
                        </StopPointInJourneyPattern>
                        <StopPointInJourneyPattern order="5" id="Toutenbus:JourneyPattern:0@5:LOC">
                            <ScheduledStopPointRef ref="Toutenbus:ScheduledStopPoint:44528" version="any"/>
                            <ForAlighting>true</ForAlighting>
                            <ForBoarding>true</ForBoarding>
                            <RequestMethod>noneRequired</RequestMethod>
                        </StopPointInJourneyPattern>
                        <StopPointInJourneyPattern order="6" id="Toutenbus:JourneyPattern:0@6:LOC">
                            <ScheduledStopPointRef ref="Toutenbus:ScheduledStopPoint:44544" version="any"/>
                            <ForAlighting>true</ForAlighting>
                            <ForBoarding>true</ForBoarding>
                            <RequestMethod>noneRequired</RequestMethod>
                        </StopPointInJourneyPattern>
                        <StopPointInJourneyPattern order="7" id="Toutenbus:JourneyPattern:0@7:LOC">
                            <ScheduledStopPointRef ref="Toutenbus:ScheduledStopPoint:44527" version="any"/>
                            <ForAlighting>true</ForAlighting>
                            <ForBoarding>true</ForBoarding>
                            <RequestMethod>noneRequired</RequestMethod>
                        </StopPointInJourneyPattern>
                    </pointsInSequence>
                </ServiceJourneyPattern>
                <ServiceJourneyPattern version="any" id="Toutenbus:JourneyPattern:1:LOC">
                    <RouteRef ref="Toutenbus:Route:4467@1"/>
                    <DirectionType>inbound</DirectionType>
                    <DirectionRef ref="gtfs:Direction:1" version="any"/>
                    <pointsInSequence>
                        <StopPointInJourneyPattern order="0" id="Toutenbus:JourneyPattern:1@0:LOC">
                            <ScheduledStopPointRef ref="Toutenbus:ScheduledStopPoint:44527" version="any"/>
                            <ForAlighting>true</ForAlighting>
                            <ForBoarding>true</ForBoarding>
                            <RequestMethod>noneRequired</RequestMethod>
                        </StopPointInJourneyPattern>
                        <StopPointInJourneyPattern order="1" id="Toutenbus:JourneyPattern:1@1:LOC">
                            <ScheduledStopPointRef ref="Toutenbus:ScheduledStopPoint:44544" version="any"/>
                            <ForAlighting>true</ForAlighting>
                            <ForBoarding>true</ForBoarding>
                            <RequestMethod>noneRequired</RequestMethod>
                        </StopPointInJourneyPattern>
                        <StopPointInJourneyPattern order="2" id="Toutenbus:JourneyPattern:1@2:LOC">
                            <ScheduledStopPointRef ref="Toutenbus:ScheduledStopPoint:44528" version="any"/>
                            <ForAlighting>true</ForAlighting>
                            <ForBoarding>true</ForBoarding>
                            <RequestMethod>noneRequired</RequestMethod>
                        </StopPointInJourneyPattern>
                        <StopPointInJourneyPattern order="3" id="Toutenbus:JourneyPattern:1@3:LOC">
                            <ScheduledStopPointRef ref="Toutenbus:ScheduledStopPoint:44510" version="any"/>
                            <ForAlighting>true</ForAlighting>
                            <ForBoarding>true</ForBoarding>
                            <RequestMethod>noneRequired</RequestMethod>
                        </StopPointInJourneyPattern>
                        <StopPointInJourneyPattern order="4" id="Toutenbus:JourneyPattern:1@4:LOC">
                            <ScheduledStopPointRef ref="Toutenbus:ScheduledStopPoint:44519" version="any"/>
                            <ForAlighting>true</ForAlighting>
                            <ForBoarding>true</ForBoarding>
                            <RequestMethod>noneRequired</RequestMethod>
                        </StopPointInJourneyPattern>
                        <StopPointInJourneyPattern order="5" id="Toutenbus:JourneyPattern:1@5:LOC">
                            <ScheduledStopPointRef ref="Toutenbus:ScheduledStopPoint:44515" version="any"/>
                            <ForAlighting>true</ForAlighting>
                            <ForBoarding>true</ForBoarding>
                            <RequestMethod>noneRequired</RequestMethod>
                        </StopPointInJourneyPattern>
                        <StopPointInJourneyPattern order="6" id="Toutenbus:JourneyPattern:1@6:LOC">
                            <ScheduledStopPointRef ref="Toutenbus:ScheduledStopPoint:44542" version="any"/>
                            <ForAlighting>true</ForAlighting>
                            <ForBoarding>true</ForBoarding>
                            <RequestMethod>noneRequired</RequestMethod>
                        </StopPointInJourneyPattern>
                        <StopPointInJourneyPattern order="7" id="Toutenbus:JourneyPattern:1@7:LOC">
                            <ScheduledStopPointRef ref="Toutenbus:ScheduledStopPoint:44509" version="any"/>
                            <ForAlighting>true</ForAlighting>
                            <ForBoarding>true</ForBoarding>
                            <RequestMethod>noneRequired</RequestMethod>
                        </StopPointInJourneyPattern>
                    </pointsInSequence>
                </ServiceJourneyPattern>
            </journeyPatterns>
        </ServiceFrame>
        <TimetableFrame version="any" id="Toutenbus:TimetableFrame:0:LOC">
            <TypeOfFrameRef ref="FR:TypeOfFrame:NETEX_HORAIRE:"/>
            <vehicleJourneys>
                <ServiceJourney version="any" id="Toutenbus:ServiceJourney:56701">
                    <LinkSequenceProjectionRef ref="Toutenbus:LinkSequenceProjection:4467:1" version="any"/>
                    <dayTypes>
                        <DayTypeRef ref="Toutenbus:DayType:254421" version="any"/>
                    </dayTypes>
                    <ServiceJourneyPatternRef ref="Toutenbus:JourneyPattern:0:LOC"/>
                    <BlockRef ref="Toutenbus:Block:L67V01" version="any"/>
                    <LineRef ref="Toutenbus:Line:4467" version="any"/>
                    <JourneyPatternView>
                        <DirectionType>outbound</DirectionType>
                        <DirectionRef ref="gtfs:Direction:0" version="any"/>
                        <DestinationDisplayView>
                            <Name>Vals Collège Gouy</Name>
                        </DestinationDisplayView>
                    </JourneyPatternView>
                    <passingTimes>
                        <TimetabledPassingTime>
                            <PointInJourneyPatternRef ref="Toutenbus:JourneyPattern:0@0:LOC"/>
                            <ArrivalTime>07:45:00</ArrivalTime>
                            <DepartureTime>07:45:00</DepartureTime>
                        </TimetabledPassingTime>
                        <TimetabledPassingTime>
                            <PointInJourneyPatternRef ref="Toutenbus:JourneyPattern:0@1:LOC"/>
                            <ArrivalTime>07:47:00</ArrivalTime>
                            <DepartureTime>07:47:00</DepartureTime>
                        </TimetabledPassingTime>
                        <TimetabledPassingTime>
                            <PointInJourneyPatternRef ref="Toutenbus:JourneyPattern:0@2:LOC"/>
                            <ArrivalTime>07:49:00</ArrivalTime>
                            <DepartureTime>07:49:00</DepartureTime>
                        </TimetabledPassingTime>
                        <TimetabledPassingTime>
                            <PointInJourneyPatternRef ref="Toutenbus:JourneyPattern:0@3:LOC"/>
                            <ArrivalTime>07:51:00</ArrivalTime>
                            <DepartureTime>07:51:00</DepartureTime>
                        </TimetabledPassingTime>
                        <TimetabledPassingTime>
                            <PointInJourneyPatternRef ref="Toutenbus:JourneyPattern:0@4:LOC"/>
                            <ArrivalTime>07:52:00</ArrivalTime>
                            <DepartureTime>07:52:00</DepartureTime>
                        </TimetabledPassingTime>
                        <TimetabledPassingTime>
                            <PointInJourneyPatternRef ref="Toutenbus:JourneyPattern:0@5:LOC"/>
                            <ArrivalTime>07:53:00</ArrivalTime>
                            <DepartureTime>07:53:00</DepartureTime>
                        </TimetabledPassingTime>
                        <TimetabledPassingTime>
                            <PointInJourneyPatternRef ref="Toutenbus:JourneyPattern:0@6:LOC"/>
                            <ArrivalTime>07:55:00</ArrivalTime>
                            <DepartureTime>07:55:00</DepartureTime>
                        </TimetabledPassingTime>
                        <TimetabledPassingTime>
                            <PointInJourneyPatternRef ref="Toutenbus:JourneyPattern:0@7:LOC"/>
                            <ArrivalTime>08:00:00</ArrivalTime>
                            <DepartureTime>08:00:00</DepartureTime>
                        </TimetabledPassingTime>
                    </passingTimes>
                    <facilities>
                        <ServiceFacilitySetRef ref="gtfs:ServiceFacilitySet:LUGGAGE_NO_CYCLES"/>
                    </facilities>
                </ServiceJourney>
                <ServiceJourney version="any" id="Toutenbus:ServiceJourney:56704">
                    <LinkSequenceProjectionRef ref="Toutenbus:LinkSequenceProjection:4467:2" version="any"/>
                    <dayTypes>
                        <DayTypeRef ref="Toutenbus:DayType:254423" version="any"/>
                    </dayTypes>
                    <ServiceJourneyPatternRef ref="Toutenbus:JourneyPattern:1:LOC"/>
                    <BlockRef ref="Toutenbus:Block:L67V01" version="any"/>
                    <LineRef ref="Toutenbus:Line:4467" version="any"/>
                    <JourneyPatternView>
                        <DirectionType>inbound</DirectionType>
                        <DirectionRef ref="gtfs:Direction:1" version="any"/>
                        <DestinationDisplayView>
                            <Name>Ucel Les Combes</Name>
                        </DestinationDisplayView>
                    </JourneyPatternView>
                    <passingTimes>
                        <TimetabledPassingTime>
                            <PointInJourneyPatternRef ref="Toutenbus:JourneyPattern:1@0:LOC"/>
                            <ArrivalTime>13:00:00</ArrivalTime>
                            <DepartureTime>13:00:00</DepartureTime>
                        </TimetabledPassingTime>
                        <TimetabledPassingTime>
                            <PointInJourneyPatternRef ref="Toutenbus:JourneyPattern:1@1:LOC"/>
                            <ArrivalTime>13:05:00</ArrivalTime>
                            <DepartureTime>13:05:00</DepartureTime>
                        </TimetabledPassingTime>
                        <TimetabledPassingTime>
                            <PointInJourneyPatternRef ref="Toutenbus:JourneyPattern:1@2:LOC"/>
                            <ArrivalTime>13:08:00</ArrivalTime>
                            <DepartureTime>13:08:00</DepartureTime>
                        </TimetabledPassingTime>
                        <TimetabledPassingTime>
                            <PointInJourneyPatternRef ref="Toutenbus:JourneyPattern:1@3:LOC"/>
                            <ArrivalTime>13:09:00</ArrivalTime>
                            <DepartureTime>13:09:00</DepartureTime>
                        </TimetabledPassingTime>
                        <TimetabledPassingTime>
                            <PointInJourneyPatternRef ref="Toutenbus:JourneyPattern:1@4:LOC"/>
                            <ArrivalTime>13:10:00</ArrivalTime>
                            <DepartureTime>13:10:00</DepartureTime>
                        </TimetabledPassingTime>
                        <TimetabledPassingTime>
                            <PointInJourneyPatternRef ref="Toutenbus:JourneyPattern:1@5:LOC"/>
                            <ArrivalTime>13:12:00</ArrivalTime>
                            <DepartureTime>13:12:00</DepartureTime>
                        </TimetabledPassingTime>
                        <TimetabledPassingTime>
                            <PointInJourneyPatternRef ref="Toutenbus:JourneyPattern:1@6:LOC"/>
                            <ArrivalTime>13:13:00</ArrivalTime>
                            <DepartureTime>13:13:00</DepartureTime>
                        </TimetabledPassingTime>
                        <TimetabledPassingTime>
                            <PointInJourneyPatternRef ref="Toutenbus:JourneyPattern:1@7:LOC"/>
                            <ArrivalTime>13:15:00</ArrivalTime>
                            <DepartureTime>13:15:00</DepartureTime>
                        </TimetabledPassingTime>
                    </passingTimes>
                    <facilities>
                        <ServiceFacilitySetRef ref="gtfs:ServiceFacilitySet:LUGGAGE_NO_CYCLES"/>
                    </facilities>
                </ServiceJourney>
                <ServiceJourney version="any" id="Toutenbus:ServiceJourney:56702">
                    <LinkSequenceProjectionRef ref="Toutenbus:LinkSequenceProjection:4467:2" version="any"/>
                    <dayTypes>
                        <DayTypeRef ref="Toutenbus:DayType:254422" version="any"/>
                    </dayTypes>
                    <ServiceJourneyPatternRef ref="Toutenbus:JourneyPattern:1:LOC"/>
                    <BlockRef ref="Toutenbus:Block:L67V01" version="any"/>
                    <LineRef ref="Toutenbus:Line:4467" version="any"/>
                    <JourneyPatternView>
                        <DirectionType>inbound</DirectionType>
                        <DirectionRef ref="gtfs:Direction:1" version="any"/>
                        <DestinationDisplayView>
                            <Name>Ucel Les Combes</Name>
                        </DestinationDisplayView>
                    </JourneyPatternView>
                    <passingTimes>
                        <TimetabledPassingTime>
                            <PointInJourneyPatternRef ref="Toutenbus:JourneyPattern:1@0:LOC"/>
                            <ArrivalTime>16:35:00</ArrivalTime>
                            <DepartureTime>16:35:00</DepartureTime>
                        </TimetabledPassingTime>
                        <TimetabledPassingTime>
                            <PointInJourneyPatternRef ref="Toutenbus:JourneyPattern:1@1:LOC"/>
                            <ArrivalTime>16:40:00</ArrivalTime>
                            <DepartureTime>16:40:00</DepartureTime>
                        </TimetabledPassingTime>
                        <TimetabledPassingTime>
                            <PointInJourneyPatternRef ref="Toutenbus:JourneyPattern:1@2:LOC"/>
                            <ArrivalTime>16:43:00</ArrivalTime>
                            <DepartureTime>16:43:00</DepartureTime>
                        </TimetabledPassingTime>
                        <TimetabledPassingTime>
                            <PointInJourneyPatternRef ref="Toutenbus:JourneyPattern:1@3:LOC"/>
                            <ArrivalTime>16:44:00</ArrivalTime>
                            <DepartureTime>16:44:00</DepartureTime>
                        </TimetabledPassingTime>
                        <TimetabledPassingTime>
                            <PointInJourneyPatternRef ref="Toutenbus:JourneyPattern:1@4:LOC"/>
                            <ArrivalTime>16:45:00</ArrivalTime>
                            <DepartureTime>16:45:00</DepartureTime>
                        </TimetabledPassingTime>
                        <TimetabledPassingTime>
                            <PointInJourneyPatternRef ref="Toutenbus:JourneyPattern:1@5:LOC"/>
                            <ArrivalTime>16:47:00</ArrivalTime>
                            <DepartureTime>16:47:00</DepartureTime>
                        </TimetabledPassingTime>
                        <TimetabledPassingTime>
                            <PointInJourneyPatternRef ref="Toutenbus:JourneyPattern:1@6:LOC"/>
                            <ArrivalTime>16:48:00</ArrivalTime>
                            <DepartureTime>16:48:00</DepartureTime>
                        </TimetabledPassingTime>
                        <TimetabledPassingTime>
                            <PointInJourneyPatternRef ref="Toutenbus:JourneyPattern:1@7:LOC"/>
                            <ArrivalTime>16:50:00</ArrivalTime>
                            <DepartureTime>16:50:00</DepartureTime>
                        </TimetabledPassingTime>
                    </passingTimes>
                    <facilities>
                        <ServiceFacilitySetRef ref="gtfs:ServiceFacilitySet:LUGGAGE_NO_CYCLES"/>
                    </facilities>
                </ServiceJourney>
            </vehicleJourneys>
        </TimetableFrame>
        <VehicleScheduleFrame version="any" id="Toutenbus:VehicleScheduleFrame:0:LOC">
            <TypeOfFrameRef ref="FR:TypeOfFrame:NETEX_HORAIRE:"/>
            <blocks>
                <Block version="any" id="Toutenbus:Block:L67V01">
                    <Name>L67V01</Name>
                </Block>
            </blocks>
        </VehicleScheduleFrame>
        <GeneralFrame version="any" id="Toutenbus:GeneralFrame:0:LOC">
            <TypeOfFrameRef ref="FR:TypeOfFrame:NETEX_LIGNE_STRUCTURE:"/>
            <members>
                <LinkSequenceProjection version="any" id="Toutenbus:LinkSequenceProjection:4467:1">
                    <ns2:LineString srsName="WGS84" ns2:id="LS4467_1">
                        <ns2:pos>44.655418395996094 4.380899906158447</ns2:pos>
                        <ns2:pos>44.6553840637207 4.380891799926758</ns2:pos>
                        <ns2:pos>44.655391693115234 4.380819797515869</ns2:pos>
                        <ns2:pos>44.65557098388672 4.380650043487549</ns2:pos>
                        <ns2:pos>44.655670166015625 4.380519866943359</ns2:pos>
                        <ns2:pos>44.65581130981445 4.380189895629883</ns2:pos>
                        <ns2:pos>44.65581130981445 4.380050182342529</ns2:pos>
                        <ns2:pos>44.65578079223633 4.379879951477051</ns2:pos>
                        <ns2:pos>44.65568161010742 4.379610061645508</ns2:pos>
                        <ns2:pos>44.655418395996094 4.379079818725586</ns2:pos>
                        <ns2:pos>44.65536880493164 4.378960132598877</ns2:pos>
                        <ns2:pos>44.65536117553711 4.37883996963501</ns2:pos>
                        <ns2:pos>44.65542984008789 4.378190040588379</ns2:pos>
                        <ns2:pos>44.65550994873047 4.377339839935303</ns2:pos>
                        <ns2:pos>44.65549850463867 4.377029895782471</ns2:pos>
                        <ns2:pos>44.655418395996094 4.376709938049316</ns2:pos>
                        <ns2:pos>44.65510177612305 4.376229763031006</ns2:pos>
                        <ns2:pos>44.65504837036133 4.376140117645264</ns2:pos>
                        <ns2:pos>44.65483856201172 4.376009941101074</ns2:pos>
                        <ns2:pos>44.65447998046875 4.375770092010498</ns2:pos>
                        <ns2:pos>44.65418243408203 4.375710964202881</ns2:pos>
                        <ns2:pos>44.65418243408203 4.3757147789001465</ns2:pos>
                        <ns2:pos>44.65385055541992 4.375639915466309</ns2:pos>
                        <ns2:pos>44.65372085571289 4.375529766082764</ns2:pos>
                        <ns2:pos>44.652950286865234 4.375100135803223</ns2:pos>
                        <ns2:pos>44.65285110473633 4.3750200271606445</ns2:pos>
                        <ns2:pos>44.65266036987305 4.374780178070068</ns2:pos>
                        <ns2:pos>44.652591705322266 4.374720096588135</ns2:pos>
                        <ns2:pos>44.65245056152344 4.374690055847168</ns2:pos>
                        <ns2:pos>44.65229034423828 4.37470006942749</ns2:pos>
                        <ns2:pos>44.65216827392578 4.374740123748779</ns2:pos>
                        <ns2:pos>44.65208053588867 4.374849796295166</ns2:pos>
                        <ns2:pos>44.65203094482422 4.375140190124512</ns2:pos>
                        <ns2:pos>44.65203857421875 4.375309944152832</ns2:pos>
                        <ns2:pos>44.6519889831543 4.375549793243408</ns2:pos>
                        <ns2:pos>44.65188980102539 4.375740051269531</ns2:pos>
                        <ns2:pos>44.65182113647461 4.375830173492432</ns2:pos>
                        <ns2:pos>44.65176010131836 4.375879764556885</ns2:pos>
                        <ns2:pos>44.6515998840332 4.375959873199463</ns2:pos>
                        <ns2:pos>44.6514892578125 4.375959873199463</ns2:pos>
                        <ns2:pos>44.65102005004883 4.375820159912109</ns2:pos>
                        <ns2:pos>44.65053939819336 4.3755998611450195</ns2:pos>
                        <ns2:pos>44.65024948120117 4.375510215759277</ns2:pos>
                        <ns2:pos>44.65007019042969 4.3754801750183105</ns2:pos>
                        <ns2:pos>44.64992904663086 4.3754801750183105</ns2:pos>
                        <ns2:pos>44.64960861206055 4.375529766082764</ns2:pos>
                        <ns2:pos>44.64939880371094 4.375649929046631</ns2:pos>
                        <ns2:pos>44.64934158325195 4.375740051269531</ns2:pos>
                        <ns2:pos>44.649269104003906 4.376090049743652</ns2:pos>
                        <ns2:pos>44.64923858642578 4.376410007476807</ns2:pos>
                        <ns2:pos>44.649131774902344 4.376619815826416</ns2:pos>
                        <ns2:pos>44.64894104003906 4.376800060272217</ns2:pos>
                        <ns2:pos>44.648380279541016 4.37716007232666</ns2:pos>
                        <ns2:pos>44.648311614990234 4.377230167388916</ns2:pos>
                        <ns2:pos>44.64826965332031 4.377339839935303</ns2:pos>
                        <ns2:pos>44.648258209228516 4.3774800300598145</ns2:pos>
                        <ns2:pos>44.64826965332031 4.377699851989746</ns2:pos>
                        <ns2:pos>44.64822006225586 4.377820014953613</ns2:pos>
                        <ns2:pos>44.648189544677734 4.377840042114258</ns2:pos>
                        <ns2:pos>44.64812088012695 4.3778300285339355</ns2:pos>
                        <ns2:pos>44.64809036254883 4.377799987792969</ns2:pos>
                        <ns2:pos>44.6480598449707 4.377739906311035</ns2:pos>
                        <ns2:pos>44.648048400878906 4.377659797668457</ns2:pos>
                        <ns2:pos>44.648040771484375 4.377270221710205</ns2:pos>
                        <ns2:pos>44.64807891845703 4.376870155334473</ns2:pos>
                        <ns2:pos>44.64815139770508 4.376719951629639</ns2:pos>
                        <ns2:pos>44.6484489440918 4.376530170440674</ns2:pos>
                        <ns2:pos>44.64847946166992 4.37637996673584</ns2:pos>
                        <ns2:pos>44.648460388183594 4.3762898445129395</ns2:pos>
                        <ns2:pos>44.64834976196289 4.376229763031006</ns2:pos>
                        <ns2:pos>44.64822006225586 4.376299858093262</ns2:pos>
                        <ns2:pos>44.648014068603516 4.37647008895874</ns2:pos>
                        <ns2:pos>44.64802169799805 4.376490116119385</ns2:pos>
                        <ns2:pos>44.64807891845703 4.376460075378418</ns2:pos>
                        <ns2:pos>44.64828872680664 4.376259803771973</ns2:pos>
                        <ns2:pos>44.64836120605469 4.376239776611328</ns2:pos>
                        <ns2:pos>44.64841842651367 4.376269817352295</ns2:pos>
                        <ns2:pos>44.648460388183594 4.376319885253906</ns2:pos>
                        <ns2:pos>44.64847946166992 4.376389980316162</ns2:pos>
                        <ns2:pos>44.64847946166992 4.37647008895874</ns2:pos>
                        <ns2:pos>44.648441314697266 4.376530170440674</ns2:pos>
                        <ns2:pos>44.64815139770508 4.3767218589782715</ns2:pos>
                        <ns2:pos>44.64807891845703 4.376869201660156</ns2:pos>
                        <ns2:pos>44.648048400878906 4.377136707305908</ns2:pos>
                        <ns2:pos>44.648040771484375 4.3773298263549805</ns2:pos>
                        <ns2:pos>44.648048400878906 4.377693176269531</ns2:pos>
                        <ns2:pos>44.648075103759766 4.377768516540527</ns2:pos>
                        <ns2:pos>44.64812469482422 4.377827167510986</ns2:pos>
                        <ns2:pos>44.64820098876953 4.377831935882568</ns2:pos>
                        <ns2:pos>44.64823532104492 4.3777875900268555</ns2:pos>
                        <ns2:pos>44.64826965332031 4.37769889831543</ns2:pos>
                        <ns2:pos>44.64826965332031 4.377363681793213</ns2:pos>
                        <ns2:pos>44.64828872680664 4.377299785614014</ns2:pos>
                        <ns2:pos>44.648338317871094 4.377200126647949</ns2:pos>
                        <ns2:pos>44.64841079711914 4.377120018005371</ns2:pos>
                        <ns2:pos>44.648590087890625 4.376999855041504</ns2:pos>
                        <ns2:pos>44.648860931396484 4.376870155334473</ns2:pos>
                        <ns2:pos>44.64899826049805 4.37677001953125</ns2:pos>
                        <ns2:pos>44.649131774902344 4.376649856567383</ns2:pos>
                        <ns2:pos>44.649169921875 4.376580238342285</ns2:pos>
                        <ns2:pos>44.64921951293945 4.376450061798096</ns2:pos>
                        <ns2:pos>44.649288177490234 4.375879764556885</ns2:pos>
                        <ns2:pos>44.64931869506836 4.375770092010498</ns2:pos>
                        <ns2:pos>44.64936065673828 4.375699996948242</ns2:pos>
                        <ns2:pos>44.64942932128906 4.375619888305664</ns2:pos>
                        <ns2:pos>44.64950942993164 4.375569820404053</ns2:pos>
                        <ns2:pos>44.649600982666016 4.375539779663086</ns2:pos>
                        <ns2:pos>44.64982986450195 4.375490188598633</ns2:pos>
                        <ns2:pos>44.65016174316406 4.375490188598633</ns2:pos>
                        <ns2:pos>44.65031051635742 4.375529766082764</ns2:pos>
                        <ns2:pos>44.6506462097168 4.375659942626953</ns2:pos>
                        <ns2:pos>44.65065002441406 4.375661373138428</ns2:pos>
                        <ns2:pos>44.65065002441406 4.375661373138428</ns2:pos>
                        <ns2:pos>44.65108871459961 4.375830173492432</ns2:pos>
                        <ns2:pos>44.65132141113281 4.375919818878174</ns2:pos>
                        <ns2:pos>44.6515007019043 4.375969886779785</ns2:pos>
                        <ns2:pos>44.65161895751953 4.375959873199463</ns2:pos>
                        <ns2:pos>44.65174865722656 4.375899791717529</ns2:pos>
                        <ns2:pos>44.651859283447266 4.37578010559082</ns2:pos>
                        <ns2:pos>44.6519889831543 4.3755598068237305</ns2:pos>
                        <ns2:pos>44.65203857421875 4.375380039215088</ns2:pos>
                        <ns2:pos>44.65203857421875 4.375199794769287</ns2:pos>
                        <ns2:pos>44.65203094482422 4.375040054321289</ns2:pos>
                        <ns2:pos>44.652069091796875 4.3749098777771</ns2:pos>
                        <ns2:pos>44.65214157104492 4.374790191650391</ns2:pos>
                        <ns2:pos>44.65222930908203 4.374730110168457</ns2:pos>
                        <ns2:pos>44.65235900878906 4.374680042266846</ns2:pos>
                        <ns2:pos>44.652469635009766 4.374670028686523</ns2:pos>
                        <ns2:pos>44.652591705322266 4.37470006942749</ns2:pos>
                        <ns2:pos>44.6526985168457 4.374790191650391</ns2:pos>
                        <ns2:pos>44.652889251708984 4.375060081481934</ns2:pos>
                        <ns2:pos>44.6529541015625 4.375095844268799</ns2:pos>
                        <ns2:pos>44.65296173095703 4.375100612640381</ns2:pos>
                        <ns2:pos>44.65296173095703 4.375100612640381</ns2:pos>
                        <ns2:pos>44.65391159057617 4.375629901885986</ns2:pos>
                        <ns2:pos>44.65399169921875 4.375649929046631</ns2:pos>
                        <ns2:pos>44.654048919677734 4.3755202293396</ns2:pos>
                        <ns2:pos>44.654090881347656 4.375400066375732</ns2:pos>
                        <ns2:pos>44.65412139892578 4.375209808349609</ns2:pos>
                        <ns2:pos>44.65412902832031 4.375040054321289</ns2:pos>
                        <ns2:pos>44.65419006347656 4.374810218811035</ns2:pos>
                        <ns2:pos>44.65433883666992 4.374410152435303</ns2:pos>
                        <ns2:pos>44.654388427734375 4.374189853668213</ns2:pos>
                        <ns2:pos>44.6544189453125 4.3739800453186035</ns2:pos>
                        <ns2:pos>44.6544303894043 4.373859882354736</ns2:pos>
                        <ns2:pos>44.654441833496094 4.37352991104126</ns2:pos>
                        <ns2:pos>44.6544189453125 4.373390197753906</ns2:pos>
                        <ns2:pos>44.65428161621094 4.37313985824585</ns2:pos>
                        <ns2:pos>44.654258728027344 4.373089790344238</ns2:pos>
                        <ns2:pos>44.65428924560547 4.372990131378174</ns2:pos>
                        <ns2:pos>44.65433120727539 4.372960090637207</ns2:pos>
                        <ns2:pos>44.65460968017578 4.37293004989624</ns2:pos>
                        <ns2:pos>44.654720306396484 4.372950077056885</ns2:pos>
                        <ns2:pos>44.65496826171875 4.373050212860107</ns2:pos>
                        <ns2:pos>44.65509033203125 4.37306022644043</ns2:pos>
                        <ns2:pos>44.65517044067383 4.372980117797852</ns2:pos>
                        <ns2:pos>44.655189514160156 4.372910022735596</ns2:pos>
                        <ns2:pos>44.65515899658203 4.372759819030762</ns2:pos>
                        <ns2:pos>44.654869079589844 4.372499942779541</ns2:pos>
                        <ns2:pos>44.654659271240234 4.372369766235352</ns2:pos>
                        <ns2:pos>44.65462875366211 4.372330188751221</ns2:pos>
                        <ns2:pos>44.65462875366211 4.3723273277282715</ns2:pos>
                        <ns2:pos>44.65460968017578 4.372270107269287</ns2:pos>
                        <ns2:pos>44.65470886230469 4.372260093688965</ns2:pos>
                        <ns2:pos>44.65507888793945 4.372330188751221</ns2:pos>
                        <ns2:pos>44.655128479003906 4.372300148010254</ns2:pos>
                        <ns2:pos>44.655128479003906 4.372230052947998</ns2:pos>
                        <ns2:pos>44.65507125854492 4.37214994430542</ns2:pos>
                        <ns2:pos>44.65489959716797 4.371990203857422</ns2:pos>
                        <ns2:pos>44.65481948852539 4.371930122375488</ns2:pos>
                        <ns2:pos>44.6544189453125 4.371809959411621</ns2:pos>
                        <ns2:pos>44.65433120727539 4.371719837188721</ns2:pos>
                        <ns2:pos>44.654258728027344 4.371610164642334</ns2:pos>
                        <ns2:pos>44.65425109863281 4.371560096740723</ns2:pos>
                        <ns2:pos>44.65427017211914 4.371510028839111</ns2:pos>
                        <ns2:pos>44.65449905395508 4.3713297843933105</ns2:pos>
                        <ns2:pos>44.654598236083984 4.371190071105957</ns2:pos>
                        <ns2:pos>44.654701232910156 4.370999813079834</ns2:pos>
                        <ns2:pos>44.65473175048828 4.370850086212158</ns2:pos>
                        <ns2:pos>44.65486145019531 4.370820045471191</ns2:pos>
                        <ns2:pos>44.65496826171875 4.370820045471191</ns2:pos>
                        <ns2:pos>44.65525817871094 4.370880126953125</ns2:pos>
                        <ns2:pos>44.65544128417969 4.370950222015381</ns2:pos>
                        <ns2:pos>44.655540466308594 4.371059894561768</ns2:pos>
                        <ns2:pos>44.655601501464844 4.371099948883057</ns2:pos>
                        <ns2:pos>44.65568923950195 4.371119976043701</ns2:pos>
                        <ns2:pos>44.65576934814453 4.371089935302734</ns2:pos>
                        <ns2:pos>44.65589141845703 4.370910167694092</ns2:pos>
                        <ns2:pos>44.65597915649414 4.370619773864746</ns2:pos>
                        <ns2:pos>44.656028747558594 4.37060022354126</ns2:pos>
                        <ns2:pos>44.65616989135742 4.370639801025391</ns2:pos>
                        <ns2:pos>44.656219482421875 4.3705902099609375</ns2:pos>
                        <ns2:pos>44.65623092651367 4.370490074157715</ns2:pos>
                        <ns2:pos>44.656211853027344 4.370359897613525</ns2:pos>
                        <ns2:pos>44.656150817871094 4.370150089263916</ns2:pos>
                        <ns2:pos>44.656150817871094 4.370029926300049</ns2:pos>
                        <ns2:pos>44.656211853027344 4.3698201179504395</ns2:pos>
                        <ns2:pos>44.65629959106445 4.3697099685668945</ns2:pos>
                        <ns2:pos>44.656341552734375 4.3697099685668945</ns2:pos>
                        <ns2:pos>44.65644073486328 4.369790077209473</ns2:pos>
                        <ns2:pos>44.65652084350586 4.370009899139404</ns2:pos>
                        <ns2:pos>44.656620025634766 4.370205402374268</ns2:pos>
                        <ns2:pos>44.656700134277344 4.370309829711914</ns2:pos>
                        <ns2:pos>44.65692901611328 4.370540142059326</ns2:pos>
                        <ns2:pos>44.65705871582031 4.370629787445068</ns2:pos>
                        <ns2:pos>44.65711975097656 4.370639801025391</ns2:pos>
                        <ns2:pos>44.65721893310547 4.370560169219971</ns2:pos>
                        <ns2:pos>44.657188415527344 4.370490074157715</ns2:pos>
                        <ns2:pos>44.657169342041016 4.369999885559082</ns2:pos>
                        <ns2:pos>44.65715026855469 4.369900226593018</ns2:pos>
                        <ns2:pos>44.657100677490234 4.369770050048828</ns2:pos>
                        <ns2:pos>44.657020568847656 4.369609832763672</ns2:pos>
                        <ns2:pos>44.65681076049805 4.369319915771484</ns2:pos>
                        <ns2:pos>44.656700134277344 4.3692097663879395</ns2:pos>
                        <ns2:pos>44.656620025634766 4.369100093841553</ns2:pos>
                        <ns2:pos>44.65673828125 4.36899995803833</ns2:pos>
                        <ns2:pos>44.65681838989258 4.368869781494141</ns2:pos>
                        <ns2:pos>44.65702819824219 4.36860990524292</ns2:pos>
                        <ns2:pos>44.65773010253906 4.368249893188477</ns2:pos>
                        <ns2:pos>44.658199310302734 4.3680500984191895</ns2:pos>
                        <ns2:pos>44.65877914428711 4.367959976196289</ns2:pos>
                        <ns2:pos>44.65980911254883 4.367990016937256</ns2:pos>
                        <ns2:pos>44.66107940673828 4.368279933929443</ns2:pos>
                        <ns2:pos>44.66147994995117 4.3683600425720215</ns2:pos>
                        <ns2:pos>44.661651611328125 4.368370056152344</ns2:pos>
                        <ns2:pos>44.661991119384766 4.368279933929443</ns2:pos>
                        <ns2:pos>44.662208557128906 4.368150234222412</ns2:pos>
                        <ns2:pos>44.662410736083984 4.368080139160156</ns2:pos>
                        <ns2:pos>44.66250991821289 4.3680901527404785</ns2:pos>
                        <ns2:pos>44.662879943847656 4.368199825286865</ns2:pos>
                        <ns2:pos>44.66313171386719 4.368229866027832</ns2:pos>
                        <ns2:pos>44.663368225097656 4.368150234222412</ns2:pos>
                        <ns2:pos>44.66353988647461 4.368020057678223</ns2:pos>
                        <ns2:pos>44.66379928588867 4.367730140686035</ns2:pos>
                        <ns2:pos>44.6650505065918 4.366519927978516</ns2:pos>
                        <ns2:pos>44.665401458740234 4.366159915924072</ns2:pos>
                        <ns2:pos>44.665611267089844 4.366119861602783</ns2:pos>
                        <ns2:pos>44.666038513183594 4.366119861602783</ns2:pos>
                        <ns2:pos>44.666160583496094 4.366099834442139</ns2:pos>
                        <ns2:pos>44.666961669921875 4.365890026092529</ns2:pos>
                        <ns2:pos>44.667388916015625 4.365580081939697</ns2:pos>
                        <ns2:pos>44.667598724365234 4.365509986877441</ns2:pos>
                        <ns2:pos>44.66788864135742 4.365469932556152</ns2:pos>
                        <ns2:pos>44.6686897277832 4.365449905395508</ns2:pos>
                        <ns2:pos>44.668941497802734 4.365419864654541</ns2:pos>
                        <ns2:pos>44.668941497802734 4.364709854125977</ns2:pos>
                        <ns2:pos>44.66865921020508 4.364719867706299</ns2:pos>
                        <ns2:pos>44.66862869262695 4.36467981338501</ns2:pos>
                        <ns2:pos>44.66862869262695 4.364409923553467</ns2:pos>
                        <ns2:pos>44.66862106323242 4.364409923553467</ns2:pos>
                    </ns2:LineString>
                </LinkSequenceProjection>
                <LinkSequenceProjection version="any" id="Toutenbus:LinkSequenceProjection:4467:2">
                    <ns2:LineString srsName="WGS84" ns2:id="LS4467_2">
                        <ns2:pos>44.66862106323242 4.364409923553467</ns2:pos>
                        <ns2:pos>44.66862869262695 4.364409923553467</ns2:pos>
                        <ns2:pos>44.66862869262695 4.36467981338501</ns2:pos>
                        <ns2:pos>44.66865921020508 4.364719867706299</ns2:pos>
                        <ns2:pos>44.668941497802734 4.364709854125977</ns2:pos>
                        <ns2:pos>44.668941497802734 4.365419864654541</ns2:pos>
                        <ns2:pos>44.6686897277832 4.365449905395508</ns2:pos>
                        <ns2:pos>44.66788864135742 4.365469932556152</ns2:pos>
                        <ns2:pos>44.667598724365234 4.365509986877441</ns2:pos>
                        <ns2:pos>44.667388916015625 4.365580081939697</ns2:pos>
                        <ns2:pos>44.666961669921875 4.365890026092529</ns2:pos>
                        <ns2:pos>44.666160583496094 4.366099834442139</ns2:pos>
                        <ns2:pos>44.666038513183594 4.366119861602783</ns2:pos>
                        <ns2:pos>44.665611267089844 4.366119861602783</ns2:pos>
                        <ns2:pos>44.665401458740234 4.366159915924072</ns2:pos>
                        <ns2:pos>44.6650505065918 4.366519927978516</ns2:pos>
                        <ns2:pos>44.66379928588867 4.367730140686035</ns2:pos>
                        <ns2:pos>44.66353988647461 4.368020057678223</ns2:pos>
                        <ns2:pos>44.663368225097656 4.368150234222412</ns2:pos>
                        <ns2:pos>44.66313171386719 4.368229866027832</ns2:pos>
                        <ns2:pos>44.662879943847656 4.368199825286865</ns2:pos>
                        <ns2:pos>44.66250991821289 4.3680901527404785</ns2:pos>
                        <ns2:pos>44.662410736083984 4.368080139160156</ns2:pos>
                        <ns2:pos>44.662208557128906 4.368150234222412</ns2:pos>
                        <ns2:pos>44.661991119384766 4.368279933929443</ns2:pos>
                        <ns2:pos>44.661651611328125 4.368370056152344</ns2:pos>
                        <ns2:pos>44.66147994995117 4.3683600425720215</ns2:pos>
                        <ns2:pos>44.66107940673828 4.368279933929443</ns2:pos>
                        <ns2:pos>44.65980911254883 4.367990016937256</ns2:pos>
                        <ns2:pos>44.659698486328125 4.367980003356934</ns2:pos>
                        <ns2:pos>44.65970993041992 4.367640018463135</ns2:pos>
                        <ns2:pos>44.659759521484375 4.367030143737793</ns2:pos>
                        <ns2:pos>44.65850067138672 4.366720199584961</ns2:pos>
                        <ns2:pos>44.658409118652344 4.3667497634887695</ns2:pos>
                        <ns2:pos>44.65827178955078 4.366720199584961</ns2:pos>
                        <ns2:pos>44.65776062011719 4.366469860076904</ns2:pos>
                        <ns2:pos>44.657230377197266 4.3661699295043945</ns2:pos>
                        <ns2:pos>44.65605163574219 4.3654398918151855</ns2:pos>
                        <ns2:pos>44.6556396484375 4.366569995880127</ns2:pos>
                        <ns2:pos>44.655540466308594 4.366569995880127</ns2:pos>
                        <ns2:pos>44.65549850463867 4.366640090942383</ns2:pos>
                        <ns2:pos>44.65550994873047 4.366759777069092</ns2:pos>
                        <ns2:pos>44.65555953979492 4.366809844970703</ns2:pos>
                        <ns2:pos>44.655548095703125 4.366909980773926</ns2:pos>
                        <ns2:pos>44.65515899658203 4.368030071258545</ns2:pos>
                        <ns2:pos>44.655059814453125 4.368249893188477</ns2:pos>
                        <ns2:pos>44.6549186706543 4.368410110473633</ns2:pos>
                        <ns2:pos>44.65507125854492 4.368569850921631</ns2:pos>
                        <ns2:pos>44.65530014038086 4.368710041046143</ns2:pos>
                        <ns2:pos>44.65618133544922 4.3689799308776855</ns2:pos>
                        <ns2:pos>44.656410217285156 4.3690900802612305</ns2:pos>
                        <ns2:pos>44.656620025634766 4.369100093841553</ns2:pos>
                        <ns2:pos>44.656700134277344 4.3692097663879395</ns2:pos>
                        <ns2:pos>44.65681076049805 4.369319915771484</ns2:pos>
                        <ns2:pos>44.657020568847656 4.369609832763672</ns2:pos>
                        <ns2:pos>44.657100677490234 4.369770050048828</ns2:pos>
                        <ns2:pos>44.65715026855469 4.369900226593018</ns2:pos>
                        <ns2:pos>44.657169342041016 4.369999885559082</ns2:pos>
                        <ns2:pos>44.657188415527344 4.370490074157715</ns2:pos>
                        <ns2:pos>44.65721893310547 4.370560169219971</ns2:pos>
                        <ns2:pos>44.65711975097656 4.370639801025391</ns2:pos>
                        <ns2:pos>44.65705871582031 4.370629787445068</ns2:pos>
                        <ns2:pos>44.65692901611328 4.370540142059326</ns2:pos>
                        <ns2:pos>44.656700134277344 4.370309829711914</ns2:pos>
                        <ns2:pos>44.656620025634766 4.370205402374268</ns2:pos>
                        <ns2:pos>44.65652084350586 4.370009899139404</ns2:pos>
                        <ns2:pos>44.65644073486328 4.369790077209473</ns2:pos>
                        <ns2:pos>44.656341552734375 4.3697099685668945</ns2:pos>
                        <ns2:pos>44.65629959106445 4.3697099685668945</ns2:pos>
                        <ns2:pos>44.656211853027344 4.3698201179504395</ns2:pos>
                        <ns2:pos>44.656150817871094 4.370029926300049</ns2:pos>
                        <ns2:pos>44.656150817871094 4.370150089263916</ns2:pos>
                        <ns2:pos>44.656211853027344 4.370359897613525</ns2:pos>
                        <ns2:pos>44.65623092651367 4.370490074157715</ns2:pos>
                        <ns2:pos>44.656219482421875 4.3705902099609375</ns2:pos>
                        <ns2:pos>44.65616989135742 4.370639801025391</ns2:pos>
                        <ns2:pos>44.656028747558594 4.37060022354126</ns2:pos>
                        <ns2:pos>44.65597915649414 4.370619773864746</ns2:pos>
                        <ns2:pos>44.65589141845703 4.370910167694092</ns2:pos>
                        <ns2:pos>44.65576934814453 4.371089935302734</ns2:pos>
                        <ns2:pos>44.65568923950195 4.371119976043701</ns2:pos>
                        <ns2:pos>44.655601501464844 4.371099948883057</ns2:pos>
                        <ns2:pos>44.655540466308594 4.371059894561768</ns2:pos>
                        <ns2:pos>44.65544128417969 4.370950222015381</ns2:pos>
                        <ns2:pos>44.65525817871094 4.370880126953125</ns2:pos>
                        <ns2:pos>44.65496826171875 4.370820045471191</ns2:pos>
                        <ns2:pos>44.65486145019531 4.370820045471191</ns2:pos>
                        <ns2:pos>44.65473175048828 4.370850086212158</ns2:pos>
                        <ns2:pos>44.654701232910156 4.370999813079834</ns2:pos>
                        <ns2:pos>44.654598236083984 4.371190071105957</ns2:pos>
                        <ns2:pos>44.65449905395508 4.3713297843933105</ns2:pos>
                        <ns2:pos>44.65427017211914 4.371510028839111</ns2:pos>
                        <ns2:pos>44.65425109863281 4.371560096740723</ns2:pos>
                        <ns2:pos>44.654258728027344 4.371610164642334</ns2:pos>
                        <ns2:pos>44.65433120727539 4.371719837188721</ns2:pos>
                        <ns2:pos>44.6544189453125 4.371809959411621</ns2:pos>
                        <ns2:pos>44.65481948852539 4.371930122375488</ns2:pos>
                        <ns2:pos>44.65489959716797 4.371990203857422</ns2:pos>
                        <ns2:pos>44.65507125854492 4.37214994430542</ns2:pos>
                        <ns2:pos>44.655128479003906 4.372230052947998</ns2:pos>
                        <ns2:pos>44.655128479003906 4.372300148010254</ns2:pos>
                        <ns2:pos>44.65507888793945 4.372330188751221</ns2:pos>
                        <ns2:pos>44.65470886230469 4.372260093688965</ns2:pos>
                        <ns2:pos>44.65460968017578 4.372270107269287</ns2:pos>
                        <ns2:pos>44.65462875366211 4.372320175170898</ns2:pos>
                        <ns2:pos>44.654659271240234 4.372369766235352</ns2:pos>
                        <ns2:pos>44.654869079589844 4.372499942779541</ns2:pos>
                        <ns2:pos>44.65515899658203 4.372759819030762</ns2:pos>
                        <ns2:pos>44.655189514160156 4.372910022735596</ns2:pos>
                        <ns2:pos>44.65517044067383 4.372980117797852</ns2:pos>
                        <ns2:pos>44.65509033203125 4.37306022644043</ns2:pos>
                        <ns2:pos>44.65496826171875 4.373050212860107</ns2:pos>
                        <ns2:pos>44.654720306396484 4.372950077056885</ns2:pos>
                        <ns2:pos>44.65460968017578 4.37293004989624</ns2:pos>
                        <ns2:pos>44.65433120727539 4.372960090637207</ns2:pos>
                        <ns2:pos>44.65428924560547 4.372990131378174</ns2:pos>
                        <ns2:pos>44.654258728027344 4.373089790344238</ns2:pos>
                        <ns2:pos>44.65428161621094 4.37313985824585</ns2:pos>
                        <ns2:pos>44.6544189453125 4.373390197753906</ns2:pos>
                        <ns2:pos>44.654441833496094 4.37352991104126</ns2:pos>
                        <ns2:pos>44.6544303894043 4.373859882354736</ns2:pos>
                        <ns2:pos>44.6544189453125 4.3739800453186035</ns2:pos>
                        <ns2:pos>44.654388427734375 4.374189853668213</ns2:pos>
                        <ns2:pos>44.65433883666992 4.374410152435303</ns2:pos>
                        <ns2:pos>44.65419006347656 4.374810218811035</ns2:pos>
                        <ns2:pos>44.65412902832031 4.375040054321289</ns2:pos>
                        <ns2:pos>44.65412139892578 4.375209808349609</ns2:pos>
                        <ns2:pos>44.654090881347656 4.375400066375732</ns2:pos>
                        <ns2:pos>44.654048919677734 4.3755202293396</ns2:pos>
                        <ns2:pos>44.65399169921875 4.375649929046631</ns2:pos>
                        <ns2:pos>44.65391159057617 4.375629901885986</ns2:pos>
                        <ns2:pos>44.65296936035156 4.375104904174805</ns2:pos>
                        <ns2:pos>44.65296173095703 4.375101089477539</ns2:pos>
                        <ns2:pos>44.65296173095703 4.375101089477539</ns2:pos>
                        <ns2:pos>44.65296173095703 4.375100135803223</ns2:pos>
                        <ns2:pos>44.652889251708984 4.375060081481934</ns2:pos>
                        <ns2:pos>44.6526985168457 4.374790191650391</ns2:pos>
                        <ns2:pos>44.652591705322266 4.37470006942749</ns2:pos>
                        <ns2:pos>44.652469635009766 4.374670028686523</ns2:pos>
                        <ns2:pos>44.652339935302734 4.374680042266846</ns2:pos>
                        <ns2:pos>44.65222930908203 4.374730110168457</ns2:pos>
                        <ns2:pos>44.65214157104492 4.374790191650391</ns2:pos>
                        <ns2:pos>44.652069091796875 4.3749098777771</ns2:pos>
                        <ns2:pos>44.65203094482422 4.375040054321289</ns2:pos>
                        <ns2:pos>44.65203857421875 4.375199794769287</ns2:pos>
                        <ns2:pos>44.65203857421875 4.375380039215088</ns2:pos>
                        <ns2:pos>44.6519889831543 4.3755598068237305</ns2:pos>
                        <ns2:pos>44.651859283447266 4.37578010559082</ns2:pos>
                        <ns2:pos>44.65174865722656 4.375899791717529</ns2:pos>
                        <ns2:pos>44.65161895751953 4.375959873199463</ns2:pos>
                        <ns2:pos>44.6515007019043 4.375969886779785</ns2:pos>
                        <ns2:pos>44.65132141113281 4.375919818878174</ns2:pos>
                        <ns2:pos>44.650657653808594 4.375662803649902</ns2:pos>
                        <ns2:pos>44.65065002441406 4.375659942626953</ns2:pos>
                        <ns2:pos>44.65065002441406 4.375659942626953</ns2:pos>
                        <ns2:pos>44.65065002441406 4.375659942626953</ns2:pos>
                        <ns2:pos>44.65031051635742 4.375529766082764</ns2:pos>
                        <ns2:pos>44.65016174316406 4.375490188598633</ns2:pos>
                        <ns2:pos>44.64982986450195 4.375490188598633</ns2:pos>
                        <ns2:pos>44.649600982666016 4.375539779663086</ns2:pos>
                        <ns2:pos>44.64950942993164 4.375569820404053</ns2:pos>
                        <ns2:pos>44.64942932128906 4.375619888305664</ns2:pos>
                        <ns2:pos>44.64936065673828 4.375699996948242</ns2:pos>
                        <ns2:pos>44.64931869506836 4.375770092010498</ns2:pos>
                        <ns2:pos>44.649288177490234 4.375879764556885</ns2:pos>
                        <ns2:pos>44.64921951293945 4.376450061798096</ns2:pos>
                        <ns2:pos>44.649169921875 4.376580238342285</ns2:pos>
                        <ns2:pos>44.649131774902344 4.376649856567383</ns2:pos>
                        <ns2:pos>44.64899826049805 4.37677001953125</ns2:pos>
                        <ns2:pos>44.648860931396484 4.376870155334473</ns2:pos>
                        <ns2:pos>44.648590087890625 4.376999855041504</ns2:pos>
                        <ns2:pos>44.64841079711914 4.377120018005371</ns2:pos>
                        <ns2:pos>44.648338317871094 4.377200126647949</ns2:pos>
                        <ns2:pos>44.64828872680664 4.377299785614014</ns2:pos>
                        <ns2:pos>44.64826965332031 4.377355098724365</ns2:pos>
                        <ns2:pos>44.648258209228516 4.377537250518799</ns2:pos>
                        <ns2:pos>44.64826583862305 4.377704620361328</ns2:pos>
                        <ns2:pos>44.6482048034668 4.377833366394043</ns2:pos>
                        <ns2:pos>44.64812088012695 4.377828598022461</ns2:pos>
                        <ns2:pos>44.6480598449707 4.377735614776611</ns2:pos>
                        <ns2:pos>44.648048400878906 4.377620220184326</ns2:pos>
                        <ns2:pos>44.648040771484375 4.377321720123291</ns2:pos>
                        <ns2:pos>44.64805221557617 4.377124786376953</ns2:pos>
                        <ns2:pos>44.64807891845703 4.376871109008789</ns2:pos>
                        <ns2:pos>44.64814758300781 4.376717567443848</ns2:pos>
                        <ns2:pos>44.648441314697266 4.376530170440674</ns2:pos>
                        <ns2:pos>44.64847946166992 4.37647008895874</ns2:pos>
                        <ns2:pos>44.64847946166992 4.376389980316162</ns2:pos>
                        <ns2:pos>44.648460388183594 4.376319885253906</ns2:pos>
                        <ns2:pos>44.64841842651367 4.376269817352295</ns2:pos>
                        <ns2:pos>44.64836120605469 4.376239776611328</ns2:pos>
                        <ns2:pos>44.64828872680664 4.376259803771973</ns2:pos>
                        <ns2:pos>44.64807891845703 4.376460075378418</ns2:pos>
                        <ns2:pos>44.64802169799805 4.376490116119385</ns2:pos>
                        <ns2:pos>44.648014068603516 4.37647008895874</ns2:pos>
                        <ns2:pos>44.64822006225586 4.376299858093262</ns2:pos>
                        <ns2:pos>44.64834976196289 4.376229763031006</ns2:pos>
                        <ns2:pos>44.648460388183594 4.3762898445129395</ns2:pos>
                        <ns2:pos>44.64847946166992 4.37637996673584</ns2:pos>
                        <ns2:pos>44.6484489440918 4.376530170440674</ns2:pos>
                        <ns2:pos>44.64815139770508 4.376719951629639</ns2:pos>
                        <ns2:pos>44.64807891845703 4.376870155334473</ns2:pos>
                        <ns2:pos>44.648040771484375 4.377270221710205</ns2:pos>
                        <ns2:pos>44.648048400878906 4.377659797668457</ns2:pos>
                        <ns2:pos>44.6480598449707 4.377739906311035</ns2:pos>
                        <ns2:pos>44.64809036254883 4.377799987792969</ns2:pos>
                        <ns2:pos>44.64812088012695 4.3778300285339355</ns2:pos>
                        <ns2:pos>44.648189544677734 4.377840042114258</ns2:pos>
                        <ns2:pos>44.64822006225586 4.377820014953613</ns2:pos>
                        <ns2:pos>44.64826965332031 4.377699851989746</ns2:pos>
                        <ns2:pos>44.648258209228516 4.377610206604004</ns2:pos>
                        <ns2:pos>44.64826965332031 4.377339839935303</ns2:pos>
                        <ns2:pos>44.648311614990234 4.377230167388916</ns2:pos>
                        <ns2:pos>44.648380279541016 4.37716007232666</ns2:pos>
                        <ns2:pos>44.64894104003906 4.376800060272217</ns2:pos>
                        <ns2:pos>44.649131774902344 4.376619815826416</ns2:pos>
                        <ns2:pos>44.64923858642578 4.376410007476807</ns2:pos>
                        <ns2:pos>44.649269104003906 4.376090049743652</ns2:pos>
                        <ns2:pos>44.64934158325195 4.375740051269531</ns2:pos>
                        <ns2:pos>44.64939880371094 4.375649929046631</ns2:pos>
                        <ns2:pos>44.64960861206055 4.375529766082764</ns2:pos>
                        <ns2:pos>44.64992904663086 4.3754801750183105</ns2:pos>
                        <ns2:pos>44.65007019042969 4.3754801750183105</ns2:pos>
                        <ns2:pos>44.65024948120117 4.375510215759277</ns2:pos>
                        <ns2:pos>44.65053939819336 4.3755998611450195</ns2:pos>
                        <ns2:pos>44.65102005004883 4.375820159912109</ns2:pos>
                        <ns2:pos>44.6514892578125 4.375959873199463</ns2:pos>
                        <ns2:pos>44.6515998840332 4.375959873199463</ns2:pos>
                        <ns2:pos>44.65176010131836 4.375879764556885</ns2:pos>
                        <ns2:pos>44.65182113647461 4.375830173492432</ns2:pos>
                        <ns2:pos>44.65188980102539 4.375740051269531</ns2:pos>
                        <ns2:pos>44.6519889831543 4.375549793243408</ns2:pos>
                        <ns2:pos>44.65203857421875 4.375309944152832</ns2:pos>
                        <ns2:pos>44.65203094482422 4.375140190124512</ns2:pos>
                        <ns2:pos>44.65208053588867 4.374849796295166</ns2:pos>
                        <ns2:pos>44.65216827392578 4.374740123748779</ns2:pos>
                        <ns2:pos>44.65229034423828 4.37470006942749</ns2:pos>
                        <ns2:pos>44.65245056152344 4.374690055847168</ns2:pos>
                        <ns2:pos>44.652591705322266 4.374720096588135</ns2:pos>
                        <ns2:pos>44.65266036987305 4.374780178070068</ns2:pos>
                        <ns2:pos>44.65285110473633 4.3750200271606445</ns2:pos>
                        <ns2:pos>44.652950286865234 4.375100135803223</ns2:pos>
                        <ns2:pos>44.65372085571289 4.375529766082764</ns2:pos>
                        <ns2:pos>44.65385055541992 4.375639915466309</ns2:pos>
                        <ns2:pos>44.65418243408203 4.3757147789001465</ns2:pos>
                        <ns2:pos>44.65418243408203 4.375710964202881</ns2:pos>
                        <ns2:pos>44.65447998046875 4.375770092010498</ns2:pos>
                        <ns2:pos>44.65483856201172 4.376009941101074</ns2:pos>
                        <ns2:pos>44.65504837036133 4.376140117645264</ns2:pos>
                        <ns2:pos>44.65510177612305 4.376229763031006</ns2:pos>
                        <ns2:pos>44.655418395996094 4.376709938049316</ns2:pos>
                        <ns2:pos>44.65549850463867 4.377029895782471</ns2:pos>
                        <ns2:pos>44.65550994873047 4.377339839935303</ns2:pos>
                        <ns2:pos>44.65542984008789 4.378190040588379</ns2:pos>
                        <ns2:pos>44.65536117553711 4.37883996963501</ns2:pos>
                        <ns2:pos>44.65536880493164 4.378960132598877</ns2:pos>
                        <ns2:pos>44.655418395996094 4.379079818725586</ns2:pos>
                        <ns2:pos>44.65568161010742 4.379610061645508</ns2:pos>
                        <ns2:pos>44.65578079223633 4.379879951477051</ns2:pos>
                        <ns2:pos>44.65581130981445 4.380050182342529</ns2:pos>
                        <ns2:pos>44.65581130981445 4.380189895629883</ns2:pos>
                        <ns2:pos>44.655670166015625 4.380519866943359</ns2:pos>
                        <ns2:pos>44.65557098388672 4.380650043487549</ns2:pos>
                        <ns2:pos>44.655391693115234 4.380819797515869</ns2:pos>
                        <ns2:pos>44.6553840637207 4.380891799926758</ns2:pos>
                        <ns2:pos>44.655418395996094 4.380899906158447</ns2:pos>
                    </ns2:LineString>
                </LinkSequenceProjection>
            </members>
        </GeneralFrame>
    </dataObjects>
</PublicationDelivery>
