<?xml version="1.0" encoding="UTF-8" standalone="yes"?>
<PublicationDelivery xmlns="http://www.netex.org.uk/netex" xmlns:ns2="http://www.opengis.net/gml/3.2" xmlns:ns3="http://www.siri.org.uk/siri">
    <PublicationTimestamp>2025-09-04T13:22:47.779Z</PublicationTimestamp>
    <ParticipantRef>Toutenbus</ParticipantRef>
    <dataObjects>
        <ServiceFrame version="any" id="Toutenbus:ServiceFrame:0:LOC">
            <TypeOfFrameRef ref="FR:TypeOfFrame:NETEX_LIGNE_STRUCTURE:"/>
            <routes>
                <Route version="any" id="Toutenbus:Route:4483@0">
                    <LineRef ref="Toutenbus:Line:4483"/>
                    <DirectionType>outbound</DirectionType>
                    <DirectionRef ref="gtfs:Direction:0" version="any"/>
                </Route>
            </routes>
            <lines>
                <Line version="any" id="Toutenbus:Line:4483">
                    <Name>Ligne 3 express</Name>
                    <ShortName>L03ex</ShortName>
                    <TransportMode>bus</TransportMode>
                    <PublicCode>L03ex</PublicCode>
                    <AuthorityRef ref="Toutenbus:Authority:44"/>
                    <Presentation>
                        <Colour>F7F7F7</Colour>
                        <TextColour>8CC160</TextColour>
                    </Presentation>
                </Line>
            </lines>
            <scheduledStopPoints>
                <ScheduledStopPoint version="any" id="Toutenbus:ScheduledStopPoint:44000">
                    <Name>Aubenas Gare Routière (Arrivée)</Name>
                    <types>
                        <TypeOfPointRef ref="gtfs:TypeOfPoint:0" version="any"/>
                    </types>
                    <StopType>onstreetBus</StopType>
                </ScheduledStopPoint>
                <ScheduledStopPoint version="any" id="Toutenbus:ScheduledStopPoint:44301">
                    <Name>AUBENAS Paix QUAI 3</Name>
                    <types>
                        <TypeOfPointRef ref="gtfs:TypeOfPoint:0" version="any"/>
                    </types>
                    <StopType>onstreetBus</StopType>
                </ScheduledStopPoint>
                <ScheduledStopPoint version="any" id="Toutenbus:ScheduledStopPoint:44012">
                    <Name>Boisvignal - Sud Immac</Name>
                    <types>
                        <TypeOfPointRef ref="gtfs:TypeOfPoint:0" version="any"/>
                    </types>
                    <PublicCode>2</PublicCode>
                    <StopType>onstreetBus</StopType>
                </ScheduledStopPoint>
                <ScheduledStopPoint version="any" id="Toutenbus:ScheduledStopPoint:44014">
                    <Name>Carrefour Ponson</Name>
                    <types>
                        <TypeOfPointRef ref="gtfs:TypeOfPoint:0" version="any"/>
                    </types>
                    <PublicCode>2</PublicCode>
                    <StopType>onstreetBus</StopType>
                </ScheduledStopPoint>
                <ScheduledStopPoint version="any" id="Toutenbus:ScheduledStopPoint:44176">
                    <Name>Ecole d'Infirmières</Name>
                    <types>
                        <TypeOfPointRef ref="gtfs:TypeOfPoint:0" version="any"/>
                    </types>
                    <StopType>onstreetBus</StopType>
                </ScheduledStopPoint>
                <ScheduledStopPoint version="any" id="Toutenbus:ScheduledStopPoint:44033">
                    <Name>Gendarmerie</Name>
                    <types>
                        <TypeOfPointRef ref="gtfs:TypeOfPoint:0" version="any"/>
                    </types>
                    <PublicCode>2</PublicCode>
                    <StopType>onstreetBus</StopType>
                </ScheduledStopPoint>
                <ScheduledStopPoint version="any" id="Toutenbus:ScheduledStopPoint:44045">
                    <Name>Labégude Centre</Name>
                    <types>
                        <TypeOfPointRef ref="gtfs:TypeOfPoint:0" version="any"/>
                    </types>
                    <PublicCode>1</PublicCode>
                    <StopType>onstreetBus</StopType>
                </ScheduledStopPoint>
                <ScheduledStopPoint version="any" id="Toutenbus:ScheduledStopPoint:44084">
                    <Name>Rond-Point des Ecoles</Name>
                    <types>
                        <TypeOfPointRef ref="gtfs:TypeOfPoint:0" version="any"/>
                    </types>
                    <StopType>onstreetBus</StopType>
                </ScheduledStopPoint>
                <ScheduledStopPoint version="any" id="Toutenbus:ScheduledStopPoint:44122">
                    <Name>Vals Galimard</Name>
                    <types>
                        <TypeOfPointRef ref="gtfs:TypeOfPoint:0" version="any"/>
                    </types>
                    <PublicCode>1</PublicCode>
                    <StopType>onstreetBus</StopType>
                </ScheduledStopPoint>
                <ScheduledStopPoint version="any" id="Toutenbus:ScheduledStopPoint:44126">
                    <Name>Vals Place Général De Gaulle</Name>
                    <types>
                        <TypeOfPointRef ref="gtfs:TypeOfPoint:0" version="any"/>
                    </types>
                    <StopType>onstreetBus</StopType>
                </ScheduledStopPoint>
            </scheduledStopPoints>
            <stopAssignments>
                <PassengerStopAssignment version="any" id="Toutenbus:PassengerStopAssignment:44000">
                    <ScheduledStopPointRef ref="Toutenbus:ScheduledStopPoint:44000" version="any"/>
                    <StopPlaceRef ref="Toutenbus:StopPlace:44000" version="any"/>
                    <QuayRef ref="Toutenbus:Quay:44000" version="any"/>
                </PassengerStopAssignment>
                <PassengerStopAssignment version="any" id="Toutenbus:PassengerStopAssignment:44301">
                    <ScheduledStopPointRef ref="Toutenbus:ScheduledStopPoint:44301" version="any"/>
                    <StopPlaceRef ref="Toutenbus:StopPlace:44301" version="any"/>
                    <QuayRef ref="Toutenbus:Quay:44301" version="any"/>
                </PassengerStopAssignment>
                <PassengerStopAssignment version="any" id="Toutenbus:PassengerStopAssignment:44012">
                    <ScheduledStopPointRef ref="Toutenbus:ScheduledStopPoint:44012" version="any"/>
                    <StopPlaceRef ref="Toutenbus:StopPlace:44012" version="any"/>
                    <QuayRef ref="Toutenbus:Quay:44012" version="any"/>
                </PassengerStopAssignment>
                <PassengerStopAssignment version="any" id="Toutenbus:PassengerStopAssignment:44014">
                    <ScheduledStopPointRef ref="Toutenbus:ScheduledStopPoint:44014" version="any"/>
                    <StopPlaceRef ref="Toutenbus:StopPlace:44014" version="any"/>
                    <QuayRef ref="Toutenbus:Quay:44014" version="any"/>
                </PassengerStopAssignment>
                <PassengerStopAssignment version="any" id="Toutenbus:PassengerStopAssignment:44176">
                    <ScheduledStopPointRef ref="Toutenbus:ScheduledStopPoint:44176" version="any"/>
                    <StopPlaceRef ref="Toutenbus:StopPlace:44176" version="any"/>
                    <QuayRef ref="Toutenbus:Quay:44176" version="any"/>
                </PassengerStopAssignment>
                <PassengerStopAssignment version="any" id="Toutenbus:PassengerStopAssignment:44033">
                    <ScheduledStopPointRef ref="Toutenbus:ScheduledStopPoint:44033" version="any"/>
                    <StopPlaceRef ref="Toutenbus:StopPlace:44033" version="any"/>
                    <QuayRef ref="Toutenbus:Quay:44033" version="any"/>
                </PassengerStopAssignment>
                <PassengerStopAssignment version="any" id="Toutenbus:PassengerStopAssignment:44045">
                    <ScheduledStopPointRef ref="Toutenbus:ScheduledStopPoint:44045" version="any"/>
                    <StopPlaceRef ref="Toutenbus:StopPlace:44045" version="any"/>
                    <QuayRef ref="Toutenbus:Quay:44045" version="any"/>
                </PassengerStopAssignment>
                <PassengerStopAssignment version="any" id="Toutenbus:PassengerStopAssignment:44084">
                    <ScheduledStopPointRef ref="Toutenbus:ScheduledStopPoint:44084" version="any"/>
                    <StopPlaceRef ref="Toutenbus:StopPlace:44084" version="any"/>
                    <QuayRef ref="Toutenbus:Quay:44084" version="any"/>
                </PassengerStopAssignment>
                <PassengerStopAssignment version="any" id="Toutenbus:PassengerStopAssignment:44122">
                    <ScheduledStopPointRef ref="Toutenbus:ScheduledStopPoint:44122" version="any"/>
                    <StopPlaceRef ref="Toutenbus:StopPlace:44122" version="any"/>
                    <QuayRef ref="Toutenbus:Quay:44122" version="any"/>
                </PassengerStopAssignment>
                <PassengerStopAssignment version="any" id="Toutenbus:PassengerStopAssignment:44126">
                    <ScheduledStopPointRef ref="Toutenbus:ScheduledStopPoint:44126" version="any"/>
                    <StopPlaceRef ref="Toutenbus:StopPlace:44126" version="any"/>
                    <QuayRef ref="Toutenbus:Quay:44126" version="any"/>
                </PassengerStopAssignment>
            </stopAssignments>
            <journeyPatterns>
                <ServiceJourneyPattern version="any" id="Toutenbus:JourneyPattern:0:LOC">
                    <RouteRef ref="Toutenbus:Route:4483@0"/>
                    <DirectionType>outbound</DirectionType>
                    <DirectionRef ref="gtfs:Direction:0" version="any"/>
                    <pointsInSequence>
                        <StopPointInJourneyPattern order="0" id="Toutenbus:JourneyPattern:0@0:LOC">
                            <ScheduledStopPointRef ref="Toutenbus:ScheduledStopPoint:44122" version="any"/>
                            <ForAlighting>true</ForAlighting>
                            <ForBoarding>true</ForBoarding>
                            <RequestMethod>noneRequired</RequestMethod>
                        </StopPointInJourneyPattern>
                        <StopPointInJourneyPattern order="1" id="Toutenbus:JourneyPattern:0@1:LOC">
                            <ScheduledStopPointRef ref="Toutenbus:ScheduledStopPoint:44126" version="any"/>
                            <ForAlighting>true</ForAlighting>
                            <ForBoarding>true</ForBoarding>
                            <RequestMethod>noneRequired</RequestMethod>
                        </StopPointInJourneyPattern>
                        <StopPointInJourneyPattern order="2" id="Toutenbus:JourneyPattern:0@2:LOC">
                            <ScheduledStopPointRef ref="Toutenbus:ScheduledStopPoint:44045" version="any"/>
                            <ForAlighting>true</ForAlighting>
                            <ForBoarding>true</ForBoarding>
                            <RequestMethod>noneRequired</RequestMethod>
                        </StopPointInJourneyPattern>
                        <StopPointInJourneyPattern order="3" id="Toutenbus:JourneyPattern:0@3:LOC">
                            <ScheduledStopPointRef ref="Toutenbus:ScheduledStopPoint:44301" version="any"/>
                            <ForAlighting>true</ForAlighting>
                            <ForBoarding>true</ForBoarding>
                            <RequestMethod>noneRequired</RequestMethod>
                        </StopPointInJourneyPattern>
                        <StopPointInJourneyPattern order="4" id="Toutenbus:JourneyPattern:0@4:LOC">
                            <ScheduledStopPointRef ref="Toutenbus:ScheduledStopPoint:44084" version="any"/>
                            <ForAlighting>true</ForAlighting>
                            <ForBoarding>true</ForBoarding>
                            <RequestMethod>noneRequired</RequestMethod>
                        </StopPointInJourneyPattern>
                        <StopPointInJourneyPattern order="5" id="Toutenbus:JourneyPattern:0@5:LOC">
                            <ScheduledStopPointRef ref="Toutenbus:ScheduledStopPoint:44012" version="any"/>
                            <ForAlighting>true</ForAlighting>
                            <ForBoarding>true</ForBoarding>
                            <RequestMethod>noneRequired</RequestMethod>
                        </StopPointInJourneyPattern>
                        <StopPointInJourneyPattern order="6" id="Toutenbus:JourneyPattern:0@6:LOC">
                            <ScheduledStopPointRef ref="Toutenbus:ScheduledStopPoint:44176" version="any"/>
                            <ForAlighting>true</ForAlighting>
                            <ForBoarding>true</ForBoarding>
                            <RequestMethod>noneRequired</RequestMethod>
                        </StopPointInJourneyPattern>
                        <StopPointInJourneyPattern order="7" id="Toutenbus:JourneyPattern:0@7:LOC">
                            <ScheduledStopPointRef ref="Toutenbus:ScheduledStopPoint:44014" version="any"/>
                            <ForAlighting>true</ForAlighting>
                            <ForBoarding>true</ForBoarding>
                            <RequestMethod>noneRequired</RequestMethod>
                        </StopPointInJourneyPattern>
                        <StopPointInJourneyPattern order="8" id="Toutenbus:JourneyPattern:0@8:LOC">
                            <ScheduledStopPointRef ref="Toutenbus:ScheduledStopPoint:44033" version="any"/>
                            <ForAlighting>true</ForAlighting>
                            <ForBoarding>true</ForBoarding>
                            <RequestMethod>noneRequired</RequestMethod>
                        </StopPointInJourneyPattern>
                        <StopPointInJourneyPattern order="9" id="Toutenbus:JourneyPattern:0@9:LOC">
                            <ScheduledStopPointRef ref="Toutenbus:ScheduledStopPoint:44000" version="any"/>
                            <ForAlighting>true</ForAlighting>
                            <ForBoarding>true</ForBoarding>
                            <RequestMethod>noneRequired</RequestMethod>
                        </StopPointInJourneyPattern>
                    </pointsInSequence>
                </ServiceJourneyPattern>
            </journeyPatterns>
        </ServiceFrame>
        <TimetableFrame version="any" id="Toutenbus:TimetableFrame:0:LOC">
            <TypeOfFrameRef ref="FR:TypeOfFrame:NETEX_HORAIRE:"/>
            <vehicleJourneys>
                <ServiceJourney version="any" id="Toutenbus:ServiceJourney:50351">
                    <LinkSequenceProjectionRef ref="Toutenbus:LinkSequenceProjection:4483:1" version="any"/>
                    <dayTypes>
                        <DayTypeRef ref="Toutenbus:DayType:254421" version="any"/>
                    </dayTypes>
                    <ServiceJourneyPatternRef ref="Toutenbus:JourneyPattern:0:LOC"/>
                    <BlockRef ref="Toutenbus:Block:L03V02" version="any"/>
                    <LineRef ref="Toutenbus:Line:4483" version="any"/>
                    <JourneyPatternView>
                        <DirectionType>outbound</DirectionType>
                        <DirectionRef ref="gtfs:Direction:0" version="any"/>
                        <DestinationDisplayView>
                            <Name>Paix - Gare Routière</Name>
                        </DestinationDisplayView>
                    </JourneyPatternView>
                    <passingTimes>
                        <TimetabledPassingTime>
                            <PointInJourneyPatternRef ref="Toutenbus:JourneyPattern:0@0:LOC"/>
                            <ArrivalTime>07:11:00</ArrivalTime>
                            <DepartureTime>07:11:00</DepartureTime>
                        </TimetabledPassingTime>
                        <TimetabledPassingTime>
                            <PointInJourneyPatternRef ref="Toutenbus:JourneyPattern:0@1:LOC"/>
                            <ArrivalTime>07:14:00</ArrivalTime>
                            <DepartureTime>07:14:00</DepartureTime>
                        </TimetabledPassingTime>
                        <TimetabledPassingTime>
                            <PointInJourneyPatternRef ref="Toutenbus:JourneyPattern:0@2:LOC"/>
                            <ArrivalTime>07:18:00</ArrivalTime>
                            <DepartureTime>07:18:00</DepartureTime>
                        </TimetabledPassingTime>
                        <TimetabledPassingTime>
                            <PointInJourneyPatternRef ref="Toutenbus:JourneyPattern:0@3:LOC"/>
                            <ArrivalTime>07:28:00</ArrivalTime>
                            <DepartureTime>07:28:00</DepartureTime>
                        </TimetabledPassingTime>
                        <TimetabledPassingTime>
                            <PointInJourneyPatternRef ref="Toutenbus:JourneyPattern:0@4:LOC"/>
                            <ArrivalTime>07:31:00</ArrivalTime>
                            <DepartureTime>07:31:00</DepartureTime>
                        </TimetabledPassingTime>
                        <TimetabledPassingTime>
                            <PointInJourneyPatternRef ref="Toutenbus:JourneyPattern:0@5:LOC"/>
                            <ArrivalTime>07:32:00</ArrivalTime>
                            <DepartureTime>07:32:00</DepartureTime>
                        </TimetabledPassingTime>
                        <TimetabledPassingTime>
                            <PointInJourneyPatternRef ref="Toutenbus:JourneyPattern:0@6:LOC"/>
                            <ArrivalTime>07:33:00</ArrivalTime>
                            <DepartureTime>07:33:00</DepartureTime>
                        </TimetabledPassingTime>
                        <TimetabledPassingTime>
                            <PointInJourneyPatternRef ref="Toutenbus:JourneyPattern:0@7:LOC"/>
                            <ArrivalTime>07:34:00</ArrivalTime>
                            <DepartureTime>07:34:00</DepartureTime>
                        </TimetabledPassingTime>
                        <TimetabledPassingTime>
                            <PointInJourneyPatternRef ref="Toutenbus:JourneyPattern:0@8:LOC"/>
                            <ArrivalTime>07:36:00</ArrivalTime>
                            <DepartureTime>07:36:00</DepartureTime>
                        </TimetabledPassingTime>
                        <TimetabledPassingTime>
                            <PointInJourneyPatternRef ref="Toutenbus:JourneyPattern:0@9:LOC"/>
                            <ArrivalTime>07:38:00</ArrivalTime>
                            <DepartureTime>07:38:00</DepartureTime>
                        </TimetabledPassingTime>
                    </passingTimes>
                    <facilities>
                        <ServiceFacilitySetRef ref="gtfs:ServiceFacilitySet:LUGGAGE_NO_CYCLES"/>
                        <ServiceFacilitySetRef ref="gtfs:ServiceFacilitySet:ASSISTANCE_WHEELCHAIR_USE"/>
                    </facilities>
                </ServiceJourney>
            </vehicleJourneys>
        </TimetableFrame>
        <VehicleScheduleFrame version="any" id="Toutenbus:VehicleScheduleFrame:0:LOC">
            <TypeOfFrameRef ref="FR:TypeOfFrame:NETEX_HORAIRE:"/>
            <blocks>
                <Block version="any" id="Toutenbus:Block:L03V02">
                    <Name>L03V02</Name>
                </Block>
            </blocks>
        </VehicleScheduleFrame>
        <GeneralFrame version="any" id="Toutenbus:GeneralFrame:0:LOC">
            <TypeOfFrameRef ref="FR:TypeOfFrame:NETEX_LIGNE_STRUCTURE:"/>
            <members>
                <LinkSequenceProjection version="any" id="Toutenbus:LinkSequenceProjection:4483:1">
                    <ns2:LineString srsName="WGS84" ns2:id="LS4483_1">
                        <ns2:pos>44.665550231933594 4.365978240966797</ns2:pos>
                        <ns2:pos>44.66556167602539 4.366000175476074</ns2:pos>
                        <ns2:pos>44.665489196777344 4.366079807281494</ns2:pos>
                        <ns2:pos>44.665470123291016 4.366139888763428</ns2:pos>
                        <ns2:pos>44.665401458740234 4.366159915924072</ns2:pos>
                        <ns2:pos>44.6650505065918 4.366519927978516</ns2:pos>
                        <ns2:pos>44.66379928588867 4.367730140686035</ns2:pos>
                        <ns2:pos>44.66353988647461 4.368020057678223</ns2:pos>
                        <ns2:pos>44.663368225097656 4.368150234222412</ns2:pos>
                        <ns2:pos>44.66313171386719 4.368229866027832</ns2:pos>
                        <ns2:pos>44.662879943847656 4.368199825286865</ns2:pos>
                        <ns2:pos>44.66250991821289 4.3680901527404785</ns2:pos>
                        <ns2:pos>44.662410736083984 4.368080139160156</ns2:pos>
                        <ns2:pos>44.662208557128906 4.368150234222412</ns2:pos>
                        <ns2:pos>44.661991119384766 4.368279933929443</ns2:pos>
                        <ns2:pos>44.66184997558594 4.368330001831055</ns2:pos>
                        <ns2:pos>44.661651611328125 4.368370056152344</ns2:pos>
                        <ns2:pos>44.66147994995117 4.3683600425720215</ns2:pos>
                        <ns2:pos>44.660240173339844 4.368100166320801</ns2:pos>
                        <ns2:pos>44.65980911254883 4.367990016937256</ns2:pos>
                        <ns2:pos>44.659698486328125 4.367980003356934</ns2:pos>
                        <ns2:pos>44.65970993041992 4.367640018463135</ns2:pos>
                        <ns2:pos>44.659759521484375 4.367030143737793</ns2:pos>
                        <ns2:pos>44.65985870361328 4.366970062255859</ns2:pos>
                        <ns2:pos>44.65991973876953 4.366990089416504</ns2:pos>
                        <ns2:pos>44.66006088256836 4.366980075836182</ns2:pos>
                        <ns2:pos>44.66006088256836 4.366980075836182</ns2:pos>
                        <ns2:pos>44.66020965576172 4.366980075836182</ns2:pos>
                        <ns2:pos>44.660301208496094 4.366909980773926</ns2:pos>
                        <ns2:pos>44.66033935546875 4.36683988571167</ns2:pos>
                        <ns2:pos>44.66035079956055 4.3668599128723145</ns2:pos>
                        <ns2:pos>44.66048812866211 4.36693000793457</ns2:pos>
                        <ns2:pos>44.66048049926758 4.366620063781738</ns2:pos>
                        <ns2:pos>44.66035079956055 4.366640090942383</ns2:pos>
                        <ns2:pos>44.660179138183594 4.366730213165283</ns2:pos>
                        <ns2:pos>44.65998840332031 4.366889953613281</ns2:pos>
                        <ns2:pos>44.659759521484375 4.367030143737793</ns2:pos>
                        <ns2:pos>44.65850067138672 4.366720199584961</ns2:pos>
                        <ns2:pos>44.658409118652344 4.3667497634887695</ns2:pos>
                        <ns2:pos>44.65827178955078 4.366720199584961</ns2:pos>
                        <ns2:pos>44.65776062011719 4.366469860076904</ns2:pos>
                        <ns2:pos>44.657230377197266 4.3661699295043945</ns2:pos>
                        <ns2:pos>44.65605163574219 4.3654398918151855</ns2:pos>
                        <ns2:pos>44.655670166015625 4.3652801513671875</ns2:pos>
                        <ns2:pos>44.6551513671875 4.365119934082031</ns2:pos>
                        <ns2:pos>44.6546516418457 4.364920139312744</ns2:pos>
                        <ns2:pos>44.65446853637695 4.364880084991455</ns2:pos>
                        <ns2:pos>44.654319763183594 4.364880084991455</ns2:pos>
                        <ns2:pos>44.65399932861328 4.364950180053711</ns2:pos>
                        <ns2:pos>44.65311050415039 4.365340232849121</ns2:pos>
                        <ns2:pos>44.65290832519531 4.365340232849121</ns2:pos>
                        <ns2:pos>44.652870178222656 4.3652801513671875</ns2:pos>
                        <ns2:pos>44.652828216552734 4.365270137786865</ns2:pos>
                        <ns2:pos>44.65277862548828 4.365300178527832</ns2:pos>
                        <ns2:pos>44.65275955200195 4.36536979675293</ns2:pos>
                        <ns2:pos>44.6527099609375 4.36536979675293</ns2:pos>
                        <ns2:pos>44.652400970458984 4.365200042724609</ns2:pos>
                        <ns2:pos>44.65230178833008 4.365170001983643</ns2:pos>
                        <ns2:pos>44.652191162109375 4.365200042724609</ns2:pos>
                        <ns2:pos>44.65068054199219 4.365960121154785</ns2:pos>
                        <ns2:pos>44.65034866333008 4.36605978012085</ns2:pos>
                        <ns2:pos>44.65034866333008 4.366030216217041</ns2:pos>
                        <ns2:pos>44.65031814575195 4.365970134735107</ns2:pos>
                        <ns2:pos>44.65024948120117 4.365970134735107</ns2:pos>
                        <ns2:pos>44.65021896362305 4.366020202636719</ns2:pos>
                        <ns2:pos>44.650230407714844 4.366099834442139</ns2:pos>
                        <ns2:pos>44.649959564208984 4.366390228271484</ns2:pos>
                        <ns2:pos>44.64984130859375 4.366479873657227</ns2:pos>
                        <ns2:pos>44.64939880371094 4.366720199584961</ns2:pos>
                        <ns2:pos>44.648590087890625 4.367099761962891</ns2:pos>
                        <ns2:pos>44.648590087890625 4.367099761962891</ns2:pos>
                        <ns2:pos>44.648128509521484 4.367290019989014</ns2:pos>
                        <ns2:pos>44.647159576416016 4.367740154266357</ns2:pos>
                        <ns2:pos>44.64698028564453 4.367839813232422</ns2:pos>
                        <ns2:pos>44.64680099487305 4.3680100440979</ns2:pos>
                        <ns2:pos>44.646671295166016 4.368189811706543</ns2:pos>
                        <ns2:pos>44.646549224853516 4.368380069732666</ns2:pos>
                        <ns2:pos>44.64643096923828 4.368659973144531</ns2:pos>
                        <ns2:pos>44.64628982543945 4.36883020401001</ns2:pos>
                        <ns2:pos>44.64596176147461 4.369060039520264</ns2:pos>
                        <ns2:pos>44.645599365234375 4.3692498207092285</ns2:pos>
                        <ns2:pos>44.64537048339844 4.369219779968262</ns2:pos>
                        <ns2:pos>44.64527893066406 4.3691301345825195</ns2:pos>
                        <ns2:pos>44.64527893066406 4.369029998779297</ns2:pos>
                        <ns2:pos>44.645240783691406 4.36890983581543</ns2:pos>
                        <ns2:pos>44.64522171020508 4.368879795074463</ns2:pos>
                        <ns2:pos>44.645118713378906 4.3688201904296875</ns2:pos>
                        <ns2:pos>44.64501953125 4.368840217590332</ns2:pos>
                        <ns2:pos>44.644981384277344 4.368879795074463</ns2:pos>
                        <ns2:pos>44.64482879638672 4.368859767913818</ns2:pos>
                        <ns2:pos>44.64445877075195 4.368730068206787</ns2:pos>
                        <ns2:pos>44.6442985534668 4.368710041046143</ns2:pos>
                        <ns2:pos>44.64400863647461 4.368740081787109</ns2:pos>
                        <ns2:pos>44.64390182495117 4.368780136108398</ns2:pos>
                        <ns2:pos>44.643798828125 4.368859767913818</ns2:pos>
                        <ns2:pos>44.64350128173828 4.368989944458008</ns2:pos>
                        <ns2:pos>44.64141845703125 4.37007999420166</ns2:pos>
                        <ns2:pos>44.64115905761719 4.370230197906494</ns2:pos>
                        <ns2:pos>44.6408805847168 4.370460033416748</ns2:pos>
                        <ns2:pos>44.64054870605469 4.370820045471191</ns2:pos>
                        <ns2:pos>44.64025115966797 4.371220111846924</ns2:pos>
                        <ns2:pos>44.63983154296875 4.37185001373291</ns2:pos>
                        <ns2:pos>44.63930130004883 4.372560024261475</ns2:pos>
                        <ns2:pos>44.63903045654297 4.373010158538818</ns2:pos>
                        <ns2:pos>44.63848114013672 4.374060153961182</ns2:pos>
                        <ns2:pos>44.63827133178711 4.3744001388549805</ns2:pos>
                        <ns2:pos>44.63787078857422 4.374939918518066</ns2:pos>
                        <ns2:pos>44.63737869262695 4.375500202178955</ns2:pos>
                        <ns2:pos>44.63719177246094 4.375770092010498</ns2:pos>
                        <ns2:pos>44.637001037597656 4.376160144805908</ns2:pos>
                        <ns2:pos>44.63690185546875 4.376580238342285</ns2:pos>
                        <ns2:pos>44.6368293762207 4.377019882202148</ns2:pos>
                        <ns2:pos>44.636749267578125 4.377319812774658</ns2:pos>
                        <ns2:pos>44.63671112060547 4.377419948577881</ns2:pos>
                        <ns2:pos>44.636531829833984 4.377729892730713</ns2:pos>
                        <ns2:pos>44.63639831542969 4.377880096435547</ns2:pos>
                        <ns2:pos>44.635860443115234 4.378359794616699</ns2:pos>
                        <ns2:pos>44.635719299316406 4.3785400390625</ns2:pos>
                        <ns2:pos>44.63536071777344 4.3791399002075195</ns2:pos>
                        <ns2:pos>44.63518142700195 4.379350185394287</ns2:pos>
                        <ns2:pos>44.635009765625 4.379469871520996</ns2:pos>
                        <ns2:pos>44.63492965698242 4.379519939422607</ns2:pos>
                        <ns2:pos>44.634788513183594 4.379570007324219</ns2:pos>
                        <ns2:pos>44.63460922241211 4.3796000480651855</ns2:pos>
                        <ns2:pos>44.63201141357422 4.379960060119629</ns2:pos>
                        <ns2:pos>44.6314811706543 4.380099773406982</ns2:pos>
                        <ns2:pos>44.63090133666992 4.380300045013428</ns2:pos>
                        <ns2:pos>44.63042068481445 4.3804402351379395</ns2:pos>
                        <ns2:pos>44.629539489746094 4.38040018081665</ns2:pos>
                        <ns2:pos>44.62929153442383 4.3804497718811035</ns2:pos>
                        <ns2:pos>44.62910079956055 4.380529880523682</ns2:pos>
                        <ns2:pos>44.62908172607422 4.380509853363037</ns2:pos>
                        <ns2:pos>44.62900924682617 4.380509853363037</ns2:pos>
                        <ns2:pos>44.628971099853516 4.380549907684326</ns2:pos>
                        <ns2:pos>44.62889862060547 4.380529880523682</ns2:pos>
                        <ns2:pos>44.628849029541016 4.380539894104004</ns2:pos>
                        <ns2:pos>44.62866973876953 4.380680084228516</ns2:pos>
                        <ns2:pos>44.62852096557617 4.380740165710449</ns2:pos>
                        <ns2:pos>44.627891540527344 4.380970001220703</ns2:pos>
                        <ns2:pos>44.62725067138672 4.38116979598999</ns2:pos>
                        <ns2:pos>44.62697982788086 4.381279945373535</ns2:pos>
                        <ns2:pos>44.62677001953125 4.381430149078369</ns2:pos>
                        <ns2:pos>44.62662124633789 4.381569862365723</ns2:pos>
                        <ns2:pos>44.62630081176758 4.3817901611328125</ns2:pos>
                        <ns2:pos>44.62614822387695 4.381869792938232</ns2:pos>
                        <ns2:pos>44.625 4.382359981536865</ns2:pos>
                        <ns2:pos>44.62485885620117 4.382440090179443</ns2:pos>
                        <ns2:pos>44.62453842163086 4.38277006149292</ns2:pos>
                        <ns2:pos>44.624359130859375 4.383019924163818</ns2:pos>
                        <ns2:pos>44.62419128417969 4.383170127868652</ns2:pos>
                        <ns2:pos>44.62395095825195 4.3832502365112305</ns2:pos>
                        <ns2:pos>44.623600006103516 4.383309841156006</ns2:pos>
                        <ns2:pos>44.62350082397461 4.3833699226379395</ns2:pos>
                        <ns2:pos>44.6234016418457 4.383490085601807</ns2:pos>
                        <ns2:pos>44.62337112426758 4.383600234985352</ns2:pos>
                        <ns2:pos>44.62335968017578 4.3837199211120605</ns2:pos>
                        <ns2:pos>44.62337112426758 4.384230136871338</ns2:pos>
                        <ns2:pos>44.62335968017578 4.3851399421691895</ns2:pos>
                        <ns2:pos>44.62324142456055 4.3854498863220215</ns2:pos>
                        <ns2:pos>44.62202835083008 4.387800216674805</ns2:pos>
                        <ns2:pos>44.62165069580078 4.388689994812012</ns2:pos>
                        <ns2:pos>44.6214714050293 4.3892598152160645</ns2:pos>
                        <ns2:pos>44.62137985229492 4.38962984085083</ns2:pos>
                        <ns2:pos>44.62120056152344 4.39084005355835</ns2:pos>
                        <ns2:pos>44.621009826660156 4.3919901847839355</ns2:pos>
                        <ns2:pos>44.6209602355957 4.392099857330322</ns2:pos>
                        <ns2:pos>44.62086868286133 4.392210006713867</ns2:pos>
                        <ns2:pos>44.6207389831543 4.392240047454834</ns2:pos>
                        <ns2:pos>44.620689392089844 4.392230033874512</ns2:pos>
                        <ns2:pos>44.62025833129883 4.391940116882324</ns2:pos>
                        <ns2:pos>44.620201110839844 4.391880035400391</ns2:pos>
                        <ns2:pos>44.619869232177734 4.391409873962402</ns2:pos>
                        <ns2:pos>44.61970901489258 4.391149997711182</ns2:pos>
                        <ns2:pos>44.61962890625 4.390979766845703</ns2:pos>
                        <ns2:pos>44.619598388671875 4.390900135040283</ns2:pos>
                        <ns2:pos>44.619449615478516 4.390059947967529</ns2:pos>
                        <ns2:pos>44.61940002441406 4.389689922332764</ns2:pos>
                        <ns2:pos>44.619388580322266 4.389520168304443</ns2:pos>
                        <ns2:pos>44.619449615478516 4.3886399269104</ns2:pos>
                        <ns2:pos>44.61941909790039 4.3885498046875</ns2:pos>
                        <ns2:pos>44.61893081665039 4.388710021972656</ns2:pos>
                        <ns2:pos>44.61832809448242 4.388869762420654</ns2:pos>
                        <ns2:pos>44.61798858642578 4.388999938964844</ns2:pos>
                        <ns2:pos>44.61790084838867 4.389060020446777</ns2:pos>
                        <ns2:pos>44.61790084838867 4.389060020446777</ns2:pos>
                        <ns2:pos>44.61785125732422 4.389080047607422</ns2:pos>
                        <ns2:pos>44.617801666259766 4.389130115509033</ns2:pos>
                        <ns2:pos>44.61766052246094 4.38932991027832</ns2:pos>
                        <ns2:pos>44.617549896240234 4.389599800109863</ns2:pos>
                        <ns2:pos>44.61751174926758 4.389780044555664</ns2:pos>
                        <ns2:pos>44.617488861083984 4.389999866485596</ns2:pos>
                        <ns2:pos>44.617488861083984 4.390230178833008</ns2:pos>
                        <ns2:pos>44.61759948730469 4.390789985656738</ns2:pos>
                        <ns2:pos>44.61806869506836 4.392889976501465</ns2:pos>
                        <ns2:pos>44.61820983886719 4.393579959869385</ns2:pos>
                        <ns2:pos>44.618228912353516 4.39369010925293</ns2:pos>
                        <ns2:pos>44.61817932128906 4.393740177154541</ns2:pos>
                        <ns2:pos>44.61817169189453 4.3938398361206055</ns2:pos>
                        <ns2:pos>44.61819839477539 4.393889904022217</ns2:pos>
                        <ns2:pos>44.61824035644531 4.393899917602539</ns2:pos>
                        <ns2:pos>44.61824035644531 4.393899917602539</ns2:pos>
                        <ns2:pos>44.61827850341797 4.393889904022217</ns2:pos>
                        <ns2:pos>44.61832809448242 4.393819808959961</ns2:pos>
                        <ns2:pos>44.61832046508789 4.393740177154541</ns2:pos>
                        <ns2:pos>44.61827850341797 4.39369010925293</ns2:pos>
                        <ns2:pos>44.61820983886719 4.393700122833252</ns2:pos>
                        <ns2:pos>44.61817932128906 4.393750190734863</ns2:pos>
                        <ns2:pos>44.61759948730469 4.393420219421387</ns2:pos>
                        <ns2:pos>44.617088317871094 4.393179893493652</ns2:pos>
                        <ns2:pos>44.61684036254883 4.393179893493652</ns2:pos>
                        <ns2:pos>44.6157112121582 4.393360137939453</ns2:pos>
                        <ns2:pos>44.6157112121582 4.393360137939453</ns2:pos>
                        <ns2:pos>44.61518096923828 4.393449783325195</ns2:pos>
                        <ns2:pos>44.61471176147461 4.393430233001709</ns2:pos>
                        <ns2:pos>44.61412048339844 4.393370151519775</ns2:pos>
                        <ns2:pos>44.61391830444336 4.39346981048584</ns2:pos>
                        <ns2:pos>44.613868713378906 4.393539905548096</ns2:pos>
                        <ns2:pos>44.61383819580078 4.393610000610352</ns2:pos>
                        <ns2:pos>44.61383819580078 4.393770217895508</ns2:pos>
                        <ns2:pos>44.613868713378906 4.393899917602539</ns2:pos>
                        <ns2:pos>44.61389923095703 4.3939900398254395</ns2:pos>
                        <ns2:pos>44.613929748535156 4.394020080566406</ns2:pos>
                        <ns2:pos>44.614341735839844 4.395279884338379</ns2:pos>
                        <ns2:pos>44.61439514160156 4.395483493804932</ns2:pos>
                        <ns2:pos>44.614410400390625 4.395480155944824</ns2:pos>
                        <ns2:pos>44.61455154418945 4.39592981338501</ns2:pos>
                        <ns2:pos>44.61465072631836 4.396180152893066</ns2:pos>
                        <ns2:pos>44.614891052246094 4.396580219268799</ns2:pos>
                        <ns2:pos>44.61500930786133 4.396920204162598</ns2:pos>
                        <ns2:pos>44.61503982543945 4.397180080413818</ns2:pos>
                        <ns2:pos>44.61500930786133 4.397669792175293</ns2:pos>
                        <ns2:pos>44.615020751953125 4.3978400230407715</ns2:pos>
                        <ns2:pos>44.61503982543945 4.398019790649414</ns2:pos>
                        <ns2:pos>44.61526107788086 4.399250030517578</ns2:pos>
                        <ns2:pos>44.61539077758789 4.400139808654785</ns2:pos>
                        <ns2:pos>44.61545181274414 4.40064001083374</ns2:pos>
                        <ns2:pos>44.615440368652344 4.400690078735352</ns2:pos>
                        <ns2:pos>44.615440368652344 4.401060104370117</ns2:pos>
                        <ns2:pos>44.61539077758789 4.401090145111084</ns2:pos>
                        <ns2:pos>44.61534881591797 4.401150226593018</ns2:pos>
                        <ns2:pos>44.61532974243164 4.401219844818115</ns2:pos>
                        <ns2:pos>44.61532974243164 4.401309967041016</ns2:pos>
                        <ns2:pos>44.615379333496094 4.401430130004883</ns2:pos>
                        <ns2:pos>44.61540985107422 4.401450157165527</ns2:pos>
                        <ns2:pos>44.61542892456055 4.4018402099609375</ns2:pos>
                        <ns2:pos>44.61539840698242 4.402629852294922</ns2:pos>
                        <ns2:pos>44.61539840698242 4.402830123901367</ns2:pos>
                        <ns2:pos>44.615421295166016 4.402919769287109</ns2:pos>
                        <ns2:pos>44.61542892456055 4.404019832611084</ns2:pos>
                        <ns2:pos>44.615379333496094 4.404150009155273</ns2:pos>
                        <ns2:pos>44.615379333496094 4.404250144958496</ns2:pos>
                        <ns2:pos>44.61540985107422 4.404359817504883</ns2:pos>
                        <ns2:pos>44.61534118652344 4.40447998046875</ns2:pos>
                        <ns2:pos>44.615238189697266 4.404719829559326</ns2:pos>
                        <ns2:pos>44.615238189697266 4.404719829559326</ns2:pos>
                        <ns2:pos>44.61507034301758 4.4050798416137695</ns2:pos>
                        <ns2:pos>44.61484909057617 4.405429840087891</ns2:pos>
                        <ns2:pos>44.614479064941406 4.405869960784912</ns2:pos>
                        <ns2:pos>44.61412811279297 4.406219959259033</ns2:pos>
                        <ns2:pos>44.6138801574707 4.406509876251221</ns2:pos>
                        <ns2:pos>44.61314010620117 4.4074602127075195</ns2:pos>
                        <ns2:pos>44.61307907104492 4.407509803771973</ns2:pos>
                        <ns2:pos>44.61301040649414 4.407529830932617</ns2:pos>
                        <ns2:pos>44.612918853759766 4.40749979019165</ns2:pos>
                        <ns2:pos>44.61283874511719 4.40749979019165</ns2:pos>
                        <ns2:pos>44.61272048950195 4.407549858093262</ns2:pos>
                        <ns2:pos>44.6126708984375 4.407589912414551</ns2:pos>
                        <ns2:pos>44.61259078979492 4.407710075378418</ns2:pos>
                        <ns2:pos>44.612548828125 4.407800197601318</ns2:pos>
                        <ns2:pos>44.61252975463867 4.407899856567383</ns2:pos>
                        <ns2:pos>44.61246109008789 4.407949924468994</ns2:pos>
                        <ns2:pos>44.612281799316406 4.40802001953125</ns2:pos>
                        <ns2:pos>44.61204147338867 4.4080400466918945</ns2:pos>
                        <ns2:pos>44.61180877685547 4.408090114593506</ns2:pos>
                        <ns2:pos>44.6113395690918 4.408229827880859</ns2:pos>
                        <ns2:pos>44.61125946044922 4.40792989730835</ns2:pos>
                        <ns2:pos>44.61119079589844 4.407800197601318</ns2:pos>
                        <ns2:pos>44.61111068725586 4.40772008895874</ns2:pos>
                        <ns2:pos>44.61096954345703 4.407639980316162</ns2:pos>
                        <ns2:pos>44.61077117919922 4.407639980316162</ns2:pos>
                        <ns2:pos>44.610679626464844 4.407589912414551</ns2:pos>
                        <ns2:pos>44.61064910888672 4.4075398445129395</ns2:pos>
                        <ns2:pos>44.61063003540039 4.407470226287842</ns2:pos>
                        <ns2:pos>44.610660552978516 4.407350063323975</ns2:pos>
                        <ns2:pos>44.61081314086914 4.407012462615967</ns2:pos>
                    </ns2:LineString>
                </LinkSequenceProjection>
            </members>
        </GeneralFrame>
    </dataObjects>
</PublicationDelivery>
