<?xml version="1.0" encoding="UTF-8" standalone="yes"?>
<PublicationDelivery xmlns="http://www.netex.org.uk/netex" xmlns:ns2="http://www.opengis.net/gml/3.2" xmlns:ns3="http://www.siri.org.uk/siri">
    <PublicationTimestamp>2025-09-04T13:22:47.927Z</PublicationTimestamp>
    <ParticipantRef>Toutenbus</ParticipantRef>
    <dataObjects>
        <ServiceFrame version="any" id="Toutenbus:ServiceFrame:0:LOC">
            <TypeOfFrameRef ref="FR:TypeOfFrame:NETEX_LIGNE_STRUCTURE:"/>
            <routes>
                <Route version="any" id="Toutenbus:Route:4468@0">
                    <LineRef ref="Toutenbus:Line:4468"/>
                    <DirectionType>outbound</DirectionType>
                    <DirectionRef ref="gtfs:Direction:0" version="any"/>
                </Route>
                <Route version="any" id="Toutenbus:Route:4468@1">
                    <LineRef ref="Toutenbus:Line:4468"/>
                    <DirectionType>inbound</DirectionType>
                    <DirectionRef ref="gtfs:Direction:1" version="any"/>
                </Route>
            </routes>
            <lines>
                <Line version="any" id="Toutenbus:Line:4468">
                    <Name>UCEL Le Gustadou - VALS Collège</Name>
                    <ShortName>L68</ShortName>
                    <TransportMode>bus</TransportMode>
                    <PublicCode>L68</PublicCode>
                    <AuthorityRef ref="Toutenbus:Authority:44"/>
                    <Presentation>
                        <Colour>C0C0C0</Colour>
                        <TextColour>194696</TextColour>
                    </Presentation>
                </Line>
            </lines>
            <scheduledStopPoints>
                <ScheduledStopPoint version="any" id="Toutenbus:ScheduledStopPoint:44081">
                    <Name>Pont d'Ucel</Name>
                    <types>
                        <TypeOfPointRef ref="gtfs:TypeOfPoint:0" version="any"/>
                    </types>
                    <PublicCode>1</PublicCode>
                    <StopType>onstreetBus</StopType>
                </ScheduledStopPoint>
                <ScheduledStopPoint version="any" id="Toutenbus:ScheduledStopPoint:44517">
                    <Name>Ucel Ancienne Ecole</Name>
                    <types>
                        <TypeOfPointRef ref="gtfs:TypeOfPoint:0" version="any"/>
                    </types>
                    <StopType>onstreetBus</StopType>
                </ScheduledStopPoint>
                <ScheduledStopPoint version="any" id="Toutenbus:ScheduledStopPoint:44505">
                    <Name>Ucel Chamboulas</Name>
                    <types>
                        <TypeOfPointRef ref="gtfs:TypeOfPoint:0" version="any"/>
                    </types>
                    <StopType>onstreetBus</StopType>
                </ScheduledStopPoint>
                <ScheduledStopPoint version="any" id="Toutenbus:ScheduledStopPoint:44518">
                    <Name>Ucel Clos Des Chênes</Name>
                    <types>
                        <TypeOfPointRef ref="gtfs:TypeOfPoint:0" version="any"/>
                    </types>
                    <StopType>onstreetBus</StopType>
                </ScheduledStopPoint>
                <ScheduledStopPoint version="any" id="Toutenbus:ScheduledStopPoint:44511">
                    <Name>Ucel L'Olivet - Jean Gilly</Name>
                    <types>
                        <TypeOfPointRef ref="gtfs:TypeOfPoint:0" version="any"/>
                    </types>
                    <StopType>onstreetBus</StopType>
                </ScheduledStopPoint>
                <ScheduledStopPoint version="any" id="Toutenbus:ScheduledStopPoint:44526">
                    <Name>Ucel Le Gustadou</Name>
                    <types>
                        <TypeOfPointRef ref="gtfs:TypeOfPoint:0" version="any"/>
                    </types>
                    <StopType>onstreetBus</StopType>
                </ScheduledStopPoint>
                <ScheduledStopPoint version="any" id="Toutenbus:ScheduledStopPoint:44524">
                    <Name>Ucel Le Mas</Name>
                    <types>
                        <TypeOfPointRef ref="gtfs:TypeOfPoint:0" version="any"/>
                    </types>
                    <StopType>onstreetBus</StopType>
                </ScheduledStopPoint>
                <ScheduledStopPoint version="any" id="Toutenbus:ScheduledStopPoint:44506">
                    <Name>Ucel Le Sartre</Name>
                    <types>
                        <TypeOfPointRef ref="gtfs:TypeOfPoint:0" version="any"/>
                    </types>
                    <StopType>onstreetBus</StopType>
                </ScheduledStopPoint>
                <ScheduledStopPoint version="any" id="Toutenbus:ScheduledStopPoint:44504">
                    <Name>Ucel Les Vivets - Grand Village</Name>
                    <types>
                        <TypeOfPointRef ref="gtfs:TypeOfPoint:0" version="any"/>
                    </types>
                    <StopType>onstreetBus</StopType>
                </ScheduledStopPoint>
                <ScheduledStopPoint version="any" id="Toutenbus:ScheduledStopPoint:44527">
                    <Name>Vals Collège Gouy</Name>
                    <types>
                        <TypeOfPointRef ref="gtfs:TypeOfPoint:0" version="any"/>
                    </types>
                    <StopType>onstreetBus</StopType>
                </ScheduledStopPoint>
            </scheduledStopPoints>
            <stopAssignments>
                <PassengerStopAssignment version="any" id="Toutenbus:PassengerStopAssignment:44081">
                    <ScheduledStopPointRef ref="Toutenbus:ScheduledStopPoint:44081" version="any"/>
                    <StopPlaceRef ref="Toutenbus:StopPlace:44081" version="any"/>
                    <QuayRef ref="Toutenbus:Quay:44081" version="any"/>
                </PassengerStopAssignment>
                <PassengerStopAssignment version="any" id="Toutenbus:PassengerStopAssignment:44517">
                    <ScheduledStopPointRef ref="Toutenbus:ScheduledStopPoint:44517" version="any"/>
                    <StopPlaceRef ref="Toutenbus:StopPlace:44517" version="any"/>
                    <QuayRef ref="Toutenbus:Quay:44517" version="any"/>
                </PassengerStopAssignment>
                <PassengerStopAssignment version="any" id="Toutenbus:PassengerStopAssignment:44505">
                    <ScheduledStopPointRef ref="Toutenbus:ScheduledStopPoint:44505" version="any"/>
                    <StopPlaceRef ref="Toutenbus:StopPlace:44505" version="any"/>
                    <QuayRef ref="Toutenbus:Quay:44505" version="any"/>
                </PassengerStopAssignment>
                <PassengerStopAssignment version="any" id="Toutenbus:PassengerStopAssignment:44518">
                    <ScheduledStopPointRef ref="Toutenbus:ScheduledStopPoint:44518" version="any"/>
                    <StopPlaceRef ref="Toutenbus:StopPlace:44518" version="any"/>
                    <QuayRef ref="Toutenbus:Quay:44518" version="any"/>
                </PassengerStopAssignment>
                <PassengerStopAssignment version="any" id="Toutenbus:PassengerStopAssignment:44511">
                    <ScheduledStopPointRef ref="Toutenbus:ScheduledStopPoint:44511" version="any"/>
                    <StopPlaceRef ref="Toutenbus:StopPlace:44511" version="any"/>
                    <QuayRef ref="Toutenbus:Quay:44511" version="any"/>
                </PassengerStopAssignment>
                <PassengerStopAssignment version="any" id="Toutenbus:PassengerStopAssignment:44526">
                    <ScheduledStopPointRef ref="Toutenbus:ScheduledStopPoint:44526" version="any"/>
                    <StopPlaceRef ref="Toutenbus:StopPlace:44526" version="any"/>
                    <QuayRef ref="Toutenbus:Quay:44526" version="any"/>
                </PassengerStopAssignment>
                <PassengerStopAssignment version="any" id="Toutenbus:PassengerStopAssignment:44524">
                    <ScheduledStopPointRef ref="Toutenbus:ScheduledStopPoint:44524" version="any"/>
                    <StopPlaceRef ref="Toutenbus:StopPlace:44524" version="any"/>
                    <QuayRef ref="Toutenbus:Quay:44524" version="any"/>
                </PassengerStopAssignment>
                <PassengerStopAssignment version="any" id="Toutenbus:PassengerStopAssignment:44506">
                    <ScheduledStopPointRef ref="Toutenbus:ScheduledStopPoint:44506" version="any"/>
                    <StopPlaceRef ref="Toutenbus:StopPlace:44506" version="any"/>
                    <QuayRef ref="Toutenbus:Quay:44506" version="any"/>
                </PassengerStopAssignment>
                <PassengerStopAssignment version="any" id="Toutenbus:PassengerStopAssignment:44504">
                    <ScheduledStopPointRef ref="Toutenbus:ScheduledStopPoint:44504" version="any"/>
                    <StopPlaceRef ref="Toutenbus:StopPlace:44504" version="any"/>
                    <QuayRef ref="Toutenbus:Quay:44504" version="any"/>
                </PassengerStopAssignment>
                <PassengerStopAssignment version="any" id="Toutenbus:PassengerStopAssignment:44527">
                    <ScheduledStopPointRef ref="Toutenbus:ScheduledStopPoint:44527" version="any"/>
                    <StopPlaceRef ref="Toutenbus:StopPlace:44527" version="any"/>
                    <QuayRef ref="Toutenbus:Quay:44527" version="any"/>
                </PassengerStopAssignment>
            </stopAssignments>
            <journeyPatterns>
                <ServiceJourneyPattern version="any" id="Toutenbus:JourneyPattern:0:LOC">
                    <RouteRef ref="Toutenbus:Route:4468@0"/>
                    <DirectionType>outbound</DirectionType>
                    <DirectionRef ref="gtfs:Direction:0" version="any"/>
                    <pointsInSequence>
                        <StopPointInJourneyPattern order="0" id="Toutenbus:JourneyPattern:0@0:LOC">
                            <ScheduledStopPointRef ref="Toutenbus:ScheduledStopPoint:44526" version="any"/>
                            <ForAlighting>true</ForAlighting>
                            <ForBoarding>true</ForBoarding>
                            <RequestMethod>noneRequired</RequestMethod>
                        </StopPointInJourneyPattern>
                        <StopPointInJourneyPattern order="1" id="Toutenbus:JourneyPattern:0@1:LOC">
                            <ScheduledStopPointRef ref="Toutenbus:ScheduledStopPoint:44518" version="any"/>
                            <ForAlighting>true</ForAlighting>
                            <ForBoarding>true</ForBoarding>
                            <RequestMethod>noneRequired</RequestMethod>
                        </StopPointInJourneyPattern>
                        <StopPointInJourneyPattern order="2" id="Toutenbus:JourneyPattern:0@2:LOC">
                            <ScheduledStopPointRef ref="Toutenbus:ScheduledStopPoint:44511" version="any"/>
                            <ForAlighting>true</ForAlighting>
                            <ForBoarding>true</ForBoarding>
                            <RequestMethod>noneRequired</RequestMethod>
                        </StopPointInJourneyPattern>
                        <StopPointInJourneyPattern order="3" id="Toutenbus:JourneyPattern:0@3:LOC">
                            <ScheduledStopPointRef ref="Toutenbus:ScheduledStopPoint:44506" version="any"/>
                            <ForAlighting>true</ForAlighting>
                            <ForBoarding>true</ForBoarding>
                            <RequestMethod>noneRequired</RequestMethod>
                        </StopPointInJourneyPattern>
                        <StopPointInJourneyPattern order="4" id="Toutenbus:JourneyPattern:0@4:LOC">
                            <ScheduledStopPointRef ref="Toutenbus:ScheduledStopPoint:44524" version="any"/>
                            <ForAlighting>true</ForAlighting>
                            <ForBoarding>true</ForBoarding>
                            <RequestMethod>noneRequired</RequestMethod>
                        </StopPointInJourneyPattern>
                        <StopPointInJourneyPattern order="5" id="Toutenbus:JourneyPattern:0@5:LOC">
                            <ScheduledStopPointRef ref="Toutenbus:ScheduledStopPoint:44504" version="any"/>
                            <ForAlighting>true</ForAlighting>
                            <ForBoarding>true</ForBoarding>
                            <RequestMethod>noneRequired</RequestMethod>
                        </StopPointInJourneyPattern>
                        <StopPointInJourneyPattern order="6" id="Toutenbus:JourneyPattern:0@6:LOC">
                            <ScheduledStopPointRef ref="Toutenbus:ScheduledStopPoint:44527" version="any"/>
                            <ForAlighting>true</ForAlighting>
                            <ForBoarding>true</ForBoarding>
                            <RequestMethod>noneRequired</RequestMethod>
                        </StopPointInJourneyPattern>
                    </pointsInSequence>
                </ServiceJourneyPattern>
                <ServiceJourneyPattern version="any" id="Toutenbus:JourneyPattern:1:LOC">
                    <RouteRef ref="Toutenbus:Route:4468@1"/>
                    <DirectionType>inbound</DirectionType>
                    <DirectionRef ref="gtfs:Direction:1" version="any"/>
                    <pointsInSequence>
                        <StopPointInJourneyPattern order="0" id="Toutenbus:JourneyPattern:1@0:LOC">
                            <ScheduledStopPointRef ref="Toutenbus:ScheduledStopPoint:44527" version="any"/>
                            <ForAlighting>true</ForAlighting>
                            <ForBoarding>true</ForBoarding>
                            <RequestMethod>noneRequired</RequestMethod>
                        </StopPointInJourneyPattern>
                        <StopPointInJourneyPattern order="1" id="Toutenbus:JourneyPattern:1@1:LOC">
                            <ScheduledStopPointRef ref="Toutenbus:ScheduledStopPoint:44505" version="any"/>
                            <ForAlighting>true</ForAlighting>
                            <ForBoarding>true</ForBoarding>
                            <RequestMethod>noneRequired</RequestMethod>
                        </StopPointInJourneyPattern>
                        <StopPointInJourneyPattern order="2" id="Toutenbus:JourneyPattern:1@2:LOC">
                            <ScheduledStopPointRef ref="Toutenbus:ScheduledStopPoint:44517" version="any"/>
                            <ForAlighting>true</ForAlighting>
                            <ForBoarding>true</ForBoarding>
                            <RequestMethod>noneRequired</RequestMethod>
                        </StopPointInJourneyPattern>
                        <StopPointInJourneyPattern order="3" id="Toutenbus:JourneyPattern:1@3:LOC">
                            <ScheduledStopPointRef ref="Toutenbus:ScheduledStopPoint:44504" version="any"/>
                            <ForAlighting>true</ForAlighting>
                            <ForBoarding>true</ForBoarding>
                            <RequestMethod>noneRequired</RequestMethod>
                        </StopPointInJourneyPattern>
                        <StopPointInJourneyPattern order="4" id="Toutenbus:JourneyPattern:1@4:LOC">
                            <ScheduledStopPointRef ref="Toutenbus:ScheduledStopPoint:44524" version="any"/>
                            <ForAlighting>true</ForAlighting>
                            <ForBoarding>true</ForBoarding>
                            <RequestMethod>noneRequired</RequestMethod>
                        </StopPointInJourneyPattern>
                        <StopPointInJourneyPattern order="5" id="Toutenbus:JourneyPattern:1@5:LOC">
                            <ScheduledStopPointRef ref="Toutenbus:ScheduledStopPoint:44506" version="any"/>
                            <ForAlighting>true</ForAlighting>
                            <ForBoarding>true</ForBoarding>
                            <RequestMethod>noneRequired</RequestMethod>
                        </StopPointInJourneyPattern>
                        <StopPointInJourneyPattern order="6" id="Toutenbus:JourneyPattern:1@6:LOC">
                            <ScheduledStopPointRef ref="Toutenbus:ScheduledStopPoint:44511" version="any"/>
                            <ForAlighting>true</ForAlighting>
                            <ForBoarding>true</ForBoarding>
                            <RequestMethod>noneRequired</RequestMethod>
                        </StopPointInJourneyPattern>
                        <StopPointInJourneyPattern order="7" id="Toutenbus:JourneyPattern:1@7:LOC">
                            <ScheduledStopPointRef ref="Toutenbus:ScheduledStopPoint:44518" version="any"/>
                            <ForAlighting>true</ForAlighting>
                            <ForBoarding>true</ForBoarding>
                            <RequestMethod>noneRequired</RequestMethod>
                        </StopPointInJourneyPattern>
                        <StopPointInJourneyPattern order="8" id="Toutenbus:JourneyPattern:1@8:LOC">
                            <ScheduledStopPointRef ref="Toutenbus:ScheduledStopPoint:44526" version="any"/>
                            <ForAlighting>true</ForAlighting>
                            <ForBoarding>true</ForBoarding>
                            <RequestMethod>noneRequired</RequestMethod>
                        </StopPointInJourneyPattern>
                        <StopPointInJourneyPattern order="9" id="Toutenbus:JourneyPattern:1@9:LOC">
                            <ScheduledStopPointRef ref="Toutenbus:ScheduledStopPoint:44081" version="any"/>
                            <ForAlighting>true</ForAlighting>
                            <ForBoarding>true</ForBoarding>
                            <RequestMethod>noneRequired</RequestMethod>
                        </StopPointInJourneyPattern>
                    </pointsInSequence>
                </ServiceJourneyPattern>
            </journeyPatterns>
        </ServiceFrame>
        <TimetableFrame version="any" id="Toutenbus:TimetableFrame:0:LOC">
            <TypeOfFrameRef ref="FR:TypeOfFrame:NETEX_HORAIRE:"/>
            <vehicleJourneys>
                <ServiceJourney version="any" id="Toutenbus:ServiceJourney:56801">
                    <LinkSequenceProjectionRef ref="Toutenbus:LinkSequenceProjection:4468:1" version="any"/>
                    <dayTypes>
                        <DayTypeRef ref="Toutenbus:DayType:254421" version="any"/>
                    </dayTypes>
                    <ServiceJourneyPatternRef ref="Toutenbus:JourneyPattern:0:LOC"/>
                    <BlockRef ref="Toutenbus:Block:L68V01" version="any"/>
                    <LineRef ref="Toutenbus:Line:4468" version="any"/>
                    <JourneyPatternView>
                        <DirectionType>outbound</DirectionType>
                        <DirectionRef ref="gtfs:Direction:0" version="any"/>
                        <DestinationDisplayView>
                            <Name>Vals Collège Gouy</Name>
                        </DestinationDisplayView>
                    </JourneyPatternView>
                    <passingTimes>
                        <TimetabledPassingTime>
                            <PointInJourneyPatternRef ref="Toutenbus:JourneyPattern:0@0:LOC"/>
                            <ArrivalTime>07:40:00</ArrivalTime>
                            <DepartureTime>07:40:00</DepartureTime>
                        </TimetabledPassingTime>
                        <TimetabledPassingTime>
                            <PointInJourneyPatternRef ref="Toutenbus:JourneyPattern:0@1:LOC"/>
                            <ArrivalTime>07:41:00</ArrivalTime>
                            <DepartureTime>07:41:00</DepartureTime>
                        </TimetabledPassingTime>
                        <TimetabledPassingTime>
                            <PointInJourneyPatternRef ref="Toutenbus:JourneyPattern:0@2:LOC"/>
                            <ArrivalTime>07:42:00</ArrivalTime>
                            <DepartureTime>07:42:00</DepartureTime>
                        </TimetabledPassingTime>
                        <TimetabledPassingTime>
                            <PointInJourneyPatternRef ref="Toutenbus:JourneyPattern:0@3:LOC"/>
                            <ArrivalTime>07:43:00</ArrivalTime>
                            <DepartureTime>07:43:00</DepartureTime>
                        </TimetabledPassingTime>
                        <TimetabledPassingTime>
                            <PointInJourneyPatternRef ref="Toutenbus:JourneyPattern:0@4:LOC"/>
                            <ArrivalTime>07:45:00</ArrivalTime>
                            <DepartureTime>07:45:00</DepartureTime>
                        </TimetabledPassingTime>
                        <TimetabledPassingTime>
                            <PointInJourneyPatternRef ref="Toutenbus:JourneyPattern:0@5:LOC"/>
                            <ArrivalTime>07:47:00</ArrivalTime>
                            <DepartureTime>07:47:00</DepartureTime>
                        </TimetabledPassingTime>
                        <TimetabledPassingTime>
                            <PointInJourneyPatternRef ref="Toutenbus:JourneyPattern:0@6:LOC"/>
                            <ArrivalTime>08:00:00</ArrivalTime>
                            <DepartureTime>08:00:00</DepartureTime>
                        </TimetabledPassingTime>
                    </passingTimes>
                    <facilities>
                        <ServiceFacilitySetRef ref="gtfs:ServiceFacilitySet:LUGGAGE_NO_CYCLES"/>
                    </facilities>
                </ServiceJourney>
                <ServiceJourney version="any" id="Toutenbus:ServiceJourney:56804">
                    <LinkSequenceProjectionRef ref="Toutenbus:LinkSequenceProjection:4468:2" version="any"/>
                    <dayTypes>
                        <DayTypeRef ref="Toutenbus:DayType:254423" version="any"/>
                    </dayTypes>
                    <ServiceJourneyPatternRef ref="Toutenbus:JourneyPattern:1:LOC"/>
                    <BlockRef ref="Toutenbus:Block:L68V01" version="any"/>
                    <LineRef ref="Toutenbus:Line:4468" version="any"/>
                    <JourneyPatternView>
                        <DirectionType>inbound</DirectionType>
                        <DirectionRef ref="gtfs:Direction:1" version="any"/>
                        <DestinationDisplayView>
                            <Name>Pont d'Ucel</Name>
                        </DestinationDisplayView>
                    </JourneyPatternView>
                    <passingTimes>
                        <TimetabledPassingTime>
                            <PointInJourneyPatternRef ref="Toutenbus:JourneyPattern:1@0:LOC"/>
                            <ArrivalTime>13:00:00</ArrivalTime>
                            <DepartureTime>13:00:00</DepartureTime>
                        </TimetabledPassingTime>
                        <TimetabledPassingTime>
                            <PointInJourneyPatternRef ref="Toutenbus:JourneyPattern:1@1:LOC"/>
                            <ArrivalTime>13:05:00</ArrivalTime>
                            <DepartureTime>13:05:00</DepartureTime>
                        </TimetabledPassingTime>
                        <TimetabledPassingTime>
                            <PointInJourneyPatternRef ref="Toutenbus:JourneyPattern:1@2:LOC"/>
                            <ArrivalTime>13:07:00</ArrivalTime>
                            <DepartureTime>13:07:00</DepartureTime>
                        </TimetabledPassingTime>
                        <TimetabledPassingTime>
                            <PointInJourneyPatternRef ref="Toutenbus:JourneyPattern:1@3:LOC"/>
                            <ArrivalTime>13:09:00</ArrivalTime>
                            <DepartureTime>13:09:00</DepartureTime>
                        </TimetabledPassingTime>
                        <TimetabledPassingTime>
                            <PointInJourneyPatternRef ref="Toutenbus:JourneyPattern:1@4:LOC"/>
                            <ArrivalTime>13:10:00</ArrivalTime>
                            <DepartureTime>13:10:00</DepartureTime>
                        </TimetabledPassingTime>
                        <TimetabledPassingTime>
                            <PointInJourneyPatternRef ref="Toutenbus:JourneyPattern:1@5:LOC"/>
                            <ArrivalTime>13:13:00</ArrivalTime>
                            <DepartureTime>13:13:00</DepartureTime>
                        </TimetabledPassingTime>
                        <TimetabledPassingTime>
                            <PointInJourneyPatternRef ref="Toutenbus:JourneyPattern:1@6:LOC"/>
                            <ArrivalTime>13:14:00</ArrivalTime>
                            <DepartureTime>13:14:00</DepartureTime>
                        </TimetabledPassingTime>
                        <TimetabledPassingTime>
                            <PointInJourneyPatternRef ref="Toutenbus:JourneyPattern:1@7:LOC"/>
                            <ArrivalTime>13:15:00</ArrivalTime>
                            <DepartureTime>13:15:00</DepartureTime>
                        </TimetabledPassingTime>
                        <TimetabledPassingTime>
                            <PointInJourneyPatternRef ref="Toutenbus:JourneyPattern:1@8:LOC"/>
                            <ArrivalTime>13:17:00</ArrivalTime>
                            <DepartureTime>13:17:00</DepartureTime>
                        </TimetabledPassingTime>
                        <TimetabledPassingTime>
                            <PointInJourneyPatternRef ref="Toutenbus:JourneyPattern:1@9:LOC"/>
                            <ArrivalTime>13:19:00</ArrivalTime>
                            <DepartureTime>13:19:00</DepartureTime>
                        </TimetabledPassingTime>
                    </passingTimes>
                    <facilities>
                        <ServiceFacilitySetRef ref="gtfs:ServiceFacilitySet:LUGGAGE_NO_CYCLES"/>
                    </facilities>
                </ServiceJourney>
                <ServiceJourney version="any" id="Toutenbus:ServiceJourney:56802">
                    <LinkSequenceProjectionRef ref="Toutenbus:LinkSequenceProjection:4468:2" version="any"/>
                    <dayTypes>
                        <DayTypeRef ref="Toutenbus:DayType:254422" version="any"/>
                    </dayTypes>
                    <ServiceJourneyPatternRef ref="Toutenbus:JourneyPattern:1:LOC"/>
                    <BlockRef ref="Toutenbus:Block:L68V01" version="any"/>
                    <LineRef ref="Toutenbus:Line:4468" version="any"/>
                    <JourneyPatternView>
                        <DirectionType>inbound</DirectionType>
                        <DirectionRef ref="gtfs:Direction:1" version="any"/>
                        <DestinationDisplayView>
                            <Name>Pont d'Ucel</Name>
                        </DestinationDisplayView>
                    </JourneyPatternView>
                    <passingTimes>
                        <TimetabledPassingTime>
                            <PointInJourneyPatternRef ref="Toutenbus:JourneyPattern:1@0:LOC"/>
                            <ArrivalTime>16:35:00</ArrivalTime>
                            <DepartureTime>16:35:00</DepartureTime>
                        </TimetabledPassingTime>
                        <TimetabledPassingTime>
                            <PointInJourneyPatternRef ref="Toutenbus:JourneyPattern:1@1:LOC"/>
                            <ArrivalTime>16:40:00</ArrivalTime>
                            <DepartureTime>16:40:00</DepartureTime>
                        </TimetabledPassingTime>
                        <TimetabledPassingTime>
                            <PointInJourneyPatternRef ref="Toutenbus:JourneyPattern:1@2:LOC"/>
                            <ArrivalTime>16:42:00</ArrivalTime>
                            <DepartureTime>16:42:00</DepartureTime>
                        </TimetabledPassingTime>
                        <TimetabledPassingTime>
                            <PointInJourneyPatternRef ref="Toutenbus:JourneyPattern:1@3:LOC"/>
                            <ArrivalTime>16:44:00</ArrivalTime>
                            <DepartureTime>16:44:00</DepartureTime>
                        </TimetabledPassingTime>
                        <TimetabledPassingTime>
                            <PointInJourneyPatternRef ref="Toutenbus:JourneyPattern:1@4:LOC"/>
                            <ArrivalTime>16:45:00</ArrivalTime>
                            <DepartureTime>16:45:00</DepartureTime>
                        </TimetabledPassingTime>
                        <TimetabledPassingTime>
                            <PointInJourneyPatternRef ref="Toutenbus:JourneyPattern:1@5:LOC"/>
                            <ArrivalTime>16:48:00</ArrivalTime>
                            <DepartureTime>16:48:00</DepartureTime>
                        </TimetabledPassingTime>
                        <TimetabledPassingTime>
                            <PointInJourneyPatternRef ref="Toutenbus:JourneyPattern:1@6:LOC"/>
                            <ArrivalTime>16:49:00</ArrivalTime>
                            <DepartureTime>16:49:00</DepartureTime>
                        </TimetabledPassingTime>
                        <TimetabledPassingTime>
                            <PointInJourneyPatternRef ref="Toutenbus:JourneyPattern:1@7:LOC"/>
                            <ArrivalTime>16:50:00</ArrivalTime>
                            <DepartureTime>16:50:00</DepartureTime>
                        </TimetabledPassingTime>
                        <TimetabledPassingTime>
                            <PointInJourneyPatternRef ref="Toutenbus:JourneyPattern:1@8:LOC"/>
                            <ArrivalTime>16:52:00</ArrivalTime>
                            <DepartureTime>16:52:00</DepartureTime>
                        </TimetabledPassingTime>
                        <TimetabledPassingTime>
                            <PointInJourneyPatternRef ref="Toutenbus:JourneyPattern:1@9:LOC"/>
                            <ArrivalTime>16:54:00</ArrivalTime>
                            <DepartureTime>16:54:00</DepartureTime>
                        </TimetabledPassingTime>
                    </passingTimes>
                    <facilities>
                        <ServiceFacilitySetRef ref="gtfs:ServiceFacilitySet:LUGGAGE_NO_CYCLES"/>
                    </facilities>
                </ServiceJourney>
            </vehicleJourneys>
        </TimetableFrame>
        <VehicleScheduleFrame version="any" id="Toutenbus:VehicleScheduleFrame:0:LOC">
            <TypeOfFrameRef ref="FR:TypeOfFrame:NETEX_HORAIRE:"/>
            <blocks>
                <Block version="any" id="Toutenbus:Block:L68V01">
                    <Name>L68V01</Name>
                </Block>
            </blocks>
        </VehicleScheduleFrame>
        <GeneralFrame version="any" id="Toutenbus:GeneralFrame:0:LOC">
            <TypeOfFrameRef ref="FR:TypeOfFrame:NETEX_LIGNE_STRUCTURE:"/>
            <members>
                <LinkSequenceProjection version="any" id="Toutenbus:LinkSequenceProjection:4468:1">
                    <ns2:LineString srsName="WGS84" ns2:id="LS4468_1">
                        <ns2:pos>44.63652038574219 4.399167537689209</ns2:pos>
                        <ns2:pos>44.63650131225586 4.3991498947143555</ns2:pos>
                        <ns2:pos>44.636451721191406 4.399240016937256</ns2:pos>
                        <ns2:pos>44.63637161254883 4.399199962615967</ns2:pos>
                        <ns2:pos>44.63623809814453 4.399209976196289</ns2:pos>
                        <ns2:pos>44.63618087768555 4.3992600440979</ns2:pos>
                        <ns2:pos>44.63616180419922 4.3993000984191895</ns2:pos>
                        <ns2:pos>44.636070251464844 4.399580001831055</ns2:pos>
                        <ns2:pos>44.635921478271484 4.400350093841553</ns2:pos>
                        <ns2:pos>44.63591003417969 4.400660037994385</ns2:pos>
                        <ns2:pos>44.635948181152344 4.401010036468506</ns2:pos>
                        <ns2:pos>44.63594055175781 4.401130199432373</ns2:pos>
                        <ns2:pos>44.635860443115234 4.401319980621338</ns2:pos>
                        <ns2:pos>44.63581085205078 4.401400089263916</ns2:pos>
                        <ns2:pos>44.63544845581055 4.401730060577393</ns2:pos>
                        <ns2:pos>44.635318756103516 4.401800155639648</ns2:pos>
                        <ns2:pos>44.6351203918457 4.401790142059326</ns2:pos>
                        <ns2:pos>44.634979248046875 4.401760101318359</ns2:pos>
                        <ns2:pos>44.63446044921875 4.401569843292236</ns2:pos>
                        <ns2:pos>44.63434982299805 4.401549816131592</ns2:pos>
                        <ns2:pos>44.63397979736328 4.401390075683594</ns2:pos>
                        <ns2:pos>44.63386917114258 4.401259899139404</ns2:pos>
                        <ns2:pos>44.63370132446289 4.400889873504639</ns2:pos>
                        <ns2:pos>44.63357162475586 4.400740146636963</ns2:pos>
                        <ns2:pos>44.63352966308594 4.400730133056641</ns2:pos>
                        <ns2:pos>44.633460998535156 4.400750160217285</ns2:pos>
                        <ns2:pos>44.63338088989258 4.40084981918335</ns2:pos>
                        <ns2:pos>44.6332893371582 4.401350021362305</ns2:pos>
                        <ns2:pos>44.6332893371582 4.401350021362305</ns2:pos>
                        <ns2:pos>44.6332893371582 4.4013800621032715</ns2:pos>
                        <ns2:pos>44.633209228515625 4.401679992675781</ns2:pos>
                        <ns2:pos>44.63315963745117 4.401810169219971</ns2:pos>
                        <ns2:pos>44.63304901123047 4.401989936828613</ns2:pos>
                        <ns2:pos>44.632999420166016 4.402029991149902</ns2:pos>
                        <ns2:pos>44.632911682128906 4.402060031890869</ns2:pos>
                        <ns2:pos>44.63275146484375 4.40201997756958</ns2:pos>
                        <ns2:pos>44.632530212402344 4.401879787445068</ns2:pos>
                        <ns2:pos>44.63235092163086 4.401810169219971</ns2:pos>
                        <ns2:pos>44.63216018676758 4.401810169219971</ns2:pos>
                        <ns2:pos>44.631568908691406 4.401919841766357</ns2:pos>
                        <ns2:pos>44.630950927734375 4.401820182800293</ns2:pos>
                        <ns2:pos>44.630741119384766 4.401810169219971</ns2:pos>
                        <ns2:pos>44.630531311035156 4.4018402099609375</ns2:pos>
                        <ns2:pos>44.63016128540039 4.401939868927002</ns2:pos>
                        <ns2:pos>44.630008697509766 4.401939868927002</ns2:pos>
                        <ns2:pos>44.62982940673828 4.401889801025391</ns2:pos>
                        <ns2:pos>44.6296501159668 4.401800155639648</ns2:pos>
                        <ns2:pos>44.62950897216797 4.401700019836426</ns2:pos>
                        <ns2:pos>44.629390716552734 4.401569843292236</ns2:pos>
                        <ns2:pos>44.62919998168945 4.401199817657471</ns2:pos>
                        <ns2:pos>44.629329681396484 4.401090145111084</ns2:pos>
                        <ns2:pos>44.62942123413086 4.40093994140625</ns2:pos>
                        <ns2:pos>44.629459381103516 4.400599956512451</ns2:pos>
                        <ns2:pos>44.62944030761719 4.400410175323486</ns2:pos>
                        <ns2:pos>44.629268646240234 4.399580001831055</ns2:pos>
                        <ns2:pos>44.62921905517578 4.3992600440979</ns2:pos>
                        <ns2:pos>44.62921905517578 4.399139881134033</ns2:pos>
                        <ns2:pos>44.6292610168457 4.398809909820557</ns2:pos>
                        <ns2:pos>44.629310607910156 4.398580074310303</ns2:pos>
                        <ns2:pos>44.62936019897461 4.398499965667725</ns2:pos>
                        <ns2:pos>44.62950134277344 4.398379802703857</ns2:pos>
                        <ns2:pos>44.62982177734375 4.39818000793457</ns2:pos>
                        <ns2:pos>44.63016128540039 4.398029804229736</ns2:pos>
                        <ns2:pos>44.630279541015625 4.397950172424316</ns2:pos>
                        <ns2:pos>44.63037872314453 4.39778995513916</ns2:pos>
                        <ns2:pos>44.630401611328125 4.397709846496582</ns2:pos>
                        <ns2:pos>44.630428314208984 4.397669792175293</ns2:pos>
                        <ns2:pos>44.63042068481445 4.397610187530518</ns2:pos>
                        <ns2:pos>44.63047790527344 4.397593975067139</ns2:pos>
                        <ns2:pos>44.63047790527344 4.3976898193359375</ns2:pos>
                        <ns2:pos>44.63051986694336 4.3976898193359375</ns2:pos>
                        <ns2:pos>44.63056945800781 4.397759914398193</ns2:pos>
                        <ns2:pos>44.630619049072266 4.397890090942383</ns2:pos>
                        <ns2:pos>44.63066864013672 4.398069858551025</ns2:pos>
                        <ns2:pos>44.63079833984375 4.398240089416504</ns2:pos>
                        <ns2:pos>44.630889892578125 4.398399829864502</ns2:pos>
                        <ns2:pos>44.630950927734375 4.398640155792236</ns2:pos>
                        <ns2:pos>44.6309700012207 4.398859977722168</ns2:pos>
                        <ns2:pos>44.6309700012207 4.399059772491455</ns2:pos>
                        <ns2:pos>44.63093185424805 4.399280071258545</ns2:pos>
                        <ns2:pos>44.63087844848633 4.39946985244751</ns2:pos>
                        <ns2:pos>44.63087844848633 4.399580001831055</ns2:pos>
                        <ns2:pos>44.63093948364258 4.399670124053955</ns2:pos>
                        <ns2:pos>44.631019592285156 4.399750232696533</ns2:pos>
                        <ns2:pos>44.631141662597656 4.399829864501953</ns2:pos>
                        <ns2:pos>44.63134002685547 4.39946985244751</ns2:pos>
                        <ns2:pos>44.63145065307617 4.3993401527404785</ns2:pos>
                        <ns2:pos>44.631629943847656 4.399219989776611</ns2:pos>
                        <ns2:pos>44.63174819946289 4.399109840393066</ns2:pos>
                        <ns2:pos>44.63188934326172 4.398990154266357</ns2:pos>
                        <ns2:pos>44.63206100463867 4.3988800048828125</ns2:pos>
                        <ns2:pos>44.632408142089844 4.398680210113525</ns2:pos>
                        <ns2:pos>44.632591247558594 4.398600101470947</ns2:pos>
                        <ns2:pos>44.6328010559082 4.398540019989014</ns2:pos>
                        <ns2:pos>44.63290023803711 4.398499965667725</ns2:pos>
                        <ns2:pos>44.63298034667969 4.39838981628418</ns2:pos>
                        <ns2:pos>44.633079528808594 4.398169994354248</ns2:pos>
                        <ns2:pos>44.633140563964844 4.397980213165283</ns2:pos>
                        <ns2:pos>44.633148193359375 4.39792013168335</ns2:pos>
                        <ns2:pos>44.63323974609375 4.3978800773620605</ns2:pos>
                        <ns2:pos>44.63370132446289 4.397515773773193</ns2:pos>
                        <ns2:pos>44.63370895385742 4.397510528564453</ns2:pos>
                        <ns2:pos>44.63370895385742 4.397510528564453</ns2:pos>
                        <ns2:pos>44.63370895385742 4.397510051727295</ns2:pos>
                        <ns2:pos>44.63376998901367 4.397439956665039</ns2:pos>
                        <ns2:pos>44.63370132446289 4.397369861602783</ns2:pos>
                        <ns2:pos>44.63362121582031 4.397190093994141</ns2:pos>
                        <ns2:pos>44.63362121582031 4.39709997177124</ns2:pos>
                        <ns2:pos>44.633670806884766 4.3969597816467285</ns2:pos>
                        <ns2:pos>44.63376998901367 4.396880149841309</ns2:pos>
                        <ns2:pos>44.63393020629883 4.396810054779053</ns2:pos>
                        <ns2:pos>44.634220123291016 4.396759986877441</ns2:pos>
                        <ns2:pos>44.63444900512695 4.396759986877441</ns2:pos>
                        <ns2:pos>44.634708404541016 4.396739959716797</ns2:pos>
                        <ns2:pos>44.634971618652344 4.396759986877441</ns2:pos>
                        <ns2:pos>44.635231018066406 4.396770000457764</ns2:pos>
                        <ns2:pos>44.635379791259766 4.396780014038086</ns2:pos>
                        <ns2:pos>44.63547897338867 4.396729946136475</ns2:pos>
                        <ns2:pos>44.635501861572266 4.396699905395508</ns2:pos>
                        <ns2:pos>44.63568878173828 4.396480083465576</ns2:pos>
                        <ns2:pos>44.63576889038086 4.396200180053711</ns2:pos>
                        <ns2:pos>44.63584899902344 4.396029949188232</ns2:pos>
                        <ns2:pos>44.636051177978516 4.395689964294434</ns2:pos>
                        <ns2:pos>44.63621139526367 4.395400047302246</ns2:pos>
                        <ns2:pos>44.636329650878906 4.395249843597412</ns2:pos>
                        <ns2:pos>44.63637161254883 4.3951897621154785</ns2:pos>
                        <ns2:pos>44.636661529541016 4.395150184631348</ns2:pos>
                        <ns2:pos>44.63679885864258 4.395130157470703</ns2:pos>
                        <ns2:pos>44.636871337890625 4.395100116729736</ns2:pos>
                        <ns2:pos>44.636940002441406 4.3950300216674805</ns2:pos>
                        <ns2:pos>44.63713073730469 4.394710063934326</ns2:pos>
                        <ns2:pos>44.63727951049805 4.394370079040527</ns2:pos>
                        <ns2:pos>44.637657165527344 4.393642902374268</ns2:pos>
                        <ns2:pos>44.63766098022461 4.393640041351318</ns2:pos>
                        <ns2:pos>44.63765335083008 4.393632411956787</ns2:pos>
                        <ns2:pos>44.63766860961914 4.393610000610352</ns2:pos>
                        <ns2:pos>44.63759994506836 4.3935699462890625</ns2:pos>
                        <ns2:pos>44.6368408203125 4.392930030822754</ns2:pos>
                        <ns2:pos>44.6362190246582 4.392489910125732</ns2:pos>
                        <ns2:pos>44.636138916015625 4.392399787902832</ns2:pos>
                        <ns2:pos>44.636138916015625 4.392320156097412</ns2:pos>
                        <ns2:pos>44.63616943359375 4.392250061035156</ns2:pos>
                        <ns2:pos>44.6362190246582 4.392189979553223</ns2:pos>
                        <ns2:pos>44.63637161254883 4.392139911651611</ns2:pos>
                        <ns2:pos>44.6368293762207 4.392099857330322</ns2:pos>
                        <ns2:pos>44.63703918457031 4.392129898071289</ns2:pos>
                        <ns2:pos>44.637420654296875 4.3922600746154785</ns2:pos>
                        <ns2:pos>44.637550354003906 4.392290115356445</ns2:pos>
                        <ns2:pos>44.63764953613281 4.392290115356445</ns2:pos>
                        <ns2:pos>44.637840270996094 4.392240047454834</ns2:pos>
                        <ns2:pos>44.63808822631836 4.392119884490967</ns2:pos>
                        <ns2:pos>44.638248443603516 4.392029762268066</ns2:pos>
                        <ns2:pos>44.6384391784668 4.391880035400391</ns2:pos>
                        <ns2:pos>44.63861083984375 4.3917999267578125</ns2:pos>
                        <ns2:pos>44.63877868652344 4.3917999267578125</ns2:pos>
                        <ns2:pos>44.6391716003418 4.391860008239746</ns2:pos>
                        <ns2:pos>44.63956832885742 4.391970157623291</ns2:pos>
                        <ns2:pos>44.6397705078125 4.392049789428711</ns2:pos>
                        <ns2:pos>44.64009094238281 4.392126560211182</ns2:pos>
                        <ns2:pos>44.640380859375 4.392159938812256</ns2:pos>
                        <ns2:pos>44.64052963256836 4.392139911651611</ns2:pos>
                        <ns2:pos>44.640628814697266 4.39208984375</ns2:pos>
                        <ns2:pos>44.64073181152344 4.39201021194458</ns2:pos>
                        <ns2:pos>44.64088821411133 4.391749858856201</ns2:pos>
                        <ns2:pos>44.64120101928711 4.390860080718994</ns2:pos>
                        <ns2:pos>44.64139938354492 4.390140056610107</ns2:pos>
                        <ns2:pos>44.641441345214844 4.389900207519531</ns2:pos>
                        <ns2:pos>44.64141845703125 4.389639854431152</ns2:pos>
                        <ns2:pos>44.64147186279297 4.389540195465088</ns2:pos>
                        <ns2:pos>44.64168167114258 4.389289855957031</ns2:pos>
                        <ns2:pos>44.64173126220703 4.389150142669678</ns2:pos>
                        <ns2:pos>44.641761779785156 4.3889899253845215</ns2:pos>
                        <ns2:pos>44.64176940917969 4.388879776000977</ns2:pos>
                        <ns2:pos>44.64173889160156 4.3886399269104</ns2:pos>
                        <ns2:pos>44.64167022705078 4.388490200042725</ns2:pos>
                        <ns2:pos>44.64154815673828 4.388390064239502</ns2:pos>
                        <ns2:pos>44.64139175415039 4.388329982757568</ns2:pos>
                        <ns2:pos>44.64073944091797 4.388229846954346</ns2:pos>
                        <ns2:pos>44.64067077636719 4.388179779052734</ns2:pos>
                        <ns2:pos>44.64064025878906 4.388130187988281</ns2:pos>
                        <ns2:pos>44.641300201416016 4.388000011444092</ns2:pos>
                        <ns2:pos>44.64152145385742 4.3879899978637695</ns2:pos>
                        <ns2:pos>44.641639709472656 4.388000011444092</ns2:pos>
                        <ns2:pos>44.64200973510742 4.388199806213379</ns2:pos>
                        <ns2:pos>44.64215850830078 4.38824987411499</ns2:pos>
                        <ns2:pos>44.64223098754883 4.38824987411499</ns2:pos>
                        <ns2:pos>44.64226150512695 4.388209819793701</ns2:pos>
                        <ns2:pos>44.64226150512695 4.388179779052734</ns2:pos>
                        <ns2:pos>44.64223098754883 4.388120174407959</ns2:pos>
                        <ns2:pos>44.64204025268555 4.3879899978637695</ns2:pos>
                        <ns2:pos>44.64165115356445 4.387030124664307</ns2:pos>
                        <ns2:pos>44.64154815673828 4.386919975280762</ns2:pos>
                        <ns2:pos>44.641761779785156 4.386380195617676</ns2:pos>
                        <ns2:pos>44.641788482666016 4.386079788208008</ns2:pos>
                        <ns2:pos>44.641761779785156 4.385190010070801</ns2:pos>
                        <ns2:pos>44.64168930053711 4.3845601081848145</ns2:pos>
                        <ns2:pos>44.641578674316406 4.383959770202637</ns2:pos>
                        <ns2:pos>44.641571044921875 4.383739948272705</ns2:pos>
                        <ns2:pos>44.641639709472656 4.3833699226379395</ns2:pos>
                        <ns2:pos>44.64175033569336 4.383080005645752</ns2:pos>
                        <ns2:pos>44.641849517822266 4.382919788360596</ns2:pos>
                        <ns2:pos>44.64216995239258 4.382530212402344</ns2:pos>
                        <ns2:pos>44.642250061035156 4.382390022277832</ns2:pos>
                        <ns2:pos>44.64234161376953 4.382160186767578</ns2:pos>
                        <ns2:pos>44.64242935180664 4.381830215454102</ns2:pos>
                        <ns2:pos>44.64247131347656 4.381569862365723</ns2:pos>
                        <ns2:pos>44.64247131347656 4.38139009475708</ns2:pos>
                        <ns2:pos>44.642459869384766 4.38129997253418</ns2:pos>
                        <ns2:pos>44.64234161376953 4.380849838256836</ns2:pos>
                        <ns2:pos>44.642311096191406 4.380660057067871</ns2:pos>
                        <ns2:pos>44.642311096191406 4.380499839782715</ns2:pos>
                        <ns2:pos>44.642330169677734 4.380370140075684</ns2:pos>
                        <ns2:pos>44.64237976074219 4.380239963531494</ns2:pos>
                        <ns2:pos>44.64244842529297 4.380109786987305</ns2:pos>
                        <ns2:pos>44.64263153076172 4.379889965057373</ns2:pos>
                        <ns2:pos>44.642818450927734 4.379700183868408</ns2:pos>
                        <ns2:pos>44.64303970336914 4.37939977645874</ns2:pos>
                        <ns2:pos>44.64313888549805 4.379240036010742</ns2:pos>
                        <ns2:pos>44.643348693847656 4.3788299560546875</ns2:pos>
                        <ns2:pos>44.64379119873047 4.378170013427734</ns2:pos>
                        <ns2:pos>44.644081115722656 4.377810001373291</ns2:pos>
                        <ns2:pos>44.64445114135742 4.377270221710205</ns2:pos>
                        <ns2:pos>44.644561767578125 4.377170085906982</ns2:pos>
                        <ns2:pos>44.64476013183594 4.376840114593506</ns2:pos>
                        <ns2:pos>44.64487838745117 4.3764801025390625</ns2:pos>
                        <ns2:pos>44.64503860473633 4.375790119171143</ns2:pos>
                        <ns2:pos>44.64506912231445 4.375639915466309</ns2:pos>
                        <ns2:pos>44.64508056640625 4.375470161437988</ns2:pos>
                        <ns2:pos>44.645111083984375 4.375339984893799</ns2:pos>
                        <ns2:pos>44.64522171020508 4.375070095062256</ns2:pos>
                        <ns2:pos>44.64537048339844 4.374849796295166</ns2:pos>
                        <ns2:pos>44.645450592041016 4.374760150909424</ns2:pos>
                        <ns2:pos>44.64554977416992 4.374690055847168</ns2:pos>
                        <ns2:pos>44.645851135253906 4.3745598793029785</ns2:pos>
                        <ns2:pos>44.64603042602539 4.374460220336914</ns2:pos>
                        <ns2:pos>44.64628982543945 4.37421989440918</ns2:pos>
                        <ns2:pos>44.647010803222656 4.373640060424805</ns2:pos>
                        <ns2:pos>44.6472282409668 4.373469829559326</ns2:pos>
                        <ns2:pos>44.64751052856445 4.373290061950684</ns2:pos>
                        <ns2:pos>44.64781951904297 4.373149871826172</ns2:pos>
                        <ns2:pos>44.64849090576172 4.372960090637207</ns2:pos>
                        <ns2:pos>44.64955139160156 4.372320175170898</ns2:pos>
                        <ns2:pos>44.64971160888672 4.372200012207031</ns2:pos>
                        <ns2:pos>44.65031051635742 4.371640205383301</ns2:pos>
                        <ns2:pos>44.650699615478516 4.371399879455566</ns2:pos>
                        <ns2:pos>44.650909423828125 4.371210098266602</ns2:pos>
                        <ns2:pos>44.651100158691406 4.370950222015381</ns2:pos>
                        <ns2:pos>44.65184020996094 4.369080066680908</ns2:pos>
                        <ns2:pos>44.65203857421875 4.36830997467041</ns2:pos>
                        <ns2:pos>44.65211868286133 4.368130207061768</ns2:pos>
                        <ns2:pos>44.65227127075195 4.367929935455322</ns2:pos>
                        <ns2:pos>44.652320861816406 4.367889881134033</ns2:pos>
                        <ns2:pos>44.65238952636719 4.367879867553711</ns2:pos>
                        <ns2:pos>44.65283966064453 4.367879867553711</ns2:pos>
                        <ns2:pos>44.6539192199707 4.367819786071777</ns2:pos>
                        <ns2:pos>44.654300689697266 4.367859840393066</ns2:pos>
                        <ns2:pos>44.654449462890625 4.367929935455322</ns2:pos>
                        <ns2:pos>44.65476989746094 4.368229866027832</ns2:pos>
                        <ns2:pos>44.654930114746094 4.368430137634277</ns2:pos>
                        <ns2:pos>44.65507125854492 4.368569850921631</ns2:pos>
                        <ns2:pos>44.65530014038086 4.368710041046143</ns2:pos>
                        <ns2:pos>44.65618133544922 4.3689799308776855</ns2:pos>
                        <ns2:pos>44.656410217285156 4.3690900802612305</ns2:pos>
                        <ns2:pos>44.656620025634766 4.369100093841553</ns2:pos>
                        <ns2:pos>44.65673828125 4.36899995803833</ns2:pos>
                        <ns2:pos>44.65681838989258 4.368869781494141</ns2:pos>
                        <ns2:pos>44.65702819824219 4.36860990524292</ns2:pos>
                        <ns2:pos>44.65803146362305 4.368110179901123</ns2:pos>
                        <ns2:pos>44.65837860107422 4.3680100440979</ns2:pos>
                        <ns2:pos>44.65877914428711 4.367959976196289</ns2:pos>
                        <ns2:pos>44.65980911254883 4.367990016937256</ns2:pos>
                        <ns2:pos>44.66107940673828 4.368279933929443</ns2:pos>
                        <ns2:pos>44.66147994995117 4.3683600425720215</ns2:pos>
                        <ns2:pos>44.661651611328125 4.368370056152344</ns2:pos>
                        <ns2:pos>44.661991119384766 4.368279933929443</ns2:pos>
                        <ns2:pos>44.662208557128906 4.368150234222412</ns2:pos>
                        <ns2:pos>44.662410736083984 4.368080139160156</ns2:pos>
                        <ns2:pos>44.66250991821289 4.3680901527404785</ns2:pos>
                        <ns2:pos>44.662879943847656 4.368199825286865</ns2:pos>
                        <ns2:pos>44.66313171386719 4.368229866027832</ns2:pos>
                        <ns2:pos>44.663368225097656 4.368150234222412</ns2:pos>
                        <ns2:pos>44.66353988647461 4.368020057678223</ns2:pos>
                        <ns2:pos>44.66379928588867 4.367730140686035</ns2:pos>
                        <ns2:pos>44.6650505065918 4.366519927978516</ns2:pos>
                        <ns2:pos>44.665401458740234 4.366159915924072</ns2:pos>
                        <ns2:pos>44.665611267089844 4.366119861602783</ns2:pos>
                        <ns2:pos>44.666038513183594 4.366119861602783</ns2:pos>
                        <ns2:pos>44.666160583496094 4.366099834442139</ns2:pos>
                        <ns2:pos>44.666961669921875 4.365890026092529</ns2:pos>
                        <ns2:pos>44.667388916015625 4.365580081939697</ns2:pos>
                        <ns2:pos>44.667598724365234 4.365509986877441</ns2:pos>
                        <ns2:pos>44.66788864135742 4.365469932556152</ns2:pos>
                        <ns2:pos>44.6686897277832 4.365449905395508</ns2:pos>
                        <ns2:pos>44.668941497802734 4.365419864654541</ns2:pos>
                        <ns2:pos>44.668941497802734 4.364709854125977</ns2:pos>
                        <ns2:pos>44.66865921020508 4.364719867706299</ns2:pos>
                        <ns2:pos>44.66862869262695 4.36467981338501</ns2:pos>
                        <ns2:pos>44.66862869262695 4.364409923553467</ns2:pos>
                        <ns2:pos>44.66862106323242 4.364409923553467</ns2:pos>
                    </ns2:LineString>
                </LinkSequenceProjection>
                <LinkSequenceProjection version="any" id="Toutenbus:LinkSequenceProjection:4468:2">
                    <ns2:LineString srsName="WGS84" ns2:id="LS4468_2">
                        <ns2:pos>44.66862106323242 4.364409923553467</ns2:pos>
                        <ns2:pos>44.66862869262695 4.364409923553467</ns2:pos>
                        <ns2:pos>44.66862869262695 4.36467981338501</ns2:pos>
                        <ns2:pos>44.66865921020508 4.364719867706299</ns2:pos>
                        <ns2:pos>44.668941497802734 4.364709854125977</ns2:pos>
                        <ns2:pos>44.668941497802734 4.365419864654541</ns2:pos>
                        <ns2:pos>44.6686897277832 4.365449905395508</ns2:pos>
                        <ns2:pos>44.66788864135742 4.365469932556152</ns2:pos>
                        <ns2:pos>44.667598724365234 4.365509986877441</ns2:pos>
                        <ns2:pos>44.667388916015625 4.365580081939697</ns2:pos>
                        <ns2:pos>44.666961669921875 4.365890026092529</ns2:pos>
                        <ns2:pos>44.666160583496094 4.366099834442139</ns2:pos>
                        <ns2:pos>44.666038513183594 4.366119861602783</ns2:pos>
                        <ns2:pos>44.665611267089844 4.366119861602783</ns2:pos>
                        <ns2:pos>44.665401458740234 4.366159915924072</ns2:pos>
                        <ns2:pos>44.6650505065918 4.366519927978516</ns2:pos>
                        <ns2:pos>44.66379928588867 4.367730140686035</ns2:pos>
                        <ns2:pos>44.66353988647461 4.368020057678223</ns2:pos>
                        <ns2:pos>44.663368225097656 4.368150234222412</ns2:pos>
                        <ns2:pos>44.66313171386719 4.368229866027832</ns2:pos>
                        <ns2:pos>44.662879943847656 4.368199825286865</ns2:pos>
                        <ns2:pos>44.66250991821289 4.3680901527404785</ns2:pos>
                        <ns2:pos>44.662410736083984 4.368080139160156</ns2:pos>
                        <ns2:pos>44.662208557128906 4.368150234222412</ns2:pos>
                        <ns2:pos>44.661991119384766 4.368279933929443</ns2:pos>
                        <ns2:pos>44.661651611328125 4.368370056152344</ns2:pos>
                        <ns2:pos>44.66147994995117 4.3683600425720215</ns2:pos>
                        <ns2:pos>44.66107940673828 4.368279933929443</ns2:pos>
                        <ns2:pos>44.65980911254883 4.367990016937256</ns2:pos>
                        <ns2:pos>44.659698486328125 4.367980003356934</ns2:pos>
                        <ns2:pos>44.65970993041992 4.367640018463135</ns2:pos>
                        <ns2:pos>44.659759521484375 4.367030143737793</ns2:pos>
                        <ns2:pos>44.65850067138672 4.366720199584961</ns2:pos>
                        <ns2:pos>44.658409118652344 4.3667497634887695</ns2:pos>
                        <ns2:pos>44.65827178955078 4.366720199584961</ns2:pos>
                        <ns2:pos>44.65776062011719 4.366469860076904</ns2:pos>
                        <ns2:pos>44.657230377197266 4.3661699295043945</ns2:pos>
                        <ns2:pos>44.65605163574219 4.3654398918151855</ns2:pos>
                        <ns2:pos>44.6556396484375 4.366569995880127</ns2:pos>
                        <ns2:pos>44.655540466308594 4.366569995880127</ns2:pos>
                        <ns2:pos>44.65549850463867 4.366640090942383</ns2:pos>
                        <ns2:pos>44.65550994873047 4.366759777069092</ns2:pos>
                        <ns2:pos>44.65555953979492 4.366809844970703</ns2:pos>
                        <ns2:pos>44.655548095703125 4.366909980773926</ns2:pos>
                        <ns2:pos>44.65515899658203 4.368030071258545</ns2:pos>
                        <ns2:pos>44.655059814453125 4.368249893188477</ns2:pos>
                        <ns2:pos>44.6549186706543 4.368410110473633</ns2:pos>
                        <ns2:pos>44.65476989746094 4.368229866027832</ns2:pos>
                        <ns2:pos>44.654598236083984 4.368060111999512</ns2:pos>
                        <ns2:pos>44.654449462890625 4.367929935455322</ns2:pos>
                        <ns2:pos>44.654300689697266 4.367859840393066</ns2:pos>
                        <ns2:pos>44.6539192199707 4.367819786071777</ns2:pos>
                        <ns2:pos>44.6533317565918 4.367859840393066</ns2:pos>
                        <ns2:pos>44.652320861816406 4.367889881134033</ns2:pos>
                        <ns2:pos>44.65216827392578 4.3680500984191895</ns2:pos>
                        <ns2:pos>44.65208053588867 4.3682098388671875</ns2:pos>
                        <ns2:pos>44.65203857421875 4.36830997467041</ns2:pos>
                        <ns2:pos>44.65184020996094 4.369080066680908</ns2:pos>
                        <ns2:pos>44.65166091918945 4.3695597648620605</ns2:pos>
                        <ns2:pos>44.651100158691406 4.370950222015381</ns2:pos>
                        <ns2:pos>44.650909423828125 4.371210098266602</ns2:pos>
                        <ns2:pos>44.650699615478516 4.371399879455566</ns2:pos>
                        <ns2:pos>44.65031051635742 4.371640205383301</ns2:pos>
                        <ns2:pos>44.64971160888672 4.372200012207031</ns2:pos>
                        <ns2:pos>44.64955139160156 4.372320175170898</ns2:pos>
                        <ns2:pos>44.64849090576172 4.372960090637207</ns2:pos>
                        <ns2:pos>44.64781951904297 4.373149871826172</ns2:pos>
                        <ns2:pos>44.64751052856445 4.373290061950684</ns2:pos>
                        <ns2:pos>44.6472282409668 4.373469829559326</ns2:pos>
                        <ns2:pos>44.647010803222656 4.373640060424805</ns2:pos>
                        <ns2:pos>44.64628982543945 4.37421989440918</ns2:pos>
                        <ns2:pos>44.64603042602539 4.374460220336914</ns2:pos>
                        <ns2:pos>44.645851135253906 4.3745598793029785</ns2:pos>
                        <ns2:pos>44.64554977416992 4.374690055847168</ns2:pos>
                        <ns2:pos>44.645450592041016 4.374760150909424</ns2:pos>
                        <ns2:pos>44.64529037475586 4.374949932098389</ns2:pos>
                        <ns2:pos>44.64516067504883 4.375199794769287</ns2:pos>
                        <ns2:pos>44.64508056640625 4.375470161437988</ns2:pos>
                        <ns2:pos>44.64501190185547 4.375609874725342</ns2:pos>
                        <ns2:pos>44.64485168457031 4.376359939575195</ns2:pos>
                        <ns2:pos>44.644710540771484 4.3762898445129395</ns2:pos>
                        <ns2:pos>44.64459991455078 4.3761701583862305</ns2:pos>
                        <ns2:pos>44.644630432128906 4.376070022583008</ns2:pos>
                        <ns2:pos>44.644630432128906 4.376070022583008</ns2:pos>
                        <ns2:pos>44.64459991455078 4.3761701583862305</ns2:pos>
                        <ns2:pos>44.644710540771484 4.3762898445129395</ns2:pos>
                        <ns2:pos>44.64485168457031 4.376359939575195</ns2:pos>
                        <ns2:pos>44.64482879638672 4.3764801025390625</ns2:pos>
                        <ns2:pos>44.64476013183594 4.376719951629639</ns2:pos>
                        <ns2:pos>44.64466094970703 4.376920223236084</ns2:pos>
                        <ns2:pos>44.64453125 4.377110004425049</ns2:pos>
                        <ns2:pos>44.64445114135742 4.377270221710205</ns2:pos>
                        <ns2:pos>44.644081115722656 4.377810001373291</ns2:pos>
                        <ns2:pos>44.64379119873047 4.378170013427734</ns2:pos>
                        <ns2:pos>44.643348693847656 4.3788299560546875</ns2:pos>
                        <ns2:pos>44.64313888549805 4.379240036010742</ns2:pos>
                        <ns2:pos>44.64303970336914 4.37939977645874</ns2:pos>
                        <ns2:pos>44.642818450927734 4.379700183868408</ns2:pos>
                        <ns2:pos>44.64263153076172 4.379889965057373</ns2:pos>
                        <ns2:pos>44.64244842529297 4.380109786987305</ns2:pos>
                        <ns2:pos>44.64234161376953 4.380320072174072</ns2:pos>
                        <ns2:pos>44.642311096191406 4.380499839782715</ns2:pos>
                        <ns2:pos>44.642311096191406 4.380660057067871</ns2:pos>
                        <ns2:pos>44.64234161376953 4.380849838256836</ns2:pos>
                        <ns2:pos>44.642459869384766 4.38129997253418</ns2:pos>
                        <ns2:pos>44.64247131347656 4.38139009475708</ns2:pos>
                        <ns2:pos>44.64247131347656 4.381569862365723</ns2:pos>
                        <ns2:pos>44.64242935180664 4.381830215454102</ns2:pos>
                        <ns2:pos>44.64234161376953 4.382160186767578</ns2:pos>
                        <ns2:pos>44.642250061035156 4.382390022277832</ns2:pos>
                        <ns2:pos>44.64216995239258 4.382530212402344</ns2:pos>
                        <ns2:pos>44.641849517822266 4.382919788360596</ns2:pos>
                        <ns2:pos>44.64175033569336 4.383080005645752</ns2:pos>
                        <ns2:pos>44.641780853271484 4.3831000328063965</ns2:pos>
                        <ns2:pos>44.64188003540039 4.383080005645752</ns2:pos>
                        <ns2:pos>44.6421012878418 4.382929801940918</ns2:pos>
                        <ns2:pos>44.642208099365234 4.382880210876465</ns2:pos>
                        <ns2:pos>44.642269134521484 4.382900238037109</ns2:pos>
                        <ns2:pos>44.64229965209961 4.38293981552124</ns2:pos>
                        <ns2:pos>44.64228820800781 4.383220195770264</ns2:pos>
                        <ns2:pos>44.642311096191406 4.383470058441162</ns2:pos>
                        <ns2:pos>44.64237976074219 4.383900165557861</ns2:pos>
                        <ns2:pos>44.64244079589844 4.38401985168457</ns2:pos>
                        <ns2:pos>44.64255142211914 4.384029865264893</ns2:pos>
                        <ns2:pos>44.64265823364258 4.3839898109436035</ns2:pos>
                        <ns2:pos>44.6427001953125 4.384029865264893</ns2:pos>
                        <ns2:pos>44.64287185668945 4.384490013122559</ns2:pos>
                        <ns2:pos>44.64289855957031 4.3846001625061035</ns2:pos>
                        <ns2:pos>44.64289855957031 4.3846001625061035</ns2:pos>
                        <ns2:pos>44.64303970336914 4.3850297927856445</ns2:pos>
                        <ns2:pos>44.64318084716797 4.385210037231445</ns2:pos>
                        <ns2:pos>44.64337158203125 4.385359764099121</ns2:pos>
                        <ns2:pos>44.643638610839844 4.385700225830078</ns2:pos>
                        <ns2:pos>44.64373016357422 4.385819911956787</ns2:pos>
                        <ns2:pos>44.643829345703125 4.386050224304199</ns2:pos>
                        <ns2:pos>44.643890380859375 4.386139869689941</ns2:pos>
                        <ns2:pos>44.64419937133789 4.386360168457031</ns2:pos>
                        <ns2:pos>44.64440155029297 4.386449813842773</ns2:pos>
                        <ns2:pos>44.6445198059082 4.386549949645996</ns2:pos>
                        <ns2:pos>44.644290924072266 4.387269973754883</ns2:pos>
                        <ns2:pos>44.64413833618164 4.3876800537109375</ns2:pos>
                        <ns2:pos>44.64411163330078 4.387800216674805</ns2:pos>
                        <ns2:pos>44.64413833618164 4.3881001472473145</ns2:pos>
                        <ns2:pos>44.64406967163086 4.388309955596924</ns2:pos>
                        <ns2:pos>44.6440315246582 4.388390064239502</ns2:pos>
                        <ns2:pos>44.64398956298828 4.388420104980469</ns2:pos>
                        <ns2:pos>44.64360809326172 4.3882598876953125</ns2:pos>
                        <ns2:pos>44.643280029296875 4.388189792633057</ns2:pos>
                        <ns2:pos>44.642818450927734 4.388189792633057</ns2:pos>
                        <ns2:pos>44.64244079589844 4.3882598876953125</ns2:pos>
                        <ns2:pos>44.64234924316406 4.3882598876953125</ns2:pos>
                        <ns2:pos>44.642250061035156 4.388229846954346</ns2:pos>
                        <ns2:pos>44.6422004699707 4.3882598876953125</ns2:pos>
                        <ns2:pos>44.64200973510742 4.388199806213379</ns2:pos>
                        <ns2:pos>44.641639709472656 4.388000011444092</ns2:pos>
                        <ns2:pos>44.64152145385742 4.3879899978637695</ns2:pos>
                        <ns2:pos>44.641300201416016 4.388000011444092</ns2:pos>
                        <ns2:pos>44.64064025878906 4.388130187988281</ns2:pos>
                        <ns2:pos>44.64067077636719 4.388179779052734</ns2:pos>
                        <ns2:pos>44.64073944091797 4.388229846954346</ns2:pos>
                        <ns2:pos>44.64139175415039 4.388329982757568</ns2:pos>
                        <ns2:pos>44.64154815673828 4.388390064239502</ns2:pos>
                        <ns2:pos>44.64167022705078 4.388490200042725</ns2:pos>
                        <ns2:pos>44.64173889160156 4.3886399269104</ns2:pos>
                        <ns2:pos>44.64176940917969 4.388879776000977</ns2:pos>
                        <ns2:pos>44.641761779785156 4.3889899253845215</ns2:pos>
                        <ns2:pos>44.64173126220703 4.389150142669678</ns2:pos>
                        <ns2:pos>44.64162826538086 4.389379978179932</ns2:pos>
                        <ns2:pos>44.64147186279297 4.389589786529541</ns2:pos>
                        <ns2:pos>44.6413688659668 4.389669895172119</ns2:pos>
                        <ns2:pos>44.64133834838867 4.389890193939209</ns2:pos>
                        <ns2:pos>44.641380310058594 4.390120029449463</ns2:pos>
                        <ns2:pos>44.64133834838867 4.39031982421875</ns2:pos>
                        <ns2:pos>44.641258239746094 4.39054012298584</ns2:pos>
                        <ns2:pos>44.641090393066406 4.391200065612793</ns2:pos>
                        <ns2:pos>44.64105987548828 4.391250133514404</ns2:pos>
                        <ns2:pos>44.64088821411133 4.391749858856201</ns2:pos>
                        <ns2:pos>44.64073181152344 4.39201021194458</ns2:pos>
                        <ns2:pos>44.640628814697266 4.39208984375</ns2:pos>
                        <ns2:pos>44.64052963256836 4.392139911651611</ns2:pos>
                        <ns2:pos>44.64031982421875 4.392159938812256</ns2:pos>
                        <ns2:pos>44.64009094238281 4.392126560211182</ns2:pos>
                        <ns2:pos>44.6397705078125 4.392049789428711</ns2:pos>
                        <ns2:pos>44.63956832885742 4.391970157623291</ns2:pos>
                        <ns2:pos>44.6391716003418 4.391860008239746</ns2:pos>
                        <ns2:pos>44.63877868652344 4.3917999267578125</ns2:pos>
                        <ns2:pos>44.63861083984375 4.3917999267578125</ns2:pos>
                        <ns2:pos>44.6384391784668 4.391880035400391</ns2:pos>
                        <ns2:pos>44.638248443603516 4.392029762268066</ns2:pos>
                        <ns2:pos>44.63808822631836 4.392119884490967</ns2:pos>
                        <ns2:pos>44.637840270996094 4.392240047454834</ns2:pos>
                        <ns2:pos>44.63764953613281 4.392290115356445</ns2:pos>
                        <ns2:pos>44.637550354003906 4.392290115356445</ns2:pos>
                        <ns2:pos>44.637420654296875 4.3922600746154785</ns2:pos>
                        <ns2:pos>44.63703918457031 4.392129898071289</ns2:pos>
                        <ns2:pos>44.6368293762207 4.392099857330322</ns2:pos>
                        <ns2:pos>44.63637161254883 4.392139911651611</ns2:pos>
                        <ns2:pos>44.6362190246582 4.392189979553223</ns2:pos>
                        <ns2:pos>44.63616943359375 4.392250061035156</ns2:pos>
                        <ns2:pos>44.636138916015625 4.392320156097412</ns2:pos>
                        <ns2:pos>44.636138916015625 4.392399787902832</ns2:pos>
                        <ns2:pos>44.6362190246582 4.392489910125732</ns2:pos>
                        <ns2:pos>44.6368408203125 4.392930030822754</ns2:pos>
                        <ns2:pos>44.63759994506836 4.3935699462890625</ns2:pos>
                        <ns2:pos>44.63766860961914 4.393610000610352</ns2:pos>
                        <ns2:pos>44.63765335083008 4.393630027770996</ns2:pos>
                        <ns2:pos>44.63766098022461 4.393640041351318</ns2:pos>
                        <ns2:pos>44.63727951049805 4.394370079040527</ns2:pos>
                        <ns2:pos>44.63713073730469 4.394710063934326</ns2:pos>
                        <ns2:pos>44.636940002441406 4.3950300216674805</ns2:pos>
                        <ns2:pos>44.636871337890625 4.395100116729736</ns2:pos>
                        <ns2:pos>44.63677978515625 4.395140171051025</ns2:pos>
                        <ns2:pos>44.636661529541016 4.395150184631348</ns2:pos>
                        <ns2:pos>44.63637161254883 4.3951897621154785</ns2:pos>
                        <ns2:pos>44.636329650878906 4.395249843597412</ns2:pos>
                        <ns2:pos>44.63621139526367 4.395400047302246</ns2:pos>
                        <ns2:pos>44.636051177978516 4.395689964294434</ns2:pos>
                        <ns2:pos>44.63584899902344 4.396029949188232</ns2:pos>
                        <ns2:pos>44.63576889038086 4.396200180053711</ns2:pos>
                        <ns2:pos>44.63568878173828 4.396480083465576</ns2:pos>
                        <ns2:pos>44.635501861572266 4.396699905395508</ns2:pos>
                        <ns2:pos>44.63547897338867 4.396729946136475</ns2:pos>
                        <ns2:pos>44.635379791259766 4.396780014038086</ns2:pos>
                        <ns2:pos>44.635231018066406 4.396770000457764</ns2:pos>
                        <ns2:pos>44.634971618652344 4.396759986877441</ns2:pos>
                        <ns2:pos>44.63467025756836 4.396739959716797</ns2:pos>
                        <ns2:pos>44.63444900512695 4.396759986877441</ns2:pos>
                        <ns2:pos>44.634220123291016 4.396759986877441</ns2:pos>
                        <ns2:pos>44.63393020629883 4.396810054779053</ns2:pos>
                        <ns2:pos>44.63376998901367 4.396880149841309</ns2:pos>
                        <ns2:pos>44.633670806884766 4.3969597816467285</ns2:pos>
                        <ns2:pos>44.63362121582031 4.39709997177124</ns2:pos>
                        <ns2:pos>44.63362121582031 4.397190093994141</ns2:pos>
                        <ns2:pos>44.63369369506836 4.397356986999512</ns2:pos>
                        <ns2:pos>44.633697509765625 4.39736795425415</ns2:pos>
                        <ns2:pos>44.63370132446289 4.397369861602783</ns2:pos>
                        <ns2:pos>44.63376998901367 4.397439956665039</ns2:pos>
                        <ns2:pos>44.63371658325195 4.397502899169922</ns2:pos>
                        <ns2:pos>44.63370895385742 4.397511005401611</ns2:pos>
                        <ns2:pos>44.63323974609375 4.3978800773620605</ns2:pos>
                        <ns2:pos>44.633148193359375 4.39792013168335</ns2:pos>
                        <ns2:pos>44.633140563964844 4.397980213165283</ns2:pos>
                        <ns2:pos>44.633079528808594 4.398169994354248</ns2:pos>
                        <ns2:pos>44.63298034667969 4.39838981628418</ns2:pos>
                        <ns2:pos>44.63290023803711 4.398499965667725</ns2:pos>
                        <ns2:pos>44.6328010559082 4.398540019989014</ns2:pos>
                        <ns2:pos>44.632591247558594 4.398600101470947</ns2:pos>
                        <ns2:pos>44.632408142089844 4.398680210113525</ns2:pos>
                        <ns2:pos>44.63220977783203 4.398789882659912</ns2:pos>
                        <ns2:pos>44.63206100463867 4.3988800048828125</ns2:pos>
                        <ns2:pos>44.63188934326172 4.398990154266357</ns2:pos>
                        <ns2:pos>44.63169860839844 4.3991498947143555</ns2:pos>
                        <ns2:pos>44.631629943847656 4.399219989776611</ns2:pos>
                        <ns2:pos>44.63145065307617 4.3993401527404785</ns2:pos>
                        <ns2:pos>44.63134002685547 4.39946985244751</ns2:pos>
                        <ns2:pos>44.631141662597656 4.399829864501953</ns2:pos>
                        <ns2:pos>44.631019592285156 4.399750232696533</ns2:pos>
                        <ns2:pos>44.63093948364258 4.399670124053955</ns2:pos>
                        <ns2:pos>44.63087844848633 4.399580001831055</ns2:pos>
                        <ns2:pos>44.63087844848633 4.39946985244751</ns2:pos>
                        <ns2:pos>44.63093185424805 4.399280071258545</ns2:pos>
                        <ns2:pos>44.6309700012207 4.399059772491455</ns2:pos>
                        <ns2:pos>44.6309700012207 4.398859977722168</ns2:pos>
                        <ns2:pos>44.630950927734375 4.398640155792236</ns2:pos>
                        <ns2:pos>44.630889892578125 4.398399829864502</ns2:pos>
                        <ns2:pos>44.63079833984375 4.398240089416504</ns2:pos>
                        <ns2:pos>44.63066864013672 4.398069858551025</ns2:pos>
                        <ns2:pos>44.630619049072266 4.397890090942383</ns2:pos>
                        <ns2:pos>44.63056945800781 4.397759914398193</ns2:pos>
                        <ns2:pos>44.63051986694336 4.3976898193359375</ns2:pos>
                        <ns2:pos>44.6304817199707 4.3976898193359375</ns2:pos>
                        <ns2:pos>44.63047790527344 4.3976898193359375</ns2:pos>
                        <ns2:pos>44.63047790527344 4.397593975067139</ns2:pos>
                        <ns2:pos>44.63042068481445 4.397610187530518</ns2:pos>
                        <ns2:pos>44.630428314208984 4.397669792175293</ns2:pos>
                        <ns2:pos>44.630401611328125 4.397709846496582</ns2:pos>
                        <ns2:pos>44.63037872314453 4.39778995513916</ns2:pos>
                        <ns2:pos>44.630279541015625 4.397950172424316</ns2:pos>
                        <ns2:pos>44.63016128540039 4.398029804229736</ns2:pos>
                        <ns2:pos>44.62982177734375 4.39818000793457</ns2:pos>
                        <ns2:pos>44.62950134277344 4.398379802703857</ns2:pos>
                        <ns2:pos>44.62936019897461 4.398499965667725</ns2:pos>
                        <ns2:pos>44.629310607910156 4.398580074310303</ns2:pos>
                        <ns2:pos>44.6292610168457 4.398809909820557</ns2:pos>
                        <ns2:pos>44.62921905517578 4.399139881134033</ns2:pos>
                        <ns2:pos>44.62921905517578 4.3992600440979</ns2:pos>
                        <ns2:pos>44.629268646240234 4.399580001831055</ns2:pos>
                        <ns2:pos>44.62944030761719 4.400410175323486</ns2:pos>
                        <ns2:pos>44.629459381103516 4.400599956512451</ns2:pos>
                        <ns2:pos>44.62942123413086 4.40093994140625</ns2:pos>
                        <ns2:pos>44.629329681396484 4.401090145111084</ns2:pos>
                        <ns2:pos>44.62919998168945 4.401199817657471</ns2:pos>
                        <ns2:pos>44.629390716552734 4.401569843292236</ns2:pos>
                        <ns2:pos>44.62950897216797 4.401700019836426</ns2:pos>
                        <ns2:pos>44.6296501159668 4.401800155639648</ns2:pos>
                        <ns2:pos>44.62982940673828 4.401889801025391</ns2:pos>
                        <ns2:pos>44.630008697509766 4.401939868927002</ns2:pos>
                        <ns2:pos>44.63016128540039 4.401939868927002</ns2:pos>
                        <ns2:pos>44.630531311035156 4.4018402099609375</ns2:pos>
                        <ns2:pos>44.630741119384766 4.401810169219971</ns2:pos>
                        <ns2:pos>44.630950927734375 4.401820182800293</ns2:pos>
                        <ns2:pos>44.631568908691406 4.401919841766357</ns2:pos>
                        <ns2:pos>44.63216018676758 4.401810169219971</ns2:pos>
                        <ns2:pos>44.63235092163086 4.401810169219971</ns2:pos>
                        <ns2:pos>44.632530212402344 4.401879787445068</ns2:pos>
                        <ns2:pos>44.63275146484375 4.40201997756958</ns2:pos>
                        <ns2:pos>44.632911682128906 4.402060031890869</ns2:pos>
                        <ns2:pos>44.632999420166016 4.402029991149902</ns2:pos>
                        <ns2:pos>44.63304901123047 4.401989936828613</ns2:pos>
                        <ns2:pos>44.63315963745117 4.401810169219971</ns2:pos>
                        <ns2:pos>44.633209228515625 4.401679992675781</ns2:pos>
                        <ns2:pos>44.6332893371582 4.4013800621032715</ns2:pos>
                        <ns2:pos>44.6332893371582 4.401350021362305</ns2:pos>
                        <ns2:pos>44.6332893371582 4.401350021362305</ns2:pos>
                        <ns2:pos>44.63338088989258 4.40084981918335</ns2:pos>
                        <ns2:pos>44.633460998535156 4.400750160217285</ns2:pos>
                        <ns2:pos>44.63352966308594 4.400730133056641</ns2:pos>
                        <ns2:pos>44.63357162475586 4.400740146636963</ns2:pos>
                        <ns2:pos>44.63370132446289 4.400889873504639</ns2:pos>
                        <ns2:pos>44.63386917114258 4.401259899139404</ns2:pos>
                        <ns2:pos>44.63397979736328 4.401390075683594</ns2:pos>
                        <ns2:pos>44.63434982299805 4.401549816131592</ns2:pos>
                        <ns2:pos>44.63446044921875 4.401569843292236</ns2:pos>
                        <ns2:pos>44.634979248046875 4.401760101318359</ns2:pos>
                        <ns2:pos>44.6351203918457 4.401790142059326</ns2:pos>
                        <ns2:pos>44.635318756103516 4.401800155639648</ns2:pos>
                        <ns2:pos>44.63544845581055 4.401730060577393</ns2:pos>
                        <ns2:pos>44.63581085205078 4.401400089263916</ns2:pos>
                        <ns2:pos>44.635860443115234 4.401319980621338</ns2:pos>
                        <ns2:pos>44.63594055175781 4.401130199432373</ns2:pos>
                        <ns2:pos>44.635948181152344 4.401010036468506</ns2:pos>
                        <ns2:pos>44.63591003417969 4.400660037994385</ns2:pos>
                        <ns2:pos>44.635921478271484 4.400350093841553</ns2:pos>
                        <ns2:pos>44.636070251464844 4.399580001831055</ns2:pos>
                        <ns2:pos>44.63616180419922 4.3993000984191895</ns2:pos>
                        <ns2:pos>44.63618087768555 4.3992600440979</ns2:pos>
                        <ns2:pos>44.63623809814453 4.399209976196289</ns2:pos>
                        <ns2:pos>44.63637161254883 4.399199962615967</ns2:pos>
                        <ns2:pos>44.636451721191406 4.399240016937256</ns2:pos>
                        <ns2:pos>44.63650131225586 4.3991498947143555</ns2:pos>
                        <ns2:pos>44.63650131225586 4.3991498947143555</ns2:pos>
                        <ns2:pos>44.636451721191406 4.399240016937256</ns2:pos>
                        <ns2:pos>44.63637161254883 4.399199962615967</ns2:pos>
                        <ns2:pos>44.636268615722656 4.399199962615967</ns2:pos>
                        <ns2:pos>44.63621139526367 4.399230003356934</ns2:pos>
                        <ns2:pos>44.63618087768555 4.3992600440979</ns2:pos>
                        <ns2:pos>44.636138916015625 4.399350166320801</ns2:pos>
                        <ns2:pos>44.636070251464844 4.399580001831055</ns2:pos>
                        <ns2:pos>44.635921478271484 4.400350093841553</ns2:pos>
                        <ns2:pos>44.63591003417969 4.400660037994385</ns2:pos>
                        <ns2:pos>44.635948181152344 4.401010036468506</ns2:pos>
                        <ns2:pos>44.635948181152344 4.4010701179504395</ns2:pos>
                        <ns2:pos>44.635921478271484 4.401189804077148</ns2:pos>
                        <ns2:pos>44.63581085205078 4.401400089263916</ns2:pos>
                        <ns2:pos>44.63554000854492 4.401659965515137</ns2:pos>
                        <ns2:pos>44.635318756103516 4.401800155639648</ns2:pos>
                        <ns2:pos>44.6351203918457 4.401790142059326</ns2:pos>
                        <ns2:pos>44.634979248046875 4.401760101318359</ns2:pos>
                        <ns2:pos>44.63446044921875 4.401569843292236</ns2:pos>
                        <ns2:pos>44.63434982299805 4.401549816131592</ns2:pos>
                        <ns2:pos>44.63397979736328 4.401390075683594</ns2:pos>
                        <ns2:pos>44.63386917114258 4.401259899139404</ns2:pos>
                        <ns2:pos>44.63370132446289 4.400889873504639</ns2:pos>
                        <ns2:pos>44.63357162475586 4.400740146636963</ns2:pos>
                        <ns2:pos>44.63351058959961 4.400730133056641</ns2:pos>
                        <ns2:pos>44.633460998535156 4.400750160217285</ns2:pos>
                        <ns2:pos>44.63338088989258 4.40084981918335</ns2:pos>
                        <ns2:pos>44.6332893371582 4.4013800621032715</ns2:pos>
                        <ns2:pos>44.633209228515625 4.401679992675781</ns2:pos>
                        <ns2:pos>44.63315963745117 4.401810169219971</ns2:pos>
                        <ns2:pos>44.633079528808594 4.4019598960876465</ns2:pos>
                        <ns2:pos>44.632999420166016 4.402029991149902</ns2:pos>
                        <ns2:pos>44.63294982910156 4.402050018310547</ns2:pos>
                        <ns2:pos>44.63282012939453 4.402050018310547</ns2:pos>
                        <ns2:pos>44.632530212402344 4.401879787445068</ns2:pos>
                        <ns2:pos>44.63235092163086 4.401810169219971</ns2:pos>
                        <ns2:pos>44.63216018676758 4.401810169219971</ns2:pos>
                        <ns2:pos>44.631568908691406 4.401919841766357</ns2:pos>
                        <ns2:pos>44.63084030151367 4.401810169219971</ns2:pos>
                        <ns2:pos>44.630531311035156 4.4018402099609375</ns2:pos>
                        <ns2:pos>44.63016128540039 4.401939868927002</ns2:pos>
                        <ns2:pos>44.630008697509766 4.401939868927002</ns2:pos>
                        <ns2:pos>44.62982940673828 4.401889801025391</ns2:pos>
                        <ns2:pos>44.62957000732422 4.401750087738037</ns2:pos>
                        <ns2:pos>44.629451751708984 4.401639938354492</ns2:pos>
                        <ns2:pos>44.62936019897461 4.401519775390625</ns2:pos>
                        <ns2:pos>44.62786102294922 4.398519992828369</ns2:pos>
                        <ns2:pos>44.627601623535156 4.3979902267456055</ns2:pos>
                        <ns2:pos>44.62752914428711 4.39778995513916</ns2:pos>
                        <ns2:pos>44.62744140625 4.397389888763428</ns2:pos>
                        <ns2:pos>44.62739181518555 4.396940231323242</ns2:pos>
                        <ns2:pos>44.627220153808594 4.396920204162598</ns2:pos>
                        <ns2:pos>44.62712860107422 4.396940231323242</ns2:pos>
                        <ns2:pos>44.62702178955078 4.39700984954834</ns2:pos>
                        <ns2:pos>44.62691879272461 4.397170066833496</ns2:pos>
                        <ns2:pos>44.62688064575195 4.397299766540527</ns2:pos>
                        <ns2:pos>44.626861572265625 4.397459983825684</ns2:pos>
                        <ns2:pos>44.6268310546875 4.398719787597656</ns2:pos>
                        <ns2:pos>44.62678909301758 4.39877986907959</ns2:pos>
                        <ns2:pos>44.626739501953125 4.398920059204102</ns2:pos>
                        <ns2:pos>44.62657928466797 4.398990154266357</ns2:pos>
                        <ns2:pos>44.626548767089844 4.398920059204102</ns2:pos>
                        <ns2:pos>44.62654113769531 4.398749828338623</ns2:pos>
                        <ns2:pos>44.62657928466797 4.398220062255859</ns2:pos>
                        <ns2:pos>44.626590728759766 4.397830009460449</ns2:pos>
                        <ns2:pos>44.62664031982422 4.397359848022461</ns2:pos>
                        <ns2:pos>44.626888275146484 4.39640998840332</ns2:pos>
                        <ns2:pos>44.62702941894531 4.39601993560791</ns2:pos>
                        <ns2:pos>44.6270751953125 4.39593505859375</ns2:pos>
                    </ns2:LineString>
                </LinkSequenceProjection>
            </members>
        </GeneralFrame>
    </dataObjects>
</PublicationDelivery>
