<?xml version="1.0" encoding="UTF-8" standalone="yes"?>
<PublicationDelivery xmlns="http://www.netex.org.uk/netex" xmlns:ns2="http://www.opengis.net/gml/3.2" xmlns:ns3="http://www.siri.org.uk/siri">
    <PublicationTimestamp>2025-09-04T13:22:47.919Z</PublicationTimestamp>
    <ParticipantRef>Toutenbus</ParticipantRef>
    <dataObjects>
        <ServiceFrame version="any" id="Toutenbus:ServiceFrame:0:LOC">
            <TypeOfFrameRef ref="FR:TypeOfFrame:NETEX_LIGNE_STRUCTURE:"/>
            <routes>
                <Route version="any" id="Toutenbus:Route:4466@0">
                    <LineRef ref="Toutenbus:Line:4466"/>
                    <DirectionType>outbound</DirectionType>
                    <DirectionRef ref="gtfs:Direction:0" version="any"/>
                </Route>
            </routes>
            <lines>
                <Line version="any" id="Toutenbus:Line:4466">
                    <Name>AUBENAS Gare Routière - VALS Collège</Name>
                    <ShortName>L66</ShortName>
                    <TransportMode>bus</TransportMode>
                    <PublicCode>L66</PublicCode>
                    <AuthorityRef ref="Toutenbus:Authority:44"/>
                    <Presentation>
                        <Colour>C0C0C0</Colour>
                        <TextColour>194696</TextColour>
                    </Presentation>
                </Line>
            </lines>
            <scheduledStopPoints>
                <ScheduledStopPoint version="any" id="Toutenbus:ScheduledStopPoint:44613">
                    <Name>AUBENAS Gare Routière QUAI 13</Name>
                    <types>
                        <TypeOfPointRef ref="gtfs:TypeOfPoint:0" version="any"/>
                    </types>
                    <StopType>onstreetBus</StopType>
                </ScheduledStopPoint>
                <ScheduledStopPoint version="any" id="Toutenbus:ScheduledStopPoint:44080">
                    <Name>Pont d'Ucel</Name>
                    <types>
                        <TypeOfPointRef ref="gtfs:TypeOfPoint:0" version="any"/>
                    </types>
                    <PublicCode>2</PublicCode>
                    <StopType>onstreetBus</StopType>
                </ScheduledStopPoint>
                <ScheduledStopPoint version="any" id="Toutenbus:ScheduledStopPoint:44517">
                    <Name>Ucel Ancienne Ecole</Name>
                    <types>
                        <TypeOfPointRef ref="gtfs:TypeOfPoint:0" version="any"/>
                    </types>
                    <StopType>onstreetBus</StopType>
                </ScheduledStopPoint>
                <ScheduledStopPoint version="any" id="Toutenbus:ScheduledStopPoint:44505">
                    <Name>Ucel Chamboulas</Name>
                    <types>
                        <TypeOfPointRef ref="gtfs:TypeOfPoint:0" version="any"/>
                    </types>
                    <StopType>onstreetBus</StopType>
                </ScheduledStopPoint>
                <ScheduledStopPoint version="any" id="Toutenbus:ScheduledStopPoint:44527">
                    <Name>Vals Collège Gouy</Name>
                    <types>
                        <TypeOfPointRef ref="gtfs:TypeOfPoint:0" version="any"/>
                    </types>
                    <StopType>onstreetBus</StopType>
                </ScheduledStopPoint>
            </scheduledStopPoints>
            <stopAssignments>
                <PassengerStopAssignment version="any" id="Toutenbus:PassengerStopAssignment:44613">
                    <ScheduledStopPointRef ref="Toutenbus:ScheduledStopPoint:44613" version="any"/>
                    <StopPlaceRef ref="Toutenbus:StopPlace:44613" version="any"/>
                    <QuayRef ref="Toutenbus:Quay:44613" version="any"/>
                </PassengerStopAssignment>
                <PassengerStopAssignment version="any" id="Toutenbus:PassengerStopAssignment:44080">
                    <ScheduledStopPointRef ref="Toutenbus:ScheduledStopPoint:44080" version="any"/>
                    <StopPlaceRef ref="Toutenbus:StopPlace:44080" version="any"/>
                    <QuayRef ref="Toutenbus:Quay:44080" version="any"/>
                </PassengerStopAssignment>
                <PassengerStopAssignment version="any" id="Toutenbus:PassengerStopAssignment:44517">
                    <ScheduledStopPointRef ref="Toutenbus:ScheduledStopPoint:44517" version="any"/>
                    <StopPlaceRef ref="Toutenbus:StopPlace:44517" version="any"/>
                    <QuayRef ref="Toutenbus:Quay:44517" version="any"/>
                </PassengerStopAssignment>
                <PassengerStopAssignment version="any" id="Toutenbus:PassengerStopAssignment:44505">
                    <ScheduledStopPointRef ref="Toutenbus:ScheduledStopPoint:44505" version="any"/>
                    <StopPlaceRef ref="Toutenbus:StopPlace:44505" version="any"/>
                    <QuayRef ref="Toutenbus:Quay:44505" version="any"/>
                </PassengerStopAssignment>
                <PassengerStopAssignment version="any" id="Toutenbus:PassengerStopAssignment:44527">
                    <ScheduledStopPointRef ref="Toutenbus:ScheduledStopPoint:44527" version="any"/>
                    <StopPlaceRef ref="Toutenbus:StopPlace:44527" version="any"/>
                    <QuayRef ref="Toutenbus:Quay:44527" version="any"/>
                </PassengerStopAssignment>
            </stopAssignments>
            <journeyPatterns>
                <ServiceJourneyPattern version="any" id="Toutenbus:JourneyPattern:0:LOC">
                    <RouteRef ref="Toutenbus:Route:4466@0"/>
                    <DirectionType>outbound</DirectionType>
                    <DirectionRef ref="gtfs:Direction:0" version="any"/>
                    <pointsInSequence>
                        <StopPointInJourneyPattern order="0" id="Toutenbus:JourneyPattern:0@0:LOC">
                            <ScheduledStopPointRef ref="Toutenbus:ScheduledStopPoint:44613" version="any"/>
                            <ForAlighting>true</ForAlighting>
                            <ForBoarding>true</ForBoarding>
                            <RequestMethod>noneRequired</RequestMethod>
                        </StopPointInJourneyPattern>
                        <StopPointInJourneyPattern order="1" id="Toutenbus:JourneyPattern:0@1:LOC">
                            <ScheduledStopPointRef ref="Toutenbus:ScheduledStopPoint:44080" version="any"/>
                            <ForAlighting>true</ForAlighting>
                            <ForBoarding>true</ForBoarding>
                            <RequestMethod>noneRequired</RequestMethod>
                        </StopPointInJourneyPattern>
                        <StopPointInJourneyPattern order="2" id="Toutenbus:JourneyPattern:0@2:LOC">
                            <ScheduledStopPointRef ref="Toutenbus:ScheduledStopPoint:44517" version="any"/>
                            <ForAlighting>true</ForAlighting>
                            <ForBoarding>true</ForBoarding>
                            <RequestMethod>noneRequired</RequestMethod>
                        </StopPointInJourneyPattern>
                        <StopPointInJourneyPattern order="3" id="Toutenbus:JourneyPattern:0@3:LOC">
                            <ScheduledStopPointRef ref="Toutenbus:ScheduledStopPoint:44505" version="any"/>
                            <ForAlighting>true</ForAlighting>
                            <ForBoarding>true</ForBoarding>
                            <RequestMethod>noneRequired</RequestMethod>
                        </StopPointInJourneyPattern>
                        <StopPointInJourneyPattern order="4" id="Toutenbus:JourneyPattern:0@4:LOC">
                            <ScheduledStopPointRef ref="Toutenbus:ScheduledStopPoint:44527" version="any"/>
                            <ForAlighting>true</ForAlighting>
                            <ForBoarding>true</ForBoarding>
                            <RequestMethod>noneRequired</RequestMethod>
                        </StopPointInJourneyPattern>
                    </pointsInSequence>
                </ServiceJourneyPattern>
            </journeyPatterns>
        </ServiceFrame>
        <TimetableFrame version="any" id="Toutenbus:TimetableFrame:0:LOC">
            <TypeOfFrameRef ref="FR:TypeOfFrame:NETEX_HORAIRE:"/>
            <vehicleJourneys>
                <ServiceJourney version="any" id="Toutenbus:ServiceJourney:56601">
                    <LinkSequenceProjectionRef ref="Toutenbus:LinkSequenceProjection:4466:1" version="any"/>
                    <dayTypes>
                        <DayTypeRef ref="Toutenbus:DayType:254421" version="any"/>
                    </dayTypes>
                    <ServiceJourneyPatternRef ref="Toutenbus:JourneyPattern:0:LOC"/>
                    <BlockRef ref="Toutenbus:Block:L66V01" version="any"/>
                    <LineRef ref="Toutenbus:Line:4466" version="any"/>
                    <JourneyPatternView>
                        <DirectionType>outbound</DirectionType>
                        <DirectionRef ref="gtfs:Direction:0" version="any"/>
                        <DestinationDisplayView>
                            <Name>Vals Collège Gouy</Name>
                        </DestinationDisplayView>
                    </JourneyPatternView>
                    <passingTimes>
                        <TimetabledPassingTime>
                            <PointInJourneyPatternRef ref="Toutenbus:JourneyPattern:0@0:LOC"/>
                            <ArrivalTime>07:40:00</ArrivalTime>
                            <DepartureTime>07:40:00</DepartureTime>
                        </TimetabledPassingTime>
                        <TimetabledPassingTime>
                            <PointInJourneyPatternRef ref="Toutenbus:JourneyPattern:0@1:LOC"/>
                            <ArrivalTime>07:43:00</ArrivalTime>
                            <DepartureTime>07:43:00</DepartureTime>
                        </TimetabledPassingTime>
                        <TimetabledPassingTime>
                            <PointInJourneyPatternRef ref="Toutenbus:JourneyPattern:0@2:LOC"/>
                            <ArrivalTime>07:48:00</ArrivalTime>
                            <DepartureTime>07:48:00</DepartureTime>
                        </TimetabledPassingTime>
                        <TimetabledPassingTime>
                            <PointInJourneyPatternRef ref="Toutenbus:JourneyPattern:0@3:LOC"/>
                            <ArrivalTime>07:53:00</ArrivalTime>
                            <DepartureTime>07:53:00</DepartureTime>
                        </TimetabledPassingTime>
                        <TimetabledPassingTime>
                            <PointInJourneyPatternRef ref="Toutenbus:JourneyPattern:0@4:LOC"/>
                            <ArrivalTime>08:00:00</ArrivalTime>
                            <DepartureTime>08:00:00</DepartureTime>
                        </TimetabledPassingTime>
                    </passingTimes>
                    <facilities>
                        <ServiceFacilitySetRef ref="gtfs:ServiceFacilitySet:LUGGAGE_NO_CYCLES"/>
                    </facilities>
                </ServiceJourney>
            </vehicleJourneys>
        </TimetableFrame>
        <VehicleScheduleFrame version="any" id="Toutenbus:VehicleScheduleFrame:0:LOC">
            <TypeOfFrameRef ref="FR:TypeOfFrame:NETEX_HORAIRE:"/>
            <blocks>
                <Block version="any" id="Toutenbus:Block:L66V01">
                    <Name>L66V01</Name>
                </Block>
            </blocks>
        </VehicleScheduleFrame>
        <GeneralFrame version="any" id="Toutenbus:GeneralFrame:0:LOC">
            <TypeOfFrameRef ref="FR:TypeOfFrame:NETEX_LIGNE_STRUCTURE:"/>
            <members>
                <LinkSequenceProjection version="any" id="Toutenbus:LinkSequenceProjection:4466:1">
                    <ns2:LineString srsName="WGS84" ns2:id="LS4466_1">
                        <ns2:pos>44.611061096191406 4.407092571258545</ns2:pos>
                        <ns2:pos>44.611141204833984 4.407159805297852</ns2:pos>
                        <ns2:pos>44.61098861694336 4.407489776611328</ns2:pos>
                        <ns2:pos>44.61096954345703 4.407569885253906</ns2:pos>
                        <ns2:pos>44.61096954345703 4.407639980316162</ns2:pos>
                        <ns2:pos>44.61111068725586 4.40772008895874</ns2:pos>
                        <ns2:pos>44.611228942871094 4.407859802246094</ns2:pos>
                        <ns2:pos>44.611289978027344 4.40802001953125</ns2:pos>
                        <ns2:pos>44.6113395690918 4.408229827880859</ns2:pos>
                        <ns2:pos>44.61180877685547 4.408090114593506</ns2:pos>
                        <ns2:pos>44.61204147338867 4.4080400466918945</ns2:pos>
                        <ns2:pos>44.612281799316406 4.40802001953125</ns2:pos>
                        <ns2:pos>44.61254119873047 4.40811014175415</ns2:pos>
                        <ns2:pos>44.612548828125 4.40818977355957</ns2:pos>
                        <ns2:pos>44.61260986328125 4.40831995010376</ns2:pos>
                        <ns2:pos>44.612728118896484 4.408450126647949</ns2:pos>
                        <ns2:pos>44.612831115722656 4.408490180969238</ns2:pos>
                        <ns2:pos>44.61294937133789 4.408490180969238</ns2:pos>
                        <ns2:pos>44.613059997558594 4.408430099487305</ns2:pos>
                        <ns2:pos>44.6131591796875 4.4083099365234375</ns2:pos>
                        <ns2:pos>44.61322021484375 4.4081501960754395</ns2:pos>
                        <ns2:pos>44.61323928833008 4.407969951629639</ns2:pos>
                        <ns2:pos>44.61323165893555 4.4078898429870605</ns2:pos>
                        <ns2:pos>44.6131591796875 4.407690048217773</ns2:pos>
                        <ns2:pos>44.613189697265625 4.40762996673584</ns2:pos>
                        <ns2:pos>44.61370849609375 4.406919956207275</ns2:pos>
                        <ns2:pos>44.614219665527344 4.406280040740967</ns2:pos>
                        <ns2:pos>44.6148681640625 4.405529975891113</ns2:pos>
                        <ns2:pos>44.615020751953125 4.405320167541504</ns2:pos>
                        <ns2:pos>44.61534881591797 4.404669761657715</ns2:pos>
                        <ns2:pos>44.61542892456055 4.404550075531006</ns2:pos>
                        <ns2:pos>44.615509033203125 4.404489994049072</ns2:pos>
                        <ns2:pos>44.61555099487305 4.404510021209717</ns2:pos>
                        <ns2:pos>44.615638732910156 4.404510021209717</ns2:pos>
                        <ns2:pos>44.61573028564453 4.404449939727783</ns2:pos>
                        <ns2:pos>44.61581039428711 4.404290199279785</ns2:pos>
                        <ns2:pos>44.61581039428711 4.404150009155273</ns2:pos>
                        <ns2:pos>44.61585998535156 4.403940200805664</ns2:pos>
                        <ns2:pos>44.61606979370117 4.4036102294921875</ns2:pos>
                        <ns2:pos>44.61738967895508 4.402050018310547</ns2:pos>
                        <ns2:pos>44.617759704589844 4.4016499519348145</ns2:pos>
                        <ns2:pos>44.619178771972656 4.400320053100586</ns2:pos>
                        <ns2:pos>44.61957931518555 4.399990081787109</ns2:pos>
                        <ns2:pos>44.62010955810547 4.3994598388671875</ns2:pos>
                        <ns2:pos>44.62028884887695 4.399219989776611</ns2:pos>
                        <ns2:pos>44.62062072753906 4.398620128631592</ns2:pos>
                        <ns2:pos>44.62083053588867 4.398049831390381</ns2:pos>
                        <ns2:pos>44.621009826660156 4.3972601890563965</ns2:pos>
                        <ns2:pos>44.621089935302734 4.396679878234863</ns2:pos>
                        <ns2:pos>44.62126159667969 4.395840167999268</ns2:pos>
                        <ns2:pos>44.62139892578125 4.39532995223999</ns2:pos>
                        <ns2:pos>44.62165832519531 4.394499778747559</ns2:pos>
                        <ns2:pos>44.62181091308594 4.393929958343506</ns2:pos>
                        <ns2:pos>44.62187957763672 4.393599987030029</ns2:pos>
                        <ns2:pos>44.62202072143555 4.392809867858887</ns2:pos>
                        <ns2:pos>44.62213897705078 4.391590118408203</ns2:pos>
                        <ns2:pos>44.62220001220703 4.391170024871826</ns2:pos>
                        <ns2:pos>44.62226104736328 4.3909101486206055</ns2:pos>
                        <ns2:pos>44.622371673583984 4.390550136566162</ns2:pos>
                        <ns2:pos>44.62263870239258 4.390079975128174</ns2:pos>
                        <ns2:pos>44.6226692199707 4.390089988708496</ns2:pos>
                        <ns2:pos>44.62274169921875 4.390049934387207</ns2:pos>
                        <ns2:pos>44.622920989990234 4.390190124511719</ns2:pos>
                        <ns2:pos>44.622989654541016 4.390210151672363</ns2:pos>
                        <ns2:pos>44.62348175048828 4.390749931335449</ns2:pos>
                        <ns2:pos>44.62377166748047 4.391019821166992</ns2:pos>
                        <ns2:pos>44.624420166015625 4.39178991317749</ns2:pos>
                        <ns2:pos>44.62556838989258 4.3929901123046875</ns2:pos>
                        <ns2:pos>44.62599182128906 4.393459796905518</ns2:pos>
                        <ns2:pos>44.626041412353516 4.393529891967773</ns2:pos>
                        <ns2:pos>44.626060485839844 4.393640041351318</ns2:pos>
                        <ns2:pos>44.62651062011719 4.3941497802734375</ns2:pos>
                        <ns2:pos>44.627140045166016 4.395050048828125</ns2:pos>
                        <ns2:pos>44.62723922729492 4.395209789276123</ns2:pos>
                        <ns2:pos>44.62725067138672 4.395249843597412</ns2:pos>
                        <ns2:pos>44.62723922729492 4.395430088043213</ns2:pos>
                        <ns2:pos>44.62691879272461 4.396329879760742</ns2:pos>
                        <ns2:pos>44.62691879272461 4.396329879760742</ns2:pos>
                        <ns2:pos>44.6268196105957 4.3966498374938965</ns2:pos>
                        <ns2:pos>44.62664031982422 4.397359848022461</ns2:pos>
                        <ns2:pos>44.626590728759766 4.397830009460449</ns2:pos>
                        <ns2:pos>44.62657165527344 4.39838981628418</ns2:pos>
                        <ns2:pos>44.626461029052734 4.398690223693848</ns2:pos>
                        <ns2:pos>44.626380920410156 4.398829936981201</ns2:pos>
                        <ns2:pos>44.626319885253906 4.39886999130249</ns2:pos>
                        <ns2:pos>44.626258850097656 4.398950099945068</ns2:pos>
                        <ns2:pos>44.626251220703125 4.3990302085876465</ns2:pos>
                        <ns2:pos>44.626258850097656 4.399159908294678</ns2:pos>
                        <ns2:pos>44.62630844116211 4.399250030517578</ns2:pos>
                        <ns2:pos>44.62641143798828 4.3993000984191895</ns2:pos>
                        <ns2:pos>44.62648010253906 4.399280071258545</ns2:pos>
                        <ns2:pos>44.62656021118164 4.399199962615967</ns2:pos>
                        <ns2:pos>44.626590728759766 4.399129867553711</ns2:pos>
                        <ns2:pos>44.626590728759766 4.3990797996521</ns2:pos>
                        <ns2:pos>44.626739501953125 4.399040222167969</ns2:pos>
                        <ns2:pos>44.62678909301758 4.398980140686035</ns2:pos>
                        <ns2:pos>44.6268310546875 4.398859977722168</ns2:pos>
                        <ns2:pos>44.626861572265625 4.397459983825684</ns2:pos>
                        <ns2:pos>44.62688064575195 4.397299766540527</ns2:pos>
                        <ns2:pos>44.62691879272461 4.397170066833496</ns2:pos>
                        <ns2:pos>44.62702178955078 4.39700984954834</ns2:pos>
                        <ns2:pos>44.62712860107422 4.396940231323242</ns2:pos>
                        <ns2:pos>44.627220153808594 4.396920204162598</ns2:pos>
                        <ns2:pos>44.62739181518555 4.396940231323242</ns2:pos>
                        <ns2:pos>44.62744140625 4.396629810333252</ns2:pos>
                        <ns2:pos>44.62744903564453 4.39523983001709</ns2:pos>
                        <ns2:pos>44.62751007080078 4.395130157470703</ns2:pos>
                        <ns2:pos>44.62765121459961 4.394659996032715</ns2:pos>
                        <ns2:pos>44.62771987915039 4.394509792327881</ns2:pos>
                        <ns2:pos>44.62786102294922 4.394420146942139</ns2:pos>
                        <ns2:pos>44.628780364990234 4.394000053405762</ns2:pos>
                        <ns2:pos>44.63018035888672 4.393219947814941</ns2:pos>
                        <ns2:pos>44.63051986694336 4.393070220947266</ns2:pos>
                        <ns2:pos>44.631160736083984 4.392889976501465</ns2:pos>
                        <ns2:pos>44.63185119628906 4.392560005187988</ns2:pos>
                        <ns2:pos>44.63261032104492 4.392139911651611</ns2:pos>
                        <ns2:pos>44.63338851928711 4.391650199890137</ns2:pos>
                        <ns2:pos>44.633819580078125 4.391429901123047</ns2:pos>
                        <ns2:pos>44.634151458740234 4.3913397789001465</ns2:pos>
                        <ns2:pos>44.63454818725586 4.39132022857666</ns2:pos>
                        <ns2:pos>44.63499069213867 4.39123010635376</ns2:pos>
                        <ns2:pos>44.63576126098633 4.391019821166992</ns2:pos>
                        <ns2:pos>44.636131286621094 4.390900135040283</ns2:pos>
                        <ns2:pos>44.6363410949707 4.390810012817383</ns2:pos>
                        <ns2:pos>44.63648986816406 4.390719890594482</ns2:pos>
                        <ns2:pos>44.636810302734375 4.3904500007629395</ns2:pos>
                        <ns2:pos>44.637210845947266 4.390039920806885</ns2:pos>
                        <ns2:pos>44.63751983642578 4.3897600173950195</ns2:pos>
                        <ns2:pos>44.63766098022461 4.389659881591797</ns2:pos>
                        <ns2:pos>44.63801956176758 4.389500141143799</ns2:pos>
                        <ns2:pos>44.63837814331055 4.389379978179932</ns2:pos>
                        <ns2:pos>44.63888168334961 4.3890700340271</ns2:pos>
                        <ns2:pos>44.63936996459961 4.388800144195557</ns2:pos>
                        <ns2:pos>44.639610290527344 4.388619899749756</ns2:pos>
                        <ns2:pos>44.63983154296875 4.388420104980469</ns2:pos>
                        <ns2:pos>44.64012145996094 4.388060092926025</ns2:pos>
                        <ns2:pos>44.6403694152832 4.387829780578613</ns2:pos>
                        <ns2:pos>44.640968322753906 4.387650012969971</ns2:pos>
                        <ns2:pos>44.64107894897461 4.387579917907715</ns2:pos>
                        <ns2:pos>44.641239166259766 4.387420177459717</ns2:pos>
                        <ns2:pos>44.641441345214844 4.387159824371338</ns2:pos>
                        <ns2:pos>44.64154815673828 4.386919975280762</ns2:pos>
                        <ns2:pos>44.641761779785156 4.386380195617676</ns2:pos>
                        <ns2:pos>44.641788482666016 4.386079788208008</ns2:pos>
                        <ns2:pos>44.641761779785156 4.385190010070801</ns2:pos>
                        <ns2:pos>44.64168930053711 4.3845601081848145</ns2:pos>
                        <ns2:pos>44.641578674316406 4.383959770202637</ns2:pos>
                        <ns2:pos>44.641571044921875 4.383739948272705</ns2:pos>
                        <ns2:pos>44.641639709472656 4.3833699226379395</ns2:pos>
                        <ns2:pos>44.641700744628906 4.383349895477295</ns2:pos>
                        <ns2:pos>44.64188003540039 4.383080005645752</ns2:pos>
                        <ns2:pos>44.6421012878418 4.382929801940918</ns2:pos>
                        <ns2:pos>44.642208099365234 4.382880210876465</ns2:pos>
                        <ns2:pos>44.642269134521484 4.382900238037109</ns2:pos>
                        <ns2:pos>44.64229965209961 4.38293981552124</ns2:pos>
                        <ns2:pos>44.64228820800781 4.383220195770264</ns2:pos>
                        <ns2:pos>44.642311096191406 4.383470058441162</ns2:pos>
                        <ns2:pos>44.64237976074219 4.383900165557861</ns2:pos>
                        <ns2:pos>44.64244079589844 4.38401985168457</ns2:pos>
                        <ns2:pos>44.64255142211914 4.384029865264893</ns2:pos>
                        <ns2:pos>44.64265823364258 4.3839898109436035</ns2:pos>
                        <ns2:pos>44.6427001953125 4.384029865264893</ns2:pos>
                        <ns2:pos>44.64287185668945 4.384490013122559</ns2:pos>
                        <ns2:pos>44.64289855957031 4.3846001625061035</ns2:pos>
                        <ns2:pos>44.64289855957031 4.3846001625061035</ns2:pos>
                        <ns2:pos>44.64287185668945 4.384490013122559</ns2:pos>
                        <ns2:pos>44.6427001953125 4.384029865264893</ns2:pos>
                        <ns2:pos>44.64265823364258 4.3839898109436035</ns2:pos>
                        <ns2:pos>44.64255142211914 4.384029865264893</ns2:pos>
                        <ns2:pos>44.64244079589844 4.38401985168457</ns2:pos>
                        <ns2:pos>44.64237976074219 4.383900165557861</ns2:pos>
                        <ns2:pos>44.642311096191406 4.383470058441162</ns2:pos>
                        <ns2:pos>44.64228820800781 4.383220195770264</ns2:pos>
                        <ns2:pos>44.64229965209961 4.38293981552124</ns2:pos>
                        <ns2:pos>44.642269134521484 4.382900238037109</ns2:pos>
                        <ns2:pos>44.642208099365234 4.382880210876465</ns2:pos>
                        <ns2:pos>44.6421012878418 4.382929801940918</ns2:pos>
                        <ns2:pos>44.64188003540039 4.383080005645752</ns2:pos>
                        <ns2:pos>44.641780853271484 4.3831000328063965</ns2:pos>
                        <ns2:pos>44.64175033569336 4.383080005645752</ns2:pos>
                        <ns2:pos>44.641849517822266 4.382919788360596</ns2:pos>
                        <ns2:pos>44.64216995239258 4.382530212402344</ns2:pos>
                        <ns2:pos>44.642250061035156 4.382390022277832</ns2:pos>
                        <ns2:pos>44.64234161376953 4.382160186767578</ns2:pos>
                        <ns2:pos>44.64242935180664 4.381830215454102</ns2:pos>
                        <ns2:pos>44.64247131347656 4.381569862365723</ns2:pos>
                        <ns2:pos>44.64247131347656 4.38139009475708</ns2:pos>
                        <ns2:pos>44.642459869384766 4.38129997253418</ns2:pos>
                        <ns2:pos>44.64234161376953 4.380849838256836</ns2:pos>
                        <ns2:pos>44.642311096191406 4.380660057067871</ns2:pos>
                        <ns2:pos>44.642311096191406 4.380499839782715</ns2:pos>
                        <ns2:pos>44.64234161376953 4.380320072174072</ns2:pos>
                        <ns2:pos>44.64244842529297 4.380109786987305</ns2:pos>
                        <ns2:pos>44.64263153076172 4.379889965057373</ns2:pos>
                        <ns2:pos>44.642818450927734 4.379700183868408</ns2:pos>
                        <ns2:pos>44.64303970336914 4.37939977645874</ns2:pos>
                        <ns2:pos>44.64313888549805 4.379240036010742</ns2:pos>
                        <ns2:pos>44.643348693847656 4.3788299560546875</ns2:pos>
                        <ns2:pos>44.64379119873047 4.378170013427734</ns2:pos>
                        <ns2:pos>44.644081115722656 4.377810001373291</ns2:pos>
                        <ns2:pos>44.64445114135742 4.377270221710205</ns2:pos>
                        <ns2:pos>44.644561767578125 4.377170085906982</ns2:pos>
                        <ns2:pos>44.64476013183594 4.376840114593506</ns2:pos>
                        <ns2:pos>44.6449089050293 4.376349925994873</ns2:pos>
                        <ns2:pos>44.64485168457031 4.376359939575195</ns2:pos>
                        <ns2:pos>44.644710540771484 4.3762898445129395</ns2:pos>
                        <ns2:pos>44.6446418762207 4.376220226287842</ns2:pos>
                        <ns2:pos>44.64459991455078 4.3761701583862305</ns2:pos>
                        <ns2:pos>44.644630432128906 4.376070022583008</ns2:pos>
                        <ns2:pos>44.644630432128906 4.376070022583008</ns2:pos>
                        <ns2:pos>44.64459991455078 4.3761701583862305</ns2:pos>
                        <ns2:pos>44.6446418762207 4.376220226287842</ns2:pos>
                        <ns2:pos>44.644710540771484 4.3762898445129395</ns2:pos>
                        <ns2:pos>44.64485168457031 4.376359939575195</ns2:pos>
                        <ns2:pos>44.6449089050293 4.376349925994873</ns2:pos>
                        <ns2:pos>44.64506912231445 4.375639915466309</ns2:pos>
                        <ns2:pos>44.64508056640625 4.375470161437988</ns2:pos>
                        <ns2:pos>44.645111083984375 4.375339984893799</ns2:pos>
                        <ns2:pos>44.64522171020508 4.375070095062256</ns2:pos>
                        <ns2:pos>44.64529037475586 4.374949932098389</ns2:pos>
                        <ns2:pos>44.645450592041016 4.374760150909424</ns2:pos>
                        <ns2:pos>44.64554977416992 4.374690055847168</ns2:pos>
                        <ns2:pos>44.645851135253906 4.3745598793029785</ns2:pos>
                        <ns2:pos>44.64603042602539 4.374460220336914</ns2:pos>
                        <ns2:pos>44.64628982543945 4.37421989440918</ns2:pos>
                        <ns2:pos>44.647010803222656 4.373640060424805</ns2:pos>
                        <ns2:pos>44.6472282409668 4.373469829559326</ns2:pos>
                        <ns2:pos>44.64751052856445 4.373290061950684</ns2:pos>
                        <ns2:pos>44.64781951904297 4.373149871826172</ns2:pos>
                        <ns2:pos>44.64849090576172 4.372960090637207</ns2:pos>
                        <ns2:pos>44.64955139160156 4.372320175170898</ns2:pos>
                        <ns2:pos>44.64971160888672 4.372200012207031</ns2:pos>
                        <ns2:pos>44.65031051635742 4.371640205383301</ns2:pos>
                        <ns2:pos>44.650699615478516 4.371399879455566</ns2:pos>
                        <ns2:pos>44.650909423828125 4.371210098266602</ns2:pos>
                        <ns2:pos>44.651100158691406 4.370950222015381</ns2:pos>
                        <ns2:pos>44.65166091918945 4.3695597648620605</ns2:pos>
                        <ns2:pos>44.65184020996094 4.369080066680908</ns2:pos>
                        <ns2:pos>44.65203857421875 4.36830997467041</ns2:pos>
                        <ns2:pos>44.65208053588867 4.3682098388671875</ns2:pos>
                        <ns2:pos>44.65216827392578 4.3680500984191895</ns2:pos>
                        <ns2:pos>44.652320861816406 4.367889881134033</ns2:pos>
                        <ns2:pos>44.6533317565918 4.367859840393066</ns2:pos>
                        <ns2:pos>44.6539192199707 4.367819786071777</ns2:pos>
                        <ns2:pos>44.654300689697266 4.367859840393066</ns2:pos>
                        <ns2:pos>44.654449462890625 4.367929935455322</ns2:pos>
                        <ns2:pos>44.65476989746094 4.368229866027832</ns2:pos>
                        <ns2:pos>44.654930114746094 4.368430137634277</ns2:pos>
                        <ns2:pos>44.65507125854492 4.368569850921631</ns2:pos>
                        <ns2:pos>44.65530014038086 4.368710041046143</ns2:pos>
                        <ns2:pos>44.65618133544922 4.3689799308776855</ns2:pos>
                        <ns2:pos>44.656410217285156 4.3690900802612305</ns2:pos>
                        <ns2:pos>44.656620025634766 4.369100093841553</ns2:pos>
                        <ns2:pos>44.65673828125 4.36899995803833</ns2:pos>
                        <ns2:pos>44.65681838989258 4.368869781494141</ns2:pos>
                        <ns2:pos>44.65702819824219 4.36860990524292</ns2:pos>
                        <ns2:pos>44.65803146362305 4.368110179901123</ns2:pos>
                        <ns2:pos>44.65837860107422 4.3680100440979</ns2:pos>
                        <ns2:pos>44.65877914428711 4.367959976196289</ns2:pos>
                        <ns2:pos>44.65980911254883 4.367990016937256</ns2:pos>
                        <ns2:pos>44.66107940673828 4.368279933929443</ns2:pos>
                        <ns2:pos>44.66147994995117 4.3683600425720215</ns2:pos>
                        <ns2:pos>44.661651611328125 4.368370056152344</ns2:pos>
                        <ns2:pos>44.661991119384766 4.368279933929443</ns2:pos>
                        <ns2:pos>44.662208557128906 4.368150234222412</ns2:pos>
                        <ns2:pos>44.662410736083984 4.368080139160156</ns2:pos>
                        <ns2:pos>44.66250991821289 4.3680901527404785</ns2:pos>
                        <ns2:pos>44.662879943847656 4.368199825286865</ns2:pos>
                        <ns2:pos>44.66313171386719 4.368229866027832</ns2:pos>
                        <ns2:pos>44.663368225097656 4.368150234222412</ns2:pos>
                        <ns2:pos>44.66353988647461 4.368020057678223</ns2:pos>
                        <ns2:pos>44.66379928588867 4.367730140686035</ns2:pos>
                        <ns2:pos>44.6650505065918 4.366519927978516</ns2:pos>
                        <ns2:pos>44.665401458740234 4.366159915924072</ns2:pos>
                        <ns2:pos>44.665611267089844 4.366119861602783</ns2:pos>
                        <ns2:pos>44.666038513183594 4.366119861602783</ns2:pos>
                        <ns2:pos>44.666160583496094 4.366099834442139</ns2:pos>
                        <ns2:pos>44.666961669921875 4.365890026092529</ns2:pos>
                        <ns2:pos>44.667388916015625 4.365580081939697</ns2:pos>
                        <ns2:pos>44.667598724365234 4.365509986877441</ns2:pos>
                        <ns2:pos>44.66788864135742 4.365469932556152</ns2:pos>
                        <ns2:pos>44.6686897277832 4.365449905395508</ns2:pos>
                        <ns2:pos>44.668941497802734 4.365419864654541</ns2:pos>
                        <ns2:pos>44.668941497802734 4.364709854125977</ns2:pos>
                        <ns2:pos>44.66865921020508 4.364719867706299</ns2:pos>
                        <ns2:pos>44.66862869262695 4.36467981338501</ns2:pos>
                        <ns2:pos>44.66862869262695 4.364409923553467</ns2:pos>
                        <ns2:pos>44.66862106323242 4.364409923553467</ns2:pos>
                    </ns2:LineString>
                </LinkSequenceProjection>
            </members>
        </GeneralFrame>
    </dataObjects>
</PublicationDelivery>
