<?xml version="1.0" encoding="UTF-8" standalone="yes"?>
<PublicationDelivery xmlns="http://www.netex.org.uk/netex" xmlns:ns2="http://www.opengis.net/gml/3.2" xmlns:ns3="http://www.siri.org.uk/siri">
    <PublicationTimestamp>2025-09-04T13:22:47.579Z</PublicationTimestamp>
    <ParticipantRef>Toutenbus</ParticipantRef>
    <dataObjects>
        <ResourceFrame version="any" id="Toutenbus:ResourceFrame:0:LOC">
            <TypeOfFrameRef ref="FR:TypeOfFrame:NETEX_RESEAU:"/>
            <FrameDefaults>
                <DefaultLocationSystem>EPSG:4326</DefaultLocationSystem>
                <DefaultSystemOfUnits>SiMetres</DefaultSystemOfUnits>
                <DefaultCurrency>EUR</DefaultCurrency>
            </FrameDefaults>
            <organisations>
                <Authority version="any" id="Toutenbus:Authority:44">
                    <Name lang="fr">AUBENAS - Tout'enbus</Name>
                    <Locale>
                        <TimeZone>Europe/Paris</TimeZone>
                        <DefaultLanguage>fr</DefaultLanguage>
                    </Locale>
                    <ContactDetails>
                        <Email>contact@toutenbus.fr</Email>
                        <Phone>+33475892656</Phone>
                        <Url>https://www.toutenbus.fr</Url>
                    </ContactDetails>
                </Authority>
            </organisations>
        </ResourceFrame>
    </dataObjects>
</PublicationDelivery>
