<?xml version="1.0" encoding="UTF-8"?>
<PublicationDelivery xmlns:xsi="http://www.w3.org/2001/XMLSchema-instance"
                     xsi:schemaLocation="http://www.netex.org.uk/netex"
                     xmlns="http://www.netex.org.uk/netex"
                     xmlns:xlink="http://www.w3.org/1999/xlink"
                     xmlns:ifopt="http://www.ifopt.org.uk/ifopt"
                     xmlns:gml="http://www.opengis.net/gml/3.2"
                     xmlns:core="http://www.govtalk.gov.uk/core"
                     xmlns:siri="http://www.siri.org.uk/siri"
                     version="1.10:FR-NETEX-2.2">
   <PublicationTimestamp>2025-09-04T01:32:20+02:00</PublicationTimestamp>
   <ParticipantRef>TUB</ParticipantRef>
   <Description>Offre sur la période du 04/09/2025 au 31/12/2025</Description>
   <dataObjects>
      <CompositeFrame id="FR:CompositeFrame:NETEX_LIGNE-20250904T013220:LOC" version="1.0">
         <Name>Saint Amand - Ligny en Barrois</Name>
         <FrameDefaults>
            <DefaultLocale>
               <TimeZone>Europe/Paris</TimeZone>
               <DefaultLanguage>fr</DefaultLanguage>
            </DefaultLocale>
            <DefaultLocationSystem>WGS84</DefaultLocationSystem>
            <DefaultSystemOfUnits>SiMetres</DefaultSystemOfUnits>
         </FrameDefaults>
         <frames>
            <ResourceFrame id="FR:ResourceFrame:1" version="any">
               <typesOfValue>
                  <ValueSet id="FR:ValueSet:TypeOfFrame" nameOfClass="TypeOfFrame" version="any">
                     <Name>TypeOfFrame</Name>
                     <values>
                        <TypeOfFrame id="FR:TypeOfFrame:NETEX_RESEAU" version="any">
                           <Name>NETEX_RESEAU</Name>
                        </TypeOfFrame>
                        <TypeOfFrame id="FR:TypeOfFrame:NETEX_HORAIRE" version="any">
                           <Name>NETEX_HORAIRE</Name>
                        </TypeOfFrame>
                     </values>
                  </ValueSet>
               </typesOfValue>
            </ResourceFrame>
            <GeneralFrame id="FR:GeneralFrame:NETEX_RESEAU-20250904T013220:LOC" version="1.0" dataSourceRef="TUB">
               <TypeOfFrameRef ref="FR:TypeOfFrame:NETEX_RESEAU"/>
               <members>
                  <Route id="TUB:Route:1454-A:LOC" version="1">
                     <Name>Saint Amand - Ligny en Barrois - Aller</Name>
                     <LineRef ref="TUB:Line:1454:LOC" versionRef="1"/>
                     <DirectionType>outbound</DirectionType>
                     <DirectionRef ref="TUB:Direction:1454-A:LOC" versionRef="1"/>
                     <InverseRouteRef ref="TUB:Route:1454-R:LOC" versionRef="1"/>
                  </Route>
                  <Direction id="TUB:Direction:1454-A:LOC" version="1">
                     <Name>Saint Amand - Ligny en Barrois - Aller</Name>
                     <DirectionType>outbound</DirectionType>
                  </Direction>
                  <Route id="TUB:Route:1454-R:LOC" version="1">
                     <Name>Saint Amand - Ligny en Barrois - Retour</Name>
                     <LineRef ref="TUB:Line:1454:LOC" versionRef="1"/>
                     <DirectionType>inbound</DirectionType>
                     <DirectionRef ref="TUB:Direction:1454-R:LOC" versionRef="1"/>
                     <InverseRouteRef ref="TUB:Route:1454-A:LOC" versionRef="1"/>
                  </Route>
                  <Direction id="TUB:Direction:1454-R:LOC" version="1">
                     <Name>Saint Amand - Ligny en Barrois - Retour</Name>
                     <DirectionType>inbound</DirectionType>
                  </Direction>
                  <ServiceJourneyPattern id="TUB:ServiceJourneyPattern:18:LOC" version="1">
                     <Name>LIGNY EN BARROIS - Piscine</Name>
                     <PrivateCode>14973967</PrivateCode>
                     <RouteRef ref="TUB:Route:1454-A:LOC" versionRef="1"/>
                     <DestinationDisplayRef ref="TUB:DestinationDisplay:18:LOC" versionRef="1"/>
                     <pointsInSequence>
                        <StopPointInJourneyPattern id="TUB:StopPointInJourneyPattern:18x1:LOC" version="any" order="1">
                           <ScheduledStopPointRef ref="TUB:ScheduledStopPoint:124:LOC" versionRef="1"/>
                           <ForAlighting>false</ForAlighting>
                           <ForBoarding>true</ForBoarding>
                           <RequestStop>false</RequestStop>
                        </StopPointInJourneyPattern>
                        <StopPointInJourneyPattern id="TUB:StopPointInJourneyPattern:18x2:LOC" version="any" order="2">
                           <ScheduledStopPointRef ref="TUB:ScheduledStopPoint:125:LOC" versionRef="1"/>
                           <ForAlighting>true</ForAlighting>
                           <ForBoarding>true</ForBoarding>
                           <RequestStop>false</RequestStop>
                        </StopPointInJourneyPattern>
                        <StopPointInJourneyPattern id="TUB:StopPointInJourneyPattern:18x3:LOC" version="any" order="3">
                           <ScheduledStopPointRef ref="TUB:ScheduledStopPoint:126:LOC" versionRef="1"/>
                           <ForAlighting>true</ForAlighting>
                           <ForBoarding>true</ForBoarding>
                           <RequestStop>false</RequestStop>
                        </StopPointInJourneyPattern>
                        <StopPointInJourneyPattern id="TUB:StopPointInJourneyPattern:18x4:LOC" version="any" order="4">
                           <ScheduledStopPointRef ref="TUB:ScheduledStopPoint:127:LOC" versionRef="1"/>
                           <ForAlighting>true</ForAlighting>
                           <ForBoarding>true</ForBoarding>
                           <RequestStop>false</RequestStop>
                        </StopPointInJourneyPattern>
                        <StopPointInJourneyPattern id="TUB:StopPointInJourneyPattern:18x5:LOC" version="any" order="5">
                           <ScheduledStopPointRef ref="TUB:ScheduledStopPoint:128:LOC" versionRef="1"/>
                           <ForAlighting>true</ForAlighting>
                           <ForBoarding>true</ForBoarding>
                           <RequestStop>false</RequestStop>
                        </StopPointInJourneyPattern>
                        <StopPointInJourneyPattern id="TUB:StopPointInJourneyPattern:18x6:LOC" version="any" order="6">
                           <ScheduledStopPointRef ref="TUB:ScheduledStopPoint:129:LOC" versionRef="1"/>
                           <ForAlighting>true</ForAlighting>
                           <ForBoarding>true</ForBoarding>
                           <RequestStop>false</RequestStop>
                        </StopPointInJourneyPattern>
                        <StopPointInJourneyPattern id="TUB:StopPointInJourneyPattern:18x7:LOC" version="any" order="7">
                           <ScheduledStopPointRef ref="TUB:ScheduledStopPoint:130:LOC" versionRef="1"/>
                           <ForAlighting>true</ForAlighting>
                           <ForBoarding>true</ForBoarding>
                           <RequestStop>false</RequestStop>
                        </StopPointInJourneyPattern>
                        <StopPointInJourneyPattern id="TUB:StopPointInJourneyPattern:18x8:LOC" version="any" order="8">
                           <ScheduledStopPointRef ref="TUB:ScheduledStopPoint:131:LOC" versionRef="1"/>
                           <ForAlighting>true</ForAlighting>
                           <ForBoarding>true</ForBoarding>
                           <RequestStop>false</RequestStop>
                        </StopPointInJourneyPattern>
                        <StopPointInJourneyPattern id="TUB:StopPointInJourneyPattern:18x9:LOC" version="any" order="9">
                           <ScheduledStopPointRef ref="TUB:ScheduledStopPoint:132:LOC" versionRef="1"/>
                           <ForAlighting>true</ForAlighting>
                           <ForBoarding>true</ForBoarding>
                           <RequestStop>false</RequestStop>
                        </StopPointInJourneyPattern>
                        <StopPointInJourneyPattern id="TUB:StopPointInJourneyPattern:18x10:LOC" version="any" order="10">
                           <ScheduledStopPointRef ref="TUB:ScheduledStopPoint:133:LOC" versionRef="1"/>
                           <ForAlighting>true</ForAlighting>
                           <ForBoarding>true</ForBoarding>
                           <RequestStop>false</RequestStop>
                        </StopPointInJourneyPattern>
                        <StopPointInJourneyPattern id="TUB:StopPointInJourneyPattern:18x11:LOC" version="any" order="18">
                           <ScheduledStopPointRef ref="TUB:ScheduledStopPoint:141:LOC" versionRef="1"/>
                           <ForAlighting>true</ForAlighting>
                           <ForBoarding>true</ForBoarding>
                           <RequestStop>false</RequestStop>
                        </StopPointInJourneyPattern>
                        <StopPointInJourneyPattern id="TUB:StopPointInJourneyPattern:18x12:LOC" version="any" order="19">
                           <ScheduledStopPointRef ref="TUB:ScheduledStopPoint:142:LOC" versionRef="1"/>
                           <ForAlighting>true</ForAlighting>
                           <ForBoarding>false</ForBoarding>
                           <RequestStop>false</RequestStop>
                        </StopPointInJourneyPattern>
                     </pointsInSequence>
                     <ServiceJourneyPatternType>passenger</ServiceJourneyPatternType>
                  </ServiceJourneyPattern>
                  <ServiceJourneyPattern id="TUB:ServiceJourneyPattern:19:LOC" version="1">
                     <Name>MENAUCOURT - Ecole</Name>
                     <PrivateCode>14973966</PrivateCode>
                     <RouteRef ref="TUB:Route:1454-A:LOC" versionRef="1"/>
                     <DestinationDisplayRef ref="TUB:DestinationDisplay:19:LOC" versionRef="1"/>
                     <pointsInSequence>
                        <StopPointInJourneyPattern id="TUB:StopPointInJourneyPattern:19x1:LOC" version="any" order="10">
                           <ScheduledStopPointRef ref="TUB:ScheduledStopPoint:133:LOC" versionRef="1"/>
                           <ForAlighting>false</ForAlighting>
                           <ForBoarding>true</ForBoarding>
                           <RequestStop>false</RequestStop>
                        </StopPointInJourneyPattern>
                        <StopPointInJourneyPattern id="TUB:StopPointInJourneyPattern:19x2:LOC" version="any" order="11">
                           <ScheduledStopPointRef ref="TUB:ScheduledStopPoint:134:LOC" versionRef="1"/>
                           <ForAlighting>true</ForAlighting>
                           <ForBoarding>true</ForBoarding>
                           <RequestStop>false</RequestStop>
                        </StopPointInJourneyPattern>
                        <StopPointInJourneyPattern id="TUB:StopPointInJourneyPattern:19x3:LOC" version="any" order="12">
                           <ScheduledStopPointRef ref="TUB:ScheduledStopPoint:135:LOC" versionRef="1"/>
                           <ForAlighting>true</ForAlighting>
                           <ForBoarding>true</ForBoarding>
                           <RequestStop>false</RequestStop>
                        </StopPointInJourneyPattern>
                        <StopPointInJourneyPattern id="TUB:StopPointInJourneyPattern:19x4:LOC" version="any" order="13">
                           <ScheduledStopPointRef ref="TUB:ScheduledStopPoint:136:LOC" versionRef="1"/>
                           <ForAlighting>true</ForAlighting>
                           <ForBoarding>true</ForBoarding>
                           <RequestStop>false</RequestStop>
                        </StopPointInJourneyPattern>
                        <StopPointInJourneyPattern id="TUB:StopPointInJourneyPattern:19x5:LOC" version="any" order="14">
                           <ScheduledStopPointRef ref="TUB:ScheduledStopPoint:137:LOC" versionRef="1"/>
                           <ForAlighting>true</ForAlighting>
                           <ForBoarding>true</ForBoarding>
                           <RequestStop>false</RequestStop>
                        </StopPointInJourneyPattern>
                        <StopPointInJourneyPattern id="TUB:StopPointInJourneyPattern:19x6:LOC" version="any" order="15">
                           <ScheduledStopPointRef ref="TUB:ScheduledStopPoint:138:LOC" versionRef="1"/>
                           <ForAlighting>true</ForAlighting>
                           <ForBoarding>true</ForBoarding>
                           <RequestStop>false</RequestStop>
                        </StopPointInJourneyPattern>
                        <StopPointInJourneyPattern id="TUB:StopPointInJourneyPattern:19x7:LOC" version="any" order="16">
                           <ScheduledStopPointRef ref="TUB:ScheduledStopPoint:139:LOC" versionRef="1"/>
                           <ForAlighting>true</ForAlighting>
                           <ForBoarding>true</ForBoarding>
                           <RequestStop>false</RequestStop>
                        </StopPointInJourneyPattern>
                        <StopPointInJourneyPattern id="TUB:StopPointInJourneyPattern:19x8:LOC" version="any" order="17">
                           <ScheduledStopPointRef ref="TUB:ScheduledStopPoint:140:LOC" versionRef="1"/>
                           <ForAlighting>true</ForAlighting>
                           <ForBoarding>false</ForBoarding>
                           <RequestStop>false</RequestStop>
                        </StopPointInJourneyPattern>
                     </pointsInSequence>
                     <ServiceJourneyPatternType>passenger</ServiceJourneyPatternType>
                  </ServiceJourneyPattern>
                  <ServiceJourneyPattern id="TUB:ServiceJourneyPattern:50:LOC" version="1">
                     <Name>GIRAUVAL - Bistro Theatre</Name>
                     <PrivateCode>14973965</PrivateCode>
                     <RouteRef ref="TUB:Route:1454-R:LOC" versionRef="1"/>
                     <DestinationDisplayRef ref="TUB:DestinationDisplay:50:LOC" versionRef="1"/>
                     <pointsInSequence>
                        <StopPointInJourneyPattern id="TUB:StopPointInJourneyPattern:50x1:LOC" version="any" order="9">
                           <ScheduledStopPointRef ref="TUB:ScheduledStopPoint:151:LOC" versionRef="1"/>
                           <ForAlighting>false</ForAlighting>
                           <ForBoarding>true</ForBoarding>
                           <RequestStop>false</RequestStop>
                        </StopPointInJourneyPattern>
                        <StopPointInJourneyPattern id="TUB:StopPointInJourneyPattern:50x2:LOC" version="any" order="10">
                           <ScheduledStopPointRef ref="TUB:ScheduledStopPoint:152:LOC" versionRef="1"/>
                           <ForAlighting>true</ForAlighting>
                           <ForBoarding>true</ForBoarding>
                           <RequestStop>false</RequestStop>
                        </StopPointInJourneyPattern>
                        <StopPointInJourneyPattern id="TUB:StopPointInJourneyPattern:50x3:LOC" version="any" order="11">
                           <ScheduledStopPointRef ref="TUB:ScheduledStopPoint:153:LOC" versionRef="1"/>
                           <ForAlighting>true</ForAlighting>
                           <ForBoarding>true</ForBoarding>
                           <RequestStop>false</RequestStop>
                        </StopPointInJourneyPattern>
                        <StopPointInJourneyPattern id="TUB:StopPointInJourneyPattern:50x4:LOC" version="any" order="12">
                           <ScheduledStopPointRef ref="TUB:ScheduledStopPoint:154:LOC" versionRef="1"/>
                           <ForAlighting>true</ForAlighting>
                           <ForBoarding>true</ForBoarding>
                           <RequestStop>false</RequestStop>
                        </StopPointInJourneyPattern>
                        <StopPointInJourneyPattern id="TUB:StopPointInJourneyPattern:50x5:LOC" version="any" order="13">
                           <ScheduledStopPointRef ref="TUB:ScheduledStopPoint:155:LOC" versionRef="1"/>
                           <ForAlighting>true</ForAlighting>
                           <ForBoarding>true</ForBoarding>
                           <RequestStop>false</RequestStop>
                        </StopPointInJourneyPattern>
                        <StopPointInJourneyPattern id="TUB:StopPointInJourneyPattern:50x6:LOC" version="any" order="14">
                           <ScheduledStopPointRef ref="TUB:ScheduledStopPoint:156:LOC" versionRef="1"/>
                           <ForAlighting>true</ForAlighting>
                           <ForBoarding>true</ForBoarding>
                           <RequestStop>false</RequestStop>
                        </StopPointInJourneyPattern>
                        <StopPointInJourneyPattern id="TUB:StopPointInJourneyPattern:50x7:LOC" version="any" order="15">
                           <ScheduledStopPointRef ref="TUB:ScheduledStopPoint:157:LOC" versionRef="1"/>
                           <ForAlighting>true</ForAlighting>
                           <ForBoarding>true</ForBoarding>
                           <RequestStop>false</RequestStop>
                        </StopPointInJourneyPattern>
                        <StopPointInJourneyPattern id="TUB:StopPointInJourneyPattern:50x8:LOC" version="any" order="16">
                           <ScheduledStopPointRef ref="TUB:ScheduledStopPoint:158:LOC" versionRef="1"/>
                           <ForAlighting>true</ForAlighting>
                           <ForBoarding>true</ForBoarding>
                           <RequestStop>false</RequestStop>
                        </StopPointInJourneyPattern>
                        <StopPointInJourneyPattern id="TUB:StopPointInJourneyPattern:50x9:LOC" version="any" order="17">
                           <ScheduledStopPointRef ref="TUB:ScheduledStopPoint:159:LOC" versionRef="1"/>
                           <ForAlighting>true</ForAlighting>
                           <ForBoarding>true</ForBoarding>
                           <RequestStop>false</RequestStop>
                        </StopPointInJourneyPattern>
                        <StopPointInJourneyPattern id="TUB:StopPointInJourneyPattern:50x10:LOC" version="any" order="18">
                           <ScheduledStopPointRef ref="TUB:ScheduledStopPoint:160:LOC" versionRef="1"/>
                           <ForAlighting>true</ForAlighting>
                           <ForBoarding>true</ForBoarding>
                           <RequestStop>false</RequestStop>
                        </StopPointInJourneyPattern>
                        <StopPointInJourneyPattern id="TUB:StopPointInJourneyPattern:50x11:LOC" version="any" order="19">
                           <ScheduledStopPointRef ref="TUB:ScheduledStopPoint:161:LOC" versionRef="1"/>
                           <ForAlighting>true</ForAlighting>
                           <ForBoarding>false</ForBoarding>
                           <RequestStop>false</RequestStop>
                        </StopPointInJourneyPattern>
                     </pointsInSequence>
                     <ServiceJourneyPatternType>passenger</ServiceJourneyPatternType>
                  </ServiceJourneyPattern>
                  <ServiceJourneyPattern id="TUB:ServiceJourneyPattern:51:LOC" version="1">
                     <Name>ST ARMAND SUR ORNAIN - Centre</Name>
                     <PrivateCode>14973968</PrivateCode>
                     <RouteRef ref="TUB:Route:1454-R:LOC" versionRef="1"/>
                     <DestinationDisplayRef ref="TUB:DestinationDisplay:51:LOC" versionRef="1"/>
                     <pointsInSequence>
                        <StopPointInJourneyPattern id="TUB:StopPointInJourneyPattern:51x1:LOC" version="any" order="1">
                           <ScheduledStopPointRef ref="TUB:ScheduledStopPoint:143:LOC" versionRef="1"/>
                           <ForAlighting>false</ForAlighting>
                           <ForBoarding>true</ForBoarding>
                           <RequestStop>false</RequestStop>
                        </StopPointInJourneyPattern>
                        <StopPointInJourneyPattern id="TUB:StopPointInJourneyPattern:51x2:LOC" version="any" order="2">
                           <ScheduledStopPointRef ref="TUB:ScheduledStopPoint:144:LOC" versionRef="1"/>
                           <ForAlighting>false</ForAlighting>
                           <ForBoarding>true</ForBoarding>
                           <RequestStop>false</RequestStop>
                        </StopPointInJourneyPattern>
                        <StopPointInJourneyPattern id="TUB:StopPointInJourneyPattern:51x3:LOC" version="any" order="3">
                           <ScheduledStopPointRef ref="TUB:ScheduledStopPoint:145:LOC" versionRef="1"/>
                           <ForAlighting>true</ForAlighting>
                           <ForBoarding>true</ForBoarding>
                           <RequestStop>false</RequestStop>
                        </StopPointInJourneyPattern>
                        <StopPointInJourneyPattern id="TUB:StopPointInJourneyPattern:51x4:LOC" version="any" order="4">
                           <ScheduledStopPointRef ref="TUB:ScheduledStopPoint:146:LOC" versionRef="1"/>
                           <ForAlighting>true</ForAlighting>
                           <ForBoarding>true</ForBoarding>
                           <RequestStop>false</RequestStop>
                        </StopPointInJourneyPattern>
                        <StopPointInJourneyPattern id="TUB:StopPointInJourneyPattern:51x5:LOC" version="any" order="5">
                           <ScheduledStopPointRef ref="TUB:ScheduledStopPoint:147:LOC" versionRef="1"/>
                           <ForAlighting>true</ForAlighting>
                           <ForBoarding>true</ForBoarding>
                           <RequestStop>false</RequestStop>
                        </StopPointInJourneyPattern>
                        <StopPointInJourneyPattern id="TUB:StopPointInJourneyPattern:51x6:LOC" version="any" order="6">
                           <ScheduledStopPointRef ref="TUB:ScheduledStopPoint:148:LOC" versionRef="1"/>
                           <ForAlighting>true</ForAlighting>
                           <ForBoarding>true</ForBoarding>
                           <RequestStop>false</RequestStop>
                        </StopPointInJourneyPattern>
                        <StopPointInJourneyPattern id="TUB:StopPointInJourneyPattern:51x7:LOC" version="any" order="7">
                           <ScheduledStopPointRef ref="TUB:ScheduledStopPoint:149:LOC" versionRef="1"/>
                           <ForAlighting>true</ForAlighting>
                           <ForBoarding>true</ForBoarding>
                           <RequestStop>false</RequestStop>
                        </StopPointInJourneyPattern>
                        <StopPointInJourneyPattern id="TUB:StopPointInJourneyPattern:51x8:LOC" version="any" order="8">
                           <ScheduledStopPointRef ref="TUB:ScheduledStopPoint:150:LOC" versionRef="1"/>
                           <ForAlighting>true</ForAlighting>
                           <ForBoarding>true</ForBoarding>
                           <RequestStop>false</RequestStop>
                        </StopPointInJourneyPattern>
                        <StopPointInJourneyPattern id="TUB:StopPointInJourneyPattern:51x9:LOC" version="any" order="9">
                           <ScheduledStopPointRef ref="TUB:ScheduledStopPoint:151:LOC" versionRef="1"/>
                           <ForAlighting>true</ForAlighting>
                           <ForBoarding>true</ForBoarding>
                           <RequestStop>false</RequestStop>
                        </StopPointInJourneyPattern>
                        <StopPointInJourneyPattern id="TUB:StopPointInJourneyPattern:51x10:LOC" version="any" order="12">
                           <ScheduledStopPointRef ref="TUB:ScheduledStopPoint:154:LOC" versionRef="1"/>
                           <ForAlighting>true</ForAlighting>
                           <ForBoarding>true</ForBoarding>
                           <RequestStop>false</RequestStop>
                        </StopPointInJourneyPattern>
                        <StopPointInJourneyPattern id="TUB:StopPointInJourneyPattern:51x11:LOC" version="any" order="13">
                           <ScheduledStopPointRef ref="TUB:ScheduledStopPoint:155:LOC" versionRef="1"/>
                           <ForAlighting>true</ForAlighting>
                           <ForBoarding>true</ForBoarding>
                           <RequestStop>false</RequestStop>
                        </StopPointInJourneyPattern>
                        <StopPointInJourneyPattern id="TUB:StopPointInJourneyPattern:51x12:LOC" version="any" order="20">
                           <ScheduledStopPointRef ref="TUB:ScheduledStopPoint:162:LOC" versionRef="1"/>
                           <ForAlighting>true</ForAlighting>
                           <ForBoarding>false</ForBoarding>
                           <RequestStop>false</RequestStop>
                        </StopPointInJourneyPattern>
                     </pointsInSequence>
                     <ServiceJourneyPatternType>passenger</ServiceJourneyPatternType>
                  </ServiceJourneyPattern>
                  <DestinationDisplay id="TUB:DestinationDisplay:18:LOC" version="1">
                     <FrontText>LIGNY EN BARROIS - Piscine</FrontText>
                  </DestinationDisplay>
                  <DestinationDisplay id="TUB:DestinationDisplay:19:LOC" version="1">
                     <FrontText>MENAUCOURT - Ecole</FrontText>
                  </DestinationDisplay>
                  <DestinationDisplay id="TUB:DestinationDisplay:50:LOC" version="1">
                     <FrontText>GIRAUVAL - Bistro Theatre</FrontText>
                  </DestinationDisplay>
                  <DestinationDisplay id="TUB:DestinationDisplay:51:LOC" version="1">
                     <FrontText>ST ARMAND SUR ORNAIN - Centre</FrontText>
                  </DestinationDisplay>
                  <ScheduledStopPoint id="TUB:ScheduledStopPoint:124:LOC" version="1">
                     <Name>ST ARMAND SUR ORNAIN - Centre</Name>
                     <Location id="TUB:Location:8961a18830514b208b3c94cc544d06e1:LOC">
                        <Longitude>5.3871771</Longitude>
                        <Latitude>48.6274309</Latitude>
                        <gml:pos srsName="EPSG:27572">824915.942092188 2407562.40420105</gml:pos>
                     </Location>
                  </ScheduledStopPoint>
                  <ScheduledStopPoint id="TUB:ScheduledStopPoint:125:LOC" version="1">
                     <Name>NAIX AUX FORGES - RD966</Name>
                     <Location id="TUB:Location:2732364fe193430f8e7b6fb43f7dea21:LOC">
                        <Longitude>5.3778421</Longitude>
                        <Latitude>48.6349689</Latitude>
                        <gml:pos srsName="EPSG:27572">824195.614123712 2408373.69067929</gml:pos>
                     </Location>
                  </ScheduledStopPoint>
                  <ScheduledStopPoint id="TUB:ScheduledStopPoint:126:LOC" version="1">
                     <Name>NANTOIS - Village</Name>
                     <Location id="TUB:Location:767109496b134652abda4fdf3c64ca75:LOC">
                        <Longitude>5.3511011</Longitude>
                        <Latitude>48.6369869</Latitude>
                        <gml:pos srsName="EPSG:27572">822216.733240177 2408522.09993808</gml:pos>
                     </Location>
                  </ScheduledStopPoint>
                  <ScheduledStopPoint id="TUB:ScheduledStopPoint:127:LOC" version="1">
                     <Name>MENAUCOURT - Naix à Gue</Name>
                     <Location id="TUB:Location:0154fff59cf548ee9e35f059e9ffe7b8:LOC">
                        <Longitude>5.3485871</Longitude>
                        <Latitude>48.6460739</Latitude>
                        <gml:pos srsName="EPSG:27572">821992.78631943 2409525.1638189</gml:pos>
                     </Location>
                  </ScheduledStopPoint>
                  <ScheduledStopPoint id="TUB:ScheduledStopPoint:128:LOC" version="1">
                     <Name>MENAUCOURT  - RD966 Carrefour</Name>
                     <Location id="TUB:Location:6edcc945d41a4bd4960e5bca4c1bd367:LOC">
                        <Longitude>5.3531101</Longitude>
                        <Latitude>48.6461579</Latitude>
                        <gml:pos srsName="EPSG:27572">822325.61328717 2409547.28296769</gml:pos>
                     </Location>
                  </ScheduledStopPoint>
                  <ScheduledStopPoint id="TUB:ScheduledStopPoint:129:LOC" version="1">
                     <Name>MENAUCOURT - Ecole</Name>
                     <Location id="TUB:Location:0b62b12ac96744d58c924932157570ac:LOC">
                        <Longitude>5.3551001</Longitude>
                        <Latitude>48.6501449</Latitude>
                        <gml:pos srsName="EPSG:27572">822455.179388026 2409996.1326541</gml:pos>
                     </Location>
                  </ScheduledStopPoint>
                  <ScheduledStopPoint id="TUB:ScheduledStopPoint:130:LOC" version="1">
                     <Name>MENAUCOURT - Le Patouillat</Name>
                     <Location id="TUB:Location:7606867ce491485e8d885cf6cb4db559:LOC">
                        <Longitude>5.3485041</Longitude>
                        <Latitude>48.6494699</Latitude>
                        <gml:pos srsName="EPSG:27572">821972.201463282 2409902.45149218</gml:pos>
                     </Location>
                  </ScheduledStopPoint>
                  <ScheduledStopPoint id="TUB:ScheduledStopPoint:131:LOC" version="1">
                     <Name>LONGEAUX - Centre</Name>
                     <Location id="TUB:Location:502db49a7d48440ca4e616894278ad56:LOC">
                        <Longitude>5.3404351</Longitude>
                        <Latitude>48.6463009</Latitude>
                        <gml:pos srsName="EPSG:27572">821391.305137448 2409527.41106613</gml:pos>
                     </Location>
                  </ScheduledStopPoint>
                  <ScheduledStopPoint id="TUB:ScheduledStopPoint:132:LOC" version="1">
                     <Name>LONGEAUX - Pont</Name>
                     <Location id="TUB:Location:d0475195341f4bc1b2b57b804121af1a:LOC">
                        <Longitude>5.3428231</Longitude>
                        <Latitude>48.6497259</Latitude>
                        <gml:pos srsName="EPSG:27572">821552.649735805 2409914.88545229</gml:pos>
                     </Location>
                  </ScheduledStopPoint>
                  <ScheduledStopPoint id="TUB:ScheduledStopPoint:133:LOC" version="1">
                     <Name>GIRAUVAL - Bistro Theatre</Name>
                     <Location id="TUB:Location:bec10df690614a719acf34fdb5a0f832:LOC">
                        <Longitude>5.3317421</Longitude>
                        <Latitude>48.6640859</Latitude>
                        <gml:pos srsName="EPSG:27572">820675.573720815 2411480.09303131</gml:pos>
                     </Location>
                  </ScheduledStopPoint>
                  <ScheduledStopPoint id="TUB:ScheduledStopPoint:134:LOC" version="1">
                     <Name>LONGEAUX - Centre</Name>
                     <Location id="TUB:Location:d7464d94ffff44e586c4aaf533800c9a:LOC">
                        <Longitude>5.3404351</Longitude>
                        <Latitude>48.6463009</Latitude>
                        <gml:pos srsName="EPSG:27572">821391.305137448 2409527.41106613</gml:pos>
                     </Location>
                  </ScheduledStopPoint>
                  <ScheduledStopPoint id="TUB:ScheduledStopPoint:135:LOC" version="1">
                     <Name>LONGEAUX - Pont</Name>
                     <Location id="TUB:Location:01811bebf15f45b1bf1e636e0e2e5689:LOC">
                        <Longitude>5.3428231</Longitude>
                        <Latitude>48.6497259</Latitude>
                        <gml:pos srsName="EPSG:27572">821552.649735805 2409914.88545229</gml:pos>
                     </Location>
                  </ScheduledStopPoint>
                  <ScheduledStopPoint id="TUB:ScheduledStopPoint:136:LOC" version="1">
                     <Name>MENAUCOURT - Naix à Gue</Name>
                     <Location id="TUB:Location:56df0590e5094df9a0ee669aacadb3db:LOC">
                        <Longitude>5.3485871</Longitude>
                        <Latitude>48.6460739</Latitude>
                        <gml:pos srsName="EPSG:27572">821992.78631943 2409525.1638189</gml:pos>
                     </Location>
                  </ScheduledStopPoint>
                  <ScheduledStopPoint id="TUB:ScheduledStopPoint:137:LOC" version="1">
                     <Name>NANTOIS - Village</Name>
                     <Location id="TUB:Location:4cea504cb48a4be0832fdeffaad921bd:LOC">
                        <Longitude>5.3511011</Longitude>
                        <Latitude>48.6369869</Latitude>
                        <gml:pos srsName="EPSG:27572">822216.733240177 2408522.09993808</gml:pos>
                     </Location>
                  </ScheduledStopPoint>
                  <ScheduledStopPoint id="TUB:ScheduledStopPoint:138:LOC" version="1">
                     <Name>NAIX AUX FORGES - Vieille forge</Name>
                     <Location id="TUB:Location:ecd307082d954e30adb93af11f0926e3:LOC">
                        <Longitude>5.3660031</Longitude>
                        <Latitude>48.6395589</Latitude>
                        <gml:pos srsName="EPSG:27572">823303.648900439 2408850.24148031</gml:pos>
                     </Location>
                  </ScheduledStopPoint>
                  <ScheduledStopPoint id="TUB:ScheduledStopPoint:139:LOC" version="1">
                     <Name>NAIX AUX FORGES - Village</Name>
                     <Location id="TUB:Location:a4e5a238b7074861af338014febbdbfb:LOC">
                        <Longitude>5.3771791</Longitude>
                        <Latitude>48.6369729</Latitude>
                        <gml:pos srsName="EPSG:27572">824138.144216908 2408594.57312602</gml:pos>
                     </Location>
                  </ScheduledStopPoint>
                  <ScheduledStopPoint id="TUB:ScheduledStopPoint:140:LOC" version="1">
                     <Name>MENAUCOURT - Ecole</Name>
                     <Location id="TUB:Location:b929010946da447f8d86f8af29cc56e6:LOC">
                        <Longitude>5.3551001</Longitude>
                        <Latitude>48.6501449</Latitude>
                        <gml:pos srsName="EPSG:27572">822455.179388026 2409996.1326541</gml:pos>
                     </Location>
                  </ScheduledStopPoint>
                  <ScheduledStopPoint id="TUB:ScheduledStopPoint:141:LOC" version="1">
                     <Name>LIGNY EN BARROIS - Parc du Luxembourg</Name>
                     <Location id="TUB:Location:6c635b5f95ae43c79a0c84122f247f89:LOC">
                        <Longitude>5.3252661</Longitude>
                        <Latitude>48.6838239</Latitude>
                        <gml:pos srsName="EPSG:27572">820115.222514489 2413656.21068634</gml:pos>
                     </Location>
                  </ScheduledStopPoint>
                  <ScheduledStopPoint id="TUB:ScheduledStopPoint:142:LOC" version="1">
                     <Name>LIGNY EN BARROIS - Piscine</Name>
                     <Location id="TUB:Location:bc619b50faba43b5a32af39edb4a9214:LOC">
                        <Longitude>5.3297921</Longitude>
                        <Latitude>48.6852789</Latitude>
                        <gml:pos srsName="EPSG:27572">820442.229521378 2413830.64568398</gml:pos>
                     </Location>
                  </ScheduledStopPoint>
                  <ScheduledStopPoint id="TUB:ScheduledStopPoint:143:LOC" version="1">
                     <Name>LIGNY EN BARROIS - Leroux</Name>
                     <Location id="TUB:Location:77ab4aff1e6f40c385e7bead9703fdb3:LOC">
                        <Longitude>5.3213351</Longitude>
                        <Latitude>48.6895269</Latitude>
                        <gml:pos srsName="EPSG:27572">819801.770008369 2414279.2223386</gml:pos>
                     </Location>
                  </ScheduledStopPoint>
                  <ScheduledStopPoint id="TUB:ScheduledStopPoint:144:LOC" version="1">
                     <Name>LIGNY EN BARROIS - Piscine</Name>
                     <Location id="TUB:Location:522ecdc4d41545bab9ca866d6d37a27a:LOC">
                        <Longitude>5.3297921</Longitude>
                        <Latitude>48.6852789</Latitude>
                        <gml:pos srsName="EPSG:27572">820442.229521378 2413830.64568398</gml:pos>
                     </Location>
                  </ScheduledStopPoint>
                  <ScheduledStopPoint id="TUB:ScheduledStopPoint:145:LOC" version="1">
                     <Name>GIVRAUVAL -  Centre</Name>
                     <Location id="TUB:Location:72a66d577d3b4097ae5e136e8648f7ce:LOC">
                        <Longitude>5.3255631</Longitude>
                        <Latitude>48.6616379</Latitude>
                        <gml:pos srsName="EPSG:27572">820230.903876878 2411190.62469716</gml:pos>
                     </Location>
                  </ScheduledStopPoint>
                  <ScheduledStopPoint id="TUB:ScheduledStopPoint:146:LOC" version="1">
                     <Name>LONGEAUX - Centre</Name>
                     <Location id="TUB:Location:341e8395a12f4b8e92b3fe300c00151f:LOC">
                        <Longitude>5.3404351</Longitude>
                        <Latitude>48.6463009</Latitude>
                        <gml:pos srsName="EPSG:27572">821391.305137448 2409527.41106613</gml:pos>
                     </Location>
                  </ScheduledStopPoint>
                  <ScheduledStopPoint id="TUB:ScheduledStopPoint:147:LOC" version="1">
                     <Name>LONGEAUX - Pont</Name>
                     <Location id="TUB:Location:0ed6a009bd264301871cce8882f0c2e3:LOC">
                        <Longitude>5.3428231</Longitude>
                        <Latitude>48.6497259</Latitude>
                        <gml:pos srsName="EPSG:27572">821552.649735805 2409914.88545229</gml:pos>
                     </Location>
                  </ScheduledStopPoint>
                  <ScheduledStopPoint id="TUB:ScheduledStopPoint:148:LOC" version="1">
                     <Name>MENAUCOURT - Le Patouillat</Name>
                     <Location id="TUB:Location:abee3960fb8d47afa5d527c586ce8a04:LOC">
                        <Longitude>5.3485041</Longitude>
                        <Latitude>48.6494699</Latitude>
                        <gml:pos srsName="EPSG:27572">821972.201463282 2409902.45149218</gml:pos>
                     </Location>
                  </ScheduledStopPoint>
                  <ScheduledStopPoint id="TUB:ScheduledStopPoint:149:LOC" version="1">
                     <Name>MENAUCOURT - Ecole</Name>
                     <Location id="TUB:Location:75cf1e67f2a340de89a29c2f8917d118:LOC">
                        <Longitude>5.3551001</Longitude>
                        <Latitude>48.6501449</Latitude>
                        <gml:pos srsName="EPSG:27572">822455.179388026 2409996.1326541</gml:pos>
                     </Location>
                  </ScheduledStopPoint>
                  <ScheduledStopPoint id="TUB:ScheduledStopPoint:150:LOC" version="1">
                     <Name>MENAUCOURT - Naix à Gue</Name>
                     <Location id="TUB:Location:dd11d51a4fce40b7ba5d515003f88c2c:LOC">
                        <Longitude>5.3485871</Longitude>
                        <Latitude>48.6460739</Latitude>
                        <gml:pos srsName="EPSG:27572">821992.78631943 2409525.1638189</gml:pos>
                     </Location>
                  </ScheduledStopPoint>
                  <ScheduledStopPoint id="TUB:ScheduledStopPoint:151:LOC" version="1">
                     <Name>NANTOIS - Village</Name>
                     <Location id="TUB:Location:c3c28e9d2e934449a9167bd07863fd93:LOC">
                        <Longitude>5.3511011</Longitude>
                        <Latitude>48.6369869</Latitude>
                        <gml:pos srsName="EPSG:27572">822216.733240177 2408522.09993808</gml:pos>
                     </Location>
                  </ScheduledStopPoint>
                  <ScheduledStopPoint id="TUB:ScheduledStopPoint:152:LOC" version="1">
                     <Name>MENAUCOURT - Naix à Gue</Name>
                     <Location id="TUB:Location:2ac5807c8285414b89fd82de2b483a4a:LOC">
                        <Longitude>5.3485871</Longitude>
                        <Latitude>48.6460739</Latitude>
                        <gml:pos srsName="EPSG:27572">821992.78631943 2409525.1638189</gml:pos>
                     </Location>
                  </ScheduledStopPoint>
                  <ScheduledStopPoint id="TUB:ScheduledStopPoint:153:LOC" version="1">
                     <Name>MENAUCOURT  - RD966 Carrefour</Name>
                     <Location id="TUB:Location:2395e21e19aa49ab80ce5371f7f75d16:LOC">
                        <Longitude>5.3531101</Longitude>
                        <Latitude>48.6461579</Latitude>
                        <gml:pos srsName="EPSG:27572">822325.61328717 2409547.28296769</gml:pos>
                     </Location>
                  </ScheduledStopPoint>
                  <ScheduledStopPoint id="TUB:ScheduledStopPoint:154:LOC" version="1">
                     <Name>NAIX AUX FORGES - Vieille forge</Name>
                     <Location id="TUB:Location:2738d377f58544cab3e0fc761d7d44ce:LOC">
                        <Longitude>5.3660031</Longitude>
                        <Latitude>48.6395589</Latitude>
                        <gml:pos srsName="EPSG:27572">823303.648900439 2408850.24148031</gml:pos>
                     </Location>
                  </ScheduledStopPoint>
                  <ScheduledStopPoint id="TUB:ScheduledStopPoint:155:LOC" version="1">
                     <Name>NAIX AUX FORGES - Village</Name>
                     <Location id="TUB:Location:a737756d3ef8450cb19cb9d82da18f8e:LOC">
                        <Longitude>5.3771791</Longitude>
                        <Latitude>48.6369729</Latitude>
                        <gml:pos srsName="EPSG:27572">824138.144216908 2408594.57312602</gml:pos>
                     </Location>
                  </ScheduledStopPoint>
                  <ScheduledStopPoint id="TUB:ScheduledStopPoint:156:LOC" version="1">
                     <Name>MENAUCOURT - MONUMENT</Name>
                     <Location id="TUB:Location:b7c851f57a3a4e269f9884ad041a4eca:LOC">
                        <Longitude>5.3517081</Longitude>
                        <Latitude>48.6499449</Latitude>
                        <gml:pos srsName="EPSG:27572">822206.181688598 2409964.30676262</gml:pos>
                     </Location>
                  </ScheduledStopPoint>
                  <ScheduledStopPoint id="TUB:ScheduledStopPoint:157:LOC" version="1">
                     <Name>MENAUCOURT - Ecole</Name>
                     <Location id="TUB:Location:40ebbfdc44764b6aa7c1483ab8ed1d5c:LOC">
                        <Longitude>5.3551001</Longitude>
                        <Latitude>48.6501449</Latitude>
                        <gml:pos srsName="EPSG:27572">822455.179388026 2409996.1326541</gml:pos>
                     </Location>
                  </ScheduledStopPoint>
                  <ScheduledStopPoint id="TUB:ScheduledStopPoint:158:LOC" version="1">
                     <Name>MENAUCOURT - Le Patouillat</Name>
                     <Location id="TUB:Location:a4035f68c8b24af2a2634b338d4a0181:LOC">
                        <Longitude>5.3485041</Longitude>
                        <Latitude>48.6494699</Latitude>
                        <gml:pos srsName="EPSG:27572">821972.201463282 2409902.45149218</gml:pos>
                     </Location>
                  </ScheduledStopPoint>
                  <ScheduledStopPoint id="TUB:ScheduledStopPoint:159:LOC" version="1">
                     <Name>LONGEAUX - Centre</Name>
                     <Location id="TUB:Location:27d2b29b506e4becb5eb6f8e55035b61:LOC">
                        <Longitude>5.3404351</Longitude>
                        <Latitude>48.6463009</Latitude>
                        <gml:pos srsName="EPSG:27572">821391.305137448 2409527.41106613</gml:pos>
                     </Location>
                  </ScheduledStopPoint>
                  <ScheduledStopPoint id="TUB:ScheduledStopPoint:160:LOC" version="1">
                     <Name>LONGEAUX - Pont</Name>
                     <Location id="TUB:Location:3b0da13c38dc4d7caf8527864aea9ba1:LOC">
                        <Longitude>5.3428231</Longitude>
                        <Latitude>48.6497259</Latitude>
                        <gml:pos srsName="EPSG:27572">821552.649735805 2409914.88545229</gml:pos>
                     </Location>
                  </ScheduledStopPoint>
                  <ScheduledStopPoint id="TUB:ScheduledStopPoint:161:LOC" version="1">
                     <Name>GIRAUVAL - Bistro Theatre</Name>
                     <Location id="TUB:Location:2e98aa99fa894cb2ae7c1a6d1e54ad0e:LOC">
                        <Longitude>5.3317421</Longitude>
                        <Latitude>48.6640859</Latitude>
                        <gml:pos srsName="EPSG:27572">820675.573720815 2411480.09303131</gml:pos>
                     </Location>
                  </ScheduledStopPoint>
                  <ScheduledStopPoint id="TUB:ScheduledStopPoint:162:LOC" version="1">
                     <Name>ST ARMAND SUR ORNAIN - Centre</Name>
                     <Location id="TUB:Location:376d5a7fb079432d8ba2d4dd333b20b1:LOC">
                        <Longitude>5.3868901</Longitude>
                        <Latitude>48.6274149</Latitude>
                        <gml:pos srsName="EPSG:27572">824894.862176161 2407559.80455752</gml:pos>
                     </Location>
                  </ScheduledStopPoint>
                  <PassengerStopAssignment id="TUB:PassengerStopAssignment:124:LOC" version="1" order="0">
                     <ScheduledStopPointRef ref="TUB:ScheduledStopPoint:124:LOC" versionRef="1"/>
                     <StopPlaceRef ref="FR:55452:StopPlace:genAUTO$251703723:TUB" versionRef="1"/>
                     <QuayRef ref="FR:55452:Quay:SAOCE1:TUB" versionRef="1"/>
                  </PassengerStopAssignment>
                  <PassengerStopAssignment id="TUB:PassengerStopAssignment:125:LOC" version="1" order="0">
                     <ScheduledStopPointRef ref="TUB:ScheduledStopPoint:125:LOC" versionRef="1"/>
                     <StopPlaceRef ref="FR:55370:StopPlace:genAUTO$298757887:TUB" versionRef="1"/>
                     <QuayRef ref="FR:55370:Quay:NXFRHT:TUB" versionRef="1"/>
                  </PassengerStopAssignment>
                  <PassengerStopAssignment id="TUB:PassengerStopAssignment:126:LOC" version="1" order="0">
                     <ScheduledStopPointRef ref="TUB:ScheduledStopPoint:126:LOC" versionRef="1"/>
                     <StopPlaceRef ref="FR:55376:StopPlace:genAUTO$298757888:TUB" versionRef="1"/>
                     <QuayRef ref="FR:55376:Quay:NTSVLG:TUB" versionRef="1"/>
                  </PassengerStopAssignment>
                  <PassengerStopAssignment id="TUB:PassengerStopAssignment:127:LOC" version="1" order="0">
                     <ScheduledStopPointRef ref="TUB:ScheduledStopPoint:127:LOC" versionRef="1"/>
                     <StopPlaceRef ref="FR:55332:StopPlace:genAUTO$864041535:TUB" versionRef="1"/>
                     <QuayRef ref="FR:55332:Quay:MN5NAG:TUB" versionRef="1"/>
                  </PassengerStopAssignment>
                  <PassengerStopAssignment id="TUB:PassengerStopAssignment:128:LOC" version="1" order="0">
                     <ScheduledStopPointRef ref="TUB:ScheduledStopPoint:128:LOC" versionRef="1"/>
                     <StopPlaceRef ref="FR:55332:StopPlace:genAUTO$864041520:TUB" versionRef="1"/>
                     <QuayRef ref="FR:55332:Quay:MN5CRF:TUB" versionRef="1"/>
                  </PassengerStopAssignment>
                  <PassengerStopAssignment id="TUB:PassengerStopAssignment:129:LOC" version="1" order="0">
                     <ScheduledStopPointRef ref="TUB:ScheduledStopPoint:129:LOC" versionRef="1"/>
                     <StopPlaceRef ref="FR:55332:StopPlace:genAUTO$864041521:TUB" versionRef="1"/>
                     <QuayRef ref="FR:55332:Quay:MN5EC1:TUB" versionRef="1"/>
                  </PassengerStopAssignment>
                  <PassengerStopAssignment id="TUB:PassengerStopAssignment:130:LOC" version="1" order="0">
                     <ScheduledStopPointRef ref="TUB:ScheduledStopPoint:130:LOC" versionRef="1"/>
                     <StopPlaceRef ref="FR:55332:StopPlace:genAUTO$1267326053:TUB" versionRef="1"/>
                     <QuayRef ref="FR:55332:Quay:MN5PAT:TUB" versionRef="1"/>
                  </PassengerStopAssignment>
                  <PassengerStopAssignment id="TUB:PassengerStopAssignment:131:LOC" version="1" order="0">
                     <ScheduledStopPointRef ref="TUB:ScheduledStopPoint:131:LOC" versionRef="1"/>
                     <StopPlaceRef ref="FR:55300:StopPlace:genAUTO$864041526:TUB" versionRef="1"/>
                     <QuayRef ref="FR:55300:Quay:LGXEM3:TUB" versionRef="1"/>
                  </PassengerStopAssignment>
                  <PassengerStopAssignment id="TUB:PassengerStopAssignment:132:LOC" version="1" order="0">
                     <ScheduledStopPointRef ref="TUB:ScheduledStopPoint:132:LOC" versionRef="1"/>
                     <StopPlaceRef ref="FR:55300:StopPlace:genAUTO$864041527:TUB" versionRef="1"/>
                     <QuayRef ref="FR:55300:Quay:LGXPNT:TUB" versionRef="1"/>
                  </PassengerStopAssignment>
                  <PassengerStopAssignment id="TUB:PassengerStopAssignment:133:LOC" version="1" order="0">
                     <ScheduledStopPointRef ref="TUB:ScheduledStopPoint:133:LOC" versionRef="1"/>
                     <StopPlaceRef ref="FR:55214:StopPlace:genAUTO$1670610576:TUB" versionRef="1"/>
                     <QuayRef ref="FR:55214:Quay:GVRBT3:TUB" versionRef="1"/>
                  </PassengerStopAssignment>
                  <PassengerStopAssignment id="TUB:PassengerStopAssignment:134:LOC" version="1" order="0">
                     <ScheduledStopPointRef ref="TUB:ScheduledStopPoint:134:LOC" versionRef="1"/>
                     <StopPlaceRef ref="FR:55300:StopPlace:genAUTO$864041526:TUB" versionRef="1"/>
                     <QuayRef ref="FR:55300:Quay:LGXEM3:TUB" versionRef="1"/>
                  </PassengerStopAssignment>
                  <PassengerStopAssignment id="TUB:PassengerStopAssignment:135:LOC" version="1" order="0">
                     <ScheduledStopPointRef ref="TUB:ScheduledStopPoint:135:LOC" versionRef="1"/>
                     <StopPlaceRef ref="FR:55300:StopPlace:genAUTO$864041527:TUB" versionRef="1"/>
                     <QuayRef ref="FR:55300:Quay:LGXPNT:TUB" versionRef="1"/>
                  </PassengerStopAssignment>
                  <PassengerStopAssignment id="TUB:PassengerStopAssignment:136:LOC" version="1" order="0">
                     <ScheduledStopPointRef ref="TUB:ScheduledStopPoint:136:LOC" versionRef="1"/>
                     <StopPlaceRef ref="FR:55332:StopPlace:genAUTO$864041535:TUB" versionRef="1"/>
                     <QuayRef ref="FR:55332:Quay:MN5NAG:TUB" versionRef="1"/>
                  </PassengerStopAssignment>
                  <PassengerStopAssignment id="TUB:PassengerStopAssignment:137:LOC" version="1" order="0">
                     <ScheduledStopPointRef ref="TUB:ScheduledStopPoint:137:LOC" versionRef="1"/>
                     <StopPlaceRef ref="FR:55376:StopPlace:genAUTO$298757888:TUB" versionRef="1"/>
                     <QuayRef ref="FR:55376:Quay:NTSVLG:TUB" versionRef="1"/>
                  </PassengerStopAssignment>
                  <PassengerStopAssignment id="TUB:PassengerStopAssignment:138:LOC" version="1" order="0">
                     <ScheduledStopPointRef ref="TUB:ScheduledStopPoint:138:LOC" versionRef="1"/>
                     <StopPlaceRef ref="FR:55370:StopPlace:genAUTO$298757890:TUB" versionRef="1"/>
                     <QuayRef ref="FR:55370:Quay:NXFVFG:TUB" versionRef="1"/>
                  </PassengerStopAssignment>
                  <PassengerStopAssignment id="TUB:PassengerStopAssignment:139:LOC" version="1" order="0">
                     <ScheduledStopPointRef ref="TUB:ScheduledStopPoint:139:LOC" versionRef="1"/>
                     <StopPlaceRef ref="FR:55370:StopPlace:genAUTO$298757889:TUB" versionRef="1"/>
                     <QuayRef ref="FR:55370:Quay:NXFVL3:TUB" versionRef="1"/>
                  </PassengerStopAssignment>
                  <PassengerStopAssignment id="TUB:PassengerStopAssignment:140:LOC" version="1" order="0">
                     <ScheduledStopPointRef ref="TUB:ScheduledStopPoint:140:LOC" versionRef="1"/>
                     <StopPlaceRef ref="FR:55332:StopPlace:genAUTO$864041521:TUB" versionRef="1"/>
                     <QuayRef ref="FR:55332:Quay:MN5EC1:TUB" versionRef="1"/>
                  </PassengerStopAssignment>
                  <PassengerStopAssignment id="TUB:PassengerStopAssignment:141:LOC" version="1" order="0">
                     <ScheduledStopPointRef ref="TUB:ScheduledStopPoint:141:LOC" versionRef="1"/>
                     <StopPlaceRef ref="FR:55291:StopPlace:genAUTO$1670610516:TUB" versionRef="1"/>
                     <QuayRef ref="FR:55291:Quay:LGPDL1:TUB" versionRef="1"/>
                  </PassengerStopAssignment>
                  <PassengerStopAssignment id="TUB:PassengerStopAssignment:142:LOC" version="1" order="0">
                     <ScheduledStopPointRef ref="TUB:ScheduledStopPoint:142:LOC" versionRef="1"/>
                     <StopPlaceRef ref="FR:55291:StopPlace:genAUTO$1670610517:TUB" versionRef="1"/>
                     <QuayRef ref="FR:55291:Quay:LGPIS3:TUB" versionRef="1"/>
                  </PassengerStopAssignment>
                  <PassengerStopAssignment id="TUB:PassengerStopAssignment:143:LOC" version="1" order="0">
                     <ScheduledStopPointRef ref="TUB:ScheduledStopPoint:143:LOC" versionRef="1"/>
                     <StopPlaceRef ref="FR:55291:StopPlace:genAUTO$1670610514:TUB" versionRef="1"/>
                     <QuayRef ref="FR:55291:Quay:LGLER1:TUB" versionRef="1"/>
                  </PassengerStopAssignment>
                  <PassengerStopAssignment id="TUB:PassengerStopAssignment:144:LOC" version="1" order="0">
                     <ScheduledStopPointRef ref="TUB:ScheduledStopPoint:144:LOC" versionRef="1"/>
                     <StopPlaceRef ref="FR:55291:StopPlace:genAUTO$1670610517:TUB" versionRef="1"/>
                     <QuayRef ref="FR:55291:Quay:LGPIS3:TUB" versionRef="1"/>
                  </PassengerStopAssignment>
                  <PassengerStopAssignment id="TUB:PassengerStopAssignment:145:LOC" version="1" order="0">
                     <ScheduledStopPointRef ref="TUB:ScheduledStopPoint:145:LOC" versionRef="1"/>
                     <StopPlaceRef ref="FR:55214:StopPlace:genAUTO$1670610580:TUB" versionRef="1"/>
                     <QuayRef ref="FR:55214:Quay:GIRCEN:TUB" versionRef="1"/>
                  </PassengerStopAssignment>
                  <PassengerStopAssignment id="TUB:PassengerStopAssignment:146:LOC" version="1" order="0">
                     <ScheduledStopPointRef ref="TUB:ScheduledStopPoint:146:LOC" versionRef="1"/>
                     <StopPlaceRef ref="FR:55300:StopPlace:genAUTO$864041526:TUB" versionRef="1"/>
                     <QuayRef ref="FR:55300:Quay:LGXEM3:TUB" versionRef="1"/>
                  </PassengerStopAssignment>
                  <PassengerStopAssignment id="TUB:PassengerStopAssignment:147:LOC" version="1" order="0">
                     <ScheduledStopPointRef ref="TUB:ScheduledStopPoint:147:LOC" versionRef="1"/>
                     <StopPlaceRef ref="FR:55300:StopPlace:genAUTO$864041527:TUB" versionRef="1"/>
                     <QuayRef ref="FR:55300:Quay:LGXPNT:TUB" versionRef="1"/>
                  </PassengerStopAssignment>
                  <PassengerStopAssignment id="TUB:PassengerStopAssignment:148:LOC" version="1" order="0">
                     <ScheduledStopPointRef ref="TUB:ScheduledStopPoint:148:LOC" versionRef="1"/>
                     <StopPlaceRef ref="FR:55332:StopPlace:genAUTO$1267326053:TUB" versionRef="1"/>
                     <QuayRef ref="FR:55332:Quay:MN5PAT:TUB" versionRef="1"/>
                  </PassengerStopAssignment>
                  <PassengerStopAssignment id="TUB:PassengerStopAssignment:149:LOC" version="1" order="0">
                     <ScheduledStopPointRef ref="TUB:ScheduledStopPoint:149:LOC" versionRef="1"/>
                     <StopPlaceRef ref="FR:55332:StopPlace:genAUTO$864041521:TUB" versionRef="1"/>
                     <QuayRef ref="FR:55332:Quay:MN5EC1:TUB" versionRef="1"/>
                  </PassengerStopAssignment>
                  <PassengerStopAssignment id="TUB:PassengerStopAssignment:150:LOC" version="1" order="0">
                     <ScheduledStopPointRef ref="TUB:ScheduledStopPoint:150:LOC" versionRef="1"/>
                     <StopPlaceRef ref="FR:55332:StopPlace:genAUTO$864041535:TUB" versionRef="1"/>
                     <QuayRef ref="FR:55332:Quay:MN5NAG:TUB" versionRef="1"/>
                  </PassengerStopAssignment>
                  <PassengerStopAssignment id="TUB:PassengerStopAssignment:151:LOC" version="1" order="0">
                     <ScheduledStopPointRef ref="TUB:ScheduledStopPoint:151:LOC" versionRef="1"/>
                     <StopPlaceRef ref="FR:55376:StopPlace:genAUTO$298757888:TUB" versionRef="1"/>
                     <QuayRef ref="FR:55376:Quay:NTSVLG:TUB" versionRef="1"/>
                  </PassengerStopAssignment>
                  <PassengerStopAssignment id="TUB:PassengerStopAssignment:152:LOC" version="1" order="0">
                     <ScheduledStopPointRef ref="TUB:ScheduledStopPoint:152:LOC" versionRef="1"/>
                     <StopPlaceRef ref="FR:55332:StopPlace:genAUTO$864041535:TUB" versionRef="1"/>
                     <QuayRef ref="FR:55332:Quay:MN5NAG:TUB" versionRef="1"/>
                  </PassengerStopAssignment>
                  <PassengerStopAssignment id="TUB:PassengerStopAssignment:153:LOC" version="1" order="0">
                     <ScheduledStopPointRef ref="TUB:ScheduledStopPoint:153:LOC" versionRef="1"/>
                     <StopPlaceRef ref="FR:55332:StopPlace:genAUTO$864041520:TUB" versionRef="1"/>
                     <QuayRef ref="FR:55332:Quay:MN5CRF:TUB" versionRef="1"/>
                  </PassengerStopAssignment>
                  <PassengerStopAssignment id="TUB:PassengerStopAssignment:154:LOC" version="1" order="0">
                     <ScheduledStopPointRef ref="TUB:ScheduledStopPoint:154:LOC" versionRef="1"/>
                     <StopPlaceRef ref="FR:55370:StopPlace:genAUTO$298757890:TUB" versionRef="1"/>
                     <QuayRef ref="FR:55370:Quay:NXFVFG:TUB" versionRef="1"/>
                  </PassengerStopAssignment>
                  <PassengerStopAssignment id="TUB:PassengerStopAssignment:155:LOC" version="1" order="0">
                     <ScheduledStopPointRef ref="TUB:ScheduledStopPoint:155:LOC" versionRef="1"/>
                     <StopPlaceRef ref="FR:55370:StopPlace:genAUTO$298757889:TUB" versionRef="1"/>
                     <QuayRef ref="FR:55370:Quay:NXFVL3:TUB" versionRef="1"/>
                  </PassengerStopAssignment>
                  <PassengerStopAssignment id="TUB:PassengerStopAssignment:156:LOC" version="1" order="0">
                     <ScheduledStopPointRef ref="TUB:ScheduledStopPoint:156:LOC" versionRef="1"/>
                     <StopPlaceRef ref="FR:55332:StopPlace:genAUTO$864041534:TUB" versionRef="1"/>
                     <QuayRef ref="FR:55332:Quay:MN5MON:TUB" versionRef="1"/>
                  </PassengerStopAssignment>
                  <PassengerStopAssignment id="TUB:PassengerStopAssignment:157:LOC" version="1" order="0">
                     <ScheduledStopPointRef ref="TUB:ScheduledStopPoint:157:LOC" versionRef="1"/>
                     <StopPlaceRef ref="FR:55332:StopPlace:genAUTO$864041521:TUB" versionRef="1"/>
                     <QuayRef ref="FR:55332:Quay:MN5EC1:TUB" versionRef="1"/>
                  </PassengerStopAssignment>
                  <PassengerStopAssignment id="TUB:PassengerStopAssignment:158:LOC" version="1" order="0">
                     <ScheduledStopPointRef ref="TUB:ScheduledStopPoint:158:LOC" versionRef="1"/>
                     <StopPlaceRef ref="FR:55332:StopPlace:genAUTO$1267326053:TUB" versionRef="1"/>
                     <QuayRef ref="FR:55332:Quay:MN5PAT:TUB" versionRef="1"/>
                  </PassengerStopAssignment>
                  <PassengerStopAssignment id="TUB:PassengerStopAssignment:159:LOC" version="1" order="0">
                     <ScheduledStopPointRef ref="TUB:ScheduledStopPoint:159:LOC" versionRef="1"/>
                     <StopPlaceRef ref="FR:55300:StopPlace:genAUTO$864041526:TUB" versionRef="1"/>
                     <QuayRef ref="FR:55300:Quay:LGXEM3:TUB" versionRef="1"/>
                  </PassengerStopAssignment>
                  <PassengerStopAssignment id="TUB:PassengerStopAssignment:160:LOC" version="1" order="0">
                     <ScheduledStopPointRef ref="TUB:ScheduledStopPoint:160:LOC" versionRef="1"/>
                     <StopPlaceRef ref="FR:55300:StopPlace:genAUTO$864041527:TUB" versionRef="1"/>
                     <QuayRef ref="FR:55300:Quay:LGXPNT:TUB" versionRef="1"/>
                  </PassengerStopAssignment>
                  <PassengerStopAssignment id="TUB:PassengerStopAssignment:161:LOC" version="1" order="0">
                     <ScheduledStopPointRef ref="TUB:ScheduledStopPoint:161:LOC" versionRef="1"/>
                     <StopPlaceRef ref="FR:55214:StopPlace:genAUTO$1670610576:TUB" versionRef="1"/>
                     <QuayRef ref="FR:55214:Quay:GVRBT3:TUB" versionRef="1"/>
                  </PassengerStopAssignment>
                  <PassengerStopAssignment id="TUB:PassengerStopAssignment:162:LOC" version="1" order="0">
                     <ScheduledStopPointRef ref="TUB:ScheduledStopPoint:162:LOC" versionRef="1"/>
                     <StopPlaceRef ref="FR:55452:StopPlace:genAUTO$251703722:TUB" versionRef="1"/>
                     <QuayRef ref="FR:55452:Quay:SAOCE2:TUB" versionRef="1"/>
                  </PassengerStopAssignment>
               </members>
            </GeneralFrame>
            <GeneralFrame id="FR:GeneralFrame:NETEX_HORAIRE-20250904T013220:LOC" version="1.0" dataSourceRef="TUB">
               <TypeOfFrameRef ref="FR:TypeOfFrame:NETEX_HORAIRE"/>
               <members>
                  <ServiceJourney id="TUB:ServiceJourney:2-24394137601:LOC" version="1">
                     <TransportMode>bus</TransportMode>
                     <dayTypes>
                        <DayTypeRef ref="TUB:Timetable:DayType:1331:LOC" versionRef="1"/>
                     </dayTypes>
                     <JourneyPatternRef ref="TUB:ServiceJourneyPattern:18:LOC" versionRef="1"/>
                     <passingTimes>
                        <TimetabledPassingTime version="any">
                           <ArrivalTime>07:13:00</ArrivalTime>
                           <ArrivalDayOffset>0</ArrivalDayOffset>
                           <DepartureTime>07:13:00</DepartureTime>
                           <DepartureDayOffset>0</DepartureDayOffset>
                        </TimetabledPassingTime>
                        <TimetabledPassingTime version="any">
                           <ArrivalTime>07:16:00</ArrivalTime>
                           <ArrivalDayOffset>0</ArrivalDayOffset>
                           <DepartureTime>07:16:00</DepartureTime>
                           <DepartureDayOffset>0</DepartureDayOffset>
                        </TimetabledPassingTime>
                        <TimetabledPassingTime version="any">
                           <ArrivalTime>07:21:00</ArrivalTime>
                           <ArrivalDayOffset>0</ArrivalDayOffset>
                           <DepartureTime>07:21:00</DepartureTime>
                           <DepartureDayOffset>0</DepartureDayOffset>
                        </TimetabledPassingTime>
                        <TimetabledPassingTime version="any">
                           <ArrivalTime>07:25:00</ArrivalTime>
                           <ArrivalDayOffset>0</ArrivalDayOffset>
                           <DepartureTime>07:25:00</DepartureTime>
                           <DepartureDayOffset>0</DepartureDayOffset>
                        </TimetabledPassingTime>
                        <TimetabledPassingTime version="any">
                           <ArrivalTime>07:27:00</ArrivalTime>
                           <ArrivalDayOffset>0</ArrivalDayOffset>
                           <DepartureTime>07:27:00</DepartureTime>
                           <DepartureDayOffset>0</DepartureDayOffset>
                        </TimetabledPassingTime>
                        <TimetabledPassingTime version="any">
                           <ArrivalTime>07:29:00</ArrivalTime>
                           <ArrivalDayOffset>0</ArrivalDayOffset>
                           <DepartureTime>07:29:00</DepartureTime>
                           <DepartureDayOffset>0</DepartureDayOffset>
                        </TimetabledPassingTime>
                        <TimetabledPassingTime version="any">
                           <ArrivalTime>07:31:00</ArrivalTime>
                           <ArrivalDayOffset>0</ArrivalDayOffset>
                           <DepartureTime>07:31:00</DepartureTime>
                           <DepartureDayOffset>0</DepartureDayOffset>
                        </TimetabledPassingTime>
                        <TimetabledPassingTime version="any">
                           <ArrivalTime>07:35:00</ArrivalTime>
                           <ArrivalDayOffset>0</ArrivalDayOffset>
                           <DepartureTime>07:35:00</DepartureTime>
                           <DepartureDayOffset>0</DepartureDayOffset>
                        </TimetabledPassingTime>
                        <TimetabledPassingTime version="any">
                           <ArrivalTime>07:36:00</ArrivalTime>
                           <ArrivalDayOffset>0</ArrivalDayOffset>
                           <DepartureTime>07:36:00</DepartureTime>
                           <DepartureDayOffset>0</DepartureDayOffset>
                        </TimetabledPassingTime>
                        <TimetabledPassingTime version="any">
                           <ArrivalTime>07:43:00</ArrivalTime>
                           <ArrivalDayOffset>0</ArrivalDayOffset>
                           <DepartureTime>07:43:00</DepartureTime>
                           <DepartureDayOffset>0</DepartureDayOffset>
                        </TimetabledPassingTime>
                        <TimetabledPassingTime version="any">
                           <ArrivalTime>07:48:00</ArrivalTime>
                           <ArrivalDayOffset>0</ArrivalDayOffset>
                           <DepartureTime>07:48:00</DepartureTime>
                           <DepartureDayOffset>0</DepartureDayOffset>
                        </TimetabledPassingTime>
                        <TimetabledPassingTime version="any">
                           <ArrivalTime>07:50:00</ArrivalTime>
                           <ArrivalDayOffset>0</ArrivalDayOffset>
                           <DepartureTime>07:50:00</DepartureTime>
                           <DepartureDayOffset>0</DepartureDayOffset>
                        </TimetabledPassingTime>
                     </passingTimes>
                  </ServiceJourney>
                  <ServiceJourney id="TUB:ServiceJourney:2-24394203137:LOC" version="1">
                     <TransportMode>bus</TransportMode>
                     <dayTypes>
                        <DayTypeRef ref="TUB:Timetable:DayType:1227:LOC" versionRef="1"/>
                     </dayTypes>
                     <JourneyPatternRef ref="TUB:ServiceJourneyPattern:19:LOC" versionRef="1"/>
                     <passingTimes>
                        <TimetabledPassingTime version="any">
                           <ArrivalTime>11:35:00</ArrivalTime>
                           <ArrivalDayOffset>0</ArrivalDayOffset>
                           <DepartureTime>11:35:00</DepartureTime>
                           <DepartureDayOffset>0</DepartureDayOffset>
                        </TimetabledPassingTime>
                        <TimetabledPassingTime version="any">
                           <ArrivalTime>11:42:00</ArrivalTime>
                           <ArrivalDayOffset>0</ArrivalDayOffset>
                           <DepartureTime>11:42:00</DepartureTime>
                           <DepartureDayOffset>0</DepartureDayOffset>
                        </TimetabledPassingTime>
                        <TimetabledPassingTime version="any">
                           <ArrivalTime>11:43:00</ArrivalTime>
                           <ArrivalDayOffset>0</ArrivalDayOffset>
                           <DepartureTime>11:43:00</DepartureTime>
                           <DepartureDayOffset>0</DepartureDayOffset>
                        </TimetabledPassingTime>
                        <TimetabledPassingTime version="any">
                           <ArrivalTime>11:48:00</ArrivalTime>
                           <ArrivalDayOffset>0</ArrivalDayOffset>
                           <DepartureTime>11:48:00</DepartureTime>
                           <DepartureDayOffset>0</DepartureDayOffset>
                        </TimetabledPassingTime>
                        <TimetabledPassingTime version="any">
                           <ArrivalTime>11:51:00</ArrivalTime>
                           <ArrivalDayOffset>0</ArrivalDayOffset>
                           <DepartureTime>11:51:00</DepartureTime>
                           <DepartureDayOffset>0</DepartureDayOffset>
                        </TimetabledPassingTime>
                        <TimetabledPassingTime version="any">
                           <ArrivalTime>11:56:00</ArrivalTime>
                           <ArrivalDayOffset>0</ArrivalDayOffset>
                           <DepartureTime>11:56:00</DepartureTime>
                           <DepartureDayOffset>0</DepartureDayOffset>
                        </TimetabledPassingTime>
                        <TimetabledPassingTime version="any">
                           <ArrivalTime>11:59:00</ArrivalTime>
                           <ArrivalDayOffset>0</ArrivalDayOffset>
                           <DepartureTime>11:59:00</DepartureTime>
                           <DepartureDayOffset>0</DepartureDayOffset>
                        </TimetabledPassingTime>
                        <TimetabledPassingTime version="any">
                           <ArrivalTime>12:04:00</ArrivalTime>
                           <ArrivalDayOffset>0</ArrivalDayOffset>
                           <DepartureTime>12:04:00</DepartureTime>
                           <DepartureDayOffset>0</DepartureDayOffset>
                        </TimetabledPassingTime>
                     </passingTimes>
                  </ServiceJourney>
                  <ServiceJourney id="TUB:ServiceJourney:2-24394203138:LOC" version="1">
                     <TransportMode>bus</TransportMode>
                     <dayTypes>
                        <DayTypeRef ref="TUB:Timetable:DayType:1227:LOC" versionRef="1"/>
                     </dayTypes>
                     <JourneyPatternRef ref="TUB:ServiceJourneyPattern:19:LOC" versionRef="1"/>
                     <passingTimes>
                        <TimetabledPassingTime version="any">
                           <ArrivalTime>16:35:00</ArrivalTime>
                           <ArrivalDayOffset>0</ArrivalDayOffset>
                           <DepartureTime>16:35:00</DepartureTime>
                           <DepartureDayOffset>0</DepartureDayOffset>
                        </TimetabledPassingTime>
                        <TimetabledPassingTime version="any">
                           <ArrivalTime>16:42:00</ArrivalTime>
                           <ArrivalDayOffset>0</ArrivalDayOffset>
                           <DepartureTime>16:42:00</DepartureTime>
                           <DepartureDayOffset>0</DepartureDayOffset>
                        </TimetabledPassingTime>
                        <TimetabledPassingTime version="any">
                           <ArrivalTime>16:43:00</ArrivalTime>
                           <ArrivalDayOffset>0</ArrivalDayOffset>
                           <DepartureTime>16:43:00</DepartureTime>
                           <DepartureDayOffset>0</DepartureDayOffset>
                        </TimetabledPassingTime>
                        <TimetabledPassingTime version="any">
                           <ArrivalTime>16:48:00</ArrivalTime>
                           <ArrivalDayOffset>0</ArrivalDayOffset>
                           <DepartureTime>16:48:00</DepartureTime>
                           <DepartureDayOffset>0</DepartureDayOffset>
                        </TimetabledPassingTime>
                        <TimetabledPassingTime version="any">
                           <ArrivalTime>16:51:00</ArrivalTime>
                           <ArrivalDayOffset>0</ArrivalDayOffset>
                           <DepartureTime>16:51:00</DepartureTime>
                           <DepartureDayOffset>0</DepartureDayOffset>
                        </TimetabledPassingTime>
                        <TimetabledPassingTime version="any">
                           <ArrivalTime>16:56:00</ArrivalTime>
                           <ArrivalDayOffset>0</ArrivalDayOffset>
                           <DepartureTime>16:56:00</DepartureTime>
                           <DepartureDayOffset>0</DepartureDayOffset>
                        </TimetabledPassingTime>
                        <TimetabledPassingTime version="any">
                           <ArrivalTime>16:59:00</ArrivalTime>
                           <ArrivalDayOffset>0</ArrivalDayOffset>
                           <DepartureTime>16:59:00</DepartureTime>
                           <DepartureDayOffset>0</DepartureDayOffset>
                        </TimetabledPassingTime>
                        <TimetabledPassingTime version="any">
                           <ArrivalTime>17:04:00</ArrivalTime>
                           <ArrivalDayOffset>0</ArrivalDayOffset>
                           <DepartureTime>17:04:00</DepartureTime>
                           <DepartureDayOffset>0</DepartureDayOffset>
                        </TimetabledPassingTime>
                     </passingTimes>
                  </ServiceJourney>
                  <ServiceJourney id="TUB:ServiceJourney:2-24394268673:LOC" version="1">
                     <TransportMode>bus</TransportMode>
                     <dayTypes>
                        <DayTypeRef ref="TUB:Timetable:DayType:1227:LOC" versionRef="1"/>
                     </dayTypes>
                     <JourneyPatternRef ref="TUB:ServiceJourneyPattern:50:LOC" versionRef="1"/>
                     <passingTimes>
                        <TimetabledPassingTime version="any">
                           <ArrivalTime>07:57:00</ArrivalTime>
                           <ArrivalDayOffset>0</ArrivalDayOffset>
                           <DepartureTime>07:57:00</DepartureTime>
                           <DepartureDayOffset>0</DepartureDayOffset>
                        </TimetabledPassingTime>
                        <TimetabledPassingTime version="any">
                           <ArrivalTime>08:00:00</ArrivalTime>
                           <ArrivalDayOffset>0</ArrivalDayOffset>
                           <DepartureTime>08:00:00</DepartureTime>
                           <DepartureDayOffset>0</DepartureDayOffset>
                        </TimetabledPassingTime>
                        <TimetabledPassingTime version="any">
                           <ArrivalTime>08:03:00</ArrivalTime>
                           <ArrivalDayOffset>0</ArrivalDayOffset>
                           <DepartureTime>08:03:00</DepartureTime>
                           <DepartureDayOffset>0</DepartureDayOffset>
                        </TimetabledPassingTime>
                        <TimetabledPassingTime version="any">
                           <ArrivalTime>08:05:00</ArrivalTime>
                           <ArrivalDayOffset>0</ArrivalDayOffset>
                           <DepartureTime>08:05:00</DepartureTime>
                           <DepartureDayOffset>0</DepartureDayOffset>
                        </TimetabledPassingTime>
                        <TimetabledPassingTime version="any">
                           <ArrivalTime>08:07:00</ArrivalTime>
                           <ArrivalDayOffset>0</ArrivalDayOffset>
                           <DepartureTime>08:07:00</DepartureTime>
                           <DepartureDayOffset>0</DepartureDayOffset>
                        </TimetabledPassingTime>
                        <TimetabledPassingTime version="any">
                           <ArrivalTime>08:13:00</ArrivalTime>
                           <ArrivalDayOffset>0</ArrivalDayOffset>
                           <DepartureTime>08:13:00</DepartureTime>
                           <DepartureDayOffset>0</DepartureDayOffset>
                        </TimetabledPassingTime>
                        <TimetabledPassingTime version="any">
                           <ArrivalTime>08:16:00</ArrivalTime>
                           <ArrivalDayOffset>0</ArrivalDayOffset>
                           <DepartureTime>08:16:00</DepartureTime>
                           <DepartureDayOffset>0</DepartureDayOffset>
                        </TimetabledPassingTime>
                        <TimetabledPassingTime version="any">
                           <ArrivalTime>08:20:00</ArrivalTime>
                           <ArrivalDayOffset>0</ArrivalDayOffset>
                           <DepartureTime>08:20:00</DepartureTime>
                           <DepartureDayOffset>0</DepartureDayOffset>
                        </TimetabledPassingTime>
                        <TimetabledPassingTime version="any">
                           <ArrivalTime>08:25:00</ArrivalTime>
                           <ArrivalDayOffset>0</ArrivalDayOffset>
                           <DepartureTime>08:25:00</DepartureTime>
                           <DepartureDayOffset>0</DepartureDayOffset>
                        </TimetabledPassingTime>
                        <TimetabledPassingTime version="any">
                           <ArrivalTime>08:29:00</ArrivalTime>
                           <ArrivalDayOffset>0</ArrivalDayOffset>
                           <DepartureTime>08:29:00</DepartureTime>
                           <DepartureDayOffset>0</DepartureDayOffset>
                        </TimetabledPassingTime>
                        <TimetabledPassingTime version="any">
                           <ArrivalTime>08:36:00</ArrivalTime>
                           <ArrivalDayOffset>0</ArrivalDayOffset>
                           <DepartureTime>08:36:00</DepartureTime>
                           <DepartureDayOffset>0</DepartureDayOffset>
                        </TimetabledPassingTime>
                     </passingTimes>
                  </ServiceJourney>
                  <ServiceJourney id="TUB:ServiceJourney:2-24394268674:LOC" version="1">
                     <TransportMode>bus</TransportMode>
                     <dayTypes>
                        <DayTypeRef ref="TUB:Timetable:DayType:1227:LOC" versionRef="1"/>
                     </dayTypes>
                     <JourneyPatternRef ref="TUB:ServiceJourneyPattern:50:LOC" versionRef="1"/>
                     <passingTimes>
                        <TimetabledPassingTime version="any">
                           <ArrivalTime>12:56:00</ArrivalTime>
                           <ArrivalDayOffset>0</ArrivalDayOffset>
                           <DepartureTime>12:56:00</DepartureTime>
                           <DepartureDayOffset>0</DepartureDayOffset>
                        </TimetabledPassingTime>
                        <TimetabledPassingTime version="any">
                           <ArrivalTime>12:59:00</ArrivalTime>
                           <ArrivalDayOffset>0</ArrivalDayOffset>
                           <DepartureTime>12:59:00</DepartureTime>
                           <DepartureDayOffset>0</DepartureDayOffset>
                        </TimetabledPassingTime>
                        <TimetabledPassingTime version="any">
                           <ArrivalTime>13:02:00</ArrivalTime>
                           <ArrivalDayOffset>0</ArrivalDayOffset>
                           <DepartureTime>13:02:00</DepartureTime>
                           <DepartureDayOffset>0</DepartureDayOffset>
                        </TimetabledPassingTime>
                        <TimetabledPassingTime version="any">
                           <ArrivalTime>13:04:00</ArrivalTime>
                           <ArrivalDayOffset>0</ArrivalDayOffset>
                           <DepartureTime>13:04:00</DepartureTime>
                           <DepartureDayOffset>0</DepartureDayOffset>
                        </TimetabledPassingTime>
                        <TimetabledPassingTime version="any">
                           <ArrivalTime>13:07:00</ArrivalTime>
                           <ArrivalDayOffset>0</ArrivalDayOffset>
                           <DepartureTime>13:07:00</DepartureTime>
                           <DepartureDayOffset>0</DepartureDayOffset>
                        </TimetabledPassingTime>
                        <TimetabledPassingTime version="any">
                           <ArrivalTime>13:09:00</ArrivalTime>
                           <ArrivalDayOffset>0</ArrivalDayOffset>
                           <DepartureTime>13:09:00</DepartureTime>
                           <DepartureDayOffset>0</DepartureDayOffset>
                        </TimetabledPassingTime>
                        <TimetabledPassingTime version="any">
                           <ArrivalTime>13:12:00</ArrivalTime>
                           <ArrivalDayOffset>0</ArrivalDayOffset>
                           <DepartureTime>13:12:00</DepartureTime>
                           <DepartureDayOffset>0</DepartureDayOffset>
                        </TimetabledPassingTime>
                        <TimetabledPassingTime version="any">
                           <ArrivalTime>13:14:00</ArrivalTime>
                           <ArrivalDayOffset>0</ArrivalDayOffset>
                           <DepartureTime>13:14:00</DepartureTime>
                           <DepartureDayOffset>0</DepartureDayOffset>
                        </TimetabledPassingTime>
                        <TimetabledPassingTime version="any">
                           <ArrivalTime>13:17:00</ArrivalTime>
                           <ArrivalDayOffset>0</ArrivalDayOffset>
                           <DepartureTime>13:17:00</DepartureTime>
                           <DepartureDayOffset>0</DepartureDayOffset>
                        </TimetabledPassingTime>
                        <TimetabledPassingTime version="any">
                           <ArrivalTime>13:18:00</ArrivalTime>
                           <ArrivalDayOffset>0</ArrivalDayOffset>
                           <DepartureTime>13:18:00</DepartureTime>
                           <DepartureDayOffset>0</DepartureDayOffset>
                        </TimetabledPassingTime>
                        <TimetabledPassingTime version="any">
                           <ArrivalTime>13:26:00</ArrivalTime>
                           <ArrivalDayOffset>0</ArrivalDayOffset>
                           <DepartureTime>13:26:00</DepartureTime>
                           <DepartureDayOffset>0</DepartureDayOffset>
                        </TimetabledPassingTime>
                     </passingTimes>
                  </ServiceJourney>
                  <ServiceJourney id="TUB:ServiceJourney:2-24394334210:LOC" version="1">
                     <TransportMode>bus</TransportMode>
                     <dayTypes>
                        <DayTypeRef ref="TUB:Timetable:DayType:1227:LOC" versionRef="1"/>
                     </dayTypes>
                     <JourneyPatternRef ref="TUB:ServiceJourneyPattern:51:LOC" versionRef="1"/>
                     <passingTimes>
                        <TimetabledPassingTime version="any">
                           <ArrivalTime>17:30:00</ArrivalTime>
                           <ArrivalDayOffset>0</ArrivalDayOffset>
                           <DepartureTime>17:30:00</DepartureTime>
                           <DepartureDayOffset>0</DepartureDayOffset>
                        </TimetabledPassingTime>
                        <TimetabledPassingTime version="any">
                           <ArrivalTime>17:35:00</ArrivalTime>
                           <ArrivalDayOffset>0</ArrivalDayOffset>
                           <DepartureTime>17:35:00</DepartureTime>
                           <DepartureDayOffset>0</DepartureDayOffset>
                        </TimetabledPassingTime>
                        <TimetabledPassingTime version="any">
                           <ArrivalTime>17:39:00</ArrivalTime>
                           <ArrivalDayOffset>0</ArrivalDayOffset>
                           <DepartureTime>17:39:00</DepartureTime>
                           <DepartureDayOffset>0</DepartureDayOffset>
                        </TimetabledPassingTime>
                        <TimetabledPassingTime version="any">
                           <ArrivalTime>17:43:00</ArrivalTime>
                           <ArrivalDayOffset>0</ArrivalDayOffset>
                           <DepartureTime>17:43:00</DepartureTime>
                           <DepartureDayOffset>0</DepartureDayOffset>
                        </TimetabledPassingTime>
                        <TimetabledPassingTime version="any">
                           <ArrivalTime>17:44:00</ArrivalTime>
                           <ArrivalDayOffset>0</ArrivalDayOffset>
                           <DepartureTime>17:44:00</DepartureTime>
                           <DepartureDayOffset>0</DepartureDayOffset>
                        </TimetabledPassingTime>
                        <TimetabledPassingTime version="any">
                           <ArrivalTime>17:45:00</ArrivalTime>
                           <ArrivalDayOffset>0</ArrivalDayOffset>
                           <DepartureTime>17:45:00</DepartureTime>
                           <DepartureDayOffset>0</DepartureDayOffset>
                        </TimetabledPassingTime>
                        <TimetabledPassingTime version="any">
                           <ArrivalTime>17:47:00</ArrivalTime>
                           <ArrivalDayOffset>0</ArrivalDayOffset>
                           <DepartureTime>17:47:00</DepartureTime>
                           <DepartureDayOffset>0</DepartureDayOffset>
                        </TimetabledPassingTime>
                        <TimetabledPassingTime version="any">
                           <ArrivalTime>17:50:00</ArrivalTime>
                           <ArrivalDayOffset>0</ArrivalDayOffset>
                           <DepartureTime>17:50:00</DepartureTime>
                           <DepartureDayOffset>0</DepartureDayOffset>
                        </TimetabledPassingTime>
                        <TimetabledPassingTime version="any">
                           <ArrivalTime>17:52:00</ArrivalTime>
                           <ArrivalDayOffset>0</ArrivalDayOffset>
                           <DepartureTime>17:52:00</DepartureTime>
                           <DepartureDayOffset>0</DepartureDayOffset>
                        </TimetabledPassingTime>
                        <TimetabledPassingTime version="any">
                           <ArrivalTime>17:53:00</ArrivalTime>
                           <ArrivalDayOffset>0</ArrivalDayOffset>
                           <DepartureTime>17:53:00</DepartureTime>
                           <DepartureDayOffset>0</DepartureDayOffset>
                        </TimetabledPassingTime>
                        <TimetabledPassingTime version="any">
                           <ArrivalTime>17:54:00</ArrivalTime>
                           <ArrivalDayOffset>0</ArrivalDayOffset>
                           <DepartureTime>17:54:00</DepartureTime>
                           <DepartureDayOffset>0</DepartureDayOffset>
                        </TimetabledPassingTime>
                        <TimetabledPassingTime version="any">
                           <ArrivalTime>17:56:00</ArrivalTime>
                           <ArrivalDayOffset>0</ArrivalDayOffset>
                           <DepartureTime>17:56:00</DepartureTime>
                           <DepartureDayOffset>0</DepartureDayOffset>
                        </TimetabledPassingTime>
                     </passingTimes>
                  </ServiceJourney>
                  <ServiceJourney id="TUB:ServiceJourney:2-24394334209:LOC" version="1">
                     <TransportMode>bus</TransportMode>
                     <dayTypes>
                        <DayTypeRef ref="TUB:Timetable:DayType:114:LOC" versionRef="1"/>
                     </dayTypes>
                     <JourneyPatternRef ref="TUB:ServiceJourneyPattern:51:LOC" versionRef="1"/>
                     <passingTimes>
                        <TimetabledPassingTime version="any">
                           <ArrivalTime>12:35:00</ArrivalTime>
                           <ArrivalDayOffset>0</ArrivalDayOffset>
                           <DepartureTime>12:35:00</DepartureTime>
                           <DepartureDayOffset>0</DepartureDayOffset>
                        </TimetabledPassingTime>
                        <TimetabledPassingTime version="any">
                           <ArrivalTime>12:40:00</ArrivalTime>
                           <ArrivalDayOffset>0</ArrivalDayOffset>
                           <DepartureTime>12:40:00</DepartureTime>
                           <DepartureDayOffset>0</DepartureDayOffset>
                        </TimetabledPassingTime>
                        <TimetabledPassingTime version="any">
                           <ArrivalTime>12:44:00</ArrivalTime>
                           <ArrivalDayOffset>0</ArrivalDayOffset>
                           <DepartureTime>12:44:00</DepartureTime>
                           <DepartureDayOffset>0</DepartureDayOffset>
                        </TimetabledPassingTime>
                        <TimetabledPassingTime version="any">
                           <ArrivalTime>12:48:00</ArrivalTime>
                           <ArrivalDayOffset>0</ArrivalDayOffset>
                           <DepartureTime>12:48:00</DepartureTime>
                           <DepartureDayOffset>0</DepartureDayOffset>
                        </TimetabledPassingTime>
                        <TimetabledPassingTime version="any">
                           <ArrivalTime>12:49:00</ArrivalTime>
                           <ArrivalDayOffset>0</ArrivalDayOffset>
                           <DepartureTime>12:49:00</DepartureTime>
                           <DepartureDayOffset>0</DepartureDayOffset>
                        </TimetabledPassingTime>
                        <TimetabledPassingTime version="any">
                           <ArrivalTime>12:50:00</ArrivalTime>
                           <ArrivalDayOffset>0</ArrivalDayOffset>
                           <DepartureTime>12:50:00</DepartureTime>
                           <DepartureDayOffset>0</DepartureDayOffset>
                        </TimetabledPassingTime>
                        <TimetabledPassingTime version="any">
                           <ArrivalTime>12:52:00</ArrivalTime>
                           <ArrivalDayOffset>0</ArrivalDayOffset>
                           <DepartureTime>12:52:00</DepartureTime>
                           <DepartureDayOffset>0</DepartureDayOffset>
                        </TimetabledPassingTime>
                        <TimetabledPassingTime version="any">
                           <ArrivalTime>12:55:00</ArrivalTime>
                           <ArrivalDayOffset>0</ArrivalDayOffset>
                           <DepartureTime>12:55:00</DepartureTime>
                           <DepartureDayOffset>0</DepartureDayOffset>
                        </TimetabledPassingTime>
                        <TimetabledPassingTime version="any">
                           <ArrivalTime>12:57:00</ArrivalTime>
                           <ArrivalDayOffset>0</ArrivalDayOffset>
                           <DepartureTime>12:57:00</DepartureTime>
                           <DepartureDayOffset>0</DepartureDayOffset>
                        </TimetabledPassingTime>
                        <TimetabledPassingTime version="any">
                           <ArrivalTime>12:58:00</ArrivalTime>
                           <ArrivalDayOffset>0</ArrivalDayOffset>
                           <DepartureTime>12:58:00</DepartureTime>
                           <DepartureDayOffset>0</DepartureDayOffset>
                        </TimetabledPassingTime>
                        <TimetabledPassingTime version="any">
                           <ArrivalTime>12:59:00</ArrivalTime>
                           <ArrivalDayOffset>0</ArrivalDayOffset>
                           <DepartureTime>12:59:00</DepartureTime>
                           <DepartureDayOffset>0</DepartureDayOffset>
                        </TimetabledPassingTime>
                        <TimetabledPassingTime version="any">
                           <ArrivalTime>13:01:00</ArrivalTime>
                           <ArrivalDayOffset>0</ArrivalDayOffset>
                           <DepartureTime>13:01:00</DepartureTime>
                           <DepartureDayOffset>0</DepartureDayOffset>
                        </TimetabledPassingTime>
                     </passingTimes>
                  </ServiceJourney>
               </members>
            </GeneralFrame>
         </frames>
      </CompositeFrame>
   </dataObjects>
</PublicationDelivery>
