<?xml version="1.0" encoding="UTF-8"?>
<PublicationDelivery xmlns:xsi="http://www.w3.org/2001/XMLSchema-instance"
                     xsi:schemaLocation="http://www.netex.org.uk/netex"
                     xmlns="http://www.netex.org.uk/netex"
                     xmlns:xlink="http://www.w3.org/1999/xlink"
                     xmlns:ifopt="http://www.ifopt.org.uk/ifopt"
                     xmlns:gml="http://www.opengis.net/gml/3.2"
                     xmlns:core="http://www.govtalk.gov.uk/core"
                     xmlns:siri="http://www.siri.org.uk/siri"
                     version="1.10:FR-NETEX-2.2">
   <PublicationTimestamp>2025-09-04T01:32:20+02:00</PublicationTimestamp>
   <ParticipantRef>TUB</ParticipantRef>
   <Description>Offre sur la période du 04/09/2025 au 31/12/2025</Description>
   <dataObjects>
      <CompositeFrame id="FR:CompositeFrame:NETEX_LIGNE-20250904T013220:LOC" version="1.0">
         <Name>Beurey sur Saulx - Bar le Duc</Name>
         <FrameDefaults>
            <DefaultLocale>
               <TimeZone>Europe/Paris</TimeZone>
               <DefaultLanguage>fr</DefaultLanguage>
            </DefaultLocale>
            <DefaultLocationSystem>WGS84</DefaultLocationSystem>
            <DefaultSystemOfUnits>SiMetres</DefaultSystemOfUnits>
         </FrameDefaults>
         <frames>
            <ResourceFrame id="FR:ResourceFrame:1" version="any">
               <typesOfValue>
                  <ValueSet id="FR:ValueSet:TypeOfFrame" nameOfClass="TypeOfFrame" version="any">
                     <Name>TypeOfFrame</Name>
                     <values>
                        <TypeOfFrame id="FR:TypeOfFrame:NETEX_RESEAU" version="any">
                           <Name>NETEX_RESEAU</Name>
                        </TypeOfFrame>
                        <TypeOfFrame id="FR:TypeOfFrame:NETEX_HORAIRE" version="any">
                           <Name>NETEX_HORAIRE</Name>
                        </TypeOfFrame>
                     </values>
                  </ValueSet>
               </typesOfValue>
            </ResourceFrame>
            <GeneralFrame id="FR:GeneralFrame:NETEX_RESEAU-20250904T013220:LOC" version="1.0" dataSourceRef="TUB">
               <TypeOfFrameRef ref="FR:TypeOfFrame:NETEX_RESEAU"/>
               <members>
                  <Route id="TUB:Route:1447-A:LOC" version="1">
                     <Name>Beurey sur Saulx - Bar le Duc - Aller</Name>
                     <LineRef ref="TUB:Line:1447:LOC" versionRef="1"/>
                     <DirectionType>outbound</DirectionType>
                     <DirectionRef ref="TUB:Direction:1447-A:LOC" versionRef="1"/>
                     <InverseRouteRef ref="TUB:Route:1447-R:LOC" versionRef="1"/>
                  </Route>
                  <Direction id="TUB:Direction:1447-A:LOC" version="1">
                     <Name>Beurey sur Saulx - Bar le Duc - Aller</Name>
                     <DirectionType>outbound</DirectionType>
                  </Direction>
                  <Route id="TUB:Route:1447-R:LOC" version="1">
                     <Name>Beurey sur Saulx - Bar le Duc - Retour</Name>
                     <LineRef ref="TUB:Line:1447:LOC" versionRef="1"/>
                     <DirectionType>inbound</DirectionType>
                     <DirectionRef ref="TUB:Direction:1447-R:LOC" versionRef="1"/>
                     <InverseRouteRef ref="TUB:Route:1447-A:LOC" versionRef="1"/>
                  </Route>
                  <Direction id="TUB:Direction:1447-R:LOC" version="1">
                     <Name>Beurey sur Saulx - Bar le Duc - Retour</Name>
                     <DirectionType>inbound</DirectionType>
                  </Direction>
                  <ServiceJourneyPattern id="TUB:ServiceJourneyPattern:2:LOC" version="1">
                     <Name>BAR LE DUC - Gare multimodale</Name>
                     <PrivateCode>14973934</PrivateCode>
                     <RouteRef ref="TUB:Route:1447-A:LOC" versionRef="1"/>
                     <DestinationDisplayRef ref="TUB:DestinationDisplay:2:LOC" versionRef="1"/>
                     <pointsInSequence>
                        <StopPointInJourneyPattern id="TUB:StopPointInJourneyPattern:2x1:LOC" version="any" order="3">
                           <ScheduledStopPointRef ref="TUB:ScheduledStopPoint:3:LOC" versionRef="1"/>
                           <ForAlighting>false</ForAlighting>
                           <ForBoarding>true</ForBoarding>
                           <RequestStop>false</RequestStop>
                        </StopPointInJourneyPattern>
                        <StopPointInJourneyPattern id="TUB:StopPointInJourneyPattern:2x2:LOC" version="any" order="4">
                           <ScheduledStopPointRef ref="TUB:ScheduledStopPoint:4:LOC" versionRef="1"/>
                           <ForAlighting>true</ForAlighting>
                           <ForBoarding>true</ForBoarding>
                           <RequestStop>false</RequestStop>
                        </StopPointInJourneyPattern>
                        <StopPointInJourneyPattern id="TUB:StopPointInJourneyPattern:2x3:LOC" version="any" order="5">
                           <ScheduledStopPointRef ref="TUB:ScheduledStopPoint:5:LOC" versionRef="1"/>
                           <ForAlighting>true</ForAlighting>
                           <ForBoarding>true</ForBoarding>
                           <RequestStop>false</RequestStop>
                        </StopPointInJourneyPattern>
                        <StopPointInJourneyPattern id="TUB:StopPointInJourneyPattern:2x4:LOC" version="any" order="6">
                           <ScheduledStopPointRef ref="TUB:ScheduledStopPoint:6:LOC" versionRef="1"/>
                           <ForAlighting>true</ForAlighting>
                           <ForBoarding>true</ForBoarding>
                           <RequestStop>false</RequestStop>
                        </StopPointInJourneyPattern>
                        <StopPointInJourneyPattern id="TUB:StopPointInJourneyPattern:2x5:LOC" version="any" order="7">
                           <ScheduledStopPointRef ref="TUB:ScheduledStopPoint:7:LOC" versionRef="1"/>
                           <ForAlighting>true</ForAlighting>
                           <ForBoarding>true</ForBoarding>
                           <RequestStop>false</RequestStop>
                        </StopPointInJourneyPattern>
                        <StopPointInJourneyPattern id="TUB:StopPointInJourneyPattern:2x6:LOC" version="any" order="10">
                           <ScheduledStopPointRef ref="TUB:ScheduledStopPoint:10:LOC" versionRef="1"/>
                           <ForAlighting>true</ForAlighting>
                           <ForBoarding>true</ForBoarding>
                           <RequestStop>false</RequestStop>
                        </StopPointInJourneyPattern>
                        <StopPointInJourneyPattern id="TUB:StopPointInJourneyPattern:2x7:LOC" version="any" order="11">
                           <ScheduledStopPointRef ref="TUB:ScheduledStopPoint:11:LOC" versionRef="1"/>
                           <ForAlighting>true</ForAlighting>
                           <ForBoarding>false</ForBoarding>
                           <RequestStop>false</RequestStop>
                        </StopPointInJourneyPattern>
                     </pointsInSequence>
                     <ServiceJourneyPatternType>passenger</ServiceJourneyPatternType>
                  </ServiceJourneyPattern>
                  <ServiceJourneyPattern id="TUB:ServiceJourneyPattern:3:LOC" version="1">
                     <Name>BAR LE DUC - Gare multimodale</Name>
                     <PrivateCode>14973935</PrivateCode>
                     <RouteRef ref="TUB:Route:1447-A:LOC" versionRef="1"/>
                     <DestinationDisplayRef ref="TUB:DestinationDisplay:3:LOC" versionRef="1"/>
                     <pointsInSequence>
                        <StopPointInJourneyPattern id="TUB:StopPointInJourneyPattern:3x1:LOC" version="any" order="1">
                           <ScheduledStopPointRef ref="TUB:ScheduledStopPoint:1:LOC" versionRef="1"/>
                           <ForAlighting>false</ForAlighting>
                           <ForBoarding>true</ForBoarding>
                           <RequestStop>false</RequestStop>
                        </StopPointInJourneyPattern>
                        <StopPointInJourneyPattern id="TUB:StopPointInJourneyPattern:3x2:LOC" version="any" order="2">
                           <ScheduledStopPointRef ref="TUB:ScheduledStopPoint:2:LOC" versionRef="1"/>
                           <ForAlighting>true</ForAlighting>
                           <ForBoarding>true</ForBoarding>
                           <RequestStop>false</RequestStop>
                        </StopPointInJourneyPattern>
                        <StopPointInJourneyPattern id="TUB:StopPointInJourneyPattern:3x3:LOC" version="any" order="3">
                           <ScheduledStopPointRef ref="TUB:ScheduledStopPoint:3:LOC" versionRef="1"/>
                           <ForAlighting>true</ForAlighting>
                           <ForBoarding>true</ForBoarding>
                           <RequestStop>false</RequestStop>
                        </StopPointInJourneyPattern>
                        <StopPointInJourneyPattern id="TUB:StopPointInJourneyPattern:3x4:LOC" version="any" order="4">
                           <ScheduledStopPointRef ref="TUB:ScheduledStopPoint:4:LOC" versionRef="1"/>
                           <ForAlighting>true</ForAlighting>
                           <ForBoarding>true</ForBoarding>
                           <RequestStop>false</RequestStop>
                        </StopPointInJourneyPattern>
                        <StopPointInJourneyPattern id="TUB:StopPointInJourneyPattern:3x5:LOC" version="any" order="5">
                           <ScheduledStopPointRef ref="TUB:ScheduledStopPoint:5:LOC" versionRef="1"/>
                           <ForAlighting>true</ForAlighting>
                           <ForBoarding>true</ForBoarding>
                           <RequestStop>false</RequestStop>
                        </StopPointInJourneyPattern>
                        <StopPointInJourneyPattern id="TUB:StopPointInJourneyPattern:3x6:LOC" version="any" order="6">
                           <ScheduledStopPointRef ref="TUB:ScheduledStopPoint:6:LOC" versionRef="1"/>
                           <ForAlighting>true</ForAlighting>
                           <ForBoarding>true</ForBoarding>
                           <RequestStop>false</RequestStop>
                        </StopPointInJourneyPattern>
                        <StopPointInJourneyPattern id="TUB:StopPointInJourneyPattern:3x7:LOC" version="any" order="7">
                           <ScheduledStopPointRef ref="TUB:ScheduledStopPoint:7:LOC" versionRef="1"/>
                           <ForAlighting>true</ForAlighting>
                           <ForBoarding>true</ForBoarding>
                           <RequestStop>false</RequestStop>
                        </StopPointInJourneyPattern>
                        <StopPointInJourneyPattern id="TUB:StopPointInJourneyPattern:3x8:LOC" version="any" order="8">
                           <ScheduledStopPointRef ref="TUB:ScheduledStopPoint:8:LOC" versionRef="1"/>
                           <ForAlighting>true</ForAlighting>
                           <ForBoarding>true</ForBoarding>
                           <RequestStop>false</RequestStop>
                        </StopPointInJourneyPattern>
                        <StopPointInJourneyPattern id="TUB:StopPointInJourneyPattern:3x9:LOC" version="any" order="9">
                           <ScheduledStopPointRef ref="TUB:ScheduledStopPoint:9:LOC" versionRef="1"/>
                           <ForAlighting>true</ForAlighting>
                           <ForBoarding>true</ForBoarding>
                           <RequestStop>false</RequestStop>
                        </StopPointInJourneyPattern>
                        <StopPointInJourneyPattern id="TUB:StopPointInJourneyPattern:3x10:LOC" version="any" order="10">
                           <ScheduledStopPointRef ref="TUB:ScheduledStopPoint:10:LOC" versionRef="1"/>
                           <ForAlighting>true</ForAlighting>
                           <ForBoarding>true</ForBoarding>
                           <RequestStop>false</RequestStop>
                        </StopPointInJourneyPattern>
                        <StopPointInJourneyPattern id="TUB:StopPointInJourneyPattern:3x11:LOC" version="any" order="11">
                           <ScheduledStopPointRef ref="TUB:ScheduledStopPoint:11:LOC" versionRef="1"/>
                           <ForAlighting>true</ForAlighting>
                           <ForBoarding>false</ForBoarding>
                           <RequestStop>false</RequestStop>
                        </StopPointInJourneyPattern>
                     </pointsInSequence>
                     <ServiceJourneyPatternType>passenger</ServiceJourneyPatternType>
                  </ServiceJourneyPattern>
                  <ServiceJourneyPattern id="TUB:ServiceJourneyPattern:4:LOC" version="1">
                     <Name>BAR LE DUC - Gare multimodale</Name>
                     <PrivateCode>14973936</PrivateCode>
                     <RouteRef ref="TUB:Route:1447-A:LOC" versionRef="1"/>
                     <DestinationDisplayRef ref="TUB:DestinationDisplay:4:LOC" versionRef="1"/>
                     <pointsInSequence>
                        <StopPointInJourneyPattern id="TUB:StopPointInJourneyPattern:4x1:LOC" version="any" order="1">
                           <ScheduledStopPointRef ref="TUB:ScheduledStopPoint:1:LOC" versionRef="1"/>
                           <ForAlighting>false</ForAlighting>
                           <ForBoarding>true</ForBoarding>
                           <RequestStop>false</RequestStop>
                        </StopPointInJourneyPattern>
                        <StopPointInJourneyPattern id="TUB:StopPointInJourneyPattern:4x2:LOC" version="any" order="2">
                           <ScheduledStopPointRef ref="TUB:ScheduledStopPoint:2:LOC" versionRef="1"/>
                           <ForAlighting>true</ForAlighting>
                           <ForBoarding>true</ForBoarding>
                           <RequestStop>false</RequestStop>
                        </StopPointInJourneyPattern>
                        <StopPointInJourneyPattern id="TUB:StopPointInJourneyPattern:4x3:LOC" version="any" order="5">
                           <ScheduledStopPointRef ref="TUB:ScheduledStopPoint:5:LOC" versionRef="1"/>
                           <ForAlighting>true</ForAlighting>
                           <ForBoarding>true</ForBoarding>
                           <RequestStop>false</RequestStop>
                        </StopPointInJourneyPattern>
                        <StopPointInJourneyPattern id="TUB:StopPointInJourneyPattern:4x4:LOC" version="any" order="6">
                           <ScheduledStopPointRef ref="TUB:ScheduledStopPoint:6:LOC" versionRef="1"/>
                           <ForAlighting>true</ForAlighting>
                           <ForBoarding>true</ForBoarding>
                           <RequestStop>false</RequestStop>
                        </StopPointInJourneyPattern>
                        <StopPointInJourneyPattern id="TUB:StopPointInJourneyPattern:4x5:LOC" version="any" order="8">
                           <ScheduledStopPointRef ref="TUB:ScheduledStopPoint:8:LOC" versionRef="1"/>
                           <ForAlighting>true</ForAlighting>
                           <ForBoarding>true</ForBoarding>
                           <RequestStop>false</RequestStop>
                        </StopPointInJourneyPattern>
                        <StopPointInJourneyPattern id="TUB:StopPointInJourneyPattern:4x6:LOC" version="any" order="9">
                           <ScheduledStopPointRef ref="TUB:ScheduledStopPoint:9:LOC" versionRef="1"/>
                           <ForAlighting>true</ForAlighting>
                           <ForBoarding>true</ForBoarding>
                           <RequestStop>false</RequestStop>
                        </StopPointInJourneyPattern>
                        <StopPointInJourneyPattern id="TUB:StopPointInJourneyPattern:4x7:LOC" version="any" order="10">
                           <ScheduledStopPointRef ref="TUB:ScheduledStopPoint:10:LOC" versionRef="1"/>
                           <ForAlighting>true</ForAlighting>
                           <ForBoarding>true</ForBoarding>
                           <RequestStop>false</RequestStop>
                        </StopPointInJourneyPattern>
                        <StopPointInJourneyPattern id="TUB:StopPointInJourneyPattern:4x8:LOC" version="any" order="11">
                           <ScheduledStopPointRef ref="TUB:ScheduledStopPoint:11:LOC" versionRef="1"/>
                           <ForAlighting>true</ForAlighting>
                           <ForBoarding>false</ForBoarding>
                           <RequestStop>false</RequestStop>
                        </StopPointInJourneyPattern>
                     </pointsInSequence>
                     <ServiceJourneyPatternType>passenger</ServiceJourneyPatternType>
                  </ServiceJourneyPattern>
                  <ServiceJourneyPattern id="TUB:ServiceJourneyPattern:34:LOC" version="1">
                     <Name>BEUREY SUR SAULX - Rue Haute</Name>
                     <PrivateCode>14973937</PrivateCode>
                     <RouteRef ref="TUB:Route:1447-R:LOC" versionRef="1"/>
                     <DestinationDisplayRef ref="TUB:DestinationDisplay:34:LOC" versionRef="1"/>
                     <pointsInSequence>
                        <StopPointInJourneyPattern id="TUB:StopPointInJourneyPattern:34x1:LOC" version="any" order="1">
                           <ScheduledStopPointRef ref="TUB:ScheduledStopPoint:12:LOC" versionRef="1"/>
                           <ForAlighting>false</ForAlighting>
                           <ForBoarding>true</ForBoarding>
                           <RequestStop>false</RequestStop>
                        </StopPointInJourneyPattern>
                        <StopPointInJourneyPattern id="TUB:StopPointInJourneyPattern:34x2:LOC" version="any" order="2">
                           <ScheduledStopPointRef ref="TUB:ScheduledStopPoint:13:LOC" versionRef="1"/>
                           <ForAlighting>true</ForAlighting>
                           <ForBoarding>true</ForBoarding>
                           <RequestStop>false</RequestStop>
                        </StopPointInJourneyPattern>
                        <StopPointInJourneyPattern id="TUB:StopPointInJourneyPattern:34x3:LOC" version="any" order="3">
                           <ScheduledStopPointRef ref="TUB:ScheduledStopPoint:14:LOC" versionRef="1"/>
                           <ForAlighting>true</ForAlighting>
                           <ForBoarding>true</ForBoarding>
                           <RequestStop>false</RequestStop>
                        </StopPointInJourneyPattern>
                        <StopPointInJourneyPattern id="TUB:StopPointInJourneyPattern:34x4:LOC" version="any" order="4">
                           <ScheduledStopPointRef ref="TUB:ScheduledStopPoint:15:LOC" versionRef="1"/>
                           <ForAlighting>true</ForAlighting>
                           <ForBoarding>true</ForBoarding>
                           <RequestStop>false</RequestStop>
                        </StopPointInJourneyPattern>
                        <StopPointInJourneyPattern id="TUB:StopPointInJourneyPattern:34x5:LOC" version="any" order="5">
                           <ScheduledStopPointRef ref="TUB:ScheduledStopPoint:16:LOC" versionRef="1"/>
                           <ForAlighting>true</ForAlighting>
                           <ForBoarding>true</ForBoarding>
                           <RequestStop>false</RequestStop>
                        </StopPointInJourneyPattern>
                        <StopPointInJourneyPattern id="TUB:StopPointInJourneyPattern:34x6:LOC" version="any" order="6">
                           <ScheduledStopPointRef ref="TUB:ScheduledStopPoint:17:LOC" versionRef="1"/>
                           <ForAlighting>true</ForAlighting>
                           <ForBoarding>true</ForBoarding>
                           <RequestStop>false</RequestStop>
                        </StopPointInJourneyPattern>
                        <StopPointInJourneyPattern id="TUB:StopPointInJourneyPattern:34x7:LOC" version="any" order="7">
                           <ScheduledStopPointRef ref="TUB:ScheduledStopPoint:18:LOC" versionRef="1"/>
                           <ForAlighting>true</ForAlighting>
                           <ForBoarding>true</ForBoarding>
                           <RequestStop>false</RequestStop>
                        </StopPointInJourneyPattern>
                        <StopPointInJourneyPattern id="TUB:StopPointInJourneyPattern:34x8:LOC" version="any" order="8">
                           <ScheduledStopPointRef ref="TUB:ScheduledStopPoint:19:LOC" versionRef="1"/>
                           <ForAlighting>true</ForAlighting>
                           <ForBoarding>true</ForBoarding>
                           <RequestStop>false</RequestStop>
                        </StopPointInJourneyPattern>
                        <StopPointInJourneyPattern id="TUB:StopPointInJourneyPattern:34x9:LOC" version="any" order="9">
                           <ScheduledStopPointRef ref="TUB:ScheduledStopPoint:20:LOC" versionRef="1"/>
                           <ForAlighting>true</ForAlighting>
                           <ForBoarding>true</ForBoarding>
                           <RequestStop>false</RequestStop>
                        </StopPointInJourneyPattern>
                        <StopPointInJourneyPattern id="TUB:StopPointInJourneyPattern:34x10:LOC" version="any" order="10">
                           <ScheduledStopPointRef ref="TUB:ScheduledStopPoint:21:LOC" versionRef="1"/>
                           <ForAlighting>true</ForAlighting>
                           <ForBoarding>true</ForBoarding>
                           <RequestStop>false</RequestStop>
                        </StopPointInJourneyPattern>
                        <StopPointInJourneyPattern id="TUB:StopPointInJourneyPattern:34x11:LOC" version="any" order="11">
                           <ScheduledStopPointRef ref="TUB:ScheduledStopPoint:22:LOC" versionRef="1"/>
                           <ForAlighting>true</ForAlighting>
                           <ForBoarding>false</ForBoarding>
                           <RequestStop>false</RequestStop>
                        </StopPointInJourneyPattern>
                     </pointsInSequence>
                     <ServiceJourneyPatternType>passenger</ServiceJourneyPatternType>
                  </ServiceJourneyPattern>
                  <ServiceJourneyPattern id="TUB:ServiceJourneyPattern:35:LOC" version="1">
                     <Name>ROBERT ESPAGNE - Mairie</Name>
                     <PrivateCode>14973938</PrivateCode>
                     <RouteRef ref="TUB:Route:1447-R:LOC" versionRef="1"/>
                     <DestinationDisplayRef ref="TUB:DestinationDisplay:35:LOC" versionRef="1"/>
                     <pointsInSequence>
                        <StopPointInJourneyPattern id="TUB:StopPointInJourneyPattern:35x1:LOC" version="any" order="1">
                           <ScheduledStopPointRef ref="TUB:ScheduledStopPoint:12:LOC" versionRef="1"/>
                           <ForAlighting>false</ForAlighting>
                           <ForBoarding>true</ForBoarding>
                           <RequestStop>false</RequestStop>
                        </StopPointInJourneyPattern>
                        <StopPointInJourneyPattern id="TUB:StopPointInJourneyPattern:35x2:LOC" version="any" order="2">
                           <ScheduledStopPointRef ref="TUB:ScheduledStopPoint:13:LOC" versionRef="1"/>
                           <ForAlighting>true</ForAlighting>
                           <ForBoarding>true</ForBoarding>
                           <RequestStop>false</RequestStop>
                        </StopPointInJourneyPattern>
                        <StopPointInJourneyPattern id="TUB:StopPointInJourneyPattern:35x3:LOC" version="any" order="5">
                           <ScheduledStopPointRef ref="TUB:ScheduledStopPoint:16:LOC" versionRef="1"/>
                           <ForAlighting>true</ForAlighting>
                           <ForBoarding>true</ForBoarding>
                           <RequestStop>false</RequestStop>
                        </StopPointInJourneyPattern>
                        <StopPointInJourneyPattern id="TUB:StopPointInJourneyPattern:35x4:LOC" version="any" order="6">
                           <ScheduledStopPointRef ref="TUB:ScheduledStopPoint:17:LOC" versionRef="1"/>
                           <ForAlighting>true</ForAlighting>
                           <ForBoarding>true</ForBoarding>
                           <RequestStop>false</RequestStop>
                        </StopPointInJourneyPattern>
                        <StopPointInJourneyPattern id="TUB:StopPointInJourneyPattern:35x5:LOC" version="any" order="7">
                           <ScheduledStopPointRef ref="TUB:ScheduledStopPoint:18:LOC" versionRef="1"/>
                           <ForAlighting>true</ForAlighting>
                           <ForBoarding>true</ForBoarding>
                           <RequestStop>false</RequestStop>
                        </StopPointInJourneyPattern>
                        <StopPointInJourneyPattern id="TUB:StopPointInJourneyPattern:35x6:LOC" version="any" order="8">
                           <ScheduledStopPointRef ref="TUB:ScheduledStopPoint:19:LOC" versionRef="1"/>
                           <ForAlighting>true</ForAlighting>
                           <ForBoarding>true</ForBoarding>
                           <RequestStop>false</RequestStop>
                        </StopPointInJourneyPattern>
                        <StopPointInJourneyPattern id="TUB:StopPointInJourneyPattern:35x7:LOC" version="any" order="9">
                           <ScheduledStopPointRef ref="TUB:ScheduledStopPoint:20:LOC" versionRef="1"/>
                           <ForAlighting>true</ForAlighting>
                           <ForBoarding>false</ForBoarding>
                           <RequestStop>false</RequestStop>
                        </StopPointInJourneyPattern>
                     </pointsInSequence>
                     <ServiceJourneyPatternType>passenger</ServiceJourneyPatternType>
                  </ServiceJourneyPattern>
                  <ServiceJourneyPattern id="TUB:ServiceJourneyPattern:36:LOC" version="1">
                     <Name>BEUREY SUR SAULX - Rue Haute</Name>
                     <PrivateCode>14973933</PrivateCode>
                     <RouteRef ref="TUB:Route:1447-R:LOC" versionRef="1"/>
                     <DestinationDisplayRef ref="TUB:DestinationDisplay:36:LOC" versionRef="1"/>
                     <pointsInSequence>
                        <StopPointInJourneyPattern id="TUB:StopPointInJourneyPattern:36x1:LOC" version="any" order="1">
                           <ScheduledStopPointRef ref="TUB:ScheduledStopPoint:12:LOC" versionRef="1"/>
                           <ForAlighting>false</ForAlighting>
                           <ForBoarding>true</ForBoarding>
                           <RequestStop>false</RequestStop>
                        </StopPointInJourneyPattern>
                        <StopPointInJourneyPattern id="TUB:StopPointInJourneyPattern:36x2:LOC" version="any" order="2">
                           <ScheduledStopPointRef ref="TUB:ScheduledStopPoint:13:LOC" versionRef="1"/>
                           <ForAlighting>true</ForAlighting>
                           <ForBoarding>true</ForBoarding>
                           <RequestStop>false</RequestStop>
                        </StopPointInJourneyPattern>
                        <StopPointInJourneyPattern id="TUB:StopPointInJourneyPattern:36x3:LOC" version="any" order="3">
                           <ScheduledStopPointRef ref="TUB:ScheduledStopPoint:14:LOC" versionRef="1"/>
                           <ForAlighting>true</ForAlighting>
                           <ForBoarding>true</ForBoarding>
                           <RequestStop>false</RequestStop>
                        </StopPointInJourneyPattern>
                        <StopPointInJourneyPattern id="TUB:StopPointInJourneyPattern:36x4:LOC" version="any" order="4">
                           <ScheduledStopPointRef ref="TUB:ScheduledStopPoint:15:LOC" versionRef="1"/>
                           <ForAlighting>true</ForAlighting>
                           <ForBoarding>true</ForBoarding>
                           <RequestStop>false</RequestStop>
                        </StopPointInJourneyPattern>
                        <StopPointInJourneyPattern id="TUB:StopPointInJourneyPattern:36x5:LOC" version="any" order="10">
                           <ScheduledStopPointRef ref="TUB:ScheduledStopPoint:21:LOC" versionRef="1"/>
                           <ForAlighting>true</ForAlighting>
                           <ForBoarding>true</ForBoarding>
                           <RequestStop>false</RequestStop>
                        </StopPointInJourneyPattern>
                        <StopPointInJourneyPattern id="TUB:StopPointInJourneyPattern:36x6:LOC" version="any" order="11">
                           <ScheduledStopPointRef ref="TUB:ScheduledStopPoint:22:LOC" versionRef="1"/>
                           <ForAlighting>true</ForAlighting>
                           <ForBoarding>false</ForBoarding>
                           <RequestStop>false</RequestStop>
                        </StopPointInJourneyPattern>
                     </pointsInSequence>
                     <ServiceJourneyPatternType>passenger</ServiceJourneyPatternType>
                  </ServiceJourneyPattern>
                  <DestinationDisplay id="TUB:DestinationDisplay:2:LOC" version="1">
                     <FrontText>BAR LE DUC - Gare multimodale</FrontText>
                  </DestinationDisplay>
                  <DestinationDisplay id="TUB:DestinationDisplay:3:LOC" version="1">
                     <FrontText>BAR LE DUC - Gare multimodale</FrontText>
                  </DestinationDisplay>
                  <DestinationDisplay id="TUB:DestinationDisplay:4:LOC" version="1">
                     <FrontText>BAR LE DUC - Gare multimodale</FrontText>
                  </DestinationDisplay>
                  <DestinationDisplay id="TUB:DestinationDisplay:34:LOC" version="1">
                     <FrontText>BEUREY SUR SAULX - Rue Haute</FrontText>
                  </DestinationDisplay>
                  <DestinationDisplay id="TUB:DestinationDisplay:35:LOC" version="1">
                     <FrontText>ROBERT ESPAGNE - Mairie</FrontText>
                  </DestinationDisplay>
                  <DestinationDisplay id="TUB:DestinationDisplay:36:LOC" version="1">
                     <FrontText>BEUREY SUR SAULX - Rue Haute</FrontText>
                  </DestinationDisplay>
                  <ScheduledStopPoint id="TUB:ScheduledStopPoint:1:LOC" version="1">
                     <Name>BEUREY SUR SAULX - Rue Haute</Name>
                     <Location id="TUB:Location:d2d9d56cc3894ef68f6b48777f2184d6:LOC">
                        <Longitude>5.0279951</Longitude>
                        <Latitude>48.7549219</Latitude>
                        <gml:pos srsName="EPSG:27572">797960.183285606 2420770.61935686</gml:pos>
                     </Location>
                  </ScheduledStopPoint>
                  <ScheduledStopPoint id="TUB:ScheduledStopPoint:2:LOC" version="1">
                     <Name>BEUREY SUR SAULX - Ecole maternelle</Name>
                     <Location id="TUB:Location:078c522b8c0849e9a22579a6adbde43f:LOC">
                        <Longitude>5.0260291</Longitude>
                        <Latitude>48.7574139</Latitude>
                        <gml:pos srsName="EPSG:27572">797806.156792343 2421042.76242342</gml:pos>
                     </Location>
                  </ScheduledStopPoint>
                  <ScheduledStopPoint id="TUB:ScheduledStopPoint:3:LOC" version="1">
                     <Name>ROBERT ESPAGNE - Mairie</Name>
                     <Location id="TUB:Location:4ca811b3901245828c6c54f167973205:LOC">
                        <Longitude>5.0315071</Longitude>
                        <Latitude>48.7467629</Latitude>
                        <gml:pos srsName="EPSG:27572">798249.501686595 2419872.2550645</gml:pos>
                     </Location>
                  </ScheduledStopPoint>
                  <ScheduledStopPoint id="TUB:ScheduledStopPoint:4:LOC" version="1">
                     <Name>ROBERT ESPAGNE - Gare</Name>
                     <Location id="TUB:Location:a87c045334e04b518aa2855e28f32611:LOC">
                        <Longitude>5.0351111</Longitude>
                        <Latitude>48.7412999</Latitude>
                        <gml:pos srsName="EPSG:27572">798535.373134063 2419273.91297914</gml:pos>
                     </Location>
                  </ScheduledStopPoint>
                  <ScheduledStopPoint id="TUB:ScheduledStopPoint:5:LOC" version="1">
                     <Name>TREMONT SUR SAULX - La Source</Name>
                     <Location id="TUB:Location:25b10c5736414e7eb16cef3e61c05169:LOC">
                        <Longitude>5.0511111</Longitude>
                        <Latitude>48.7457429</Latitude>
                        <gml:pos srsName="EPSG:27572">799694.956725751 2419808.4544274</gml:pos>
                     </Location>
                  </ScheduledStopPoint>
                  <ScheduledStopPoint id="TUB:ScheduledStopPoint:6:LOC" version="1">
                     <Name>TREMONT SUR SAULX - Centre</Name>
                     <Location id="TUB:Location:ca641f718f1d459db3cfc64951fba634:LOC">
                        <Longitude>5.0552471</Longitude>
                        <Latitude>48.7474229</Latitude>
                        <gml:pos srsName="EPSG:27572">799992.630614657 2420005.76737776</gml:pos>
                     </Location>
                  </ScheduledStopPoint>
                  <ScheduledStopPoint id="TUB:ScheduledStopPoint:7:LOC" version="1">
                     <Name>TREMONT SUR SAULX - Ancienne source</Name>
                     <Location id="TUB:Location:d16b10a5272741f382015a72d95af60f:LOC">
                        <Longitude>5.0633101</Longitude>
                        <Latitude>48.7490799</Latitude>
                        <gml:pos srsName="EPSG:27572">800579.12087581 2420210.55008426</gml:pos>
                     </Location>
                  </ScheduledStopPoint>
                  <ScheduledStopPoint id="TUB:ScheduledStopPoint:8:LOC" version="1">
                     <Name>COMBLES EN BARROIS - Rue des cerisiers</Name>
                     <Location id="TUB:Location:388a830ef11043ff97b5b0c8ad28132d:LOC">
                        <Longitude>5.1102101</Longitude>
                        <Latitude>48.7495709</Latitude>
                        <gml:pos srsName="EPSG:27572">804025.660504324 2420385.82593656</gml:pos>
                     </Location>
                  </ScheduledStopPoint>
                  <ScheduledStopPoint id="TUB:ScheduledStopPoint:9:LOC" version="1">
                     <Name>COMBLES EN BARROIS - Place de la fontaine</Name>
                     <Location id="TUB:Location:912546a6fa4240ddb3c8a902b34d17f7:LOC">
                        <Longitude>5.1179001</Longitude>
                        <Latitude>48.7511469</Latitude>
                        <gml:pos srsName="EPSG:27572">804584.87720683 2420581.04128417</gml:pos>
                     </Location>
                  </ScheduledStopPoint>
                  <ScheduledStopPoint id="TUB:ScheduledStopPoint:10:LOC" version="1">
                     <Name>BAR LE DUC - Rue de Veel</Name>
                     <Location id="TUB:Location:11b82061e3b449619d87b6c1b3f23403:LOC">
                        <Longitude>5.1431101</Longitude>
                        <Latitude>48.7606759</Latitude>
                        <gml:pos srsName="EPSG:27572">806400.571003276 2421706.43767322</gml:pos>
                     </Location>
                  </ScheduledStopPoint>
                  <ScheduledStopPoint id="TUB:ScheduledStopPoint:11:LOC" version="1">
                     <Name>BAR LE DUC - Gare multimodale</Name>
                     <Location id="TUB:Location:53666e03b79e46beba54195ff4db541c:LOC">
                        <Longitude>5.1658491</Longitude>
                        <Latitude>48.7741389</Latitude>
                        <gml:pos srsName="EPSG:27572">808018.207916953 2423263.27984077</gml:pos>
                     </Location>
                  </ScheduledStopPoint>
                  <ScheduledStopPoint id="TUB:ScheduledStopPoint:12:LOC" version="1">
                     <Name>BAR LE DUC - Gare multimodale</Name>
                     <Location id="TUB:Location:a794772d228b437ba77d7042fdac940b:LOC">
                        <Longitude>5.1658491</Longitude>
                        <Latitude>48.7741389</Latitude>
                        <gml:pos srsName="EPSG:27572">808018.207916953 2423263.27984077</gml:pos>
                     </Location>
                  </ScheduledStopPoint>
                  <ScheduledStopPoint id="TUB:ScheduledStopPoint:13:LOC" version="1">
                     <Name>BAR LE DUC - Rue de Veel</Name>
                     <Location id="TUB:Location:244d48861a9146f6ba783a9eedb04a23:LOC">
                        <Longitude>5.1431101</Longitude>
                        <Latitude>48.7606759</Latitude>
                        <gml:pos srsName="EPSG:27572">806400.571003276 2421706.43767322</gml:pos>
                     </Location>
                  </ScheduledStopPoint>
                  <ScheduledStopPoint id="TUB:ScheduledStopPoint:14:LOC" version="1">
                     <Name>COMBLES EN BARROIS - Place de la fontaine</Name>
                     <Location id="TUB:Location:feb6f7ba88194faa911a6189787bd684:LOC">
                        <Longitude>5.1179001</Longitude>
                        <Latitude>48.7511469</Latitude>
                        <gml:pos srsName="EPSG:27572">804584.87720683 2420581.04128417</gml:pos>
                     </Location>
                  </ScheduledStopPoint>
                  <ScheduledStopPoint id="TUB:ScheduledStopPoint:15:LOC" version="1">
                     <Name>COMBLES EN BARROIS - Rue des cerisiers</Name>
                     <Location id="TUB:Location:9083058fda8a4c4f923028a75cbd0de8:LOC">
                        <Longitude>5.1102101</Longitude>
                        <Latitude>48.7495709</Latitude>
                        <gml:pos srsName="EPSG:27572">804025.660504324 2420385.82593656</gml:pos>
                     </Location>
                  </ScheduledStopPoint>
                  <ScheduledStopPoint id="TUB:ScheduledStopPoint:16:LOC" version="1">
                     <Name>TREMONT SUR SAULX - Ancienne source</Name>
                     <Location id="TUB:Location:d0d51f2472804539ad68ac6b467408ed:LOC">
                        <Longitude>5.0633101</Longitude>
                        <Latitude>48.7490799</Latitude>
                        <gml:pos srsName="EPSG:27572">800579.12087581 2420210.55008426</gml:pos>
                     </Location>
                  </ScheduledStopPoint>
                  <ScheduledStopPoint id="TUB:ScheduledStopPoint:17:LOC" version="1">
                     <Name>TREMONT SUR SAULX - Centre</Name>
                     <Location id="TUB:Location:16782f47af7045499356261e64740ff6:LOC">
                        <Longitude>5.0552471</Longitude>
                        <Latitude>48.7474229</Latitude>
                        <gml:pos srsName="EPSG:27572">799992.630614657 2420005.76737776</gml:pos>
                     </Location>
                  </ScheduledStopPoint>
                  <ScheduledStopPoint id="TUB:ScheduledStopPoint:18:LOC" version="1">
                     <Name>TREMONT SUR SAULX - La Source</Name>
                     <Location id="TUB:Location:a3d1e80a675b4db8bb6a37512bd2b72a:LOC">
                        <Longitude>5.0511111</Longitude>
                        <Latitude>48.7457429</Latitude>
                        <gml:pos srsName="EPSG:27572">799694.956725751 2419808.4544274</gml:pos>
                     </Location>
                  </ScheduledStopPoint>
                  <ScheduledStopPoint id="TUB:ScheduledStopPoint:19:LOC" version="1">
                     <Name>ROBERT ESPAGNE - Gare</Name>
                     <Location id="TUB:Location:d3994bddc3234e799c1d70ab5b4b50bd:LOC">
                        <Longitude>5.0351111</Longitude>
                        <Latitude>48.7412999</Latitude>
                        <gml:pos srsName="EPSG:27572">798535.373134063 2419273.91297914</gml:pos>
                     </Location>
                  </ScheduledStopPoint>
                  <ScheduledStopPoint id="TUB:ScheduledStopPoint:20:LOC" version="1">
                     <Name>ROBERT ESPAGNE - Mairie</Name>
                     <Location id="TUB:Location:cab04bdf5b3e4c708049e1279d52b0d0:LOC">
                        <Longitude>5.0315071</Longitude>
                        <Latitude>48.7467629</Latitude>
                        <gml:pos srsName="EPSG:27572">798249.501686595 2419872.2550645</gml:pos>
                     </Location>
                  </ScheduledStopPoint>
                  <ScheduledStopPoint id="TUB:ScheduledStopPoint:21:LOC" version="1">
                     <Name>BEUREY SUR SAULX - Ecole maternelle</Name>
                     <Location id="TUB:Location:93122921fdc348509dd9a95b949703e5:LOC">
                        <Longitude>5.0260291</Longitude>
                        <Latitude>48.7574139</Latitude>
                        <gml:pos srsName="EPSG:27572">797806.156792343 2421042.76242342</gml:pos>
                     </Location>
                  </ScheduledStopPoint>
                  <ScheduledStopPoint id="TUB:ScheduledStopPoint:22:LOC" version="1">
                     <Name>BEUREY SUR SAULX - Rue Haute</Name>
                     <Location id="TUB:Location:5315ee08d7fa42f4a6e94ea51e947f60:LOC">
                        <Longitude>5.0277731</Longitude>
                        <Latitude>48.7548459</Latitude>
                        <gml:pos srsName="EPSG:27572">797944.150853403 2420761.60978936</gml:pos>
                     </Location>
                  </ScheduledStopPoint>
                  <PassengerStopAssignment id="TUB:PassengerStopAssignment:1:LOC" version="1" order="0">
                     <ScheduledStopPointRef ref="TUB:ScheduledStopPoint:1:LOC" versionRef="1"/>
                     <StopPlaceRef ref="FR:55049:StopPlace:genAUTO$1058272779:TUB" versionRef="1"/>
                     <QuayRef ref="FR:55049:Quay:BSXVL2:TUB" versionRef="1"/>
                  </PassengerStopAssignment>
                  <PassengerStopAssignment id="TUB:PassengerStopAssignment:2:LOC" version="1" order="0">
                     <ScheduledStopPointRef ref="TUB:ScheduledStopPoint:2:LOC" versionRef="1"/>
                     <StopPlaceRef ref="FR:55049:StopPlace:genAUTO$1058272777:TUB" versionRef="1"/>
                     <QuayRef ref="FR:55049:Quay:BSXECM:TUB" versionRef="1"/>
                  </PassengerStopAssignment>
                  <PassengerStopAssignment id="TUB:PassengerStopAssignment:3:LOC" version="1" order="0">
                     <ScheduledStopPointRef ref="TUB:ScheduledStopPoint:3:LOC" versionRef="1"/>
                     <StopPlaceRef ref="FR:55435:StopPlace:genAUTO$298757891:TUB" versionRef="1"/>
                     <QuayRef ref="FR:55435:Quay:RESHV1:TUB" versionRef="1"/>
                  </PassengerStopAssignment>
                  <PassengerStopAssignment id="TUB:PassengerStopAssignment:4:LOC" version="1" order="0">
                     <ScheduledStopPointRef ref="TUB:ScheduledStopPoint:4:LOC" versionRef="1"/>
                     <StopPlaceRef ref="FR:55435:StopPlace:genAUTO$298757892:TUB" versionRef="1"/>
                     <QuayRef ref="FR:55435:Quay:RESGA1:TUB" versionRef="1"/>
                  </PassengerStopAssignment>
                  <PassengerStopAssignment id="TUB:PassengerStopAssignment:5:LOC" version="1" order="0">
                     <ScheduledStopPointRef ref="TUB:ScheduledStopPoint:5:LOC" versionRef="1"/>
                     <StopPlaceRef ref="FR:55514:StopPlace:genAUTO$1817787654:TUB" versionRef="1"/>
                     <QuayRef ref="FR:55514:Quay:TSSSRC:TUB" versionRef="1"/>
                  </PassengerStopAssignment>
                  <PassengerStopAssignment id="TUB:PassengerStopAssignment:6:LOC" version="1" order="0">
                     <ScheduledStopPointRef ref="TUB:ScheduledStopPoint:6:LOC" versionRef="1"/>
                     <StopPlaceRef ref="FR:55514:StopPlace:genAUTO$1817787667:TUB" versionRef="1"/>
                     <QuayRef ref="FR:55514:Quay:TSSCNT:TUB" versionRef="1"/>
                  </PassengerStopAssignment>
                  <PassengerStopAssignment id="TUB:PassengerStopAssignment:7:LOC" version="1" order="0">
                     <ScheduledStopPointRef ref="TUB:ScheduledStopPoint:7:LOC" versionRef="1"/>
                     <StopPlaceRef ref="FR:55514:StopPlace:genAUTO$1817787668:TUB" versionRef="1"/>
                     <QuayRef ref="FR:55514:Quay:TSSASR:TUB" versionRef="1"/>
                  </PassengerStopAssignment>
                  <PassengerStopAssignment id="TUB:PassengerStopAssignment:8:LOC" version="1" order="0">
                     <ScheduledStopPointRef ref="TUB:ScheduledStopPoint:8:LOC" versionRef="1"/>
                     <StopPlaceRef ref="FR:55120:StopPlace:genAUTO$1058272781:TUB" versionRef="1"/>
                     <QuayRef ref="FR:55120:Quay:CEBRC1:TUB" versionRef="1"/>
                  </PassengerStopAssignment>
                  <PassengerStopAssignment id="TUB:PassengerStopAssignment:9:LOC" version="1" order="0">
                     <ScheduledStopPointRef ref="TUB:ScheduledStopPoint:9:LOC" versionRef="1"/>
                     <StopPlaceRef ref="FR:55120:StopPlace:genAUTO$1058272778:TUB" versionRef="1"/>
                     <QuayRef ref="FR:55120:Quay:CEBPF1:TUB" versionRef="1"/>
                  </PassengerStopAssignment>
                  <PassengerStopAssignment id="TUB:PassengerStopAssignment:10:LOC" version="1" order="0">
                     <ScheduledStopPointRef ref="TUB:ScheduledStopPoint:10:LOC" versionRef="1"/>
                     <StopPlaceRef ref="FR:55029:StopPlace:genAUTO$1058272775:TUB" versionRef="1"/>
                     <QuayRef ref="FR:55029:Quay:BDVEEL:TUB" versionRef="1"/>
                  </PassengerStopAssignment>
                  <PassengerStopAssignment id="TUB:PassengerStopAssignment:11:LOC" version="1" order="0">
                     <ScheduledStopPointRef ref="TUB:ScheduledStopPoint:11:LOC" versionRef="1"/>
                     <StopPlaceRef ref="FR:55029:StopPlace:genAUTO$104526633:TUB" versionRef="1"/>
                     <QuayRef ref="FR:55029:Quay:BDGMM3:TUB" versionRef="1"/>
                  </PassengerStopAssignment>
                  <PassengerStopAssignment id="TUB:PassengerStopAssignment:12:LOC" version="1" order="0">
                     <ScheduledStopPointRef ref="TUB:ScheduledStopPoint:12:LOC" versionRef="1"/>
                     <StopPlaceRef ref="FR:55029:StopPlace:genAUTO$104526633:TUB" versionRef="1"/>
                     <QuayRef ref="FR:55029:Quay:BDGMM3:TUB" versionRef="1"/>
                  </PassengerStopAssignment>
                  <PassengerStopAssignment id="TUB:PassengerStopAssignment:13:LOC" version="1" order="0">
                     <ScheduledStopPointRef ref="TUB:ScheduledStopPoint:13:LOC" versionRef="1"/>
                     <StopPlaceRef ref="FR:55029:StopPlace:genAUTO$1058272775:TUB" versionRef="1"/>
                     <QuayRef ref="FR:55029:Quay:BDVEEL:TUB" versionRef="1"/>
                  </PassengerStopAssignment>
                  <PassengerStopAssignment id="TUB:PassengerStopAssignment:14:LOC" version="1" order="0">
                     <ScheduledStopPointRef ref="TUB:ScheduledStopPoint:14:LOC" versionRef="1"/>
                     <StopPlaceRef ref="FR:55120:StopPlace:genAUTO$1058272778:TUB" versionRef="1"/>
                     <QuayRef ref="FR:55120:Quay:CEBPF1:TUB" versionRef="1"/>
                  </PassengerStopAssignment>
                  <PassengerStopAssignment id="TUB:PassengerStopAssignment:15:LOC" version="1" order="0">
                     <ScheduledStopPointRef ref="TUB:ScheduledStopPoint:15:LOC" versionRef="1"/>
                     <StopPlaceRef ref="FR:55120:StopPlace:genAUTO$1058272781:TUB" versionRef="1"/>
                     <QuayRef ref="FR:55120:Quay:CEBRC1:TUB" versionRef="1"/>
                  </PassengerStopAssignment>
                  <PassengerStopAssignment id="TUB:PassengerStopAssignment:16:LOC" version="1" order="0">
                     <ScheduledStopPointRef ref="TUB:ScheduledStopPoint:16:LOC" versionRef="1"/>
                     <StopPlaceRef ref="FR:55514:StopPlace:genAUTO$1817787668:TUB" versionRef="1"/>
                     <QuayRef ref="FR:55514:Quay:TSSASR:TUB" versionRef="1"/>
                  </PassengerStopAssignment>
                  <PassengerStopAssignment id="TUB:PassengerStopAssignment:17:LOC" version="1" order="0">
                     <ScheduledStopPointRef ref="TUB:ScheduledStopPoint:17:LOC" versionRef="1"/>
                     <StopPlaceRef ref="FR:55514:StopPlace:genAUTO$1817787667:TUB" versionRef="1"/>
                     <QuayRef ref="FR:55514:Quay:TSSCNT:TUB" versionRef="1"/>
                  </PassengerStopAssignment>
                  <PassengerStopAssignment id="TUB:PassengerStopAssignment:18:LOC" version="1" order="0">
                     <ScheduledStopPointRef ref="TUB:ScheduledStopPoint:18:LOC" versionRef="1"/>
                     <StopPlaceRef ref="FR:55514:StopPlace:genAUTO$1817787654:TUB" versionRef="1"/>
                     <QuayRef ref="FR:55514:Quay:TSSSRC:TUB" versionRef="1"/>
                  </PassengerStopAssignment>
                  <PassengerStopAssignment id="TUB:PassengerStopAssignment:19:LOC" version="1" order="0">
                     <ScheduledStopPointRef ref="TUB:ScheduledStopPoint:19:LOC" versionRef="1"/>
                     <StopPlaceRef ref="FR:55435:StopPlace:genAUTO$298757892:TUB" versionRef="1"/>
                     <QuayRef ref="FR:55435:Quay:RESGA1:TUB" versionRef="1"/>
                  </PassengerStopAssignment>
                  <PassengerStopAssignment id="TUB:PassengerStopAssignment:20:LOC" version="1" order="0">
                     <ScheduledStopPointRef ref="TUB:ScheduledStopPoint:20:LOC" versionRef="1"/>
                     <StopPlaceRef ref="FR:55435:StopPlace:genAUTO$298757891:TUB" versionRef="1"/>
                     <QuayRef ref="FR:55435:Quay:RESHV1:TUB" versionRef="1"/>
                  </PassengerStopAssignment>
                  <PassengerStopAssignment id="TUB:PassengerStopAssignment:21:LOC" version="1" order="0">
                     <ScheduledStopPointRef ref="TUB:ScheduledStopPoint:21:LOC" versionRef="1"/>
                     <StopPlaceRef ref="FR:55049:StopPlace:genAUTO$1058272777:TUB" versionRef="1"/>
                     <QuayRef ref="FR:55049:Quay:BSXECM:TUB" versionRef="1"/>
                  </PassengerStopAssignment>
                  <PassengerStopAssignment id="TUB:PassengerStopAssignment:22:LOC" version="1" order="0">
                     <ScheduledStopPointRef ref="TUB:ScheduledStopPoint:22:LOC" versionRef="1"/>
                     <StopPlaceRef ref="FR:55049:StopPlace:genAUTO$1058272776:TUB" versionRef="1"/>
                     <QuayRef ref="FR:55049:Quay:BSXVL1:TUB" versionRef="1"/>
                  </PassengerStopAssignment>
               </members>
            </GeneralFrame>
            <GeneralFrame id="FR:GeneralFrame:NETEX_HORAIRE-20250904T013220:LOC" version="1.0" dataSourceRef="TUB">
               <TypeOfFrameRef ref="FR:TypeOfFrame:NETEX_HORAIRE"/>
               <members>
                  <ServiceJourney id="TUB:ServiceJourney:2-24276697089:LOC" version="1">
                     <TransportMode>bus</TransportMode>
                     <dayTypes>
                        <DayTypeRef ref="TUB:Timetable:DayType:1331:LOC" versionRef="1"/>
                     </dayTypes>
                     <JourneyPatternRef ref="TUB:ServiceJourneyPattern:2:LOC" versionRef="1"/>
                     <passingTimes>
                        <TimetabledPassingTime version="any">
                           <ArrivalTime>07:15:00</ArrivalTime>
                           <ArrivalDayOffset>0</ArrivalDayOffset>
                           <DepartureTime>07:15:00</DepartureTime>
                           <DepartureDayOffset>0</DepartureDayOffset>
                        </TimetabledPassingTime>
                        <TimetabledPassingTime version="any">
                           <ArrivalTime>07:18:00</ArrivalTime>
                           <ArrivalDayOffset>0</ArrivalDayOffset>
                           <DepartureTime>07:18:00</DepartureTime>
                           <DepartureDayOffset>0</DepartureDayOffset>
                        </TimetabledPassingTime>
                        <TimetabledPassingTime version="any">
                           <ArrivalTime>07:23:00</ArrivalTime>
                           <ArrivalDayOffset>0</ArrivalDayOffset>
                           <DepartureTime>07:23:00</DepartureTime>
                           <DepartureDayOffset>0</DepartureDayOffset>
                        </TimetabledPassingTime>
                        <TimetabledPassingTime version="any">
                           <ArrivalTime>07:25:00</ArrivalTime>
                           <ArrivalDayOffset>0</ArrivalDayOffset>
                           <DepartureTime>07:25:00</DepartureTime>
                           <DepartureDayOffset>0</DepartureDayOffset>
                        </TimetabledPassingTime>
                        <TimetabledPassingTime version="any">
                           <ArrivalTime>07:27:00</ArrivalTime>
                           <ArrivalDayOffset>0</ArrivalDayOffset>
                           <DepartureTime>07:27:00</DepartureTime>
                           <DepartureDayOffset>0</DepartureDayOffset>
                        </TimetabledPassingTime>
                        <TimetabledPassingTime version="any">
                           <ArrivalTime>07:32:00</ArrivalTime>
                           <ArrivalDayOffset>0</ArrivalDayOffset>
                           <DepartureTime>07:32:00</DepartureTime>
                           <DepartureDayOffset>0</DepartureDayOffset>
                        </TimetabledPassingTime>
                        <TimetabledPassingTime version="any">
                           <ArrivalTime>07:42:00</ArrivalTime>
                           <ArrivalDayOffset>0</ArrivalDayOffset>
                           <DepartureTime>07:42:00</DepartureTime>
                           <DepartureDayOffset>0</DepartureDayOffset>
                        </TimetabledPassingTime>
                     </passingTimes>
                  </ServiceJourney>
                  <ServiceJourney id="TUB:ServiceJourney:2-24276762625:LOC" version="1">
                     <TransportMode>bus</TransportMode>
                     <dayTypes>
                        <DayTypeRef ref="TUB:Timetable:DayType:1331:LOC" versionRef="1"/>
                     </dayTypes>
                     <JourneyPatternRef ref="TUB:ServiceJourneyPattern:3:LOC" versionRef="1"/>
                     <passingTimes>
                        <TimetabledPassingTime version="any">
                           <ArrivalTime>08:05:00</ArrivalTime>
                           <ArrivalDayOffset>0</ArrivalDayOffset>
                           <DepartureTime>08:05:00</DepartureTime>
                           <DepartureDayOffset>0</DepartureDayOffset>
                        </TimetabledPassingTime>
                        <TimetabledPassingTime version="any">
                           <ArrivalTime>08:06:00</ArrivalTime>
                           <ArrivalDayOffset>0</ArrivalDayOffset>
                           <DepartureTime>08:06:00</DepartureTime>
                           <DepartureDayOffset>0</DepartureDayOffset>
                        </TimetabledPassingTime>
                        <TimetabledPassingTime version="any">
                           <ArrivalTime>08:11:00</ArrivalTime>
                           <ArrivalDayOffset>0</ArrivalDayOffset>
                           <DepartureTime>08:11:00</DepartureTime>
                           <DepartureDayOffset>0</DepartureDayOffset>
                        </TimetabledPassingTime>
                        <TimetabledPassingTime version="any">
                           <ArrivalTime>08:13:00</ArrivalTime>
                           <ArrivalDayOffset>0</ArrivalDayOffset>
                           <DepartureTime>08:13:00</DepartureTime>
                           <DepartureDayOffset>0</DepartureDayOffset>
                        </TimetabledPassingTime>
                        <TimetabledPassingTime version="any">
                           <ArrivalTime>08:18:00</ArrivalTime>
                           <ArrivalDayOffset>0</ArrivalDayOffset>
                           <DepartureTime>08:18:00</DepartureTime>
                           <DepartureDayOffset>0</DepartureDayOffset>
                        </TimetabledPassingTime>
                        <TimetabledPassingTime version="any">
                           <ArrivalTime>08:19:00</ArrivalTime>
                           <ArrivalDayOffset>0</ArrivalDayOffset>
                           <DepartureTime>08:19:00</DepartureTime>
                           <DepartureDayOffset>0</DepartureDayOffset>
                        </TimetabledPassingTime>
                        <TimetabledPassingTime version="any">
                           <ArrivalTime>08:22:00</ArrivalTime>
                           <ArrivalDayOffset>0</ArrivalDayOffset>
                           <DepartureTime>08:22:00</DepartureTime>
                           <DepartureDayOffset>0</DepartureDayOffset>
                        </TimetabledPassingTime>
                        <TimetabledPassingTime version="any">
                           <ArrivalTime>08:26:00</ArrivalTime>
                           <ArrivalDayOffset>0</ArrivalDayOffset>
                           <DepartureTime>08:26:00</DepartureTime>
                           <DepartureDayOffset>0</DepartureDayOffset>
                        </TimetabledPassingTime>
                        <TimetabledPassingTime version="any">
                           <ArrivalTime>08:26:00</ArrivalTime>
                           <ArrivalDayOffset>0</ArrivalDayOffset>
                           <DepartureTime>08:26:00</DepartureTime>
                           <DepartureDayOffset>0</DepartureDayOffset>
                        </TimetabledPassingTime>
                        <TimetabledPassingTime version="any">
                           <ArrivalTime>08:34:00</ArrivalTime>
                           <ArrivalDayOffset>0</ArrivalDayOffset>
                           <DepartureTime>08:34:00</DepartureTime>
                           <DepartureDayOffset>0</DepartureDayOffset>
                        </TimetabledPassingTime>
                        <TimetabledPassingTime version="any">
                           <ArrivalTime>08:40:00</ArrivalTime>
                           <ArrivalDayOffset>0</ArrivalDayOffset>
                           <DepartureTime>08:40:00</DepartureTime>
                           <DepartureDayOffset>0</DepartureDayOffset>
                        </TimetabledPassingTime>
                     </passingTimes>
                  </ServiceJourney>
                  <ServiceJourney id="TUB:ServiceJourney:2-24276828161:LOC" version="1">
                     <TransportMode>bus</TransportMode>
                     <dayTypes>
                        <DayTypeRef ref="TUB:Timetable:DayType:1331:LOC" versionRef="1"/>
                     </dayTypes>
                     <JourneyPatternRef ref="TUB:ServiceJourneyPattern:4:LOC" versionRef="1"/>
                     <passingTimes>
                        <TimetabledPassingTime version="any">
                           <ArrivalTime>07:07:00</ArrivalTime>
                           <ArrivalDayOffset>0</ArrivalDayOffset>
                           <DepartureTime>07:07:00</DepartureTime>
                           <DepartureDayOffset>0</DepartureDayOffset>
                        </TimetabledPassingTime>
                        <TimetabledPassingTime version="any">
                           <ArrivalTime>07:10:00</ArrivalTime>
                           <ArrivalDayOffset>0</ArrivalDayOffset>
                           <DepartureTime>07:10:00</DepartureTime>
                           <DepartureDayOffset>0</DepartureDayOffset>
                        </TimetabledPassingTime>
                        <TimetabledPassingTime version="any">
                           <ArrivalTime>07:16:00</ArrivalTime>
                           <ArrivalDayOffset>0</ArrivalDayOffset>
                           <DepartureTime>07:16:00</DepartureTime>
                           <DepartureDayOffset>0</DepartureDayOffset>
                        </TimetabledPassingTime>
                        <TimetabledPassingTime version="any">
                           <ArrivalTime>07:17:00</ArrivalTime>
                           <ArrivalDayOffset>0</ArrivalDayOffset>
                           <DepartureTime>07:17:00</DepartureTime>
                           <DepartureDayOffset>0</DepartureDayOffset>
                        </TimetabledPassingTime>
                        <TimetabledPassingTime version="any">
                           <ArrivalTime>07:24:00</ArrivalTime>
                           <ArrivalDayOffset>0</ArrivalDayOffset>
                           <DepartureTime>07:24:00</DepartureTime>
                           <DepartureDayOffset>0</DepartureDayOffset>
                        </TimetabledPassingTime>
                        <TimetabledPassingTime version="any">
                           <ArrivalTime>07:27:00</ArrivalTime>
                           <ArrivalDayOffset>0</ArrivalDayOffset>
                           <DepartureTime>07:27:00</DepartureTime>
                           <DepartureDayOffset>0</DepartureDayOffset>
                        </TimetabledPassingTime>
                        <TimetabledPassingTime version="any">
                           <ArrivalTime>07:30:00</ArrivalTime>
                           <ArrivalDayOffset>0</ArrivalDayOffset>
                           <DepartureTime>07:30:00</DepartureTime>
                           <DepartureDayOffset>0</DepartureDayOffset>
                        </TimetabledPassingTime>
                        <TimetabledPassingTime version="any">
                           <ArrivalTime>07:40:00</ArrivalTime>
                           <ArrivalDayOffset>0</ArrivalDayOffset>
                           <DepartureTime>07:40:00</DepartureTime>
                           <DepartureDayOffset>0</DepartureDayOffset>
                        </TimetabledPassingTime>
                     </passingTimes>
                  </ServiceJourney>
                  <ServiceJourney id="TUB:ServiceJourney:2-24276893697:LOC" version="1">
                     <TransportMode>bus</TransportMode>
                     <dayTypes>
                        <DayTypeRef ref="TUB:Timetable:DayType:1227:LOC" versionRef="1"/>
                     </dayTypes>
                     <JourneyPatternRef ref="TUB:ServiceJourneyPattern:34:LOC" versionRef="1"/>
                     <passingTimes>
                        <TimetabledPassingTime version="any">
                           <ArrivalTime>16:00:00</ArrivalTime>
                           <ArrivalDayOffset>0</ArrivalDayOffset>
                           <DepartureTime>16:00:00</DepartureTime>
                           <DepartureDayOffset>0</DepartureDayOffset>
                        </TimetabledPassingTime>
                        <TimetabledPassingTime version="any">
                           <ArrivalTime>16:04:00</ArrivalTime>
                           <ArrivalDayOffset>0</ArrivalDayOffset>
                           <DepartureTime>16:04:00</DepartureTime>
                           <DepartureDayOffset>0</DepartureDayOffset>
                        </TimetabledPassingTime>
                        <TimetabledPassingTime version="any">
                           <ArrivalTime>16:08:00</ArrivalTime>
                           <ArrivalDayOffset>0</ArrivalDayOffset>
                           <DepartureTime>16:08:00</DepartureTime>
                           <DepartureDayOffset>0</DepartureDayOffset>
                        </TimetabledPassingTime>
                        <TimetabledPassingTime version="any">
                           <ArrivalTime>16:10:00</ArrivalTime>
                           <ArrivalDayOffset>0</ArrivalDayOffset>
                           <DepartureTime>16:10:00</DepartureTime>
                           <DepartureDayOffset>0</DepartureDayOffset>
                        </TimetabledPassingTime>
                        <TimetabledPassingTime version="any">
                           <ArrivalTime>16:15:00</ArrivalTime>
                           <ArrivalDayOffset>0</ArrivalDayOffset>
                           <DepartureTime>16:15:00</DepartureTime>
                           <DepartureDayOffset>0</DepartureDayOffset>
                        </TimetabledPassingTime>
                        <TimetabledPassingTime version="any">
                           <ArrivalTime>16:16:00</ArrivalTime>
                           <ArrivalDayOffset>0</ArrivalDayOffset>
                           <DepartureTime>16:16:00</DepartureTime>
                           <DepartureDayOffset>0</DepartureDayOffset>
                        </TimetabledPassingTime>
                        <TimetabledPassingTime version="any">
                           <ArrivalTime>16:18:00</ArrivalTime>
                           <ArrivalDayOffset>0</ArrivalDayOffset>
                           <DepartureTime>16:18:00</DepartureTime>
                           <DepartureDayOffset>0</DepartureDayOffset>
                        </TimetabledPassingTime>
                        <TimetabledPassingTime version="any">
                           <ArrivalTime>16:23:00</ArrivalTime>
                           <ArrivalDayOffset>0</ArrivalDayOffset>
                           <DepartureTime>16:23:00</DepartureTime>
                           <DepartureDayOffset>0</DepartureDayOffset>
                        </TimetabledPassingTime>
                        <TimetabledPassingTime version="any">
                           <ArrivalTime>16:25:00</ArrivalTime>
                           <ArrivalDayOffset>0</ArrivalDayOffset>
                           <DepartureTime>16:25:00</DepartureTime>
                           <DepartureDayOffset>0</DepartureDayOffset>
                        </TimetabledPassingTime>
                        <TimetabledPassingTime version="any">
                           <ArrivalTime>16:29:00</ArrivalTime>
                           <ArrivalDayOffset>0</ArrivalDayOffset>
                           <DepartureTime>16:29:00</DepartureTime>
                           <DepartureDayOffset>0</DepartureDayOffset>
                        </TimetabledPassingTime>
                        <TimetabledPassingTime version="any">
                           <ArrivalTime>16:31:00</ArrivalTime>
                           <ArrivalDayOffset>0</ArrivalDayOffset>
                           <DepartureTime>16:31:00</DepartureTime>
                           <DepartureDayOffset>0</DepartureDayOffset>
                        </TimetabledPassingTime>
                     </passingTimes>
                  </ServiceJourney>
                  <ServiceJourney id="TUB:ServiceJourney:2-24276893698:LOC" version="1">
                     <TransportMode>bus</TransportMode>
                     <dayTypes>
                        <DayTypeRef ref="TUB:Timetable:DayType:1227:LOC" versionRef="1"/>
                     </dayTypes>
                     <JourneyPatternRef ref="TUB:ServiceJourneyPattern:34:LOC" versionRef="1"/>
                     <passingTimes>
                        <TimetabledPassingTime version="any">
                           <ArrivalTime>18:15:00</ArrivalTime>
                           <ArrivalDayOffset>0</ArrivalDayOffset>
                           <DepartureTime>18:15:00</DepartureTime>
                           <DepartureDayOffset>0</DepartureDayOffset>
                        </TimetabledPassingTime>
                        <TimetabledPassingTime version="any">
                           <ArrivalTime>18:19:00</ArrivalTime>
                           <ArrivalDayOffset>0</ArrivalDayOffset>
                           <DepartureTime>18:19:00</DepartureTime>
                           <DepartureDayOffset>0</DepartureDayOffset>
                        </TimetabledPassingTime>
                        <TimetabledPassingTime version="any">
                           <ArrivalTime>18:23:00</ArrivalTime>
                           <ArrivalDayOffset>0</ArrivalDayOffset>
                           <DepartureTime>18:23:00</DepartureTime>
                           <DepartureDayOffset>0</DepartureDayOffset>
                        </TimetabledPassingTime>
                        <TimetabledPassingTime version="any">
                           <ArrivalTime>18:25:00</ArrivalTime>
                           <ArrivalDayOffset>0</ArrivalDayOffset>
                           <DepartureTime>18:25:00</DepartureTime>
                           <DepartureDayOffset>0</DepartureDayOffset>
                        </TimetabledPassingTime>
                        <TimetabledPassingTime version="any">
                           <ArrivalTime>18:30:00</ArrivalTime>
                           <ArrivalDayOffset>0</ArrivalDayOffset>
                           <DepartureTime>18:30:00</DepartureTime>
                           <DepartureDayOffset>0</DepartureDayOffset>
                        </TimetabledPassingTime>
                        <TimetabledPassingTime version="any">
                           <ArrivalTime>18:31:00</ArrivalTime>
                           <ArrivalDayOffset>0</ArrivalDayOffset>
                           <DepartureTime>18:31:00</DepartureTime>
                           <DepartureDayOffset>0</DepartureDayOffset>
                        </TimetabledPassingTime>
                        <TimetabledPassingTime version="any">
                           <ArrivalTime>18:33:00</ArrivalTime>
                           <ArrivalDayOffset>0</ArrivalDayOffset>
                           <DepartureTime>18:33:00</DepartureTime>
                           <DepartureDayOffset>0</DepartureDayOffset>
                        </TimetabledPassingTime>
                        <TimetabledPassingTime version="any">
                           <ArrivalTime>18:38:00</ArrivalTime>
                           <ArrivalDayOffset>0</ArrivalDayOffset>
                           <DepartureTime>18:38:00</DepartureTime>
                           <DepartureDayOffset>0</DepartureDayOffset>
                        </TimetabledPassingTime>
                        <TimetabledPassingTime version="any">
                           <ArrivalTime>18:40:00</ArrivalTime>
                           <ArrivalDayOffset>0</ArrivalDayOffset>
                           <DepartureTime>18:40:00</DepartureTime>
                           <DepartureDayOffset>0</DepartureDayOffset>
                        </TimetabledPassingTime>
                        <TimetabledPassingTime version="any">
                           <ArrivalTime>18:44:00</ArrivalTime>
                           <ArrivalDayOffset>0</ArrivalDayOffset>
                           <DepartureTime>18:44:00</DepartureTime>
                           <DepartureDayOffset>0</DepartureDayOffset>
                        </TimetabledPassingTime>
                        <TimetabledPassingTime version="any">
                           <ArrivalTime>18:46:00</ArrivalTime>
                           <ArrivalDayOffset>0</ArrivalDayOffset>
                           <DepartureTime>18:46:00</DepartureTime>
                           <DepartureDayOffset>0</DepartureDayOffset>
                        </TimetabledPassingTime>
                     </passingTimes>
                  </ServiceJourney>
                  <ServiceJourney id="TUB:ServiceJourney:2-24276959234:LOC" version="1">
                     <TransportMode>bus</TransportMode>
                     <dayTypes>
                        <DayTypeRef ref="TUB:Timetable:DayType:1227:LOC" versionRef="1"/>
                     </dayTypes>
                     <JourneyPatternRef ref="TUB:ServiceJourneyPattern:35:LOC" versionRef="1"/>
                     <passingTimes>
                        <TimetabledPassingTime version="any">
                           <ArrivalTime>17:00:00</ArrivalTime>
                           <ArrivalDayOffset>0</ArrivalDayOffset>
                           <DepartureTime>17:00:00</DepartureTime>
                           <DepartureDayOffset>0</DepartureDayOffset>
                        </TimetabledPassingTime>
                        <TimetabledPassingTime version="any">
                           <ArrivalTime>17:04:00</ArrivalTime>
                           <ArrivalDayOffset>0</ArrivalDayOffset>
                           <DepartureTime>17:04:00</DepartureTime>
                           <DepartureDayOffset>0</DepartureDayOffset>
                        </TimetabledPassingTime>
                        <TimetabledPassingTime version="any">
                           <ArrivalTime>17:14:00</ArrivalTime>
                           <ArrivalDayOffset>0</ArrivalDayOffset>
                           <DepartureTime>17:14:00</DepartureTime>
                           <DepartureDayOffset>0</DepartureDayOffset>
                        </TimetabledPassingTime>
                        <TimetabledPassingTime version="any">
                           <ArrivalTime>17:15:00</ArrivalTime>
                           <ArrivalDayOffset>0</ArrivalDayOffset>
                           <DepartureTime>17:15:00</DepartureTime>
                           <DepartureDayOffset>0</DepartureDayOffset>
                        </TimetabledPassingTime>
                        <TimetabledPassingTime version="any">
                           <ArrivalTime>17:17:00</ArrivalTime>
                           <ArrivalDayOffset>0</ArrivalDayOffset>
                           <DepartureTime>17:17:00</DepartureTime>
                           <DepartureDayOffset>0</DepartureDayOffset>
                        </TimetabledPassingTime>
                        <TimetabledPassingTime version="any">
                           <ArrivalTime>17:22:00</ArrivalTime>
                           <ArrivalDayOffset>0</ArrivalDayOffset>
                           <DepartureTime>17:22:00</DepartureTime>
                           <DepartureDayOffset>0</DepartureDayOffset>
                        </TimetabledPassingTime>
                        <TimetabledPassingTime version="any">
                           <ArrivalTime>17:24:00</ArrivalTime>
                           <ArrivalDayOffset>0</ArrivalDayOffset>
                           <DepartureTime>17:24:00</DepartureTime>
                           <DepartureDayOffset>0</DepartureDayOffset>
                        </TimetabledPassingTime>
                     </passingTimes>
                  </ServiceJourney>
                  <ServiceJourney id="TUB:ServiceJourney:2-24277024769:LOC" version="1">
                     <TransportMode>bus</TransportMode>
                     <dayTypes>
                        <DayTypeRef ref="TUB:Timetable:DayType:1227:LOC" versionRef="1"/>
                     </dayTypes>
                     <JourneyPatternRef ref="TUB:ServiceJourneyPattern:36:LOC" versionRef="1"/>
                     <passingTimes>
                        <TimetabledPassingTime version="any">
                           <ArrivalTime>17:00:00</ArrivalTime>
                           <ArrivalDayOffset>0</ArrivalDayOffset>
                           <DepartureTime>17:00:00</DepartureTime>
                           <DepartureDayOffset>0</DepartureDayOffset>
                        </TimetabledPassingTime>
                        <TimetabledPassingTime version="any">
                           <ArrivalTime>17:04:00</ArrivalTime>
                           <ArrivalDayOffset>0</ArrivalDayOffset>
                           <DepartureTime>17:04:00</DepartureTime>
                           <DepartureDayOffset>0</DepartureDayOffset>
                        </TimetabledPassingTime>
                        <TimetabledPassingTime version="any">
                           <ArrivalTime>17:08:00</ArrivalTime>
                           <ArrivalDayOffset>0</ArrivalDayOffset>
                           <DepartureTime>17:08:00</DepartureTime>
                           <DepartureDayOffset>0</DepartureDayOffset>
                        </TimetabledPassingTime>
                        <TimetabledPassingTime version="any">
                           <ArrivalTime>17:10:00</ArrivalTime>
                           <ArrivalDayOffset>0</ArrivalDayOffset>
                           <DepartureTime>17:10:00</DepartureTime>
                           <DepartureDayOffset>0</DepartureDayOffset>
                        </TimetabledPassingTime>
                        <TimetabledPassingTime version="any">
                           <ArrivalTime>17:23:00</ArrivalTime>
                           <ArrivalDayOffset>0</ArrivalDayOffset>
                           <DepartureTime>17:23:00</DepartureTime>
                           <DepartureDayOffset>0</DepartureDayOffset>
                        </TimetabledPassingTime>
                        <TimetabledPassingTime version="any">
                           <ArrivalTime>17:25:00</ArrivalTime>
                           <ArrivalDayOffset>0</ArrivalDayOffset>
                           <DepartureTime>17:25:00</DepartureTime>
                           <DepartureDayOffset>0</DepartureDayOffset>
                        </TimetabledPassingTime>
                     </passingTimes>
                  </ServiceJourney>
                  <ServiceJourney id="TUB:ServiceJourney:2-24276959233:LOC" version="1">
                     <TransportMode>bus</TransportMode>
                     <dayTypes>
                        <DayTypeRef ref="TUB:Timetable:DayType:114:LOC" versionRef="1"/>
                     </dayTypes>
                     <JourneyPatternRef ref="TUB:ServiceJourneyPattern:35:LOC" versionRef="1"/>
                     <passingTimes>
                        <TimetabledPassingTime version="any">
                           <ArrivalTime>12:15:00</ArrivalTime>
                           <ArrivalDayOffset>0</ArrivalDayOffset>
                           <DepartureTime>12:15:00</DepartureTime>
                           <DepartureDayOffset>0</DepartureDayOffset>
                        </TimetabledPassingTime>
                        <TimetabledPassingTime version="any">
                           <ArrivalTime>12:19:00</ArrivalTime>
                           <ArrivalDayOffset>0</ArrivalDayOffset>
                           <DepartureTime>12:19:00</DepartureTime>
                           <DepartureDayOffset>0</DepartureDayOffset>
                        </TimetabledPassingTime>
                        <TimetabledPassingTime version="any">
                           <ArrivalTime>12:29:00</ArrivalTime>
                           <ArrivalDayOffset>0</ArrivalDayOffset>
                           <DepartureTime>12:29:00</DepartureTime>
                           <DepartureDayOffset>0</DepartureDayOffset>
                        </TimetabledPassingTime>
                        <TimetabledPassingTime version="any">
                           <ArrivalTime>12:30:00</ArrivalTime>
                           <ArrivalDayOffset>0</ArrivalDayOffset>
                           <DepartureTime>12:30:00</DepartureTime>
                           <DepartureDayOffset>0</DepartureDayOffset>
                        </TimetabledPassingTime>
                        <TimetabledPassingTime version="any">
                           <ArrivalTime>12:32:00</ArrivalTime>
                           <ArrivalDayOffset>0</ArrivalDayOffset>
                           <DepartureTime>12:32:00</DepartureTime>
                           <DepartureDayOffset>0</DepartureDayOffset>
                        </TimetabledPassingTime>
                        <TimetabledPassingTime version="any">
                           <ArrivalTime>12:37:00</ArrivalTime>
                           <ArrivalDayOffset>0</ArrivalDayOffset>
                           <DepartureTime>12:37:00</DepartureTime>
                           <DepartureDayOffset>0</DepartureDayOffset>
                        </TimetabledPassingTime>
                        <TimetabledPassingTime version="any">
                           <ArrivalTime>12:39:00</ArrivalTime>
                           <ArrivalDayOffset>0</ArrivalDayOffset>
                           <DepartureTime>12:39:00</DepartureTime>
                           <DepartureDayOffset>0</DepartureDayOffset>
                        </TimetabledPassingTime>
                     </passingTimes>
                  </ServiceJourney>
                  <ServiceJourney id="TUB:ServiceJourney:2-24277024770:LOC" version="1">
                     <TransportMode>bus</TransportMode>
                     <dayTypes>
                        <DayTypeRef ref="TUB:Timetable:DayType:114:LOC" versionRef="1"/>
                     </dayTypes>
                     <JourneyPatternRef ref="TUB:ServiceJourneyPattern:36:LOC" versionRef="1"/>
                     <passingTimes>
                        <TimetabledPassingTime version="any">
                           <ArrivalTime>12:15:00</ArrivalTime>
                           <ArrivalDayOffset>0</ArrivalDayOffset>
                           <DepartureTime>12:15:00</DepartureTime>
                           <DepartureDayOffset>0</DepartureDayOffset>
                        </TimetabledPassingTime>
                        <TimetabledPassingTime version="any">
                           <ArrivalTime>12:19:00</ArrivalTime>
                           <ArrivalDayOffset>0</ArrivalDayOffset>
                           <DepartureTime>12:19:00</DepartureTime>
                           <DepartureDayOffset>0</DepartureDayOffset>
                        </TimetabledPassingTime>
                        <TimetabledPassingTime version="any">
                           <ArrivalTime>12:23:00</ArrivalTime>
                           <ArrivalDayOffset>0</ArrivalDayOffset>
                           <DepartureTime>12:23:00</DepartureTime>
                           <DepartureDayOffset>0</DepartureDayOffset>
                        </TimetabledPassingTime>
                        <TimetabledPassingTime version="any">
                           <ArrivalTime>12:25:00</ArrivalTime>
                           <ArrivalDayOffset>0</ArrivalDayOffset>
                           <DepartureTime>12:25:00</DepartureTime>
                           <DepartureDayOffset>0</DepartureDayOffset>
                        </TimetabledPassingTime>
                        <TimetabledPassingTime version="any">
                           <ArrivalTime>12:38:00</ArrivalTime>
                           <ArrivalDayOffset>0</ArrivalDayOffset>
                           <DepartureTime>12:38:00</DepartureTime>
                           <DepartureDayOffset>0</DepartureDayOffset>
                        </TimetabledPassingTime>
                        <TimetabledPassingTime version="any">
                           <ArrivalTime>12:40:00</ArrivalTime>
                           <ArrivalDayOffset>0</ArrivalDayOffset>
                           <DepartureTime>12:40:00</DepartureTime>
                           <DepartureDayOffset>0</DepartureDayOffset>
                        </TimetabledPassingTime>
                     </passingTimes>
                  </ServiceJourney>
               </members>
            </GeneralFrame>
         </frames>
      </CompositeFrame>
   </dataObjects>
</PublicationDelivery>
