<?xml version="1.0" encoding="UTF-8"?>
<PublicationDelivery xmlns:xsi="http://www.w3.org/2001/XMLSchema-instance"
                     xsi:schemaLocation="http://www.netex.org.uk/netex"
                     xmlns="http://www.netex.org.uk/netex"
                     xmlns:xlink="http://www.w3.org/1999/xlink"
                     xmlns:ifopt="http://www.ifopt.org.uk/ifopt"
                     xmlns:gml="http://www.opengis.net/gml/3.2"
                     xmlns:core="http://www.govtalk.gov.uk/core"
                     xmlns:siri="http://www.siri.org.uk/siri"
                     version="1.10:FR-NETEX-2.2">
   <PublicationTimestamp>2025-09-04T01:32:20+02:00</PublicationTimestamp>
   <ParticipantRef>TUB</ParticipantRef>
   <Description>Offre sur la période du 04/09/2025 au 31/12/2025</Description>
   <dataObjects>
      <CompositeFrame id="FR:CompositeFrame:NETEX_LIGNE-20250904T013220:LOC" version="1.0">
         <Name>Resson - Bar le Duc</Name>
         <FrameDefaults>
            <DefaultLocale>
               <TimeZone>Europe/Paris</TimeZone>
               <DefaultLanguage>fr</DefaultLanguage>
            </DefaultLocale>
            <DefaultLocationSystem>WGS84</DefaultLocationSystem>
            <DefaultSystemOfUnits>SiMetres</DefaultSystemOfUnits>
         </FrameDefaults>
         <frames>
            <ResourceFrame id="FR:ResourceFrame:1" version="any">
               <typesOfValue>
                  <ValueSet id="FR:ValueSet:TypeOfFrame" nameOfClass="TypeOfFrame" version="any">
                     <Name>TypeOfFrame</Name>
                     <values>
                        <TypeOfFrame id="FR:TypeOfFrame:NETEX_RESEAU" version="any">
                           <Name>NETEX_RESEAU</Name>
                        </TypeOfFrame>
                        <TypeOfFrame id="FR:TypeOfFrame:NETEX_HORAIRE" version="any">
                           <Name>NETEX_HORAIRE</Name>
                        </TypeOfFrame>
                     </values>
                  </ValueSet>
               </typesOfValue>
            </ResourceFrame>
            <GeneralFrame id="FR:GeneralFrame:NETEX_RESEAU-20250904T013220:LOC" version="1.0" dataSourceRef="TUB">
               <TypeOfFrameRef ref="FR:TypeOfFrame:NETEX_RESEAU"/>
               <members>
                  <Route id="TUB:Route:1451-A:LOC" version="1">
                     <Name>Resson - Bar le Duc - Aller</Name>
                     <LineRef ref="TUB:Line:1451:LOC" versionRef="1"/>
                     <DirectionType>outbound</DirectionType>
                     <DirectionRef ref="TUB:Direction:1451-A:LOC" versionRef="1"/>
                     <InverseRouteRef ref="TUB:Route:1451-R:LOC" versionRef="1"/>
                  </Route>
                  <Direction id="TUB:Direction:1451-A:LOC" version="1">
                     <Name>Resson - Bar le Duc - Aller</Name>
                     <DirectionType>outbound</DirectionType>
                  </Direction>
                  <Route id="TUB:Route:1451-R:LOC" version="1">
                     <Name>Resson - Bar le Duc - Retour</Name>
                     <LineRef ref="TUB:Line:1451:LOC" versionRef="1"/>
                     <DirectionType>inbound</DirectionType>
                     <DirectionRef ref="TUB:Direction:1451-R:LOC" versionRef="1"/>
                     <InverseRouteRef ref="TUB:Route:1451-A:LOC" versionRef="1"/>
                  </Route>
                  <Direction id="TUB:Direction:1451-R:LOC" version="1">
                     <Name>Resson - Bar le Duc - Retour</Name>
                     <DirectionType>inbound</DirectionType>
                  </Direction>
                  <ServiceJourneyPattern id="TUB:ServiceJourneyPattern:10:LOC" version="1">
                     <Name>BAR LE DUC - Gare multimodale</Name>
                     <PrivateCode>14973949</PrivateCode>
                     <RouteRef ref="TUB:Route:1451-A:LOC" versionRef="1"/>
                     <DestinationDisplayRef ref="TUB:DestinationDisplay:10:LOC" versionRef="1"/>
                     <pointsInSequence>
                        <StopPointInJourneyPattern id="TUB:StopPointInJourneyPattern:10x1:LOC" version="any" order="1">
                           <ScheduledStopPointRef ref="TUB:ScheduledStopPoint:74:LOC" versionRef="1"/>
                           <ForAlighting>false</ForAlighting>
                           <ForBoarding>true</ForBoarding>
                           <RequestStop>false</RequestStop>
                        </StopPointInJourneyPattern>
                        <StopPointInJourneyPattern id="TUB:StopPointInJourneyPattern:10x2:LOC" version="any" order="2">
                           <ScheduledStopPointRef ref="TUB:ScheduledStopPoint:75:LOC" versionRef="1"/>
                           <ForAlighting>true</ForAlighting>
                           <ForBoarding>false</ForBoarding>
                           <RequestStop>false</RequestStop>
                        </StopPointInJourneyPattern>
                     </pointsInSequence>
                     <ServiceJourneyPatternType>passenger</ServiceJourneyPatternType>
                  </ServiceJourneyPattern>
                  <ServiceJourneyPattern id="TUB:ServiceJourneyPattern:11:LOC" version="1">
                     <Name>LONGEVILLE EN BARROIS - Groupe scolaire</Name>
                     <PrivateCode>14973952</PrivateCode>
                     <RouteRef ref="TUB:Route:1451-A:LOC" versionRef="1"/>
                     <DestinationDisplayRef ref="TUB:DestinationDisplay:11:LOC" versionRef="1"/>
                     <pointsInSequence>
                        <StopPointInJourneyPattern id="TUB:StopPointInJourneyPattern:11x1:LOC" version="any" order="1">
                           <ScheduledStopPointRef ref="TUB:ScheduledStopPoint:74:LOC" versionRef="1"/>
                           <ForAlighting>false</ForAlighting>
                           <ForBoarding>true</ForBoarding>
                           <RequestStop>false</RequestStop>
                        </StopPointInJourneyPattern>
                        <StopPointInJourneyPattern id="TUB:StopPointInJourneyPattern:11x2:LOC" version="any" order="3">
                           <ScheduledStopPointRef ref="TUB:ScheduledStopPoint:76:LOC" versionRef="1"/>
                           <ForAlighting>true</ForAlighting>
                           <ForBoarding>false</ForBoarding>
                           <RequestStop>false</RequestStop>
                        </StopPointInJourneyPattern>
                     </pointsInSequence>
                     <ServiceJourneyPatternType>passenger</ServiceJourneyPatternType>
                  </ServiceJourneyPattern>
                  <ServiceJourneyPattern id="TUB:ServiceJourneyPattern:42:LOC" version="1">
                     <Name>RESSON - Salle des fetes</Name>
                     <PrivateCode>14973950</PrivateCode>
                     <RouteRef ref="TUB:Route:1451-R:LOC" versionRef="1"/>
                     <DestinationDisplayRef ref="TUB:DestinationDisplay:42:LOC" versionRef="1"/>
                     <pointsInSequence>
                        <StopPointInJourneyPattern id="TUB:StopPointInJourneyPattern:42x1:LOC" version="any" order="2">
                           <ScheduledStopPointRef ref="TUB:ScheduledStopPoint:78:LOC" versionRef="1"/>
                           <ForAlighting>false</ForAlighting>
                           <ForBoarding>true</ForBoarding>
                           <RequestStop>false</RequestStop>
                        </StopPointInJourneyPattern>
                        <StopPointInJourneyPattern id="TUB:StopPointInJourneyPattern:42x2:LOC" version="any" order="3">
                           <ScheduledStopPointRef ref="TUB:ScheduledStopPoint:79:LOC" versionRef="1"/>
                           <ForAlighting>true</ForAlighting>
                           <ForBoarding>false</ForBoarding>
                           <RequestStop>false</RequestStop>
                        </StopPointInJourneyPattern>
                     </pointsInSequence>
                     <ServiceJourneyPatternType>passenger</ServiceJourneyPatternType>
                  </ServiceJourneyPattern>
                  <ServiceJourneyPattern id="TUB:ServiceJourneyPattern:43:LOC" version="1">
                     <Name>RESSON - Salle des fetes</Name>
                     <PrivateCode>14973951</PrivateCode>
                     <RouteRef ref="TUB:Route:1451-R:LOC" versionRef="1"/>
                     <DestinationDisplayRef ref="TUB:DestinationDisplay:43:LOC" versionRef="1"/>
                     <pointsInSequence>
                        <StopPointInJourneyPattern id="TUB:StopPointInJourneyPattern:43x1:LOC" version="any" order="1">
                           <ScheduledStopPointRef ref="TUB:ScheduledStopPoint:77:LOC" versionRef="1"/>
                           <ForAlighting>false</ForAlighting>
                           <ForBoarding>true</ForBoarding>
                           <RequestStop>false</RequestStop>
                        </StopPointInJourneyPattern>
                        <StopPointInJourneyPattern id="TUB:StopPointInJourneyPattern:43x2:LOC" version="any" order="3">
                           <ScheduledStopPointRef ref="TUB:ScheduledStopPoint:79:LOC" versionRef="1"/>
                           <ForAlighting>true</ForAlighting>
                           <ForBoarding>false</ForBoarding>
                           <RequestStop>false</RequestStop>
                        </StopPointInJourneyPattern>
                     </pointsInSequence>
                     <ServiceJourneyPatternType>passenger</ServiceJourneyPatternType>
                  </ServiceJourneyPattern>
                  <DestinationDisplay id="TUB:DestinationDisplay:10:LOC" version="1">
                     <FrontText>BAR LE DUC - Gare multimodale</FrontText>
                  </DestinationDisplay>
                  <DestinationDisplay id="TUB:DestinationDisplay:11:LOC" version="1">
                     <FrontText>LONGEVILLE EN BARROIS - Groupe scolaire</FrontText>
                  </DestinationDisplay>
                  <DestinationDisplay id="TUB:DestinationDisplay:42:LOC" version="1">
                     <FrontText>RESSON - Salle des fetes</FrontText>
                  </DestinationDisplay>
                  <DestinationDisplay id="TUB:DestinationDisplay:43:LOC" version="1">
                     <FrontText>RESSON - Salle des fetes</FrontText>
                  </DestinationDisplay>
                  <ScheduledStopPoint id="TUB:ScheduledStopPoint:74:LOC" version="1">
                     <Name>RESSON - Salle des fetes</Name>
                     <Location id="TUB:Location:f21840df5d2d4297af2a009e15d3a387:LOC">
                        <Longitude>5.2296901</Longitude>
                        <Latitude>48.7693249</Latitude>
                        <gml:pos srsName="EPSG:27572">812729.519358374 2422898.86461967</gml:pos>
                     </Location>
                  </ScheduledStopPoint>
                  <ScheduledStopPoint id="TUB:ScheduledStopPoint:75:LOC" version="1">
                     <Name>BAR LE DUC - Gare multimodale</Name>
                     <Location id="TUB:Location:b0bba02d35c548b1a886a6872065a700:LOC">
                        <Longitude>5.1658491</Longitude>
                        <Latitude>48.7741389</Latitude>
                        <gml:pos srsName="EPSG:27572">808018.207916953 2423263.27984077</gml:pos>
                     </Location>
                  </ScheduledStopPoint>
                  <ScheduledStopPoint id="TUB:ScheduledStopPoint:76:LOC" version="1">
                     <Name>LONGEVILLE EN BARROIS - Groupe scolaire</Name>
                     <Location id="TUB:Location:b774e84b0f8b4a639dbdaf4e0ac73424:LOC">
                        <Longitude>5.2111881</Longitude>
                        <Latitude>48.7418089</Latitude>
                        <gml:pos srsName="EPSG:27572">811481.629070205 2419789.64707077</gml:pos>
                     </Location>
                  </ScheduledStopPoint>
                  <ScheduledStopPoint id="TUB:ScheduledStopPoint:77:LOC" version="1">
                     <Name>LONGEVILLE EN BARROIS - Groupe scolaire</Name>
                     <Location id="TUB:Location:a3c21e77cf394905b1179dc3e699e93e:LOC">
                        <Longitude>5.2110381</Longitude>
                        <Latitude>48.7422089</Latitude>
                        <gml:pos srsName="EPSG:27572">811468.972160575 2419833.71635887</gml:pos>
                     </Location>
                  </ScheduledStopPoint>
                  <ScheduledStopPoint id="TUB:ScheduledStopPoint:78:LOC" version="1">
                     <Name>BAR LE DUC - Gare multimodale</Name>
                     <Location id="TUB:Location:66eb0eb1c1d449c9afde177a078c1360:LOC">
                        <Longitude>5.1658491</Longitude>
                        <Latitude>48.7741389</Latitude>
                        <gml:pos srsName="EPSG:27572">808018.207916953 2423263.27984077</gml:pos>
                     </Location>
                  </ScheduledStopPoint>
                  <ScheduledStopPoint id="TUB:ScheduledStopPoint:79:LOC" version="1">
                     <Name>RESSON - Salle des fetes</Name>
                     <Location id="TUB:Location:7efc31fd7f8a43c9964cafa04fa57138:LOC">
                        <Longitude>5.2299331</Longitude>
                        <Latitude>48.7692729</Latitude>
                        <gml:pos srsName="EPSG:27572">812747.591428656 2422893.74063462</gml:pos>
                     </Location>
                  </ScheduledStopPoint>
                  <PassengerStopAssignment id="TUB:PassengerStopAssignment:74:LOC" version="1" order="0">
                     <ScheduledStopPointRef ref="TUB:ScheduledStopPoint:74:LOC" versionRef="1"/>
                     <StopPlaceRef ref="FR:55426:StopPlace:genAUTO$298757894:TUB" versionRef="1"/>
                     <QuayRef ref="FR:55426:Quay:RSNSF1:TUB" versionRef="1"/>
                  </PassengerStopAssignment>
                  <PassengerStopAssignment id="TUB:PassengerStopAssignment:75:LOC" version="1" order="0">
                     <ScheduledStopPointRef ref="TUB:ScheduledStopPoint:75:LOC" versionRef="1"/>
                     <StopPlaceRef ref="FR:55029:StopPlace:genAUTO$104526633:TUB" versionRef="1"/>
                     <QuayRef ref="FR:55029:Quay:BDGMM3:TUB" versionRef="1"/>
                  </PassengerStopAssignment>
                  <PassengerStopAssignment id="TUB:PassengerStopAssignment:76:LOC" version="1" order="0">
                     <ScheduledStopPointRef ref="TUB:ScheduledStopPoint:76:LOC" versionRef="1"/>
                     <StopPlaceRef ref="FR:55302:StopPlace:genAUTO$1058272840:TUB" versionRef="1"/>
                     <QuayRef ref="FR:55302:Quay:LGBCE1:TUB" versionRef="1"/>
                  </PassengerStopAssignment>
                  <PassengerStopAssignment id="TUB:PassengerStopAssignment:77:LOC" version="1" order="0">
                     <ScheduledStopPointRef ref="TUB:ScheduledStopPoint:77:LOC" versionRef="1"/>
                     <StopPlaceRef ref="FR:55302:StopPlace:genAUTO$1058272839:TUB" versionRef="1"/>
                     <QuayRef ref="FR:55302:Quay:LGBCE2:TUB" versionRef="1"/>
                  </PassengerStopAssignment>
                  <PassengerStopAssignment id="TUB:PassengerStopAssignment:78:LOC" version="1" order="0">
                     <ScheduledStopPointRef ref="TUB:ScheduledStopPoint:78:LOC" versionRef="1"/>
                     <StopPlaceRef ref="FR:55029:StopPlace:genAUTO$104526633:TUB" versionRef="1"/>
                     <QuayRef ref="FR:55029:Quay:BDGMM3:TUB" versionRef="1"/>
                  </PassengerStopAssignment>
                  <PassengerStopAssignment id="TUB:PassengerStopAssignment:79:LOC" version="1" order="0">
                     <ScheduledStopPointRef ref="TUB:ScheduledStopPoint:79:LOC" versionRef="1"/>
                     <StopPlaceRef ref="FR:55426:StopPlace:genAUTO$298757893:TUB" versionRef="1"/>
                     <QuayRef ref="FR:55426:Quay:RSNSF2:TUB" versionRef="1"/>
                  </PassengerStopAssignment>
               </members>
            </GeneralFrame>
            <GeneralFrame id="FR:GeneralFrame:NETEX_HORAIRE-20250904T013220:LOC" version="1.0" dataSourceRef="TUB">
               <TypeOfFrameRef ref="FR:TypeOfFrame:NETEX_HORAIRE"/>
               <members>
                  <ServiceJourney id="TUB:ServiceJourney:2-24343871489:LOC" version="1">
                     <TransportMode>bus</TransportMode>
                     <dayTypes>
                        <DayTypeRef ref="TUB:Timetable:DayType:1331:LOC" versionRef="1"/>
                     </dayTypes>
                     <JourneyPatternRef ref="TUB:ServiceJourneyPattern:10:LOC" versionRef="1"/>
                     <passingTimes>
                        <TimetabledPassingTime version="any">
                           <ArrivalTime>07:20:00</ArrivalTime>
                           <ArrivalDayOffset>0</ArrivalDayOffset>
                           <DepartureTime>07:20:00</DepartureTime>
                           <DepartureDayOffset>0</DepartureDayOffset>
                        </TimetabledPassingTime>
                        <TimetabledPassingTime version="any">
                           <ArrivalTime>07:30:00</ArrivalTime>
                           <ArrivalDayOffset>0</ArrivalDayOffset>
                           <DepartureTime>07:30:00</DepartureTime>
                           <DepartureDayOffset>0</DepartureDayOffset>
                        </TimetabledPassingTime>
                     </passingTimes>
                  </ServiceJourney>
                  <ServiceJourney id="TUB:ServiceJourney:2-24344068097:LOC" version="1">
                     <TransportMode>bus</TransportMode>
                     <dayTypes>
                        <DayTypeRef ref="TUB:Timetable:DayType:1227:LOC" versionRef="1"/>
                     </dayTypes>
                     <JourneyPatternRef ref="TUB:ServiceJourneyPattern:11:LOC" versionRef="1"/>
                     <passingTimes>
                        <TimetabledPassingTime version="any">
                           <ArrivalTime>08:12:00</ArrivalTime>
                           <ArrivalDayOffset>0</ArrivalDayOffset>
                           <DepartureTime>08:12:00</DepartureTime>
                           <DepartureDayOffset>0</DepartureDayOffset>
                        </TimetabledPassingTime>
                        <TimetabledPassingTime version="any">
                           <ArrivalTime>08:20:00</ArrivalTime>
                           <ArrivalDayOffset>0</ArrivalDayOffset>
                           <DepartureTime>08:20:00</DepartureTime>
                           <DepartureDayOffset>0</DepartureDayOffset>
                        </TimetabledPassingTime>
                     </passingTimes>
                  </ServiceJourney>
                  <ServiceJourney id="TUB:ServiceJourney:2-24344002562:LOC" version="1">
                     <TransportMode>bus</TransportMode>
                     <dayTypes>
                        <DayTypeRef ref="TUB:Timetable:DayType:1227:LOC" versionRef="1"/>
                     </dayTypes>
                     <JourneyPatternRef ref="TUB:ServiceJourneyPattern:42:LOC" versionRef="1"/>
                     <passingTimes>
                        <TimetabledPassingTime version="any">
                           <ArrivalTime>17:00:00</ArrivalTime>
                           <ArrivalDayOffset>0</ArrivalDayOffset>
                           <DepartureTime>17:00:00</DepartureTime>
                           <DepartureDayOffset>0</DepartureDayOffset>
                        </TimetabledPassingTime>
                        <TimetabledPassingTime version="any">
                           <ArrivalTime>17:10:00</ArrivalTime>
                           <ArrivalDayOffset>0</ArrivalDayOffset>
                           <DepartureTime>17:10:00</DepartureTime>
                           <DepartureDayOffset>0</DepartureDayOffset>
                        </TimetabledPassingTime>
                     </passingTimes>
                  </ServiceJourney>
                  <ServiceJourney id="TUB:ServiceJourney:2-24344002563:LOC" version="1">
                     <TransportMode>bus</TransportMode>
                     <dayTypes>
                        <DayTypeRef ref="TUB:Timetable:DayType:1227:LOC" versionRef="1"/>
                     </dayTypes>
                     <JourneyPatternRef ref="TUB:ServiceJourneyPattern:42:LOC" versionRef="1"/>
                     <passingTimes>
                        <TimetabledPassingTime version="any">
                           <ArrivalTime>18:15:00</ArrivalTime>
                           <ArrivalDayOffset>0</ArrivalDayOffset>
                           <DepartureTime>18:15:00</DepartureTime>
                           <DepartureDayOffset>0</DepartureDayOffset>
                        </TimetabledPassingTime>
                        <TimetabledPassingTime version="any">
                           <ArrivalTime>18:25:00</ArrivalTime>
                           <ArrivalDayOffset>0</ArrivalDayOffset>
                           <DepartureTime>18:25:00</DepartureTime>
                           <DepartureDayOffset>0</DepartureDayOffset>
                        </TimetabledPassingTime>
                     </passingTimes>
                  </ServiceJourney>
                  <ServiceJourney id="TUB:ServiceJourney:2-24344133633:LOC" version="1">
                     <TransportMode>bus</TransportMode>
                     <dayTypes>
                        <DayTypeRef ref="TUB:Timetable:DayType:1227:LOC" versionRef="1"/>
                     </dayTypes>
                     <JourneyPatternRef ref="TUB:ServiceJourneyPattern:43:LOC" versionRef="1"/>
                     <passingTimes>
                        <TimetabledPassingTime version="any">
                           <ArrivalTime>16:30:00</ArrivalTime>
                           <ArrivalDayOffset>0</ArrivalDayOffset>
                           <DepartureTime>16:30:00</DepartureTime>
                           <DepartureDayOffset>0</DepartureDayOffset>
                        </TimetabledPassingTime>
                        <TimetabledPassingTime version="any">
                           <ArrivalTime>16:36:00</ArrivalTime>
                           <ArrivalDayOffset>0</ArrivalDayOffset>
                           <DepartureTime>16:36:00</DepartureTime>
                           <DepartureDayOffset>0</DepartureDayOffset>
                        </TimetabledPassingTime>
                     </passingTimes>
                  </ServiceJourney>
                  <ServiceJourney id="TUB:ServiceJourney:2-24344002561:LOC" version="1">
                     <TransportMode>bus</TransportMode>
                     <dayTypes>
                        <DayTypeRef ref="TUB:Timetable:DayType:114:LOC" versionRef="1"/>
                     </dayTypes>
                     <JourneyPatternRef ref="TUB:ServiceJourneyPattern:42:LOC" versionRef="1"/>
                     <passingTimes>
                        <TimetabledPassingTime version="any">
                           <ArrivalTime>12:30:00</ArrivalTime>
                           <ArrivalDayOffset>0</ArrivalDayOffset>
                           <DepartureTime>12:30:00</DepartureTime>
                           <DepartureDayOffset>0</DepartureDayOffset>
                        </TimetabledPassingTime>
                        <TimetabledPassingTime version="any">
                           <ArrivalTime>12:40:00</ArrivalTime>
                           <ArrivalDayOffset>0</ArrivalDayOffset>
                           <DepartureTime>12:40:00</DepartureTime>
                           <DepartureDayOffset>0</DepartureDayOffset>
                        </TimetabledPassingTime>
                     </passingTimes>
                  </ServiceJourney>
               </members>
            </GeneralFrame>
         </frames>
      </CompositeFrame>
   </dataObjects>
</PublicationDelivery>
