<?xml version="1.0" encoding="UTF-8"?>
<PublicationDelivery xmlns:xsi="http://www.w3.org/2001/XMLSchema-instance"
                     xsi:schemaLocation="http://www.netex.org.uk/netex"
                     xmlns="http://www.netex.org.uk/netex"
                     xmlns:xlink="http://www.w3.org/1999/xlink"
                     xmlns:ifopt="http://www.ifopt.org.uk/ifopt"
                     xmlns:gml="http://www.opengis.net/gml/3.2"
                     xmlns:core="http://www.govtalk.gov.uk/core"
                     xmlns:siri="http://www.siri.org.uk/siri"
                     version="1.10:FR-NETEX-2.2">
   <PublicationTimestamp>2025-09-04T01:32:20+02:00</PublicationTimestamp>
   <ParticipantRef>TUB</ParticipantRef>
   <Description>Offre sur la période du 04/09/2025 au 31/12/2025</Description>
   <dataObjects>
      <CompositeFrame id="FR:CompositeFrame:NETEX_LIGNE-20250904T013220:LOC" version="1.0">
         <Name>Chardogne - Bar le Duc</Name>
         <FrameDefaults>
            <DefaultLocale>
               <TimeZone>Europe/Paris</TimeZone>
               <DefaultLanguage>fr</DefaultLanguage>
            </DefaultLocale>
            <DefaultLocationSystem>WGS84</DefaultLocationSystem>
            <DefaultSystemOfUnits>SiMetres</DefaultSystemOfUnits>
         </FrameDefaults>
         <frames>
            <ResourceFrame id="FR:ResourceFrame:1" version="any">
               <typesOfValue>
                  <ValueSet id="FR:ValueSet:TypeOfFrame" nameOfClass="TypeOfFrame" version="any">
                     <Name>TypeOfFrame</Name>
                     <values>
                        <TypeOfFrame id="FR:TypeOfFrame:NETEX_RESEAU" version="any">
                           <Name>NETEX_RESEAU</Name>
                        </TypeOfFrame>
                        <TypeOfFrame id="FR:TypeOfFrame:NETEX_HORAIRE" version="any">
                           <Name>NETEX_HORAIRE</Name>
                        </TypeOfFrame>
                     </values>
                  </ValueSet>
               </typesOfValue>
            </ResourceFrame>
            <GeneralFrame id="FR:GeneralFrame:NETEX_RESEAU-20250904T013220:LOC" version="1.0" dataSourceRef="TUB">
               <TypeOfFrameRef ref="FR:TypeOfFrame:NETEX_RESEAU"/>
               <members>
                  <Route id="TUB:Route:1448-A:LOC" version="1">
                     <Name>Chardogne - Bar le Duc - Aller</Name>
                     <LineRef ref="TUB:Line:1448:LOC" versionRef="1"/>
                     <DirectionType>outbound</DirectionType>
                     <DirectionRef ref="TUB:Direction:1448-A:LOC" versionRef="1"/>
                     <InverseRouteRef ref="TUB:Route:1448-R:LOC" versionRef="1"/>
                  </Route>
                  <Direction id="TUB:Direction:1448-A:LOC" version="1">
                     <Name>Chardogne - Bar le Duc - Aller</Name>
                     <DirectionType>outbound</DirectionType>
                  </Direction>
                  <Route id="TUB:Route:1448-R:LOC" version="1">
                     <Name>Chardogne - Bar le Duc - Retour</Name>
                     <LineRef ref="TUB:Line:1448:LOC" versionRef="1"/>
                     <DirectionType>inbound</DirectionType>
                     <DirectionRef ref="TUB:Direction:1448-R:LOC" versionRef="1"/>
                     <InverseRouteRef ref="TUB:Route:1448-A:LOC" versionRef="1"/>
                  </Route>
                  <Direction id="TUB:Direction:1448-R:LOC" version="1">
                     <Name>Chardogne - Bar le Duc - Retour</Name>
                     <DirectionType>inbound</DirectionType>
                  </Direction>
                  <ServiceJourneyPattern id="TUB:ServiceJourneyPattern:5:LOC" version="1">
                     <Name>BAR LE DUC - Gare multimodale</Name>
                     <PrivateCode>14973942</PrivateCode>
                     <RouteRef ref="TUB:Route:1448-A:LOC" versionRef="1"/>
                     <DestinationDisplayRef ref="TUB:DestinationDisplay:5:LOC" versionRef="1"/>
                     <pointsInSequence>
                        <StopPointInJourneyPattern id="TUB:StopPointInJourneyPattern:5x1:LOC" version="any" order="1">
                           <ScheduledStopPointRef ref="TUB:ScheduledStopPoint:23:LOC" versionRef="1"/>
                           <ForAlighting>false</ForAlighting>
                           <ForBoarding>true</ForBoarding>
                           <RequestStop>false</RequestStop>
                        </StopPointInJourneyPattern>
                        <StopPointInJourneyPattern id="TUB:StopPointInJourneyPattern:5x2:LOC" version="any" order="2">
                           <ScheduledStopPointRef ref="TUB:ScheduledStopPoint:24:LOC" versionRef="1"/>
                           <ForAlighting>true</ForAlighting>
                           <ForBoarding>true</ForBoarding>
                           <RequestStop>false</RequestStop>
                        </StopPointInJourneyPattern>
                        <StopPointInJourneyPattern id="TUB:StopPointInJourneyPattern:5x3:LOC" version="any" order="3">
                           <ScheduledStopPointRef ref="TUB:ScheduledStopPoint:25:LOC" versionRef="1"/>
                           <ForAlighting>true</ForAlighting>
                           <ForBoarding>true</ForBoarding>
                           <RequestStop>false</RequestStop>
                        </StopPointInJourneyPattern>
                        <StopPointInJourneyPattern id="TUB:StopPointInJourneyPattern:5x4:LOC" version="any" order="4">
                           <ScheduledStopPointRef ref="TUB:ScheduledStopPoint:26:LOC" versionRef="1"/>
                           <ForAlighting>true</ForAlighting>
                           <ForBoarding>true</ForBoarding>
                           <RequestStop>false</RequestStop>
                        </StopPointInJourneyPattern>
                        <StopPointInJourneyPattern id="TUB:StopPointInJourneyPattern:5x5:LOC" version="any" order="5">
                           <ScheduledStopPointRef ref="TUB:ScheduledStopPoint:27:LOC" versionRef="1"/>
                           <ForAlighting>true</ForAlighting>
                           <ForBoarding>true</ForBoarding>
                           <RequestStop>false</RequestStop>
                        </StopPointInJourneyPattern>
                        <StopPointInJourneyPattern id="TUB:StopPointInJourneyPattern:5x6:LOC" version="any" order="6">
                           <ScheduledStopPointRef ref="TUB:ScheduledStopPoint:28:LOC" versionRef="1"/>
                           <ForAlighting>true</ForAlighting>
                           <ForBoarding>true</ForBoarding>
                           <RequestStop>false</RequestStop>
                        </StopPointInJourneyPattern>
                        <StopPointInJourneyPattern id="TUB:StopPointInJourneyPattern:5x7:LOC" version="any" order="10">
                           <ScheduledStopPointRef ref="TUB:ScheduledStopPoint:32:LOC" versionRef="1"/>
                           <ForAlighting>true</ForAlighting>
                           <ForBoarding>false</ForBoarding>
                           <RequestStop>false</RequestStop>
                        </StopPointInJourneyPattern>
                     </pointsInSequence>
                     <ServiceJourneyPatternType>passenger</ServiceJourneyPatternType>
                  </ServiceJourneyPattern>
                  <ServiceJourneyPattern id="TUB:ServiceJourneyPattern:6:LOC" version="1">
                     <Name>BAR LE DUC - Gare multimodale</Name>
                     <PrivateCode>14973939</PrivateCode>
                     <RouteRef ref="TUB:Route:1448-A:LOC" versionRef="1"/>
                     <DestinationDisplayRef ref="TUB:DestinationDisplay:6:LOC" versionRef="1"/>
                     <pointsInSequence>
                        <StopPointInJourneyPattern id="TUB:StopPointInJourneyPattern:6x1:LOC" version="any" order="7">
                           <ScheduledStopPointRef ref="TUB:ScheduledStopPoint:29:LOC" versionRef="1"/>
                           <ForAlighting>false</ForAlighting>
                           <ForBoarding>true</ForBoarding>
                           <RequestStop>false</RequestStop>
                        </StopPointInJourneyPattern>
                        <StopPointInJourneyPattern id="TUB:StopPointInJourneyPattern:6x2:LOC" version="any" order="8">
                           <ScheduledStopPointRef ref="TUB:ScheduledStopPoint:30:LOC" versionRef="1"/>
                           <ForAlighting>true</ForAlighting>
                           <ForBoarding>true</ForBoarding>
                           <RequestStop>false</RequestStop>
                        </StopPointInJourneyPattern>
                        <StopPointInJourneyPattern id="TUB:StopPointInJourneyPattern:6x3:LOC" version="any" order="9">
                           <ScheduledStopPointRef ref="TUB:ScheduledStopPoint:31:LOC" versionRef="1"/>
                           <ForAlighting>true</ForAlighting>
                           <ForBoarding>true</ForBoarding>
                           <RequestStop>false</RequestStop>
                        </StopPointInJourneyPattern>
                        <StopPointInJourneyPattern id="TUB:StopPointInJourneyPattern:6x4:LOC" version="any" order="10">
                           <ScheduledStopPointRef ref="TUB:ScheduledStopPoint:32:LOC" versionRef="1"/>
                           <ForAlighting>true</ForAlighting>
                           <ForBoarding>false</ForBoarding>
                           <RequestStop>false</RequestStop>
                        </StopPointInJourneyPattern>
                     </pointsInSequence>
                     <ServiceJourneyPatternType>passenger</ServiceJourneyPatternType>
                  </ServiceJourneyPattern>
                  <ServiceJourneyPattern id="TUB:ServiceJourneyPattern:7:LOC" version="1">
                     <Name>BAR LE DUC - Gare multimodale</Name>
                     <PrivateCode>14973943</PrivateCode>
                     <RouteRef ref="TUB:Route:1448-A:LOC" versionRef="1"/>
                     <DestinationDisplayRef ref="TUB:DestinationDisplay:7:LOC" versionRef="1"/>
                     <pointsInSequence>
                        <StopPointInJourneyPattern id="TUB:StopPointInJourneyPattern:7x1:LOC" version="any" order="1">
                           <ScheduledStopPointRef ref="TUB:ScheduledStopPoint:23:LOC" versionRef="1"/>
                           <ForAlighting>false</ForAlighting>
                           <ForBoarding>true</ForBoarding>
                           <RequestStop>false</RequestStop>
                        </StopPointInJourneyPattern>
                        <StopPointInJourneyPattern id="TUB:StopPointInJourneyPattern:7x2:LOC" version="any" order="2">
                           <ScheduledStopPointRef ref="TUB:ScheduledStopPoint:24:LOC" versionRef="1"/>
                           <ForAlighting>true</ForAlighting>
                           <ForBoarding>true</ForBoarding>
                           <RequestStop>false</RequestStop>
                        </StopPointInJourneyPattern>
                        <StopPointInJourneyPattern id="TUB:StopPointInJourneyPattern:7x3:LOC" version="any" order="3">
                           <ScheduledStopPointRef ref="TUB:ScheduledStopPoint:25:LOC" versionRef="1"/>
                           <ForAlighting>true</ForAlighting>
                           <ForBoarding>true</ForBoarding>
                           <RequestStop>false</RequestStop>
                        </StopPointInJourneyPattern>
                        <StopPointInJourneyPattern id="TUB:StopPointInJourneyPattern:7x4:LOC" version="any" order="4">
                           <ScheduledStopPointRef ref="TUB:ScheduledStopPoint:26:LOC" versionRef="1"/>
                           <ForAlighting>true</ForAlighting>
                           <ForBoarding>true</ForBoarding>
                           <RequestStop>false</RequestStop>
                        </StopPointInJourneyPattern>
                        <StopPointInJourneyPattern id="TUB:StopPointInJourneyPattern:7x5:LOC" version="any" order="5">
                           <ScheduledStopPointRef ref="TUB:ScheduledStopPoint:27:LOC" versionRef="1"/>
                           <ForAlighting>true</ForAlighting>
                           <ForBoarding>true</ForBoarding>
                           <RequestStop>false</RequestStop>
                        </StopPointInJourneyPattern>
                        <StopPointInJourneyPattern id="TUB:StopPointInJourneyPattern:7x6:LOC" version="any" order="6">
                           <ScheduledStopPointRef ref="TUB:ScheduledStopPoint:28:LOC" versionRef="1"/>
                           <ForAlighting>true</ForAlighting>
                           <ForBoarding>true</ForBoarding>
                           <RequestStop>false</RequestStop>
                        </StopPointInJourneyPattern>
                        <StopPointInJourneyPattern id="TUB:StopPointInJourneyPattern:7x7:LOC" version="any" order="7">
                           <ScheduledStopPointRef ref="TUB:ScheduledStopPoint:29:LOC" versionRef="1"/>
                           <ForAlighting>true</ForAlighting>
                           <ForBoarding>true</ForBoarding>
                           <RequestStop>false</RequestStop>
                        </StopPointInJourneyPattern>
                        <StopPointInJourneyPattern id="TUB:StopPointInJourneyPattern:7x8:LOC" version="any" order="8">
                           <ScheduledStopPointRef ref="TUB:ScheduledStopPoint:30:LOC" versionRef="1"/>
                           <ForAlighting>true</ForAlighting>
                           <ForBoarding>true</ForBoarding>
                           <RequestStop>false</RequestStop>
                        </StopPointInJourneyPattern>
                        <StopPointInJourneyPattern id="TUB:StopPointInJourneyPattern:7x9:LOC" version="any" order="9">
                           <ScheduledStopPointRef ref="TUB:ScheduledStopPoint:31:LOC" versionRef="1"/>
                           <ForAlighting>true</ForAlighting>
                           <ForBoarding>true</ForBoarding>
                           <RequestStop>false</RequestStop>
                        </StopPointInJourneyPattern>
                        <StopPointInJourneyPattern id="TUB:StopPointInJourneyPattern:7x10:LOC" version="any" order="10">
                           <ScheduledStopPointRef ref="TUB:ScheduledStopPoint:32:LOC" versionRef="1"/>
                           <ForAlighting>true</ForAlighting>
                           <ForBoarding>false</ForBoarding>
                           <RequestStop>false</RequestStop>
                        </StopPointInJourneyPattern>
                     </pointsInSequence>
                     <ServiceJourneyPatternType>passenger</ServiceJourneyPatternType>
                  </ServiceJourneyPattern>
                  <ServiceJourneyPattern id="TUB:ServiceJourneyPattern:37:LOC" version="1">
                     <Name>VAL D ORNAIN - Bussy la Cote</Name>
                     <PrivateCode>14973944</PrivateCode>
                     <RouteRef ref="TUB:Route:1448-R:LOC" versionRef="1"/>
                     <DestinationDisplayRef ref="TUB:DestinationDisplay:37:LOC" versionRef="1"/>
                     <pointsInSequence>
                        <StopPointInJourneyPattern id="TUB:StopPointInJourneyPattern:37x1:LOC" version="any" order="1">
                           <ScheduledStopPointRef ref="TUB:ScheduledStopPoint:33:LOC" versionRef="1"/>
                           <ForAlighting>false</ForAlighting>
                           <ForBoarding>true</ForBoarding>
                           <RequestStop>false</RequestStop>
                        </StopPointInJourneyPattern>
                        <StopPointInJourneyPattern id="TUB:StopPointInJourneyPattern:37x2:LOC" version="any" order="2">
                           <ScheduledStopPointRef ref="TUB:ScheduledStopPoint:34:LOC" versionRef="1"/>
                           <ForAlighting>true</ForAlighting>
                           <ForBoarding>true</ForBoarding>
                           <RequestStop>false</RequestStop>
                        </StopPointInJourneyPattern>
                        <StopPointInJourneyPattern id="TUB:StopPointInJourneyPattern:37x3:LOC" version="any" order="3">
                           <ScheduledStopPointRef ref="TUB:ScheduledStopPoint:35:LOC" versionRef="1"/>
                           <ForAlighting>true</ForAlighting>
                           <ForBoarding>true</ForBoarding>
                           <RequestStop>false</RequestStop>
                        </StopPointInJourneyPattern>
                        <StopPointInJourneyPattern id="TUB:StopPointInJourneyPattern:37x4:LOC" version="any" order="4">
                           <ScheduledStopPointRef ref="TUB:ScheduledStopPoint:36:LOC" versionRef="1"/>
                           <ForAlighting>true</ForAlighting>
                           <ForBoarding>true</ForBoarding>
                           <RequestStop>false</RequestStop>
                        </StopPointInJourneyPattern>
                        <StopPointInJourneyPattern id="TUB:StopPointInJourneyPattern:37x5:LOC" version="any" order="5">
                           <ScheduledStopPointRef ref="TUB:ScheduledStopPoint:37:LOC" versionRef="1"/>
                           <ForAlighting>true</ForAlighting>
                           <ForBoarding>true</ForBoarding>
                           <RequestStop>false</RequestStop>
                        </StopPointInJourneyPattern>
                        <StopPointInJourneyPattern id="TUB:StopPointInJourneyPattern:37x6:LOC" version="any" order="7">
                           <ScheduledStopPointRef ref="TUB:ScheduledStopPoint:39:LOC" versionRef="1"/>
                           <ForAlighting>true</ForAlighting>
                           <ForBoarding>true</ForBoarding>
                           <RequestStop>false</RequestStop>
                        </StopPointInJourneyPattern>
                        <StopPointInJourneyPattern id="TUB:StopPointInJourneyPattern:37x7:LOC" version="any" order="8">
                           <ScheduledStopPointRef ref="TUB:ScheduledStopPoint:40:LOC" versionRef="1"/>
                           <ForAlighting>true</ForAlighting>
                           <ForBoarding>false</ForBoarding>
                           <RequestStop>false</RequestStop>
                        </StopPointInJourneyPattern>
                     </pointsInSequence>
                     <ServiceJourneyPatternType>passenger</ServiceJourneyPatternType>
                  </ServiceJourneyPattern>
                  <ServiceJourneyPattern id="TUB:ServiceJourneyPattern:38:LOC" version="1">
                     <Name>VAL D ORNAIN - Ecluse</Name>
                     <PrivateCode>14973941</PrivateCode>
                     <RouteRef ref="TUB:Route:1448-R:LOC" versionRef="1"/>
                     <DestinationDisplayRef ref="TUB:DestinationDisplay:38:LOC" versionRef="1"/>
                     <pointsInSequence>
                        <StopPointInJourneyPattern id="TUB:StopPointInJourneyPattern:38x1:LOC" version="any" order="1">
                           <ScheduledStopPointRef ref="TUB:ScheduledStopPoint:33:LOC" versionRef="1"/>
                           <ForAlighting>false</ForAlighting>
                           <ForBoarding>true</ForBoarding>
                           <RequestStop>false</RequestStop>
                        </StopPointInJourneyPattern>
                        <StopPointInJourneyPattern id="TUB:StopPointInJourneyPattern:38x2:LOC" version="any" order="2">
                           <ScheduledStopPointRef ref="TUB:ScheduledStopPoint:34:LOC" versionRef="1"/>
                           <ForAlighting>true</ForAlighting>
                           <ForBoarding>true</ForBoarding>
                           <RequestStop>false</RequestStop>
                        </StopPointInJourneyPattern>
                        <StopPointInJourneyPattern id="TUB:StopPointInJourneyPattern:38x3:LOC" version="any" order="3">
                           <ScheduledStopPointRef ref="TUB:ScheduledStopPoint:35:LOC" versionRef="1"/>
                           <ForAlighting>true</ForAlighting>
                           <ForBoarding>true</ForBoarding>
                           <RequestStop>false</RequestStop>
                        </StopPointInJourneyPattern>
                        <StopPointInJourneyPattern id="TUB:StopPointInJourneyPattern:38x4:LOC" version="any" order="4">
                           <ScheduledStopPointRef ref="TUB:ScheduledStopPoint:36:LOC" versionRef="1"/>
                           <ForAlighting>true</ForAlighting>
                           <ForBoarding>true</ForBoarding>
                           <RequestStop>false</RequestStop>
                        </StopPointInJourneyPattern>
                        <StopPointInJourneyPattern id="TUB:StopPointInJourneyPattern:38x5:LOC" version="any" order="5">
                           <ScheduledStopPointRef ref="TUB:ScheduledStopPoint:37:LOC" versionRef="1"/>
                           <ForAlighting>true</ForAlighting>
                           <ForBoarding>true</ForBoarding>
                           <RequestStop>false</RequestStop>
                        </StopPointInJourneyPattern>
                        <StopPointInJourneyPattern id="TUB:StopPointInJourneyPattern:38x6:LOC" version="any" order="6">
                           <ScheduledStopPointRef ref="TUB:ScheduledStopPoint:38:LOC" versionRef="1"/>
                           <ForAlighting>true</ForAlighting>
                           <ForBoarding>true</ForBoarding>
                           <RequestStop>false</RequestStop>
                        </StopPointInJourneyPattern>
                        <StopPointInJourneyPattern id="TUB:StopPointInJourneyPattern:38x7:LOC" version="any" order="8">
                           <ScheduledStopPointRef ref="TUB:ScheduledStopPoint:40:LOC" versionRef="1"/>
                           <ForAlighting>true</ForAlighting>
                           <ForBoarding>true</ForBoarding>
                           <RequestStop>false</RequestStop>
                        </StopPointInJourneyPattern>
                        <StopPointInJourneyPattern id="TUB:StopPointInJourneyPattern:38x8:LOC" version="any" order="9">
                           <ScheduledStopPointRef ref="TUB:ScheduledStopPoint:41:LOC" versionRef="1"/>
                           <ForAlighting>true</ForAlighting>
                           <ForBoarding>true</ForBoarding>
                           <RequestStop>false</RequestStop>
                        </StopPointInJourneyPattern>
                        <StopPointInJourneyPattern id="TUB:StopPointInJourneyPattern:38x9:LOC" version="any" order="10">
                           <ScheduledStopPointRef ref="TUB:ScheduledStopPoint:42:LOC" versionRef="1"/>
                           <ForAlighting>true</ForAlighting>
                           <ForBoarding>true</ForBoarding>
                           <RequestStop>false</RequestStop>
                        </StopPointInJourneyPattern>
                        <StopPointInJourneyPattern id="TUB:StopPointInJourneyPattern:38x10:LOC" version="any" order="11">
                           <ScheduledStopPointRef ref="TUB:ScheduledStopPoint:43:LOC" versionRef="1"/>
                           <ForAlighting>true</ForAlighting>
                           <ForBoarding>false</ForBoarding>
                           <RequestStop>false</RequestStop>
                        </StopPointInJourneyPattern>
                     </pointsInSequence>
                     <ServiceJourneyPatternType>passenger</ServiceJourneyPatternType>
                  </ServiceJourneyPattern>
                  <ServiceJourneyPattern id="TUB:ServiceJourneyPattern:39:LOC" version="1">
                     <Name>VAL D ORNAIN - Mussey mairie</Name>
                     <PrivateCode>14973940</PrivateCode>
                     <RouteRef ref="TUB:Route:1448-R:LOC" versionRef="1"/>
                     <DestinationDisplayRef ref="TUB:DestinationDisplay:39:LOC" versionRef="1"/>
                     <pointsInSequence>
                        <StopPointInJourneyPattern id="TUB:StopPointInJourneyPattern:39x1:LOC" version="any" order="1">
                           <ScheduledStopPointRef ref="TUB:ScheduledStopPoint:33:LOC" versionRef="1"/>
                           <ForAlighting>false</ForAlighting>
                           <ForBoarding>true</ForBoarding>
                           <RequestStop>false</RequestStop>
                        </StopPointInJourneyPattern>
                        <StopPointInJourneyPattern id="TUB:StopPointInJourneyPattern:39x2:LOC" version="any" order="11">
                           <ScheduledStopPointRef ref="TUB:ScheduledStopPoint:43:LOC" versionRef="1"/>
                           <ForAlighting>true</ForAlighting>
                           <ForBoarding>true</ForBoarding>
                           <RequestStop>false</RequestStop>
                        </StopPointInJourneyPattern>
                        <StopPointInJourneyPattern id="TUB:StopPointInJourneyPattern:39x3:LOC" version="any" order="12">
                           <ScheduledStopPointRef ref="TUB:ScheduledStopPoint:44:LOC" versionRef="1"/>
                           <ForAlighting>true</ForAlighting>
                           <ForBoarding>true</ForBoarding>
                           <RequestStop>false</RequestStop>
                        </StopPointInJourneyPattern>
                        <StopPointInJourneyPattern id="TUB:StopPointInJourneyPattern:39x4:LOC" version="any" order="13">
                           <ScheduledStopPointRef ref="TUB:ScheduledStopPoint:45:LOC" versionRef="1"/>
                           <ForAlighting>true</ForAlighting>
                           <ForBoarding>false</ForBoarding>
                           <RequestStop>false</RequestStop>
                        </StopPointInJourneyPattern>
                     </pointsInSequence>
                     <ServiceJourneyPatternType>passenger</ServiceJourneyPatternType>
                  </ServiceJourneyPattern>
                  <DestinationDisplay id="TUB:DestinationDisplay:5:LOC" version="1">
                     <FrontText>BAR LE DUC - Gare multimodale</FrontText>
                  </DestinationDisplay>
                  <DestinationDisplay id="TUB:DestinationDisplay:6:LOC" version="1">
                     <FrontText>BAR LE DUC - Gare multimodale</FrontText>
                  </DestinationDisplay>
                  <DestinationDisplay id="TUB:DestinationDisplay:7:LOC" version="1">
                     <FrontText>BAR LE DUC - Gare multimodale</FrontText>
                  </DestinationDisplay>
                  <DestinationDisplay id="TUB:DestinationDisplay:37:LOC" version="1">
                     <FrontText>VAL D ORNAIN - Bussy la Cote</FrontText>
                  </DestinationDisplay>
                  <DestinationDisplay id="TUB:DestinationDisplay:38:LOC" version="1">
                     <FrontText>VAL D ORNAIN - Ecluse</FrontText>
                  </DestinationDisplay>
                  <DestinationDisplay id="TUB:DestinationDisplay:39:LOC" version="1">
                     <FrontText>VAL D ORNAIN - Mussey mairie</FrontText>
                  </DestinationDisplay>
                  <ScheduledStopPoint id="TUB:ScheduledStopPoint:23:LOC" version="1">
                     <Name>VAL D ORNAIN - Bussy la Cote</Name>
                     <Location id="TUB:Location:7a9781e777e54f528be07f2df175d056:LOC">
                        <Longitude>5.0863781</Longitude>
                        <Latitude>48.8137859</Latitude>
                        <gml:pos srsName="EPSG:27572">802023.521974418 2427464.41990628</gml:pos>
                     </Location>
                  </ScheduledStopPoint>
                  <ScheduledStopPoint id="TUB:ScheduledStopPoint:24:LOC" version="1">
                     <Name>CHARDOGNE - La Marliere</Name>
                     <Location id="TUB:Location:78caaea91f8946218fb47afc02bf8bc3:LOC">
                        <Longitude>5.1167021</Longitude>
                        <Latitude>48.8202479</Latitude>
                        <gml:pos srsName="EPSG:27572">804224.976873978 2428261.30207322</gml:pos>
                     </Location>
                  </ScheduledStopPoint>
                  <ScheduledStopPoint id="TUB:ScheduledStopPoint:25:LOC" version="1">
                     <Name>CHARDOGNE - Rue Basse</Name>
                     <Location id="TUB:Location:ddb203b6899c4a4aad49a94d117feffd:LOC">
                        <Longitude>5.1264841</Longitude>
                        <Latitude>48.8237499</Latitude>
                        <gml:pos srsName="EPSG:27572">804929.407933944 2428676.15565115</gml:pos>
                     </Location>
                  </ScheduledStopPoint>
                  <ScheduledStopPoint id="TUB:ScheduledStopPoint:26:LOC" version="1">
                     <Name>VAL D ORNAIN - Varney cimetiere</Name>
                     <Location id="TUB:Location:32d03bffe4af49d5b35f580f376e7a2d:LOC">
                        <Longitude>5.0986591</Longitude>
                        <Latitude>48.8093359</Latitude>
                        <gml:pos srsName="EPSG:27572">802942.785178594 2427001.23596581</gml:pos>
                     </Location>
                  </ScheduledStopPoint>
                  <ScheduledStopPoint id="TUB:ScheduledStopPoint:27:LOC" version="1">
                     <Name>VAL D ORNAIN - Venise</Name>
                     <Location id="TUB:Location:f0a3940d737a4f61915ecffafecd2733:LOC">
                        <Longitude>5.1089131</Longitude>
                        <Latitude>48.8109289</Latitude>
                        <gml:pos srsName="EPSG:27572">803689.613355247 2427204.88458629</gml:pos>
                     </Location>
                  </ScheduledStopPoint>
                  <ScheduledStopPoint id="TUB:ScheduledStopPoint:28:LOC" version="1">
                     <Name>FAINS VEEL - Valottes</Name>
                     <Location id="TUB:Location:ce9e9ab7d7a24f739e948e1226ef8ac2:LOC">
                        <Longitude>5.1252131</Longitude>
                        <Latitude>48.7965009</Latitude>
                        <gml:pos srsName="EPSG:27572">804943.607543391 2425642.9654455</gml:pos>
                     </Location>
                  </ScheduledStopPoint>
                  <ScheduledStopPoint id="TUB:ScheduledStopPoint:29:LOC" version="1">
                     <Name>VAL D ORNAIN - Mussey mairie</Name>
                     <Location id="TUB:Location:3f3991544a984ddbbc18bf7d6343bb5a:LOC">
                        <Longitude>5.0712901</Longitude>
                        <Latitude>48.8019329</Latitude>
                        <gml:pos srsName="EPSG:27572">800961.372413887 2426107.7643815</gml:pos>
                     </Location>
                  </ScheduledStopPoint>
                  <ScheduledStopPoint id="TUB:ScheduledStopPoint:30:LOC" version="1">
                     <Name>VAL D ORNAIN - Mussey lotissement</Name>
                     <Location id="TUB:Location:3deeaa8b231c4e4eaa82fe4eb29c76c5:LOC">
                        <Longitude>5.0763721</Longitude>
                        <Latitude>48.8031219</Latitude>
                        <gml:pos srsName="EPSG:27572">801330.054914089 2426252.97632799</gml:pos>
                     </Location>
                  </ScheduledStopPoint>
                  <ScheduledStopPoint id="TUB:ScheduledStopPoint:31:LOC" version="1">
                     <Name>VAL D ORNAIN - Ecluse</Name>
                     <Location id="TUB:Location:d7a5532b879b416b855c098b9fce83a6:LOC">
                        <Longitude>5.0945761</Longitude>
                        <Latitude>48.8072389</Latitude>
                        <gml:pos srsName="EPSG:27572">802651.10277883 2426757.53115842</gml:pos>
                     </Location>
                  </ScheduledStopPoint>
                  <ScheduledStopPoint id="TUB:ScheduledStopPoint:32:LOC" version="1">
                     <Name>BAR LE DUC - Gare multimodale</Name>
                     <Location id="TUB:Location:ad1a364d127e4d98bc0b2ee5cda64596:LOC">
                        <Longitude>5.1658491</Longitude>
                        <Latitude>48.7741389</Latitude>
                        <gml:pos srsName="EPSG:27572">808018.207916953 2423263.27984077</gml:pos>
                     </Location>
                  </ScheduledStopPoint>
                  <ScheduledStopPoint id="TUB:ScheduledStopPoint:33:LOC" version="1">
                     <Name>BAR LE DUC - Gare multimodale</Name>
                     <Location id="TUB:Location:c69cf516092741a0bd9b1505f6ea607a:LOC">
                        <Longitude>5.1658491</Longitude>
                        <Latitude>48.7741389</Latitude>
                        <gml:pos srsName="EPSG:27572">808018.207916953 2423263.27984077</gml:pos>
                     </Location>
                  </ScheduledStopPoint>
                  <ScheduledStopPoint id="TUB:ScheduledStopPoint:34:LOC" version="1">
                     <Name>FAINS VEEL - Valottes</Name>
                     <Location id="TUB:Location:7a9b73abd3904594b4f2d46a3023bdd1:LOC">
                        <Longitude>5.1252131</Longitude>
                        <Latitude>48.7965009</Latitude>
                        <gml:pos srsName="EPSG:27572">804943.607543391 2425642.9654455</gml:pos>
                     </Location>
                  </ScheduledStopPoint>
                  <ScheduledStopPoint id="TUB:ScheduledStopPoint:35:LOC" version="1">
                     <Name>VAL D ORNAIN - Venise</Name>
                     <Location id="TUB:Location:b5bf6d1d84cf4d958ce06ee023398cba:LOC">
                        <Longitude>5.1091921</Longitude>
                        <Latitude>48.8110379</Latitude>
                        <gml:pos srsName="EPSG:27572">803709.675454121 2427217.72751604</gml:pos>
                     </Location>
                  </ScheduledStopPoint>
                  <ScheduledStopPoint id="TUB:ScheduledStopPoint:36:LOC" version="1">
                     <Name>CHARDOGNE - La Marliere</Name>
                     <Location id="TUB:Location:563b848a8d6e419cbf67e507fba5c28b:LOC">
                        <Longitude>5.1167021</Longitude>
                        <Latitude>48.8202479</Latitude>
                        <gml:pos srsName="EPSG:27572">804224.976873978 2428261.30207322</gml:pos>
                     </Location>
                  </ScheduledStopPoint>
                  <ScheduledStopPoint id="TUB:ScheduledStopPoint:37:LOC" version="1">
                     <Name>CHARDOGNE - Rue Basse</Name>
                     <Location id="TUB:Location:8e8917dbd56046a4ac7d54b9bfbb5859:LOC">
                        <Longitude>5.1264841</Longitude>
                        <Latitude>48.8237499</Latitude>
                        <gml:pos srsName="EPSG:27572">804929.407933944 2428676.15565115</gml:pos>
                     </Location>
                  </ScheduledStopPoint>
                  <ScheduledStopPoint id="TUB:ScheduledStopPoint:38:LOC" version="1">
                     <Name>VAL D ORNAIN - Varney Cimetière</Name>
                     <Location id="TUB:Location:a73f34ae9936436eb5af52a285b65d52:LOC">
                        <Longitude>5.1005031</Longitude>
                        <Latitude>48.8126809</Latitude>
                        <gml:pos srsName="EPSG:27572">803065.13134937 2427377.94002978</gml:pos>
                     </Location>
                  </ScheduledStopPoint>
                  <ScheduledStopPoint id="TUB:ScheduledStopPoint:39:LOC" version="1">
                     <Name>VAL D ORNAIN - Varney cimetiere</Name>
                     <Location id="TUB:Location:c0d3722532024ba7907280092db8a057:LOC">
                        <Longitude>5.0986591</Longitude>
                        <Latitude>48.8093359</Latitude>
                        <gml:pos srsName="EPSG:27572">802942.785178594 2427001.23596581</gml:pos>
                     </Location>
                  </ScheduledStopPoint>
                  <ScheduledStopPoint id="TUB:ScheduledStopPoint:40:LOC" version="1">
                     <Name>VAL D ORNAIN - Bussy la Cote</Name>
                     <Location id="TUB:Location:dd11e07f9f744048b2b01103ad239e92:LOC">
                        <Longitude>5.0863781</Longitude>
                        <Latitude>48.8137859</Latitude>
                        <gml:pos srsName="EPSG:27572">802023.521974418 2427464.41990628</gml:pos>
                     </Location>
                  </ScheduledStopPoint>
                  <ScheduledStopPoint id="TUB:ScheduledStopPoint:41:LOC" version="1">
                     <Name>VAL D ORNAIN - Mussey mairie</Name>
                     <Location id="TUB:Location:1c28dc26cbd845e58bcb6f025e7f70b0:LOC">
                        <Longitude>5.0712901</Longitude>
                        <Latitude>48.8019329</Latitude>
                        <gml:pos srsName="EPSG:27572">800961.372413887 2426107.7643815</gml:pos>
                     </Location>
                  </ScheduledStopPoint>
                  <ScheduledStopPoint id="TUB:ScheduledStopPoint:42:LOC" version="1">
                     <Name>VAL D ORNAIN - Mussey lotissement</Name>
                     <Location id="TUB:Location:93007b9f12f04e419b7276d7ac8f07d9:LOC">
                        <Longitude>5.0763721</Longitude>
                        <Latitude>48.8031219</Latitude>
                        <gml:pos srsName="EPSG:27572">801330.054914089 2426252.97632799</gml:pos>
                     </Location>
                  </ScheduledStopPoint>
                  <ScheduledStopPoint id="TUB:ScheduledStopPoint:43:LOC" version="1">
                     <Name>VAL D ORNAIN - Ecluse</Name>
                     <Location id="TUB:Location:e2c2f76b650f4c83a0a3fa889120527c:LOC">
                        <Longitude>5.0947321</Longitude>
                        <Latitude>48.8068189</Latitude>
                        <gml:pos srsName="EPSG:27572">802664.199384709 2426711.2320038</gml:pos>
                     </Location>
                  </ScheduledStopPoint>
                  <ScheduledStopPoint id="TUB:ScheduledStopPoint:44:LOC" version="1">
                     <Name>VAL D ORNAIN - Mussey lotissement</Name>
                     <Location id="TUB:Location:c39e605bb5c740d2982ed8ddf0e6874c:LOC">
                        <Longitude>5.0763721</Longitude>
                        <Latitude>48.8031219</Latitude>
                        <gml:pos srsName="EPSG:27572">801330.054914089 2426252.97632799</gml:pos>
                     </Location>
                  </ScheduledStopPoint>
                  <ScheduledStopPoint id="TUB:ScheduledStopPoint:45:LOC" version="1">
                     <Name>VAL D ORNAIN - Mussey mairie</Name>
                     <Location id="TUB:Location:c2103c1c2a794ff9b15b01966a48170b:LOC">
                        <Longitude>5.0712901</Longitude>
                        <Latitude>48.8019329</Latitude>
                        <gml:pos srsName="EPSG:27572">800961.372413887 2426107.7643815</gml:pos>
                     </Location>
                  </ScheduledStopPoint>
                  <PassengerStopAssignment id="TUB:PassengerStopAssignment:23:LOC" version="1" order="0">
                     <ScheduledStopPointRef ref="TUB:ScheduledStopPoint:23:LOC" versionRef="1"/>
                     <StopPlaceRef ref="FR:55366:StopPlace:genAUTO$1817787653:TUB" versionRef="1"/>
                     <QuayRef ref="FR:55366:Quay:VDOBUC:TUB" versionRef="1"/>
                  </PassengerStopAssignment>
                  <PassengerStopAssignment id="TUB:PassengerStopAssignment:24:LOC" version="1" order="0">
                     <ScheduledStopPointRef ref="TUB:ScheduledStopPoint:24:LOC" versionRef="1"/>
                     <StopPlaceRef ref="FR:55101:StopPlace:genAUTO$1058272767:TUB" versionRef="1"/>
                     <QuayRef ref="FR:55101:Quay:CGNMR3:TUB" versionRef="1"/>
                  </PassengerStopAssignment>
                  <PassengerStopAssignment id="TUB:PassengerStopAssignment:25:LOC" version="1" order="0">
                     <ScheduledStopPointRef ref="TUB:ScheduledStopPoint:25:LOC" versionRef="1"/>
                     <StopPlaceRef ref="FR:55101:StopPlace:genAUTO$1058272780:TUB" versionRef="1"/>
                     <QuayRef ref="FR:55101:Quay:CGNCE3:TUB" versionRef="1"/>
                  </PassengerStopAssignment>
                  <PassengerStopAssignment id="TUB:PassengerStopAssignment:26:LOC" version="1" order="0">
                     <ScheduledStopPointRef ref="TUB:ScheduledStopPoint:26:LOC" versionRef="1"/>
                     <StopPlaceRef ref="FR:55366:StopPlace:genAUTO$104526413:TUB" versionRef="1"/>
                     <QuayRef ref="FR:55366:Quay:VDOVCM:TUB" versionRef="1"/>
                  </PassengerStopAssignment>
                  <PassengerStopAssignment id="TUB:PassengerStopAssignment:27:LOC" version="1" order="0">
                     <ScheduledStopPointRef ref="TUB:ScheduledStopPoint:27:LOC" versionRef="1"/>
                     <StopPlaceRef ref="FR:55366:StopPlace:genAUTO$104526416:TUB" versionRef="1"/>
                     <QuayRef ref="FR:55366:Quay:VDOVE1:TUB" versionRef="1"/>
                  </PassengerStopAssignment>
                  <PassengerStopAssignment id="TUB:PassengerStopAssignment:28:LOC" version="1" order="0">
                     <ScheduledStopPointRef ref="TUB:ScheduledStopPoint:28:LOC" versionRef="1"/>
                     <StopPlaceRef ref="FR:55186:StopPlace:genAUTO$1058272766:TUB" versionRef="1"/>
                     <QuayRef ref="FR:55186:Quay:FVEVA3:TUB" versionRef="1"/>
                  </PassengerStopAssignment>
                  <PassengerStopAssignment id="TUB:PassengerStopAssignment:29:LOC" version="1" order="0">
                     <ScheduledStopPointRef ref="TUB:ScheduledStopPoint:29:LOC" versionRef="1"/>
                     <StopPlaceRef ref="FR:55366:StopPlace:genAUTO$104526414:TUB" versionRef="1"/>
                     <QuayRef ref="FR:55366:Quay:VDOMUS:TUB" versionRef="1"/>
                  </PassengerStopAssignment>
                  <PassengerStopAssignment id="TUB:PassengerStopAssignment:30:LOC" version="1" order="0">
                     <ScheduledStopPointRef ref="TUB:ScheduledStopPoint:30:LOC" versionRef="1"/>
                     <StopPlaceRef ref="FR:55366:StopPlace:genAUTO$104526411:TUB" versionRef="1"/>
                     <QuayRef ref="FR:55366:Quay:VDOLOT:TUB" versionRef="1"/>
                  </PassengerStopAssignment>
                  <PassengerStopAssignment id="TUB:PassengerStopAssignment:31:LOC" version="1" order="0">
                     <ScheduledStopPointRef ref="TUB:ScheduledStopPoint:31:LOC" versionRef="1"/>
                     <StopPlaceRef ref="FR:55366:StopPlace:genAUTO$104526409:TUB" versionRef="1"/>
                     <QuayRef ref="FR:55366:Quay:VDOEL1:TUB" versionRef="1"/>
                  </PassengerStopAssignment>
                  <PassengerStopAssignment id="TUB:PassengerStopAssignment:32:LOC" version="1" order="0">
                     <ScheduledStopPointRef ref="TUB:ScheduledStopPoint:32:LOC" versionRef="1"/>
                     <StopPlaceRef ref="FR:55029:StopPlace:genAUTO$104526633:TUB" versionRef="1"/>
                     <QuayRef ref="FR:55029:Quay:BDGMM3:TUB" versionRef="1"/>
                  </PassengerStopAssignment>
                  <PassengerStopAssignment id="TUB:PassengerStopAssignment:33:LOC" version="1" order="0">
                     <ScheduledStopPointRef ref="TUB:ScheduledStopPoint:33:LOC" versionRef="1"/>
                     <StopPlaceRef ref="FR:55029:StopPlace:genAUTO$104526633:TUB" versionRef="1"/>
                     <QuayRef ref="FR:55029:Quay:BDGMM3:TUB" versionRef="1"/>
                  </PassengerStopAssignment>
                  <PassengerStopAssignment id="TUB:PassengerStopAssignment:34:LOC" version="1" order="0">
                     <ScheduledStopPointRef ref="TUB:ScheduledStopPoint:34:LOC" versionRef="1"/>
                     <StopPlaceRef ref="FR:55186:StopPlace:genAUTO$1058272766:TUB" versionRef="1"/>
                     <QuayRef ref="FR:55186:Quay:FVEVA3:TUB" versionRef="1"/>
                  </PassengerStopAssignment>
                  <PassengerStopAssignment id="TUB:PassengerStopAssignment:35:LOC" version="1" order="0">
                     <ScheduledStopPointRef ref="TUB:ScheduledStopPoint:35:LOC" versionRef="1"/>
                     <StopPlaceRef ref="FR:55366:StopPlace:genAUTO$104526415:TUB" versionRef="1"/>
                     <QuayRef ref="FR:55366:Quay:VDOVE2:TUB" versionRef="1"/>
                  </PassengerStopAssignment>
                  <PassengerStopAssignment id="TUB:PassengerStopAssignment:36:LOC" version="1" order="0">
                     <ScheduledStopPointRef ref="TUB:ScheduledStopPoint:36:LOC" versionRef="1"/>
                     <StopPlaceRef ref="FR:55101:StopPlace:genAUTO$1058272767:TUB" versionRef="1"/>
                     <QuayRef ref="FR:55101:Quay:CGNMR3:TUB" versionRef="1"/>
                  </PassengerStopAssignment>
                  <PassengerStopAssignment id="TUB:PassengerStopAssignment:37:LOC" version="1" order="0">
                     <ScheduledStopPointRef ref="TUB:ScheduledStopPoint:37:LOC" versionRef="1"/>
                     <StopPlaceRef ref="FR:55101:StopPlace:genAUTO$1058272780:TUB" versionRef="1"/>
                     <QuayRef ref="FR:55101:Quay:CGNCE3:TUB" versionRef="1"/>
                  </PassengerStopAssignment>
                  <PassengerStopAssignment id="TUB:PassengerStopAssignment:38:LOC" version="1" order="0">
                     <ScheduledStopPointRef ref="TUB:ScheduledStopPoint:38:LOC" versionRef="1"/>
                     <StopPlaceRef ref="FR:55366:StopPlace:genAUTO$104526410:TUB" versionRef="1"/>
                     <QuayRef ref="FR:55366:Quay:VDOCVA:TUB" versionRef="1"/>
                  </PassengerStopAssignment>
                  <PassengerStopAssignment id="TUB:PassengerStopAssignment:39:LOC" version="1" order="0">
                     <ScheduledStopPointRef ref="TUB:ScheduledStopPoint:39:LOC" versionRef="1"/>
                     <StopPlaceRef ref="FR:55366:StopPlace:genAUTO$104526413:TUB" versionRef="1"/>
                     <QuayRef ref="FR:55366:Quay:VDOVCM:TUB" versionRef="1"/>
                  </PassengerStopAssignment>
                  <PassengerStopAssignment id="TUB:PassengerStopAssignment:40:LOC" version="1" order="0">
                     <ScheduledStopPointRef ref="TUB:ScheduledStopPoint:40:LOC" versionRef="1"/>
                     <StopPlaceRef ref="FR:55366:StopPlace:genAUTO$1817787653:TUB" versionRef="1"/>
                     <QuayRef ref="FR:55366:Quay:VDOBUC:TUB" versionRef="1"/>
                  </PassengerStopAssignment>
                  <PassengerStopAssignment id="TUB:PassengerStopAssignment:41:LOC" version="1" order="0">
                     <ScheduledStopPointRef ref="TUB:ScheduledStopPoint:41:LOC" versionRef="1"/>
                     <StopPlaceRef ref="FR:55366:StopPlace:genAUTO$104526414:TUB" versionRef="1"/>
                     <QuayRef ref="FR:55366:Quay:VDOMUS:TUB" versionRef="1"/>
                  </PassengerStopAssignment>
                  <PassengerStopAssignment id="TUB:PassengerStopAssignment:42:LOC" version="1" order="0">
                     <ScheduledStopPointRef ref="TUB:ScheduledStopPoint:42:LOC" versionRef="1"/>
                     <StopPlaceRef ref="FR:55366:StopPlace:genAUTO$104526411:TUB" versionRef="1"/>
                     <QuayRef ref="FR:55366:Quay:VDOLOT:TUB" versionRef="1"/>
                  </PassengerStopAssignment>
                  <PassengerStopAssignment id="TUB:PassengerStopAssignment:43:LOC" version="1" order="0">
                     <ScheduledStopPointRef ref="TUB:ScheduledStopPoint:43:LOC" versionRef="1"/>
                     <StopPlaceRef ref="FR:55366:StopPlace:genAUTO$104526412:TUB" versionRef="1"/>
                     <QuayRef ref="FR:55366:Quay:VDOEL2:TUB" versionRef="1"/>
                  </PassengerStopAssignment>
                  <PassengerStopAssignment id="TUB:PassengerStopAssignment:44:LOC" version="1" order="0">
                     <ScheduledStopPointRef ref="TUB:ScheduledStopPoint:44:LOC" versionRef="1"/>
                     <StopPlaceRef ref="FR:55366:StopPlace:genAUTO$104526411:TUB" versionRef="1"/>
                     <QuayRef ref="FR:55366:Quay:VDOLOT:TUB" versionRef="1"/>
                  </PassengerStopAssignment>
                  <PassengerStopAssignment id="TUB:PassengerStopAssignment:45:LOC" version="1" order="0">
                     <ScheduledStopPointRef ref="TUB:ScheduledStopPoint:45:LOC" versionRef="1"/>
                     <StopPlaceRef ref="FR:55366:StopPlace:genAUTO$104526414:TUB" versionRef="1"/>
                     <QuayRef ref="FR:55366:Quay:VDOMUS:TUB" versionRef="1"/>
                  </PassengerStopAssignment>
               </members>
            </GeneralFrame>
            <GeneralFrame id="FR:GeneralFrame:NETEX_HORAIRE-20250904T013220:LOC" version="1.0" dataSourceRef="TUB">
               <TypeOfFrameRef ref="FR:TypeOfFrame:NETEX_HORAIRE"/>
               <members>
                  <ServiceJourney id="TUB:ServiceJourney:2-24293670913:LOC" version="1">
                     <TransportMode>bus</TransportMode>
                     <dayTypes>
                        <DayTypeRef ref="TUB:Timetable:DayType:114:LOC" versionRef="1"/>
                     </dayTypes>
                     <JourneyPatternRef ref="TUB:ServiceJourneyPattern:37:LOC" versionRef="1"/>
                     <passingTimes>
                        <TimetabledPassingTime version="any">
                           <ArrivalTime>12:10:00</ArrivalTime>
                           <ArrivalDayOffset>0</ArrivalDayOffset>
                           <DepartureTime>12:10:00</DepartureTime>
                           <DepartureDayOffset>0</DepartureDayOffset>
                        </TimetabledPassingTime>
                        <TimetabledPassingTime version="any">
                           <ArrivalTime>12:18:00</ArrivalTime>
                           <ArrivalDayOffset>0</ArrivalDayOffset>
                           <DepartureTime>12:18:00</DepartureTime>
                           <DepartureDayOffset>0</DepartureDayOffset>
                        </TimetabledPassingTime>
                        <TimetabledPassingTime version="any">
                           <ArrivalTime>12:20:00</ArrivalTime>
                           <ArrivalDayOffset>0</ArrivalDayOffset>
                           <DepartureTime>12:20:00</DepartureTime>
                           <DepartureDayOffset>0</DepartureDayOffset>
                        </TimetabledPassingTime>
                        <TimetabledPassingTime version="any">
                           <ArrivalTime>12:22:00</ArrivalTime>
                           <ArrivalDayOffset>0</ArrivalDayOffset>
                           <DepartureTime>12:22:00</DepartureTime>
                           <DepartureDayOffset>0</DepartureDayOffset>
                        </TimetabledPassingTime>
                        <TimetabledPassingTime version="any">
                           <ArrivalTime>12:25:00</ArrivalTime>
                           <ArrivalDayOffset>0</ArrivalDayOffset>
                           <DepartureTime>12:25:00</DepartureTime>
                           <DepartureDayOffset>0</DepartureDayOffset>
                        </TimetabledPassingTime>
                        <TimetabledPassingTime version="any">
                           <ArrivalTime>12:28:00</ArrivalTime>
                           <ArrivalDayOffset>0</ArrivalDayOffset>
                           <DepartureTime>12:28:00</DepartureTime>
                           <DepartureDayOffset>0</DepartureDayOffset>
                        </TimetabledPassingTime>
                        <TimetabledPassingTime version="any">
                           <ArrivalTime>12:31:00</ArrivalTime>
                           <ArrivalDayOffset>0</ArrivalDayOffset>
                           <DepartureTime>12:31:00</DepartureTime>
                           <DepartureDayOffset>0</DepartureDayOffset>
                        </TimetabledPassingTime>
                     </passingTimes>
                  </ServiceJourney>
                  <ServiceJourney id="TUB:ServiceJourney:2-24293801985:LOC" version="1">
                     <TransportMode>bus</TransportMode>
                     <dayTypes>
                        <DayTypeRef ref="TUB:Timetable:DayType:114:LOC" versionRef="1"/>
                     </dayTypes>
                     <JourneyPatternRef ref="TUB:ServiceJourneyPattern:39:LOC" versionRef="1"/>
                     <passingTimes>
                        <TimetabledPassingTime version="any">
                           <ArrivalTime>12:15:00</ArrivalTime>
                           <ArrivalDayOffset>0</ArrivalDayOffset>
                           <DepartureTime>12:15:00</DepartureTime>
                           <DepartureDayOffset>0</DepartureDayOffset>
                        </TimetabledPassingTime>
                        <TimetabledPassingTime version="any">
                           <ArrivalTime>12:24:00</ArrivalTime>
                           <ArrivalDayOffset>0</ArrivalDayOffset>
                           <DepartureTime>12:24:00</DepartureTime>
                           <DepartureDayOffset>0</DepartureDayOffset>
                        </TimetabledPassingTime>
                        <TimetabledPassingTime version="any">
                           <ArrivalTime>12:26:00</ArrivalTime>
                           <ArrivalDayOffset>0</ArrivalDayOffset>
                           <DepartureTime>12:26:00</DepartureTime>
                           <DepartureDayOffset>0</DepartureDayOffset>
                        </TimetabledPassingTime>
                        <TimetabledPassingTime version="any">
                           <ArrivalTime>12:28:00</ArrivalTime>
                           <ArrivalDayOffset>0</ArrivalDayOffset>
                           <DepartureTime>12:28:00</DepartureTime>
                           <DepartureDayOffset>0</DepartureDayOffset>
                        </TimetabledPassingTime>
                     </passingTimes>
                  </ServiceJourney>
                  <ServiceJourney id="TUB:ServiceJourney:2-24293670914:LOC" version="1">
                     <TransportMode>bus</TransportMode>
                     <dayTypes>
                        <DayTypeRef ref="TUB:Timetable:DayType:1227:LOC" versionRef="1"/>
                     </dayTypes>
                     <JourneyPatternRef ref="TUB:ServiceJourneyPattern:37:LOC" versionRef="1"/>
                     <passingTimes>
                        <TimetabledPassingTime version="any">
                           <ArrivalTime>18:15:00</ArrivalTime>
                           <ArrivalDayOffset>0</ArrivalDayOffset>
                           <DepartureTime>18:15:00</DepartureTime>
                           <DepartureDayOffset>0</DepartureDayOffset>
                        </TimetabledPassingTime>
                        <TimetabledPassingTime version="any">
                           <ArrivalTime>18:23:00</ArrivalTime>
                           <ArrivalDayOffset>0</ArrivalDayOffset>
                           <DepartureTime>18:23:00</DepartureTime>
                           <DepartureDayOffset>0</DepartureDayOffset>
                        </TimetabledPassingTime>
                        <TimetabledPassingTime version="any">
                           <ArrivalTime>18:25:00</ArrivalTime>
                           <ArrivalDayOffset>0</ArrivalDayOffset>
                           <DepartureTime>18:25:00</DepartureTime>
                           <DepartureDayOffset>0</DepartureDayOffset>
                        </TimetabledPassingTime>
                        <TimetabledPassingTime version="any">
                           <ArrivalTime>18:27:00</ArrivalTime>
                           <ArrivalDayOffset>0</ArrivalDayOffset>
                           <DepartureTime>18:27:00</DepartureTime>
                           <DepartureDayOffset>0</DepartureDayOffset>
                        </TimetabledPassingTime>
                        <TimetabledPassingTime version="any">
                           <ArrivalTime>18:30:00</ArrivalTime>
                           <ArrivalDayOffset>0</ArrivalDayOffset>
                           <DepartureTime>18:30:00</DepartureTime>
                           <DepartureDayOffset>0</DepartureDayOffset>
                        </TimetabledPassingTime>
                        <TimetabledPassingTime version="any">
                           <ArrivalTime>18:33:00</ArrivalTime>
                           <ArrivalDayOffset>0</ArrivalDayOffset>
                           <DepartureTime>18:33:00</DepartureTime>
                           <DepartureDayOffset>0</DepartureDayOffset>
                        </TimetabledPassingTime>
                        <TimetabledPassingTime version="any">
                           <ArrivalTime>18:36:00</ArrivalTime>
                           <ArrivalDayOffset>0</ArrivalDayOffset>
                           <DepartureTime>18:36:00</DepartureTime>
                           <DepartureDayOffset>0</DepartureDayOffset>
                        </TimetabledPassingTime>
                     </passingTimes>
                  </ServiceJourney>
                  <ServiceJourney id="TUB:ServiceJourney:2-24293736449:LOC" version="1">
                     <TransportMode>bus</TransportMode>
                     <dayTypes>
                        <DayTypeRef ref="TUB:Timetable:DayType:1227:LOC" versionRef="1"/>
                     </dayTypes>
                     <JourneyPatternRef ref="TUB:ServiceJourneyPattern:38:LOC" versionRef="1"/>
                     <passingTimes>
                        <TimetabledPassingTime version="any">
                           <ArrivalTime>17:20:00</ArrivalTime>
                           <ArrivalDayOffset>0</ArrivalDayOffset>
                           <DepartureTime>17:20:00</DepartureTime>
                           <DepartureDayOffset>0</DepartureDayOffset>
                        </TimetabledPassingTime>
                        <TimetabledPassingTime version="any">
                           <ArrivalTime>17:28:00</ArrivalTime>
                           <ArrivalDayOffset>0</ArrivalDayOffset>
                           <DepartureTime>17:28:00</DepartureTime>
                           <DepartureDayOffset>0</DepartureDayOffset>
                        </TimetabledPassingTime>
                        <TimetabledPassingTime version="any">
                           <ArrivalTime>17:30:00</ArrivalTime>
                           <ArrivalDayOffset>0</ArrivalDayOffset>
                           <DepartureTime>17:30:00</DepartureTime>
                           <DepartureDayOffset>0</DepartureDayOffset>
                        </TimetabledPassingTime>
                        <TimetabledPassingTime version="any">
                           <ArrivalTime>17:32:00</ArrivalTime>
                           <ArrivalDayOffset>0</ArrivalDayOffset>
                           <DepartureTime>17:32:00</DepartureTime>
                           <DepartureDayOffset>0</DepartureDayOffset>
                        </TimetabledPassingTime>
                        <TimetabledPassingTime version="any">
                           <ArrivalTime>17:35:00</ArrivalTime>
                           <ArrivalDayOffset>0</ArrivalDayOffset>
                           <DepartureTime>17:35:00</DepartureTime>
                           <DepartureDayOffset>0</DepartureDayOffset>
                        </TimetabledPassingTime>
                        <TimetabledPassingTime version="any">
                           <ArrivalTime>17:38:00</ArrivalTime>
                           <ArrivalDayOffset>0</ArrivalDayOffset>
                           <DepartureTime>17:38:00</DepartureTime>
                           <DepartureDayOffset>0</DepartureDayOffset>
                        </TimetabledPassingTime>
                        <TimetabledPassingTime version="any">
                           <ArrivalTime>17:41:00</ArrivalTime>
                           <ArrivalDayOffset>0</ArrivalDayOffset>
                           <DepartureTime>17:41:00</DepartureTime>
                           <DepartureDayOffset>0</DepartureDayOffset>
                        </TimetabledPassingTime>
                        <TimetabledPassingTime version="any">
                           <ArrivalTime>17:46:00</ArrivalTime>
                           <ArrivalDayOffset>0</ArrivalDayOffset>
                           <DepartureTime>17:46:00</DepartureTime>
                           <DepartureDayOffset>0</DepartureDayOffset>
                        </TimetabledPassingTime>
                        <TimetabledPassingTime version="any">
                           <ArrivalTime>17:48:00</ArrivalTime>
                           <ArrivalDayOffset>0</ArrivalDayOffset>
                           <DepartureTime>17:48:00</DepartureTime>
                           <DepartureDayOffset>0</DepartureDayOffset>
                        </TimetabledPassingTime>
                        <TimetabledPassingTime version="any">
                           <ArrivalTime>17:50:00</ArrivalTime>
                           <ArrivalDayOffset>0</ArrivalDayOffset>
                           <DepartureTime>17:50:00</DepartureTime>
                           <DepartureDayOffset>0</DepartureDayOffset>
                        </TimetabledPassingTime>
                     </passingTimes>
                  </ServiceJourney>
                  <ServiceJourney id="TUB:ServiceJourney:2-24293736450:LOC" version="1">
                     <TransportMode>bus</TransportMode>
                     <dayTypes>
                        <DayTypeRef ref="TUB:Timetable:DayType:1227:LOC" versionRef="1"/>
                     </dayTypes>
                     <JourneyPatternRef ref="TUB:ServiceJourneyPattern:38:LOC" versionRef="1"/>
                     <passingTimes>
                        <TimetabledPassingTime version="any">
                           <ArrivalTime>16:10:00</ArrivalTime>
                           <ArrivalDayOffset>0</ArrivalDayOffset>
                           <DepartureTime>16:10:00</DepartureTime>
                           <DepartureDayOffset>0</DepartureDayOffset>
                        </TimetabledPassingTime>
                        <TimetabledPassingTime version="any">
                           <ArrivalTime>16:18:00</ArrivalTime>
                           <ArrivalDayOffset>0</ArrivalDayOffset>
                           <DepartureTime>16:18:00</DepartureTime>
                           <DepartureDayOffset>0</DepartureDayOffset>
                        </TimetabledPassingTime>
                        <TimetabledPassingTime version="any">
                           <ArrivalTime>16:20:00</ArrivalTime>
                           <ArrivalDayOffset>0</ArrivalDayOffset>
                           <DepartureTime>16:20:00</DepartureTime>
                           <DepartureDayOffset>0</DepartureDayOffset>
                        </TimetabledPassingTime>
                        <TimetabledPassingTime version="any">
                           <ArrivalTime>16:22:00</ArrivalTime>
                           <ArrivalDayOffset>0</ArrivalDayOffset>
                           <DepartureTime>16:22:00</DepartureTime>
                           <DepartureDayOffset>0</DepartureDayOffset>
                        </TimetabledPassingTime>
                        <TimetabledPassingTime version="any">
                           <ArrivalTime>16:25:00</ArrivalTime>
                           <ArrivalDayOffset>0</ArrivalDayOffset>
                           <DepartureTime>16:25:00</DepartureTime>
                           <DepartureDayOffset>0</DepartureDayOffset>
                        </TimetabledPassingTime>
                        <TimetabledPassingTime version="any">
                           <ArrivalTime>16:28:00</ArrivalTime>
                           <ArrivalDayOffset>0</ArrivalDayOffset>
                           <DepartureTime>16:28:00</DepartureTime>
                           <DepartureDayOffset>0</DepartureDayOffset>
                        </TimetabledPassingTime>
                        <TimetabledPassingTime version="any">
                           <ArrivalTime>16:31:00</ArrivalTime>
                           <ArrivalDayOffset>0</ArrivalDayOffset>
                           <DepartureTime>16:31:00</DepartureTime>
                           <DepartureDayOffset>0</DepartureDayOffset>
                        </TimetabledPassingTime>
                        <TimetabledPassingTime version="any">
                           <ArrivalTime>16:36:00</ArrivalTime>
                           <ArrivalDayOffset>0</ArrivalDayOffset>
                           <DepartureTime>16:36:00</DepartureTime>
                           <DepartureDayOffset>0</DepartureDayOffset>
                        </TimetabledPassingTime>
                        <TimetabledPassingTime version="any">
                           <ArrivalTime>16:38:00</ArrivalTime>
                           <ArrivalDayOffset>0</ArrivalDayOffset>
                           <DepartureTime>16:38:00</DepartureTime>
                           <DepartureDayOffset>0</DepartureDayOffset>
                        </TimetabledPassingTime>
                        <TimetabledPassingTime version="any">
                           <ArrivalTime>16:40:00</ArrivalTime>
                           <ArrivalDayOffset>0</ArrivalDayOffset>
                           <DepartureTime>16:40:00</DepartureTime>
                           <DepartureDayOffset>0</DepartureDayOffset>
                        </TimetabledPassingTime>
                     </passingTimes>
                  </ServiceJourney>
                  <ServiceJourney id="TUB:ServiceJourney:2-24293801986:LOC" version="1">
                     <TransportMode>bus</TransportMode>
                     <dayTypes>
                        <DayTypeRef ref="TUB:Timetable:DayType:1227:LOC" versionRef="1"/>
                     </dayTypes>
                     <JourneyPatternRef ref="TUB:ServiceJourneyPattern:39:LOC" versionRef="1"/>
                     <passingTimes>
                        <TimetabledPassingTime version="any">
                           <ArrivalTime>18:15:00</ArrivalTime>
                           <ArrivalDayOffset>0</ArrivalDayOffset>
                           <DepartureTime>18:15:00</DepartureTime>
                           <DepartureDayOffset>0</DepartureDayOffset>
                        </TimetabledPassingTime>
                        <TimetabledPassingTime version="any">
                           <ArrivalTime>18:24:00</ArrivalTime>
                           <ArrivalDayOffset>0</ArrivalDayOffset>
                           <DepartureTime>18:24:00</DepartureTime>
                           <DepartureDayOffset>0</DepartureDayOffset>
                        </TimetabledPassingTime>
                        <TimetabledPassingTime version="any">
                           <ArrivalTime>18:26:00</ArrivalTime>
                           <ArrivalDayOffset>0</ArrivalDayOffset>
                           <DepartureTime>18:26:00</DepartureTime>
                           <DepartureDayOffset>0</DepartureDayOffset>
                        </TimetabledPassingTime>
                        <TimetabledPassingTime version="any">
                           <ArrivalTime>18:28:00</ArrivalTime>
                           <ArrivalDayOffset>0</ArrivalDayOffset>
                           <DepartureTime>18:28:00</DepartureTime>
                           <DepartureDayOffset>0</DepartureDayOffset>
                        </TimetabledPassingTime>
                     </passingTimes>
                  </ServiceJourney>
                  <ServiceJourney id="TUB:ServiceJourney:2-24293474305:LOC" version="1">
                     <TransportMode>bus</TransportMode>
                     <dayTypes>
                        <DayTypeRef ref="TUB:Timetable:DayType:1331:LOC" versionRef="1"/>
                     </dayTypes>
                     <JourneyPatternRef ref="TUB:ServiceJourneyPattern:5:LOC" versionRef="1"/>
                     <passingTimes>
                        <TimetabledPassingTime version="any">
                           <ArrivalTime>07:15:00</ArrivalTime>
                           <ArrivalDayOffset>0</ArrivalDayOffset>
                           <DepartureTime>07:15:00</DepartureTime>
                           <DepartureDayOffset>0</DepartureDayOffset>
                        </TimetabledPassingTime>
                        <TimetabledPassingTime version="any">
                           <ArrivalTime>07:22:00</ArrivalTime>
                           <ArrivalDayOffset>0</ArrivalDayOffset>
                           <DepartureTime>07:22:00</DepartureTime>
                           <DepartureDayOffset>0</DepartureDayOffset>
                        </TimetabledPassingTime>
                        <TimetabledPassingTime version="any">
                           <ArrivalTime>07:25:00</ArrivalTime>
                           <ArrivalDayOffset>0</ArrivalDayOffset>
                           <DepartureTime>07:25:00</DepartureTime>
                           <DepartureDayOffset>0</DepartureDayOffset>
                        </TimetabledPassingTime>
                        <TimetabledPassingTime version="any">
                           <ArrivalTime>07:28:00</ArrivalTime>
                           <ArrivalDayOffset>0</ArrivalDayOffset>
                           <DepartureTime>07:28:00</DepartureTime>
                           <DepartureDayOffset>0</DepartureDayOffset>
                        </TimetabledPassingTime>
                        <TimetabledPassingTime version="any">
                           <ArrivalTime>07:30:00</ArrivalTime>
                           <ArrivalDayOffset>0</ArrivalDayOffset>
                           <DepartureTime>07:30:00</DepartureTime>
                           <DepartureDayOffset>0</DepartureDayOffset>
                        </TimetabledPassingTime>
                        <TimetabledPassingTime version="any">
                           <ArrivalTime>07:32:00</ArrivalTime>
                           <ArrivalDayOffset>0</ArrivalDayOffset>
                           <DepartureTime>07:32:00</DepartureTime>
                           <DepartureDayOffset>0</DepartureDayOffset>
                        </TimetabledPassingTime>
                        <TimetabledPassingTime version="any">
                           <ArrivalTime>07:40:00</ArrivalTime>
                           <ArrivalDayOffset>0</ArrivalDayOffset>
                           <DepartureTime>07:40:00</DepartureTime>
                           <DepartureDayOffset>0</DepartureDayOffset>
                        </TimetabledPassingTime>
                     </passingTimes>
                  </ServiceJourney>
                  <ServiceJourney id="TUB:ServiceJourney:2-24293539841:LOC" version="1">
                     <TransportMode>bus</TransportMode>
                     <dayTypes>
                        <DayTypeRef ref="TUB:Timetable:DayType:1331:LOC" versionRef="1"/>
                     </dayTypes>
                     <JourneyPatternRef ref="TUB:ServiceJourneyPattern:6:LOC" versionRef="1"/>
                     <passingTimes>
                        <TimetabledPassingTime version="any">
                           <ArrivalTime>07:20:00</ArrivalTime>
                           <ArrivalDayOffset>0</ArrivalDayOffset>
                           <DepartureTime>07:20:00</DepartureTime>
                           <DepartureDayOffset>0</DepartureDayOffset>
                        </TimetabledPassingTime>
                        <TimetabledPassingTime version="any">
                           <ArrivalTime>07:22:00</ArrivalTime>
                           <ArrivalDayOffset>0</ArrivalDayOffset>
                           <DepartureTime>07:22:00</DepartureTime>
                           <DepartureDayOffset>0</DepartureDayOffset>
                        </TimetabledPassingTime>
                        <TimetabledPassingTime version="any">
                           <ArrivalTime>07:30:00</ArrivalTime>
                           <ArrivalDayOffset>0</ArrivalDayOffset>
                           <DepartureTime>07:30:00</DepartureTime>
                           <DepartureDayOffset>0</DepartureDayOffset>
                        </TimetabledPassingTime>
                        <TimetabledPassingTime version="any">
                           <ArrivalTime>07:40:00</ArrivalTime>
                           <ArrivalDayOffset>0</ArrivalDayOffset>
                           <DepartureTime>07:40:00</DepartureTime>
                           <DepartureDayOffset>0</DepartureDayOffset>
                        </TimetabledPassingTime>
                     </passingTimes>
                  </ServiceJourney>
                  <ServiceJourney id="TUB:ServiceJourney:2-24293605377:LOC" version="1">
                     <TransportMode>bus</TransportMode>
                     <dayTypes>
                        <DayTypeRef ref="TUB:Timetable:DayType:1331:LOC" versionRef="1"/>
                     </dayTypes>
                     <JourneyPatternRef ref="TUB:ServiceJourneyPattern:7:LOC" versionRef="1"/>
                     <passingTimes>
                        <TimetabledPassingTime version="any">
                           <ArrivalTime>08:03:00</ArrivalTime>
                           <ArrivalDayOffset>0</ArrivalDayOffset>
                           <DepartureTime>08:03:00</DepartureTime>
                           <DepartureDayOffset>0</DepartureDayOffset>
                        </TimetabledPassingTime>
                        <TimetabledPassingTime version="any">
                           <ArrivalTime>08:08:00</ArrivalTime>
                           <ArrivalDayOffset>0</ArrivalDayOffset>
                           <DepartureTime>08:08:00</DepartureTime>
                           <DepartureDayOffset>0</DepartureDayOffset>
                        </TimetabledPassingTime>
                        <TimetabledPassingTime version="any">
                           <ArrivalTime>08:09:00</ArrivalTime>
                           <ArrivalDayOffset>0</ArrivalDayOffset>
                           <DepartureTime>08:09:00</DepartureTime>
                           <DepartureDayOffset>0</DepartureDayOffset>
                        </TimetabledPassingTime>
                        <TimetabledPassingTime version="any">
                           <ArrivalTime>08:14:00</ArrivalTime>
                           <ArrivalDayOffset>0</ArrivalDayOffset>
                           <DepartureTime>08:14:00</DepartureTime>
                           <DepartureDayOffset>0</DepartureDayOffset>
                        </TimetabledPassingTime>
                        <TimetabledPassingTime version="any">
                           <ArrivalTime>08:16:00</ArrivalTime>
                           <ArrivalDayOffset>0</ArrivalDayOffset>
                           <DepartureTime>08:16:00</DepartureTime>
                           <DepartureDayOffset>0</DepartureDayOffset>
                        </TimetabledPassingTime>
                        <TimetabledPassingTime version="any">
                           <ArrivalTime>08:18:00</ArrivalTime>
                           <ArrivalDayOffset>0</ArrivalDayOffset>
                           <DepartureTime>08:18:00</DepartureTime>
                           <DepartureDayOffset>0</DepartureDayOffset>
                        </TimetabledPassingTime>
                        <TimetabledPassingTime version="any">
                           <ArrivalTime>08:28:00</ArrivalTime>
                           <ArrivalDayOffset>0</ArrivalDayOffset>
                           <DepartureTime>08:28:00</DepartureTime>
                           <DepartureDayOffset>0</DepartureDayOffset>
                        </TimetabledPassingTime>
                        <TimetabledPassingTime version="any">
                           <ArrivalTime>08:30:00</ArrivalTime>
                           <ArrivalDayOffset>0</ArrivalDayOffset>
                           <DepartureTime>08:30:00</DepartureTime>
                           <DepartureDayOffset>0</DepartureDayOffset>
                        </TimetabledPassingTime>
                        <TimetabledPassingTime version="any">
                           <ArrivalTime>08:32:00</ArrivalTime>
                           <ArrivalDayOffset>0</ArrivalDayOffset>
                           <DepartureTime>08:32:00</DepartureTime>
                           <DepartureDayOffset>0</DepartureDayOffset>
                        </TimetabledPassingTime>
                        <TimetabledPassingTime version="any">
                           <ArrivalTime>08:42:00</ArrivalTime>
                           <ArrivalDayOffset>0</ArrivalDayOffset>
                           <DepartureTime>08:42:00</DepartureTime>
                           <DepartureDayOffset>0</DepartureDayOffset>
                        </TimetabledPassingTime>
                     </passingTimes>
                  </ServiceJourney>
               </members>
            </GeneralFrame>
         </frames>
      </CompositeFrame>
   </dataObjects>
</PublicationDelivery>
