<?xml version="1.0" encoding="UTF-8"?>
<PublicationDelivery xmlns:xsi="http://www.w3.org/2001/XMLSchema-instance"
                     xsi:schemaLocation="http://www.netex.org.uk/netex"
                     xmlns="http://www.netex.org.uk/netex"
                     xmlns:xlink="http://www.w3.org/1999/xlink"
                     xmlns:ifopt="http://www.ifopt.org.uk/ifopt"
                     xmlns:gml="http://www.opengis.net/gml/3.2"
                     xmlns:core="http://www.govtalk.gov.uk/core"
                     xmlns:siri="http://www.siri.org.uk/siri"
                     version="1.10:FR-NETEX-2.2">
   <PublicationTimestamp>2025-09-04T01:32:20+02:00</PublicationTimestamp>
   <ParticipantRef>TUB</ParticipantRef>
   <Description>Offre sur la période du 04/09/2025 au 31/12/2025</Description>
   <dataObjects>
      <CompositeFrame id="FR:CompositeFrame:NETEX_LIGNE-20250904T013220:LOC" version="1.0">
         <Name>Salmagne - Bar le Duc</Name>
         <FrameDefaults>
            <DefaultLocale>
               <TimeZone>Europe/Paris</TimeZone>
               <DefaultLanguage>fr</DefaultLanguage>
            </DefaultLocale>
            <DefaultLocationSystem>WGS84</DefaultLocationSystem>
            <DefaultSystemOfUnits>SiMetres</DefaultSystemOfUnits>
         </FrameDefaults>
         <frames>
            <ResourceFrame id="FR:ResourceFrame:1" version="any">
               <typesOfValue>
                  <ValueSet id="FR:ValueSet:TypeOfFrame" nameOfClass="TypeOfFrame" version="any">
                     <Name>TypeOfFrame</Name>
                     <values>
                        <TypeOfFrame id="FR:TypeOfFrame:NETEX_RESEAU" version="any">
                           <Name>NETEX_RESEAU</Name>
                        </TypeOfFrame>
                        <TypeOfFrame id="FR:TypeOfFrame:NETEX_HORAIRE" version="any">
                           <Name>NETEX_HORAIRE</Name>
                        </TypeOfFrame>
                     </values>
                  </ValueSet>
               </typesOfValue>
            </ResourceFrame>
            <GeneralFrame id="FR:GeneralFrame:NETEX_RESEAU-20250904T013220:LOC" version="1.0" dataSourceRef="TUB">
               <TypeOfFrameRef ref="FR:TypeOfFrame:NETEX_RESEAU"/>
               <members>
                  <Route id="TUB:Route:1452-A:LOC" version="1">
                     <Name>Salmagne - Bar le Duc - Aller</Name>
                     <LineRef ref="TUB:Line:1452:LOC" versionRef="1"/>
                     <DirectionType>outbound</DirectionType>
                     <DirectionRef ref="TUB:Direction:1452-A:LOC" versionRef="1"/>
                     <InverseRouteRef ref="TUB:Route:1452-R:LOC" versionRef="1"/>
                  </Route>
                  <Direction id="TUB:Direction:1452-A:LOC" version="1">
                     <Name>Salmagne - Bar le Duc - Aller</Name>
                     <DirectionType>outbound</DirectionType>
                  </Direction>
                  <Route id="TUB:Route:1452-R:LOC" version="1">
                     <Name>Salmagne - Bar le Duc - Retour</Name>
                     <LineRef ref="TUB:Line:1452:LOC" versionRef="1"/>
                     <DirectionType>inbound</DirectionType>
                     <DirectionRef ref="TUB:Direction:1452-R:LOC" versionRef="1"/>
                     <InverseRouteRef ref="TUB:Route:1452-A:LOC" versionRef="1"/>
                  </Route>
                  <Direction id="TUB:Direction:1452-R:LOC" version="1">
                     <Name>Salmagne - Bar le Duc - Retour</Name>
                     <DirectionType>inbound</DirectionType>
                  </Direction>
                  <ServiceJourneyPattern id="TUB:ServiceJourneyPattern:12:LOC" version="1">
                     <Name>BAR LE DUC - Gare multimodale</Name>
                     <PrivateCode>14973960</PrivateCode>
                     <RouteRef ref="TUB:Route:1452-A:LOC" versionRef="1"/>
                     <DestinationDisplayRef ref="TUB:DestinationDisplay:12:LOC" versionRef="1"/>
                     <pointsInSequence>
                        <StopPointInJourneyPattern id="TUB:StopPointInJourneyPattern:12x1:LOC" version="any" order="5">
                           <ScheduledStopPointRef ref="TUB:ScheduledStopPoint:84:LOC" versionRef="1"/>
                           <ForAlighting>false</ForAlighting>
                           <ForBoarding>true</ForBoarding>
                           <RequestStop>false</RequestStop>
                        </StopPointInJourneyPattern>
                        <StopPointInJourneyPattern id="TUB:StopPointInJourneyPattern:12x2:LOC" version="any" order="7">
                           <ScheduledStopPointRef ref="TUB:ScheduledStopPoint:86:LOC" versionRef="1"/>
                           <ForAlighting>true</ForAlighting>
                           <ForBoarding>true</ForBoarding>
                           <RequestStop>false</RequestStop>
                        </StopPointInJourneyPattern>
                        <StopPointInJourneyPattern id="TUB:StopPointInJourneyPattern:12x3:LOC" version="any" order="8">
                           <ScheduledStopPointRef ref="TUB:ScheduledStopPoint:87:LOC" versionRef="1"/>
                           <ForAlighting>true</ForAlighting>
                           <ForBoarding>true</ForBoarding>
                           <RequestStop>false</RequestStop>
                        </StopPointInJourneyPattern>
                        <StopPointInJourneyPattern id="TUB:StopPointInJourneyPattern:12x4:LOC" version="any" order="11">
                           <ScheduledStopPointRef ref="TUB:ScheduledStopPoint:90:LOC" versionRef="1"/>
                           <ForAlighting>true</ForAlighting>
                           <ForBoarding>true</ForBoarding>
                           <RequestStop>false</RequestStop>
                        </StopPointInJourneyPattern>
                        <StopPointInJourneyPattern id="TUB:StopPointInJourneyPattern:12x5:LOC" version="any" order="12">
                           <ScheduledStopPointRef ref="TUB:ScheduledStopPoint:91:LOC" versionRef="1"/>
                           <ForAlighting>true</ForAlighting>
                           <ForBoarding>true</ForBoarding>
                           <RequestStop>false</RequestStop>
                        </StopPointInJourneyPattern>
                        <StopPointInJourneyPattern id="TUB:StopPointInJourneyPattern:12x6:LOC" version="any" order="13">
                           <ScheduledStopPointRef ref="TUB:ScheduledStopPoint:92:LOC" versionRef="1"/>
                           <ForAlighting>true</ForAlighting>
                           <ForBoarding>false</ForBoarding>
                           <RequestStop>false</RequestStop>
                        </StopPointInJourneyPattern>
                     </pointsInSequence>
                     <ServiceJourneyPatternType>passenger</ServiceJourneyPatternType>
                  </ServiceJourneyPattern>
                  <ServiceJourneyPattern id="TUB:ServiceJourneyPattern:13:LOC" version="1">
                     <Name>LOISEY CULEY - Loisey</Name>
                     <PrivateCode>14973954</PrivateCode>
                     <RouteRef ref="TUB:Route:1452-A:LOC" versionRef="1"/>
                     <DestinationDisplayRef ref="TUB:DestinationDisplay:13:LOC" versionRef="1"/>
                     <pointsInSequence>
                        <StopPointInJourneyPattern id="TUB:StopPointInJourneyPattern:13x1:LOC" version="any" order="3">
                           <ScheduledStopPointRef ref="TUB:ScheduledStopPoint:82:LOC" versionRef="1"/>
                           <ForAlighting>false</ForAlighting>
                           <ForBoarding>true</ForBoarding>
                           <RequestStop>false</RequestStop>
                        </StopPointInJourneyPattern>
                        <StopPointInJourneyPattern id="TUB:StopPointInJourneyPattern:13x2:LOC" version="any" order="4">
                           <ScheduledStopPointRef ref="TUB:ScheduledStopPoint:83:LOC" versionRef="1"/>
                           <ForAlighting>true</ForAlighting>
                           <ForBoarding>true</ForBoarding>
                           <RequestStop>false</RequestStop>
                        </StopPointInJourneyPattern>
                        <StopPointInJourneyPattern id="TUB:StopPointInJourneyPattern:13x3:LOC" version="any" order="5">
                           <ScheduledStopPointRef ref="TUB:ScheduledStopPoint:84:LOC" versionRef="1"/>
                           <ForAlighting>true</ForAlighting>
                           <ForBoarding>true</ForBoarding>
                           <RequestStop>false</RequestStop>
                        </StopPointInJourneyPattern>
                        <StopPointInJourneyPattern id="TUB:StopPointInJourneyPattern:13x4:LOC" version="any" order="6">
                           <ScheduledStopPointRef ref="TUB:ScheduledStopPoint:85:LOC" versionRef="1"/>
                           <ForAlighting>true</ForAlighting>
                           <ForBoarding>false</ForBoarding>
                           <RequestStop>false</RequestStop>
                        </StopPointInJourneyPattern>
                     </pointsInSequence>
                     <ServiceJourneyPatternType>passenger</ServiceJourneyPatternType>
                  </ServiceJourneyPattern>
                  <ServiceJourneyPattern id="TUB:ServiceJourneyPattern:14:LOC" version="1">
                     <Name>LONGEVILLE EN BARROIS - Groupe scolaire</Name>
                     <PrivateCode>14973955</PrivateCode>
                     <RouteRef ref="TUB:Route:1452-A:LOC" versionRef="1"/>
                     <DestinationDisplayRef ref="TUB:DestinationDisplay:14:LOC" versionRef="1"/>
                     <pointsInSequence>
                        <StopPointInJourneyPattern id="TUB:StopPointInJourneyPattern:14x1:LOC" version="any" order="9">
                           <ScheduledStopPointRef ref="TUB:ScheduledStopPoint:88:LOC" versionRef="1"/>
                           <ForAlighting>false</ForAlighting>
                           <ForBoarding>true</ForBoarding>
                           <RequestStop>false</RequestStop>
                        </StopPointInJourneyPattern>
                        <StopPointInJourneyPattern id="TUB:StopPointInJourneyPattern:14x2:LOC" version="any" order="10">
                           <ScheduledStopPointRef ref="TUB:ScheduledStopPoint:89:LOC" versionRef="1"/>
                           <ForAlighting>true</ForAlighting>
                           <ForBoarding>true</ForBoarding>
                           <RequestStop>false</RequestStop>
                        </StopPointInJourneyPattern>
                        <StopPointInJourneyPattern id="TUB:StopPointInJourneyPattern:14x3:LOC" version="any" order="11">
                           <ScheduledStopPointRef ref="TUB:ScheduledStopPoint:90:LOC" versionRef="1"/>
                           <ForAlighting>true</ForAlighting>
                           <ForBoarding>false</ForBoarding>
                           <RequestStop>false</RequestStop>
                        </StopPointInJourneyPattern>
                     </pointsInSequence>
                     <ServiceJourneyPatternType>passenger</ServiceJourneyPatternType>
                  </ServiceJourneyPattern>
                  <ServiceJourneyPattern id="TUB:ServiceJourneyPattern:15:LOC" version="1">
                     <Name>TRONVILLE EN BARROIS - Ecole</Name>
                     <PrivateCode>14973956</PrivateCode>
                     <RouteRef ref="TUB:Route:1452-A:LOC" versionRef="1"/>
                     <DestinationDisplayRef ref="TUB:DestinationDisplay:15:LOC" versionRef="1"/>
                     <pointsInSequence>
                        <StopPointInJourneyPattern id="TUB:StopPointInJourneyPattern:15x1:LOC" version="any" order="1">
                           <ScheduledStopPointRef ref="TUB:ScheduledStopPoint:80:LOC" versionRef="1"/>
                           <ForAlighting>false</ForAlighting>
                           <ForBoarding>true</ForBoarding>
                           <RequestStop>false</RequestStop>
                        </StopPointInJourneyPattern>
                        <StopPointInJourneyPattern id="TUB:StopPointInJourneyPattern:15x2:LOC" version="any" order="2">
                           <ScheduledStopPointRef ref="TUB:ScheduledStopPoint:81:LOC" versionRef="1"/>
                           <ForAlighting>true</ForAlighting>
                           <ForBoarding>false</ForBoarding>
                           <RequestStop>false</RequestStop>
                        </StopPointInJourneyPattern>
                     </pointsInSequence>
                     <ServiceJourneyPatternType>passenger</ServiceJourneyPatternType>
                  </ServiceJourneyPattern>
                  <ServiceJourneyPattern id="TUB:ServiceJourneyPattern:44:LOC" version="1">
                     <Name>LOISEY CULEY - Culey</Name>
                     <PrivateCode>14973957</PrivateCode>
                     <RouteRef ref="TUB:Route:1452-R:LOC" versionRef="1"/>
                     <DestinationDisplayRef ref="TUB:DestinationDisplay:44:LOC" versionRef="1"/>
                     <pointsInSequence>
                        <StopPointInJourneyPattern id="TUB:StopPointInJourneyPattern:44x1:LOC" version="any" order="10">
                           <ScheduledStopPointRef ref="TUB:ScheduledStopPoint:102:LOC" versionRef="1"/>
                           <ForAlighting>false</ForAlighting>
                           <ForBoarding>true</ForBoarding>
                           <RequestStop>false</RequestStop>
                        </StopPointInJourneyPattern>
                        <StopPointInJourneyPattern id="TUB:StopPointInJourneyPattern:44x2:LOC" version="any" order="11">
                           <ScheduledStopPointRef ref="TUB:ScheduledStopPoint:103:LOC" versionRef="1"/>
                           <ForAlighting>true</ForAlighting>
                           <ForBoarding>true</ForBoarding>
                           <RequestStop>false</RequestStop>
                        </StopPointInJourneyPattern>
                        <StopPointInJourneyPattern id="TUB:StopPointInJourneyPattern:44x3:LOC" version="any" order="12">
                           <ScheduledStopPointRef ref="TUB:ScheduledStopPoint:104:LOC" versionRef="1"/>
                           <ForAlighting>true</ForAlighting>
                           <ForBoarding>true</ForBoarding>
                           <RequestStop>false</RequestStop>
                        </StopPointInJourneyPattern>
                        <StopPointInJourneyPattern id="TUB:StopPointInJourneyPattern:44x4:LOC" version="any" order="13">
                           <ScheduledStopPointRef ref="TUB:ScheduledStopPoint:105:LOC" versionRef="1"/>
                           <ForAlighting>true</ForAlighting>
                           <ForBoarding>false</ForBoarding>
                           <RequestStop>false</RequestStop>
                        </StopPointInJourneyPattern>
                     </pointsInSequence>
                     <ServiceJourneyPatternType>passenger</ServiceJourneyPatternType>
                  </ServiceJourneyPattern>
                  <ServiceJourneyPattern id="TUB:ServiceJourneyPattern:45:LOC" version="1">
                     <Name>SALMAGNE - Centre</Name>
                     <PrivateCode>14973958</PrivateCode>
                     <RouteRef ref="TUB:Route:1452-R:LOC" versionRef="1"/>
                     <DestinationDisplayRef ref="TUB:DestinationDisplay:45:LOC" versionRef="1"/>
                     <pointsInSequence>
                        <StopPointInJourneyPattern id="TUB:StopPointInJourneyPattern:45x1:LOC" version="any" order="3">
                           <ScheduledStopPointRef ref="TUB:ScheduledStopPoint:95:LOC" versionRef="1"/>
                           <ForAlighting>false</ForAlighting>
                           <ForBoarding>true</ForBoarding>
                           <RequestStop>false</RequestStop>
                        </StopPointInJourneyPattern>
                        <StopPointInJourneyPattern id="TUB:StopPointInJourneyPattern:45x2:LOC" version="any" order="4">
                           <ScheduledStopPointRef ref="TUB:ScheduledStopPoint:96:LOC" versionRef="1"/>
                           <ForAlighting>true</ForAlighting>
                           <ForBoarding>true</ForBoarding>
                           <RequestStop>false</RequestStop>
                        </StopPointInJourneyPattern>
                        <StopPointInJourneyPattern id="TUB:StopPointInJourneyPattern:45x3:LOC" version="any" order="5">
                           <ScheduledStopPointRef ref="TUB:ScheduledStopPoint:97:LOC" versionRef="1"/>
                           <ForAlighting>true</ForAlighting>
                           <ForBoarding>true</ForBoarding>
                           <RequestStop>false</RequestStop>
                        </StopPointInJourneyPattern>
                        <StopPointInJourneyPattern id="TUB:StopPointInJourneyPattern:45x4:LOC" version="any" order="8">
                           <ScheduledStopPointRef ref="TUB:ScheduledStopPoint:100:LOC" versionRef="1"/>
                           <ForAlighting>true</ForAlighting>
                           <ForBoarding>true</ForBoarding>
                           <RequestStop>false</RequestStop>
                        </StopPointInJourneyPattern>
                        <StopPointInJourneyPattern id="TUB:StopPointInJourneyPattern:45x5:LOC" version="any" order="9">
                           <ScheduledStopPointRef ref="TUB:ScheduledStopPoint:101:LOC" versionRef="1"/>
                           <ForAlighting>true</ForAlighting>
                           <ForBoarding>true</ForBoarding>
                           <RequestStop>false</RequestStop>
                        </StopPointInJourneyPattern>
                        <StopPointInJourneyPattern id="TUB:StopPointInJourneyPattern:45x6:LOC" version="any" order="11">
                           <ScheduledStopPointRef ref="TUB:ScheduledStopPoint:103:LOC" versionRef="1"/>
                           <ForAlighting>true</ForAlighting>
                           <ForBoarding>false</ForBoarding>
                           <RequestStop>false</RequestStop>
                        </StopPointInJourneyPattern>
                     </pointsInSequence>
                     <ServiceJourneyPatternType>passenger</ServiceJourneyPatternType>
                  </ServiceJourneyPattern>
                  <ServiceJourneyPattern id="TUB:ServiceJourneyPattern:46:LOC" version="1">
                     <Name>GUERPONT - Eglise</Name>
                     <PrivateCode>14973959</PrivateCode>
                     <RouteRef ref="TUB:Route:1452-R:LOC" versionRef="1"/>
                     <DestinationDisplayRef ref="TUB:DestinationDisplay:46:LOC" versionRef="1"/>
                     <pointsInSequence>
                        <StopPointInJourneyPattern id="TUB:StopPointInJourneyPattern:46x1:LOC" version="any" order="1">
                           <ScheduledStopPointRef ref="TUB:ScheduledStopPoint:93:LOC" versionRef="1"/>
                           <ForAlighting>false</ForAlighting>
                           <ForBoarding>true</ForBoarding>
                           <RequestStop>false</RequestStop>
                        </StopPointInJourneyPattern>
                        <StopPointInJourneyPattern id="TUB:StopPointInJourneyPattern:46x2:LOC" version="any" order="2">
                           <ScheduledStopPointRef ref="TUB:ScheduledStopPoint:94:LOC" versionRef="1"/>
                           <ForAlighting>true</ForAlighting>
                           <ForBoarding>false</ForBoarding>
                           <RequestStop>false</RequestStop>
                        </StopPointInJourneyPattern>
                     </pointsInSequence>
                     <ServiceJourneyPatternType>passenger</ServiceJourneyPatternType>
                  </ServiceJourneyPattern>
                  <ServiceJourneyPattern id="TUB:ServiceJourneyPattern:47:LOC" version="1">
                     <Name>SILMONT - Rue des appes</Name>
                     <PrivateCode>14973953</PrivateCode>
                     <RouteRef ref="TUB:Route:1452-R:LOC" versionRef="1"/>
                     <DestinationDisplayRef ref="TUB:DestinationDisplay:47:LOC" versionRef="1"/>
                     <pointsInSequence>
                        <StopPointInJourneyPattern id="TUB:StopPointInJourneyPattern:47x1:LOC" version="any" order="5">
                           <ScheduledStopPointRef ref="TUB:ScheduledStopPoint:97:LOC" versionRef="1"/>
                           <ForAlighting>false</ForAlighting>
                           <ForBoarding>true</ForBoarding>
                           <RequestStop>false</RequestStop>
                        </StopPointInJourneyPattern>
                        <StopPointInJourneyPattern id="TUB:StopPointInJourneyPattern:47x2:LOC" version="any" order="6">
                           <ScheduledStopPointRef ref="TUB:ScheduledStopPoint:98:LOC" versionRef="1"/>
                           <ForAlighting>true</ForAlighting>
                           <ForBoarding>true</ForBoarding>
                           <RequestStop>false</RequestStop>
                        </StopPointInJourneyPattern>
                        <StopPointInJourneyPattern id="TUB:StopPointInJourneyPattern:47x3:LOC" version="any" order="7">
                           <ScheduledStopPointRef ref="TUB:ScheduledStopPoint:99:LOC" versionRef="1"/>
                           <ForAlighting>true</ForAlighting>
                           <ForBoarding>false</ForBoarding>
                           <RequestStop>false</RequestStop>
                        </StopPointInJourneyPattern>
                     </pointsInSequence>
                     <ServiceJourneyPatternType>passenger</ServiceJourneyPatternType>
                  </ServiceJourneyPattern>
                  <DestinationDisplay id="TUB:DestinationDisplay:12:LOC" version="1">
                     <FrontText>BAR LE DUC - Gare multimodale</FrontText>
                  </DestinationDisplay>
                  <DestinationDisplay id="TUB:DestinationDisplay:13:LOC" version="1">
                     <FrontText>LOISEY CULEY - Loisey</FrontText>
                  </DestinationDisplay>
                  <DestinationDisplay id="TUB:DestinationDisplay:14:LOC" version="1">
                     <FrontText>LONGEVILLE EN BARROIS - Groupe scolaire</FrontText>
                  </DestinationDisplay>
                  <DestinationDisplay id="TUB:DestinationDisplay:15:LOC" version="1">
                     <FrontText>TRONVILLE EN BARROIS - Ecole</FrontText>
                  </DestinationDisplay>
                  <DestinationDisplay id="TUB:DestinationDisplay:44:LOC" version="1">
                     <FrontText>LOISEY CULEY - Culey</FrontText>
                  </DestinationDisplay>
                  <DestinationDisplay id="TUB:DestinationDisplay:45:LOC" version="1">
                     <FrontText>SALMAGNE - Centre</FrontText>
                  </DestinationDisplay>
                  <DestinationDisplay id="TUB:DestinationDisplay:46:LOC" version="1">
                     <FrontText>GUERPONT - Eglise</FrontText>
                  </DestinationDisplay>
                  <DestinationDisplay id="TUB:DestinationDisplay:47:LOC" version="1">
                     <FrontText>SILMONT - Rue des appes</FrontText>
                  </DestinationDisplay>
                  <ScheduledStopPoint id="TUB:ScheduledStopPoint:80:LOC" version="1">
                     <Name>GUERPONT - Eglise</Name>
                     <Location id="TUB:Location:c0d73b39fa7c4a19a44c08e306a01030:LOC">
                        <Longitude>5.2566681</Longitude>
                        <Latitude>48.7293819</Latitude>
                        <gml:pos srsName="EPSG:27572">814877.270302248 2418531.33288771</gml:pos>
                     </Location>
                  </ScheduledStopPoint>
                  <ScheduledStopPoint id="TUB:ScheduledStopPoint:81:LOC" version="1">
                     <Name>TRONVILLE EN BARROIS - Ecole</Name>
                     <Location id="TUB:Location:c53407da41904b93ad8bacf3b94dea30:LOC">
                        <Longitude>5.2822301</Longitude>
                        <Latitude>48.7232499</Latitude>
                        <gml:pos srsName="EPSG:27572">816782.90484759 2417919.76741211</gml:pos>
                     </Location>
                  </ScheduledStopPoint>
                  <ScheduledStopPoint id="TUB:ScheduledStopPoint:82:LOC" version="1">
                     <Name>LOISEY CULEY - Culey</Name>
                     <Location id="TUB:Location:2afd303e86d54a749502fa5aa1c53d72:LOC">
                        <Longitude>5.2666041</Longitude>
                        <Latitude>48.7555799</Latitude>
                        <gml:pos srsName="EPSG:27572">815499.458142364 2421471.20510743</gml:pos>
                     </Location>
                  </ScheduledStopPoint>
                  <ScheduledStopPoint id="TUB:ScheduledStopPoint:83:LOC" version="1">
                     <Name>LOISEY CULEY - Loisey</Name>
                     <Location id="TUB:Location:9bec99f625954a848bc48947c7216522:LOC">
                        <Longitude>5.2843841</Longitude>
                        <Latitude>48.7647939</Latitude>
                        <gml:pos srsName="EPSG:27572">816768.080723492 2422544.49881821</gml:pos>
                     </Location>
                  </ScheduledStopPoint>
                  <ScheduledStopPoint id="TUB:ScheduledStopPoint:84:LOC" version="1">
                     <Name>SALMAGNE - Centre</Name>
                     <Location id="TUB:Location:e3ff5d5f1b824e278f8105ae31295cbb:LOC">
                        <Longitude>5.3245161</Longitude>
                        <Latitude>48.7509609</Latitude>
                        <gml:pos srsName="EPSG:27572">819776.1991095 2421117.98901047</gml:pos>
                     </Location>
                  </ScheduledStopPoint>
                  <ScheduledStopPoint id="TUB:ScheduledStopPoint:85:LOC" version="1">
                     <Name>LOISEY CULEY - Loisey</Name>
                     <Location id="TUB:Location:5c029debad894753acc1acb3a4bcd36d:LOC">
                        <Longitude>5.2843841</Longitude>
                        <Latitude>48.7647939</Latitude>
                        <gml:pos srsName="EPSG:27572">816768.080723492 2422544.49881821</gml:pos>
                     </Location>
                  </ScheduledStopPoint>
                  <ScheduledStopPoint id="TUB:ScheduledStopPoint:86:LOC" version="1">
                     <Name>TRONVILLE EN BARROIS - Lotissement Combles</Name>
                     <Location id="TUB:Location:3f9fc033c9c74feab859f09459b829bc:LOC">
                        <Longitude>5.2856341</Longitude>
                        <Latitude>48.7259229</Latitude>
                        <gml:pos srsName="EPSG:27572">817022.143143185 2418226.33391984</gml:pos>
                     </Location>
                  </ScheduledStopPoint>
                  <ScheduledStopPoint id="TUB:ScheduledStopPoint:87:LOC" version="1">
                     <Name>TANNOIS - Cimetière</Name>
                     <Location id="TUB:Location:5f36daee78a34a2ea4a7359c5c41e37d:LOC">
                        <Longitude>5.2319451</Longitude>
                        <Latitude>48.7280109</Latitude>
                        <gml:pos srsName="EPSG:27572">813064.494412783 2418311.6193715</gml:pos>
                     </Location>
                  </ScheduledStopPoint>
                  <ScheduledStopPoint id="TUB:ScheduledStopPoint:88:LOC" version="1">
                     <Name>TANNOIS - Centre</Name>
                     <Location id="TUB:Location:eb2b3604bcdc4f64b78a19b63950e518:LOC">
                        <Longitude>5.2308191</Longitude>
                        <Latitude>48.7242739</Latitude>
                        <gml:pos srsName="EPSG:27572">812996.976297468 2417893.09044405</gml:pos>
                     </Location>
                  </ScheduledStopPoint>
                  <ScheduledStopPoint id="TUB:ScheduledStopPoint:89:LOC" version="1">
                     <Name>SILMONT - Rue des appes</Name>
                     <Location id="TUB:Location:46a66e61bbd8427fa7db610c0fbbcf7a:LOC">
                        <Longitude>5.2468041</Longitude>
                        <Latitude>48.7348659</Latitude>
                        <gml:pos srsName="EPSG:27572">814129.189006708 2419114.12526794</gml:pos>
                     </Location>
                  </ScheduledStopPoint>
                  <ScheduledStopPoint id="TUB:ScheduledStopPoint:90:LOC" version="1">
                     <Name>LONGEVILLE EN BARROIS - Groupe scolaire</Name>
                     <Location id="TUB:Location:94a85f596f424aad90464e908726667a:LOC">
                        <Longitude>5.2111881</Longitude>
                        <Latitude>48.7418089</Latitude>
                        <gml:pos srsName="EPSG:27572">811481.629070205 2419789.64707077</gml:pos>
                     </Location>
                  </ScheduledStopPoint>
                  <ScheduledStopPoint id="TUB:ScheduledStopPoint:91:LOC" version="1">
                     <Name>LONGEVILLE EN BARROIS - Lotissement</Name>
                     <Location id="TUB:Location:607eba260e22438481d7671232dfc933:LOC">
                        <Longitude>5.2085141</Longitude>
                        <Latitude>48.7449389</Latitude>
                        <gml:pos srsName="EPSG:27572">811272.280126484 2420130.45766794</gml:pos>
                     </Location>
                  </ScheduledStopPoint>
                  <ScheduledStopPoint id="TUB:ScheduledStopPoint:92:LOC" version="1">
                     <Name>BAR LE DUC - Gare multimodale</Name>
                     <Location id="TUB:Location:4fb416940b9d4085a96ab3a38c0d10c0:LOC">
                        <Longitude>5.1658491</Longitude>
                        <Latitude>48.7741389</Latitude>
                        <gml:pos srsName="EPSG:27572">808018.207916953 2423263.27984077</gml:pos>
                     </Location>
                  </ScheduledStopPoint>
                  <ScheduledStopPoint id="TUB:ScheduledStopPoint:93:LOC" version="1">
                     <Name>TRONVILLE EN BARROIS - Ecole</Name>
                     <Location id="TUB:Location:5fda4f37b19f4ed3b830a23e79369450:LOC">
                        <Longitude>5.2822301</Longitude>
                        <Latitude>48.7232499</Latitude>
                        <gml:pos srsName="EPSG:27572">816782.90484759 2417919.76741211</gml:pos>
                     </Location>
                  </ScheduledStopPoint>
                  <ScheduledStopPoint id="TUB:ScheduledStopPoint:94:LOC" version="1">
                     <Name>GUERPONT - Eglise</Name>
                     <Location id="TUB:Location:289ff9a399c34daf9d499b87768c69bf:LOC">
                        <Longitude>5.2566681</Longitude>
                        <Latitude>48.7293819</Latitude>
                        <gml:pos srsName="EPSG:27572">814877.270302248 2418531.33288771</gml:pos>
                     </Location>
                  </ScheduledStopPoint>
                  <ScheduledStopPoint id="TUB:ScheduledStopPoint:95:LOC" version="1">
                     <Name>BAR LE DUC - Gare multimodale</Name>
                     <Location id="TUB:Location:968610d3987d435ba49577426852d9d5:LOC">
                        <Longitude>5.1658491</Longitude>
                        <Latitude>48.7741389</Latitude>
                        <gml:pos srsName="EPSG:27572">808018.207916953 2423263.27984077</gml:pos>
                     </Location>
                  </ScheduledStopPoint>
                  <ScheduledStopPoint id="TUB:ScheduledStopPoint:96:LOC" version="1">
                     <Name>LONGEVILLE EN BARROIS - Lotissement</Name>
                     <Location id="TUB:Location:d331dd0280de45d781d98488e85e6128:LOC">
                        <Longitude>5.2085141</Longitude>
                        <Latitude>48.7449389</Latitude>
                        <gml:pos srsName="EPSG:27572">811272.280126484 2420130.45766794</gml:pos>
                     </Location>
                  </ScheduledStopPoint>
                  <ScheduledStopPoint id="TUB:ScheduledStopPoint:97:LOC" version="1">
                     <Name>LONGEVILLE EN BARROIS - Groupe scolaire</Name>
                     <Location id="TUB:Location:283c1f00f6324e879dcf5fada59a796f:LOC">
                        <Longitude>5.2110381</Longitude>
                        <Latitude>48.7422089</Latitude>
                        <gml:pos srsName="EPSG:27572">811468.972160575 2419833.71635887</gml:pos>
                     </Location>
                  </ScheduledStopPoint>
                  <ScheduledStopPoint id="TUB:ScheduledStopPoint:98:LOC" version="1">
                     <Name>TANNOIS - Centre</Name>
                     <Location id="TUB:Location:fc32c03a8ad94ee18ac82e812aad0c1f:LOC">
                        <Longitude>5.2308191</Longitude>
                        <Latitude>48.7242739</Latitude>
                        <gml:pos srsName="EPSG:27572">812996.976297468 2417893.09044405</gml:pos>
                     </Location>
                  </ScheduledStopPoint>
                  <ScheduledStopPoint id="TUB:ScheduledStopPoint:99:LOC" version="1">
                     <Name>SILMONT - Rue des appes</Name>
                     <Location id="TUB:Location:f9814f4bb3f84cbd8cdfc68b26c5efd8:LOC">
                        <Longitude>5.2468041</Longitude>
                        <Latitude>48.7348659</Latitude>
                        <gml:pos srsName="EPSG:27572">814129.189006708 2419114.12526794</gml:pos>
                     </Location>
                  </ScheduledStopPoint>
                  <ScheduledStopPoint id="TUB:ScheduledStopPoint:100:LOC" version="1">
                     <Name>TANNOIS - Cimetière</Name>
                     <Location id="TUB:Location:5642ee4d213d412a933d8f069094836b:LOC">
                        <Longitude>5.2319451</Longitude>
                        <Latitude>48.7280109</Latitude>
                        <gml:pos srsName="EPSG:27572">813064.494412783 2418311.6193715</gml:pos>
                     </Location>
                  </ScheduledStopPoint>
                  <ScheduledStopPoint id="TUB:ScheduledStopPoint:101:LOC" version="1">
                     <Name>TRONVILLE EN BARROIS - Lotissement Combles</Name>
                     <Location id="TUB:Location:370488071554424584b0073e17602c6c:LOC">
                        <Longitude>5.2856341</Longitude>
                        <Latitude>48.7259229</Latitude>
                        <gml:pos srsName="EPSG:27572">817022.143143185 2418226.33391984</gml:pos>
                     </Location>
                  </ScheduledStopPoint>
                  <ScheduledStopPoint id="TUB:ScheduledStopPoint:102:LOC" version="1">
                     <Name>LOISEY CULEY - Loisey</Name>
                     <Location id="TUB:Location:7571bd7bcb934ad296b6c28c7851c16c:LOC">
                        <Longitude>5.2842951</Longitude>
                        <Latitude>48.7645849</Latitude>
                        <gml:pos srsName="EPSG:27572">816762.410965736 2422521.0167971</gml:pos>
                     </Location>
                  </ScheduledStopPoint>
                  <ScheduledStopPoint id="TUB:ScheduledStopPoint:103:LOC" version="1">
                     <Name>SALMAGNE - Centre</Name>
                     <Location id="TUB:Location:f916068b412f43d2bac801258ce2c34f:LOC">
                        <Longitude>5.3247701</Longitude>
                        <Latitude>48.7508729</Latitude>
                        <gml:pos srsName="EPSG:27572">819795.244551142 2421108.91554749</gml:pos>
                     </Location>
                  </ScheduledStopPoint>
                  <ScheduledStopPoint id="TUB:ScheduledStopPoint:104:LOC" version="1">
                     <Name>LOISEY CULEY - Loisey</Name>
                     <Location id="TUB:Location:5123c9e7d64c44c1b041f7950880f1f1:LOC">
                        <Longitude>5.2842951</Longitude>
                        <Latitude>48.7645849</Latitude>
                        <gml:pos srsName="EPSG:27572">816762.410965736 2422521.0167971</gml:pos>
                     </Location>
                  </ScheduledStopPoint>
                  <ScheduledStopPoint id="TUB:ScheduledStopPoint:105:LOC" version="1">
                     <Name>LOISEY CULEY - Culey</Name>
                     <Location id="TUB:Location:fcf68824f94849fa8698aa0abf78ff3b:LOC">
                        <Longitude>5.2668201</Longitude>
                        <Latitude>48.7554919</Latitude>
                        <gml:pos srsName="EPSG:27572">815515.701744616 2421462.01334716</gml:pos>
                     </Location>
                  </ScheduledStopPoint>
                  <PassengerStopAssignment id="TUB:PassengerStopAssignment:80:LOC" version="1" order="0">
                     <ScheduledStopPointRef ref="TUB:ScheduledStopPoint:80:LOC" versionRef="1"/>
                     <StopPlaceRef ref="FR:55221:StopPlace:genAUTO$1670610581:TUB" versionRef="1"/>
                     <QuayRef ref="FR:55221:Quay:GRPEGL:TUB" versionRef="1"/>
                  </PassengerStopAssignment>
                  <PassengerStopAssignment id="TUB:PassengerStopAssignment:81:LOC" version="1" order="0">
                     <ScheduledStopPointRef ref="TUB:ScheduledStopPoint:81:LOC" versionRef="1"/>
                     <StopPlaceRef ref="FR:55519:StopPlace:genAUTO$1817787663:TUB" versionRef="1"/>
                     <QuayRef ref="FR:55519:Quay:TEBECO:TUB" versionRef="1"/>
                  </PassengerStopAssignment>
                  <PassengerStopAssignment id="TUB:PassengerStopAssignment:82:LOC" version="1" order="0">
                     <ScheduledStopPointRef ref="TUB:ScheduledStopPoint:82:LOC" versionRef="1"/>
                     <StopPlaceRef ref="FR:55138:StopPlace:genAUTO$864041524:TUB" versionRef="1"/>
                     <QuayRef ref="FR:55138:Quay:LYCCU1:TUB" versionRef="1"/>
                  </PassengerStopAssignment>
                  <PassengerStopAssignment id="TUB:PassengerStopAssignment:83:LOC" version="1" order="0">
                     <ScheduledStopPointRef ref="TUB:ScheduledStopPoint:83:LOC" versionRef="1"/>
                     <StopPlaceRef ref="FR:55298:StopPlace:genAUTO$864041522:TUB" versionRef="1"/>
                     <QuayRef ref="FR:55298:Quay:LYCLO1:TUB" versionRef="1"/>
                  </PassengerStopAssignment>
                  <PassengerStopAssignment id="TUB:PassengerStopAssignment:84:LOC" version="1" order="0">
                     <ScheduledStopPointRef ref="TUB:ScheduledStopPoint:84:LOC" versionRef="1"/>
                     <StopPlaceRef ref="FR:55466:StopPlace:genAUTO$251703726:TUB" versionRef="1"/>
                     <QuayRef ref="FR:55466:Quay:SLGCE1:TUB" versionRef="1"/>
                  </PassengerStopAssignment>
                  <PassengerStopAssignment id="TUB:PassengerStopAssignment:85:LOC" version="1" order="0">
                     <ScheduledStopPointRef ref="TUB:ScheduledStopPoint:85:LOC" versionRef="1"/>
                     <StopPlaceRef ref="FR:55298:StopPlace:genAUTO$864041522:TUB" versionRef="1"/>
                     <QuayRef ref="FR:55298:Quay:LYCLO1:TUB" versionRef="1"/>
                  </PassengerStopAssignment>
                  <PassengerStopAssignment id="TUB:PassengerStopAssignment:86:LOC" version="1" order="0">
                     <ScheduledStopPointRef ref="TUB:ScheduledStopPoint:86:LOC" versionRef="1"/>
                     <StopPlaceRef ref="FR:55519:StopPlace:genAUTO$1817787666:TUB" versionRef="1"/>
                     <QuayRef ref="FR:55519:Quay:TEBLCO:TUB" versionRef="1"/>
                  </PassengerStopAssignment>
                  <PassengerStopAssignment id="TUB:PassengerStopAssignment:87:LOC" version="1" order="0">
                     <ScheduledStopPointRef ref="TUB:ScheduledStopPoint:87:LOC" versionRef="1"/>
                     <StopPlaceRef ref="FR:55504:StopPlace:genAUTO$1864841892:TUB" versionRef="1"/>
                     <QuayRef ref="FR:55504:Quay:TANCIM:TUB" versionRef="1"/>
                  </PassengerStopAssignment>
                  <PassengerStopAssignment id="TUB:PassengerStopAssignment:88:LOC" version="1" order="0">
                     <ScheduledStopPointRef ref="TUB:ScheduledStopPoint:88:LOC" versionRef="1"/>
                     <StopPlaceRef ref="FR:55504:StopPlace:genAUTO$251703712:TUB" versionRef="1"/>
                     <QuayRef ref="FR:55504:Quay:TANCE3:TUB" versionRef="1"/>
                  </PassengerStopAssignment>
                  <PassengerStopAssignment id="TUB:PassengerStopAssignment:89:LOC" version="1" order="0">
                     <ScheduledStopPointRef ref="TUB:ScheduledStopPoint:89:LOC" versionRef="1"/>
                     <StopPlaceRef ref="FR:55488:StopPlace:genAUTO$251703727:TUB" versionRef="1"/>
                     <QuayRef ref="FR:55488:Quay:SILAPP:TUB" versionRef="1"/>
                  </PassengerStopAssignment>
                  <PassengerStopAssignment id="TUB:PassengerStopAssignment:90:LOC" version="1" order="0">
                     <ScheduledStopPointRef ref="TUB:ScheduledStopPoint:90:LOC" versionRef="1"/>
                     <StopPlaceRef ref="FR:55302:StopPlace:genAUTO$1058272840:TUB" versionRef="1"/>
                     <QuayRef ref="FR:55302:Quay:LGBCE1:TUB" versionRef="1"/>
                  </PassengerStopAssignment>
                  <PassengerStopAssignment id="TUB:PassengerStopAssignment:91:LOC" version="1" order="0">
                     <ScheduledStopPointRef ref="TUB:ScheduledStopPoint:91:LOC" versionRef="1"/>
                     <StopPlaceRef ref="FR:55302:StopPlace:genAUTO$1864841833:TUB" versionRef="1"/>
                     <QuayRef ref="FR:55302:Quay:LGBLOT:TUB" versionRef="1"/>
                  </PassengerStopAssignment>
                  <PassengerStopAssignment id="TUB:PassengerStopAssignment:92:LOC" version="1" order="0">
                     <ScheduledStopPointRef ref="TUB:ScheduledStopPoint:92:LOC" versionRef="1"/>
                     <StopPlaceRef ref="FR:55029:StopPlace:genAUTO$104526633:TUB" versionRef="1"/>
                     <QuayRef ref="FR:55029:Quay:BDGMM3:TUB" versionRef="1"/>
                  </PassengerStopAssignment>
                  <PassengerStopAssignment id="TUB:PassengerStopAssignment:93:LOC" version="1" order="0">
                     <ScheduledStopPointRef ref="TUB:ScheduledStopPoint:93:LOC" versionRef="1"/>
                     <StopPlaceRef ref="FR:55519:StopPlace:genAUTO$1817787663:TUB" versionRef="1"/>
                     <QuayRef ref="FR:55519:Quay:TEBECO:TUB" versionRef="1"/>
                  </PassengerStopAssignment>
                  <PassengerStopAssignment id="TUB:PassengerStopAssignment:94:LOC" version="1" order="0">
                     <ScheduledStopPointRef ref="TUB:ScheduledStopPoint:94:LOC" versionRef="1"/>
                     <StopPlaceRef ref="FR:55221:StopPlace:genAUTO$1670610581:TUB" versionRef="1"/>
                     <QuayRef ref="FR:55221:Quay:GRPEGL:TUB" versionRef="1"/>
                  </PassengerStopAssignment>
                  <PassengerStopAssignment id="TUB:PassengerStopAssignment:95:LOC" version="1" order="0">
                     <ScheduledStopPointRef ref="TUB:ScheduledStopPoint:95:LOC" versionRef="1"/>
                     <StopPlaceRef ref="FR:55029:StopPlace:genAUTO$104526633:TUB" versionRef="1"/>
                     <QuayRef ref="FR:55029:Quay:BDGMM3:TUB" versionRef="1"/>
                  </PassengerStopAssignment>
                  <PassengerStopAssignment id="TUB:PassengerStopAssignment:96:LOC" version="1" order="0">
                     <ScheduledStopPointRef ref="TUB:ScheduledStopPoint:96:LOC" versionRef="1"/>
                     <StopPlaceRef ref="FR:55302:StopPlace:genAUTO$1864841833:TUB" versionRef="1"/>
                     <QuayRef ref="FR:55302:Quay:LGBLOT:TUB" versionRef="1"/>
                  </PassengerStopAssignment>
                  <PassengerStopAssignment id="TUB:PassengerStopAssignment:97:LOC" version="1" order="0">
                     <ScheduledStopPointRef ref="TUB:ScheduledStopPoint:97:LOC" versionRef="1"/>
                     <StopPlaceRef ref="FR:55302:StopPlace:genAUTO$1058272839:TUB" versionRef="1"/>
                     <QuayRef ref="FR:55302:Quay:LGBCE2:TUB" versionRef="1"/>
                  </PassengerStopAssignment>
                  <PassengerStopAssignment id="TUB:PassengerStopAssignment:98:LOC" version="1" order="0">
                     <ScheduledStopPointRef ref="TUB:ScheduledStopPoint:98:LOC" versionRef="1"/>
                     <StopPlaceRef ref="FR:55504:StopPlace:genAUTO$251703712:TUB" versionRef="1"/>
                     <QuayRef ref="FR:55504:Quay:TANCE3:TUB" versionRef="1"/>
                  </PassengerStopAssignment>
                  <PassengerStopAssignment id="TUB:PassengerStopAssignment:99:LOC" version="1" order="0">
                     <ScheduledStopPointRef ref="TUB:ScheduledStopPoint:99:LOC" versionRef="1"/>
                     <StopPlaceRef ref="FR:55488:StopPlace:genAUTO$251703727:TUB" versionRef="1"/>
                     <QuayRef ref="FR:55488:Quay:SILAPP:TUB" versionRef="1"/>
                  </PassengerStopAssignment>
                  <PassengerStopAssignment id="TUB:PassengerStopAssignment:100:LOC" version="1" order="0">
                     <ScheduledStopPointRef ref="TUB:ScheduledStopPoint:100:LOC" versionRef="1"/>
                     <StopPlaceRef ref="FR:55504:StopPlace:genAUTO$1864841892:TUB" versionRef="1"/>
                     <QuayRef ref="FR:55504:Quay:TANCIM:TUB" versionRef="1"/>
                  </PassengerStopAssignment>
                  <PassengerStopAssignment id="TUB:PassengerStopAssignment:101:LOC" version="1" order="0">
                     <ScheduledStopPointRef ref="TUB:ScheduledStopPoint:101:LOC" versionRef="1"/>
                     <StopPlaceRef ref="FR:55519:StopPlace:genAUTO$1817787666:TUB" versionRef="1"/>
                     <QuayRef ref="FR:55519:Quay:TEBLCO:TUB" versionRef="1"/>
                  </PassengerStopAssignment>
                  <PassengerStopAssignment id="TUB:PassengerStopAssignment:102:LOC" version="1" order="0">
                     <ScheduledStopPointRef ref="TUB:ScheduledStopPoint:102:LOC" versionRef="1"/>
                     <StopPlaceRef ref="FR:55298:StopPlace:genAUTO$864041523:TUB" versionRef="1"/>
                     <QuayRef ref="FR:55298:Quay:LYCLO2:TUB" versionRef="1"/>
                  </PassengerStopAssignment>
                  <PassengerStopAssignment id="TUB:PassengerStopAssignment:103:LOC" version="1" order="0">
                     <ScheduledStopPointRef ref="TUB:ScheduledStopPoint:103:LOC" versionRef="1"/>
                     <StopPlaceRef ref="FR:55466:StopPlace:genAUTO$251703713:TUB" versionRef="1"/>
                     <QuayRef ref="FR:55466:Quay:SLGCE2:TUB" versionRef="1"/>
                  </PassengerStopAssignment>
                  <PassengerStopAssignment id="TUB:PassengerStopAssignment:104:LOC" version="1" order="0">
                     <ScheduledStopPointRef ref="TUB:ScheduledStopPoint:104:LOC" versionRef="1"/>
                     <StopPlaceRef ref="FR:55298:StopPlace:genAUTO$864041523:TUB" versionRef="1"/>
                     <QuayRef ref="FR:55298:Quay:LYCLO2:TUB" versionRef="1"/>
                  </PassengerStopAssignment>
                  <PassengerStopAssignment id="TUB:PassengerStopAssignment:105:LOC" version="1" order="0">
                     <ScheduledStopPointRef ref="TUB:ScheduledStopPoint:105:LOC" versionRef="1"/>
                     <StopPlaceRef ref="FR:55138:StopPlace:genAUTO$864041525:TUB" versionRef="1"/>
                     <QuayRef ref="FR:55138:Quay:LYCCU2:TUB" versionRef="1"/>
                  </PassengerStopAssignment>
               </members>
            </GeneralFrame>
            <GeneralFrame id="FR:GeneralFrame:NETEX_HORAIRE-20250904T013220:LOC" version="1.0" dataSourceRef="TUB">
               <TypeOfFrameRef ref="FR:TypeOfFrame:NETEX_HORAIRE"/>
               <members>
                  <ServiceJourney id="TUB:ServiceJourney:2-24360583169:LOC" version="1">
                     <TransportMode>bus</TransportMode>
                     <dayTypes>
                        <DayTypeRef ref="TUB:Timetable:DayType:1331:LOC" versionRef="1"/>
                     </dayTypes>
                     <JourneyPatternRef ref="TUB:ServiceJourneyPattern:12:LOC" versionRef="1"/>
                     <passingTimes>
                        <TimetabledPassingTime version="any">
                           <ArrivalTime>07:00:00</ArrivalTime>
                           <ArrivalDayOffset>0</ArrivalDayOffset>
                           <DepartureTime>07:00:00</DepartureTime>
                           <DepartureDayOffset>0</DepartureDayOffset>
                        </TimetabledPassingTime>
                        <TimetabledPassingTime version="any">
                           <ArrivalTime>07:09:00</ArrivalTime>
                           <ArrivalDayOffset>0</ArrivalDayOffset>
                           <DepartureTime>07:09:00</DepartureTime>
                           <DepartureDayOffset>0</DepartureDayOffset>
                        </TimetabledPassingTime>
                        <TimetabledPassingTime version="any">
                           <ArrivalTime>07:15:00</ArrivalTime>
                           <ArrivalDayOffset>0</ArrivalDayOffset>
                           <DepartureTime>07:15:00</DepartureTime>
                           <DepartureDayOffset>0</DepartureDayOffset>
                        </TimetabledPassingTime>
                        <TimetabledPassingTime version="any">
                           <ArrivalTime>07:20:00</ArrivalTime>
                           <ArrivalDayOffset>0</ArrivalDayOffset>
                           <DepartureTime>07:20:00</DepartureTime>
                           <DepartureDayOffset>0</DepartureDayOffset>
                        </TimetabledPassingTime>
                        <TimetabledPassingTime version="any">
                           <ArrivalTime>07:22:00</ArrivalTime>
                           <ArrivalDayOffset>0</ArrivalDayOffset>
                           <DepartureTime>07:22:00</DepartureTime>
                           <DepartureDayOffset>0</DepartureDayOffset>
                        </TimetabledPassingTime>
                        <TimetabledPassingTime version="any">
                           <ArrivalTime>07:30:00</ArrivalTime>
                           <ArrivalDayOffset>0</ArrivalDayOffset>
                           <DepartureTime>07:30:00</DepartureTime>
                           <DepartureDayOffset>0</DepartureDayOffset>
                        </TimetabledPassingTime>
                     </passingTimes>
                  </ServiceJourney>
                  <ServiceJourney id="TUB:ServiceJourney:2-24360648705:LOC" version="1">
                     <TransportMode>bus</TransportMode>
                     <dayTypes>
                        <DayTypeRef ref="TUB:Timetable:DayType:1227:LOC" versionRef="1"/>
                     </dayTypes>
                     <JourneyPatternRef ref="TUB:ServiceJourneyPattern:13:LOC" versionRef="1"/>
                     <passingTimes>
                        <TimetabledPassingTime version="any">
                           <ArrivalTime>08:05:00</ArrivalTime>
                           <ArrivalDayOffset>0</ArrivalDayOffset>
                           <DepartureTime>08:05:00</DepartureTime>
                           <DepartureDayOffset>0</DepartureDayOffset>
                        </TimetabledPassingTime>
                        <TimetabledPassingTime version="any">
                           <ArrivalTime>08:10:00</ArrivalTime>
                           <ArrivalDayOffset>0</ArrivalDayOffset>
                           <DepartureTime>08:10:00</DepartureTime>
                           <DepartureDayOffset>0</DepartureDayOffset>
                        </TimetabledPassingTime>
                        <TimetabledPassingTime version="any">
                           <ArrivalTime>08:15:00</ArrivalTime>
                           <ArrivalDayOffset>0</ArrivalDayOffset>
                           <DepartureTime>08:15:00</DepartureTime>
                           <DepartureDayOffset>0</DepartureDayOffset>
                        </TimetabledPassingTime>
                        <TimetabledPassingTime version="any">
                           <ArrivalTime>08:25:00</ArrivalTime>
                           <ArrivalDayOffset>0</ArrivalDayOffset>
                           <DepartureTime>08:25:00</DepartureTime>
                           <DepartureDayOffset>0</DepartureDayOffset>
                        </TimetabledPassingTime>
                     </passingTimes>
                  </ServiceJourney>
                  <ServiceJourney id="TUB:ServiceJourney:2-24360714241:LOC" version="1">
                     <TransportMode>bus</TransportMode>
                     <dayTypes>
                        <DayTypeRef ref="TUB:Timetable:DayType:1227:LOC" versionRef="1"/>
                     </dayTypes>
                     <JourneyPatternRef ref="TUB:ServiceJourneyPattern:14:LOC" versionRef="1"/>
                     <passingTimes>
                        <TimetabledPassingTime version="any">
                           <ArrivalTime>08:04:00</ArrivalTime>
                           <ArrivalDayOffset>0</ArrivalDayOffset>
                           <DepartureTime>08:04:00</DepartureTime>
                           <DepartureDayOffset>0</DepartureDayOffset>
                        </TimetabledPassingTime>
                        <TimetabledPassingTime version="any">
                           <ArrivalTime>08:14:00</ArrivalTime>
                           <ArrivalDayOffset>0</ArrivalDayOffset>
                           <DepartureTime>08:14:00</DepartureTime>
                           <DepartureDayOffset>0</DepartureDayOffset>
                        </TimetabledPassingTime>
                        <TimetabledPassingTime version="any">
                           <ArrivalTime>08:20:00</ArrivalTime>
                           <ArrivalDayOffset>0</ArrivalDayOffset>
                           <DepartureTime>08:20:00</DepartureTime>
                           <DepartureDayOffset>0</DepartureDayOffset>
                        </TimetabledPassingTime>
                     </passingTimes>
                  </ServiceJourney>
                  <ServiceJourney id="TUB:ServiceJourney:2-24360779777:LOC" version="1">
                     <TransportMode>bus</TransportMode>
                     <dayTypes>
                        <DayTypeRef ref="TUB:Timetable:DayType:1227:LOC" versionRef="1"/>
                     </dayTypes>
                     <JourneyPatternRef ref="TUB:ServiceJourneyPattern:15:LOC" versionRef="1"/>
                     <passingTimes>
                        <TimetabledPassingTime version="any">
                           <ArrivalTime>08:15:00</ArrivalTime>
                           <ArrivalDayOffset>0</ArrivalDayOffset>
                           <DepartureTime>08:15:00</DepartureTime>
                           <DepartureDayOffset>0</DepartureDayOffset>
                        </TimetabledPassingTime>
                        <TimetabledPassingTime version="any">
                           <ArrivalTime>08:25:00</ArrivalTime>
                           <ArrivalDayOffset>0</ArrivalDayOffset>
                           <DepartureTime>08:25:00</DepartureTime>
                           <DepartureDayOffset>0</DepartureDayOffset>
                        </TimetabledPassingTime>
                     </passingTimes>
                  </ServiceJourney>
                  <ServiceJourney id="TUB:ServiceJourney:2-24360845313:LOC" version="1">
                     <TransportMode>bus</TransportMode>
                     <dayTypes>
                        <DayTypeRef ref="TUB:Timetable:DayType:1227:LOC" versionRef="1"/>
                     </dayTypes>
                     <JourneyPatternRef ref="TUB:ServiceJourneyPattern:44:LOC" versionRef="1"/>
                     <passingTimes>
                        <TimetabledPassingTime version="any">
                           <ArrivalTime>16:15:00</ArrivalTime>
                           <ArrivalDayOffset>0</ArrivalDayOffset>
                           <DepartureTime>16:15:00</DepartureTime>
                           <DepartureDayOffset>0</DepartureDayOffset>
                        </TimetabledPassingTime>
                        <TimetabledPassingTime version="any">
                           <ArrivalTime>16:25:00</ArrivalTime>
                           <ArrivalDayOffset>0</ArrivalDayOffset>
                           <DepartureTime>16:25:00</DepartureTime>
                           <DepartureDayOffset>0</DepartureDayOffset>
                        </TimetabledPassingTime>
                        <TimetabledPassingTime version="any">
                           <ArrivalTime>16:30:00</ArrivalTime>
                           <ArrivalDayOffset>0</ArrivalDayOffset>
                           <DepartureTime>16:30:00</DepartureTime>
                           <DepartureDayOffset>0</DepartureDayOffset>
                        </TimetabledPassingTime>
                        <TimetabledPassingTime version="any">
                           <ArrivalTime>16:35:00</ArrivalTime>
                           <ArrivalDayOffset>0</ArrivalDayOffset>
                           <DepartureTime>16:35:00</DepartureTime>
                           <DepartureDayOffset>0</DepartureDayOffset>
                        </TimetabledPassingTime>
                     </passingTimes>
                  </ServiceJourney>
                  <ServiceJourney id="TUB:ServiceJourney:2-24360910850:LOC" version="1">
                     <TransportMode>bus</TransportMode>
                     <dayTypes>
                        <DayTypeRef ref="TUB:Timetable:DayType:1227:LOC" versionRef="1"/>
                     </dayTypes>
                     <JourneyPatternRef ref="TUB:ServiceJourneyPattern:45:LOC" versionRef="1"/>
                     <passingTimes>
                        <TimetabledPassingTime version="any">
                           <ArrivalTime>17:00:00</ArrivalTime>
                           <ArrivalDayOffset>0</ArrivalDayOffset>
                           <DepartureTime>17:00:00</DepartureTime>
                           <DepartureDayOffset>0</DepartureDayOffset>
                        </TimetabledPassingTime>
                        <TimetabledPassingTime version="any">
                           <ArrivalTime>17:06:00</ArrivalTime>
                           <ArrivalDayOffset>0</ArrivalDayOffset>
                           <DepartureTime>17:06:00</DepartureTime>
                           <DepartureDayOffset>0</DepartureDayOffset>
                        </TimetabledPassingTime>
                        <TimetabledPassingTime version="any">
                           <ArrivalTime>17:08:00</ArrivalTime>
                           <ArrivalDayOffset>0</ArrivalDayOffset>
                           <DepartureTime>17:08:00</DepartureTime>
                           <DepartureDayOffset>0</DepartureDayOffset>
                        </TimetabledPassingTime>
                        <TimetabledPassingTime version="any">
                           <ArrivalTime>17:15:00</ArrivalTime>
                           <ArrivalDayOffset>0</ArrivalDayOffset>
                           <DepartureTime>17:15:00</DepartureTime>
                           <DepartureDayOffset>0</DepartureDayOffset>
                        </TimetabledPassingTime>
                        <TimetabledPassingTime version="any">
                           <ArrivalTime>17:21:00</ArrivalTime>
                           <ArrivalDayOffset>0</ArrivalDayOffset>
                           <DepartureTime>17:21:00</DepartureTime>
                           <DepartureDayOffset>0</DepartureDayOffset>
                        </TimetabledPassingTime>
                        <TimetabledPassingTime version="any">
                           <ArrivalTime>17:30:00</ArrivalTime>
                           <ArrivalDayOffset>0</ArrivalDayOffset>
                           <DepartureTime>17:30:00</DepartureTime>
                           <DepartureDayOffset>0</DepartureDayOffset>
                        </TimetabledPassingTime>
                     </passingTimes>
                  </ServiceJourney>
                  <ServiceJourney id="TUB:ServiceJourney:2-24360910851:LOC" version="1">
                     <TransportMode>bus</TransportMode>
                     <dayTypes>
                        <DayTypeRef ref="TUB:Timetable:DayType:1227:LOC" versionRef="1"/>
                     </dayTypes>
                     <JourneyPatternRef ref="TUB:ServiceJourneyPattern:45:LOC" versionRef="1"/>
                     <passingTimes>
                        <TimetabledPassingTime version="any">
                           <ArrivalTime>18:15:00</ArrivalTime>
                           <ArrivalDayOffset>0</ArrivalDayOffset>
                           <DepartureTime>18:15:00</DepartureTime>
                           <DepartureDayOffset>0</DepartureDayOffset>
                        </TimetabledPassingTime>
                        <TimetabledPassingTime version="any">
                           <ArrivalTime>18:21:00</ArrivalTime>
                           <ArrivalDayOffset>0</ArrivalDayOffset>
                           <DepartureTime>18:21:00</DepartureTime>
                           <DepartureDayOffset>0</DepartureDayOffset>
                        </TimetabledPassingTime>
                        <TimetabledPassingTime version="any">
                           <ArrivalTime>18:23:00</ArrivalTime>
                           <ArrivalDayOffset>0</ArrivalDayOffset>
                           <DepartureTime>18:23:00</DepartureTime>
                           <DepartureDayOffset>0</DepartureDayOffset>
                        </TimetabledPassingTime>
                        <TimetabledPassingTime version="any">
                           <ArrivalTime>18:30:00</ArrivalTime>
                           <ArrivalDayOffset>0</ArrivalDayOffset>
                           <DepartureTime>18:30:00</DepartureTime>
                           <DepartureDayOffset>0</DepartureDayOffset>
                        </TimetabledPassingTime>
                        <TimetabledPassingTime version="any">
                           <ArrivalTime>18:36:00</ArrivalTime>
                           <ArrivalDayOffset>0</ArrivalDayOffset>
                           <DepartureTime>18:36:00</DepartureTime>
                           <DepartureDayOffset>0</DepartureDayOffset>
                        </TimetabledPassingTime>
                        <TimetabledPassingTime version="any">
                           <ArrivalTime>18:45:00</ArrivalTime>
                           <ArrivalDayOffset>0</ArrivalDayOffset>
                           <DepartureTime>18:45:00</DepartureTime>
                           <DepartureDayOffset>0</DepartureDayOffset>
                        </TimetabledPassingTime>
                     </passingTimes>
                  </ServiceJourney>
                  <ServiceJourney id="TUB:ServiceJourney:2-24360976385:LOC" version="1">
                     <TransportMode>bus</TransportMode>
                     <dayTypes>
                        <DayTypeRef ref="TUB:Timetable:DayType:1227:LOC" versionRef="1"/>
                     </dayTypes>
                     <JourneyPatternRef ref="TUB:ServiceJourneyPattern:46:LOC" versionRef="1"/>
                     <passingTimes>
                        <TimetabledPassingTime version="any">
                           <ArrivalTime>16:35:00</ArrivalTime>
                           <ArrivalDayOffset>0</ArrivalDayOffset>
                           <DepartureTime>16:35:00</DepartureTime>
                           <DepartureDayOffset>0</DepartureDayOffset>
                        </TimetabledPassingTime>
                        <TimetabledPassingTime version="any">
                           <ArrivalTime>16:45:00</ArrivalTime>
                           <ArrivalDayOffset>0</ArrivalDayOffset>
                           <DepartureTime>16:45:00</DepartureTime>
                           <DepartureDayOffset>0</DepartureDayOffset>
                        </TimetabledPassingTime>
                     </passingTimes>
                  </ServiceJourney>
                  <ServiceJourney id="TUB:ServiceJourney:2-24361041921:LOC" version="1">
                     <TransportMode>bus</TransportMode>
                     <dayTypes>
                        <DayTypeRef ref="TUB:Timetable:DayType:1227:LOC" versionRef="1"/>
                     </dayTypes>
                     <JourneyPatternRef ref="TUB:ServiceJourneyPattern:47:LOC" versionRef="1"/>
                     <passingTimes>
                        <TimetabledPassingTime version="any">
                           <ArrivalTime>16:35:00</ArrivalTime>
                           <ArrivalDayOffset>0</ArrivalDayOffset>
                           <DepartureTime>16:35:00</DepartureTime>
                           <DepartureDayOffset>0</DepartureDayOffset>
                        </TimetabledPassingTime>
                        <TimetabledPassingTime version="any">
                           <ArrivalTime>16:45:00</ArrivalTime>
                           <ArrivalDayOffset>0</ArrivalDayOffset>
                           <DepartureTime>16:45:00</DepartureTime>
                           <DepartureDayOffset>0</DepartureDayOffset>
                        </TimetabledPassingTime>
                        <TimetabledPassingTime version="any">
                           <ArrivalTime>16:55:00</ArrivalTime>
                           <ArrivalDayOffset>0</ArrivalDayOffset>
                           <DepartureTime>16:55:00</DepartureTime>
                           <DepartureDayOffset>0</DepartureDayOffset>
                        </TimetabledPassingTime>
                     </passingTimes>
                  </ServiceJourney>
                  <ServiceJourney id="TUB:ServiceJourney:2-24360910849:LOC" version="1">
                     <TransportMode>bus</TransportMode>
                     <dayTypes>
                        <DayTypeRef ref="TUB:Timetable:DayType:114:LOC" versionRef="1"/>
                     </dayTypes>
                     <JourneyPatternRef ref="TUB:ServiceJourneyPattern:45:LOC" versionRef="1"/>
                     <passingTimes>
                        <TimetabledPassingTime version="any">
                           <ArrivalTime>12:15:00</ArrivalTime>
                           <ArrivalDayOffset>0</ArrivalDayOffset>
                           <DepartureTime>12:15:00</DepartureTime>
                           <DepartureDayOffset>0</DepartureDayOffset>
                        </TimetabledPassingTime>
                        <TimetabledPassingTime version="any">
                           <ArrivalTime>12:21:00</ArrivalTime>
                           <ArrivalDayOffset>0</ArrivalDayOffset>
                           <DepartureTime>12:21:00</DepartureTime>
                           <DepartureDayOffset>0</DepartureDayOffset>
                        </TimetabledPassingTime>
                        <TimetabledPassingTime version="any">
                           <ArrivalTime>12:23:00</ArrivalTime>
                           <ArrivalDayOffset>0</ArrivalDayOffset>
                           <DepartureTime>12:23:00</DepartureTime>
                           <DepartureDayOffset>0</DepartureDayOffset>
                        </TimetabledPassingTime>
                        <TimetabledPassingTime version="any">
                           <ArrivalTime>12:30:00</ArrivalTime>
                           <ArrivalDayOffset>0</ArrivalDayOffset>
                           <DepartureTime>12:30:00</DepartureTime>
                           <DepartureDayOffset>0</DepartureDayOffset>
                        </TimetabledPassingTime>
                        <TimetabledPassingTime version="any">
                           <ArrivalTime>12:36:00</ArrivalTime>
                           <ArrivalDayOffset>0</ArrivalDayOffset>
                           <DepartureTime>12:36:00</DepartureTime>
                           <DepartureDayOffset>0</DepartureDayOffset>
                        </TimetabledPassingTime>
                        <TimetabledPassingTime version="any">
                           <ArrivalTime>12:45:00</ArrivalTime>
                           <ArrivalDayOffset>0</ArrivalDayOffset>
                           <DepartureTime>12:45:00</DepartureTime>
                           <DepartureDayOffset>0</DepartureDayOffset>
                        </TimetabledPassingTime>
                     </passingTimes>
                  </ServiceJourney>
               </members>
            </GeneralFrame>
         </frames>
      </CompositeFrame>
   </dataObjects>
</PublicationDelivery>
