<?xml version="1.0" encoding="UTF-8"?>
<PublicationDelivery xmlns:xsi="http://www.w3.org/2001/XMLSchema-instance"
                     xsi:schemaLocation="http://www.netex.org.uk/netex"
                     xmlns="http://www.netex.org.uk/netex"
                     xmlns:xlink="http://www.w3.org/1999/xlink"
                     xmlns:ifopt="http://www.ifopt.org.uk/ifopt"
                     xmlns:gml="http://www.opengis.net/gml/3.2"
                     xmlns:core="http://www.govtalk.gov.uk/core"
                     xmlns:siri="http://www.siri.org.uk/siri"
                     version="1.10:FR-NETEX-2.2">
   <PublicationTimestamp>2025-08-20T23:29:14+02:00</PublicationTimestamp>
   <ParticipantRef>CHM</ParticipantRef>
   <Description>Offre sur la période du 20/08/2025 au 12/07/2026</Description>
   <dataObjects>
      <CompositeFrame id="FR:CompositeFrame:NETEX_LIGNE-20250820T232914:LOC" version="1.0">
         <Name>Ligne N</Name>
         <FrameDefaults>
            <DefaultLocale>
               <TimeZone>Europe/Paris</TimeZone>
               <DefaultLanguage>fr</DefaultLanguage>
            </DefaultLocale>
            <DefaultLocationSystem>WGS84</DefaultLocationSystem>
            <DefaultSystemOfUnits>SiMetres</DefaultSystemOfUnits>
         </FrameDefaults>
         <frames>
            <ResourceFrame id="FR:ResourceFrame:1" version="any">
               <typesOfValue>
                  <ValueSet id="FR:ValueSet:TypeOfFrame" nameOfClass="TypeOfFrame" version="any">
                     <Name>TypeOfFrame</Name>
                     <values>
                        <TypeOfFrame id="FR:TypeOfFrame:NETEX_RESEAU" version="any">
                           <Name>NETEX_RESEAU</Name>
                        </TypeOfFrame>
                        <TypeOfFrame id="FR:TypeOfFrame:NETEX_HORAIRE" version="any">
                           <Name>NETEX_HORAIRE</Name>
                        </TypeOfFrame>
                     </values>
                  </ValueSet>
               </typesOfValue>
            </ResourceFrame>
            <GeneralFrame id="FR:GeneralFrame:NETEX_RESEAU-20250820T232914:LOC" version="1.0" dataSourceRef="CHM">
               <TypeOfFrameRef ref="FR:TypeOfFrame:NETEX_RESEAU"/>
               <members>
                  <Route id="CHM:Route:N-A:LOC" version="1">
                     <Name>Ligne N - Aller</Name>
                     <LineRef ref="CHM:Line:N:LOC" versionRef="1"/>
                     <DirectionType>outbound</DirectionType>
                     <DirectionRef ref="CHM:Direction:N-A:LOC" versionRef="1"/>
                     <InverseRouteRef ref="CHM:Route:N-R:LOC" versionRef="1"/>
                  </Route>
                  <Direction id="CHM:Direction:N-A:LOC" version="1">
                     <Name>Ligne N - Aller</Name>
                     <DirectionType>outbound</DirectionType>
                  </Direction>
                  <Route id="CHM:Route:N-R:LOC" version="1">
                     <Name>Ligne N - Retour</Name>
                     <LineRef ref="CHM:Line:N:LOC" versionRef="1"/>
                     <DirectionType>inbound</DirectionType>
                     <DirectionRef ref="CHM:Direction:N-R:LOC" versionRef="1"/>
                     <InverseRouteRef ref="CHM:Route:N-A:LOC" versionRef="1"/>
                  </Route>
                  <Direction id="CHM:Direction:N-R:LOC" version="1">
                     <Name>Ligne N - Retour</Name>
                     <DirectionType>inbound</DirectionType>
                  </Direction>
                  <ServiceJourneyPattern id="CHM:ServiceJourneyPattern:111:LOC" version="1">
                     <Name>Jardin Botanique - Sedan</Name>
                     <PrivateCode>14912572</PrivateCode>
                     <RouteRef ref="CHM:Route:N-A:LOC" versionRef="1"/>
                     <DestinationDisplayRef ref="CHM:DestinationDisplay:111:LOC" versionRef="1"/>
                     <pointsInSequence>
                        <StopPointInJourneyPattern id="CHM:StopPointInJourneyPattern:111x1:LOC" version="any" order="1">
                           <ScheduledStopPointRef ref="CHM:ScheduledStopPoint:1135:LOC" versionRef="1"/>
                           <ForAlighting>false</ForAlighting>
                           <ForBoarding>true</ForBoarding>
                           <RequestStop>false</RequestStop>
                        </StopPointInJourneyPattern>
                        <StopPointInJourneyPattern id="CHM:StopPointInJourneyPattern:111x2:LOC" version="any" order="2">
                           <ScheduledStopPointRef ref="CHM:ScheduledStopPoint:1136:LOC" versionRef="1"/>
                           <ForAlighting>true</ForAlighting>
                           <ForBoarding>true</ForBoarding>
                           <RequestStop>false</RequestStop>
                        </StopPointInJourneyPattern>
                        <StopPointInJourneyPattern id="CHM:StopPointInJourneyPattern:111x3:LOC" version="any" order="3">
                           <ScheduledStopPointRef ref="CHM:ScheduledStopPoint:1137:LOC" versionRef="1"/>
                           <ForAlighting>true</ForAlighting>
                           <ForBoarding>true</ForBoarding>
                           <RequestStop>false</RequestStop>
                        </StopPointInJourneyPattern>
                        <StopPointInJourneyPattern id="CHM:StopPointInJourneyPattern:111x4:LOC" version="any" order="4">
                           <ScheduledStopPointRef ref="CHM:ScheduledStopPoint:1138:LOC" versionRef="1"/>
                           <ForAlighting>true</ForAlighting>
                           <ForBoarding>true</ForBoarding>
                           <RequestStop>false</RequestStop>
                        </StopPointInJourneyPattern>
                        <StopPointInJourneyPattern id="CHM:StopPointInJourneyPattern:111x5:LOC" version="any" order="5">
                           <ScheduledStopPointRef ref="CHM:ScheduledStopPoint:1139:LOC" versionRef="1"/>
                           <ForAlighting>true</ForAlighting>
                           <ForBoarding>true</ForBoarding>
                           <RequestStop>false</RequestStop>
                        </StopPointInJourneyPattern>
                        <StopPointInJourneyPattern id="CHM:StopPointInJourneyPattern:111x6:LOC" version="any" order="6">
                           <ScheduledStopPointRef ref="CHM:ScheduledStopPoint:1140:LOC" versionRef="1"/>
                           <ForAlighting>true</ForAlighting>
                           <ForBoarding>true</ForBoarding>
                           <RequestStop>false</RequestStop>
                        </StopPointInJourneyPattern>
                        <StopPointInJourneyPattern id="CHM:StopPointInJourneyPattern:111x7:LOC" version="any" order="7">
                           <ScheduledStopPointRef ref="CHM:ScheduledStopPoint:1141:LOC" versionRef="1"/>
                           <ForAlighting>true</ForAlighting>
                           <ForBoarding>false</ForBoarding>
                           <RequestStop>false</RequestStop>
                        </StopPointInJourneyPattern>
                     </pointsInSequence>
                     <ServiceJourneyPatternType>passenger</ServiceJourneyPatternType>
                  </ServiceJourneyPattern>
                  <ServiceJourneyPattern id="CHM:ServiceJourneyPattern:112:LOC" version="1">
                     <Name>Givonne Ecole - Givonne</Name>
                     <PrivateCode>14912573</PrivateCode>
                     <RouteRef ref="CHM:Route:N-A:LOC" versionRef="1"/>
                     <DestinationDisplayRef ref="CHM:DestinationDisplay:112:LOC" versionRef="1"/>
                     <pointsInSequence>
                        <StopPointInJourneyPattern id="CHM:StopPointInJourneyPattern:112x1:LOC" version="any" order="7">
                           <ScheduledStopPointRef ref="CHM:ScheduledStopPoint:1141:LOC" versionRef="1"/>
                           <ForAlighting>false</ForAlighting>
                           <ForBoarding>true</ForBoarding>
                           <RequestStop>false</RequestStop>
                        </StopPointInJourneyPattern>
                        <StopPointInJourneyPattern id="CHM:StopPointInJourneyPattern:112x2:LOC" version="any" order="8">
                           <ScheduledStopPointRef ref="CHM:ScheduledStopPoint:1142:LOC" versionRef="1"/>
                           <ForAlighting>true</ForAlighting>
                           <ForBoarding>true</ForBoarding>
                           <RequestStop>false</RequestStop>
                        </StopPointInJourneyPattern>
                        <StopPointInJourneyPattern id="CHM:StopPointInJourneyPattern:112x3:LOC" version="any" order="9">
                           <ScheduledStopPointRef ref="CHM:ScheduledStopPoint:1143:LOC" versionRef="1"/>
                           <ForAlighting>true</ForAlighting>
                           <ForBoarding>false</ForBoarding>
                           <RequestStop>false</RequestStop>
                        </StopPointInJourneyPattern>
                     </pointsInSequence>
                     <ServiceJourneyPatternType>passenger</ServiceJourneyPatternType>
                  </ServiceJourneyPattern>
                  <ServiceJourneyPattern id="CHM:ServiceJourneyPattern:214:LOC" version="1">
                     <Name>Thelonne Centre - Thelonne</Name>
                     <PrivateCode>14912575</PrivateCode>
                     <RouteRef ref="CHM:Route:N-R:LOC" versionRef="1"/>
                     <DestinationDisplayRef ref="CHM:DestinationDisplay:214:LOC" versionRef="1"/>
                     <pointsInSequence>
                        <StopPointInJourneyPattern id="CHM:StopPointInJourneyPattern:214x1:LOC" version="any" order="1">
                           <ScheduledStopPointRef ref="CHM:ScheduledStopPoint:1144:LOC" versionRef="1"/>
                           <ForAlighting>false</ForAlighting>
                           <ForBoarding>true</ForBoarding>
                           <RequestStop>false</RequestStop>
                        </StopPointInJourneyPattern>
                        <StopPointInJourneyPattern id="CHM:StopPointInJourneyPattern:214x2:LOC" version="any" order="2">
                           <ScheduledStopPointRef ref="CHM:ScheduledStopPoint:1145:LOC" versionRef="1"/>
                           <ForAlighting>true</ForAlighting>
                           <ForBoarding>true</ForBoarding>
                           <RequestStop>false</RequestStop>
                        </StopPointInJourneyPattern>
                        <StopPointInJourneyPattern id="CHM:StopPointInJourneyPattern:214x3:LOC" version="any" order="3">
                           <ScheduledStopPointRef ref="CHM:ScheduledStopPoint:1146:LOC" versionRef="1"/>
                           <ForAlighting>true</ForAlighting>
                           <ForBoarding>true</ForBoarding>
                           <RequestStop>false</RequestStop>
                        </StopPointInJourneyPattern>
                        <StopPointInJourneyPattern id="CHM:StopPointInJourneyPattern:214x4:LOC" version="any" order="4">
                           <ScheduledStopPointRef ref="CHM:ScheduledStopPoint:1147:LOC" versionRef="1"/>
                           <ForAlighting>true</ForAlighting>
                           <ForBoarding>true</ForBoarding>
                           <RequestStop>false</RequestStop>
                        </StopPointInJourneyPattern>
                        <StopPointInJourneyPattern id="CHM:StopPointInJourneyPattern:214x5:LOC" version="any" order="6">
                           <ScheduledStopPointRef ref="CHM:ScheduledStopPoint:1149:LOC" versionRef="1"/>
                           <ForAlighting>true</ForAlighting>
                           <ForBoarding>true</ForBoarding>
                           <RequestStop>false</RequestStop>
                        </StopPointInJourneyPattern>
                        <StopPointInJourneyPattern id="CHM:StopPointInJourneyPattern:214x6:LOC" version="any" order="7">
                           <ScheduledStopPointRef ref="CHM:ScheduledStopPoint:1150:LOC" versionRef="1"/>
                           <ForAlighting>true</ForAlighting>
                           <ForBoarding>true</ForBoarding>
                           <RequestStop>false</RequestStop>
                        </StopPointInJourneyPattern>
                        <StopPointInJourneyPattern id="CHM:StopPointInJourneyPattern:214x7:LOC" version="any" order="8">
                           <ScheduledStopPointRef ref="CHM:ScheduledStopPoint:1151:LOC" versionRef="1"/>
                           <ForAlighting>true</ForAlighting>
                           <ForBoarding>true</ForBoarding>
                           <RequestStop>false</RequestStop>
                        </StopPointInJourneyPattern>
                        <StopPointInJourneyPattern id="CHM:StopPointInJourneyPattern:214x8:LOC" version="any" order="9">
                           <ScheduledStopPointRef ref="CHM:ScheduledStopPoint:1152:LOC" versionRef="1"/>
                           <ForAlighting>true</ForAlighting>
                           <ForBoarding>true</ForBoarding>
                           <RequestStop>false</RequestStop>
                        </StopPointInJourneyPattern>
                        <StopPointInJourneyPattern id="CHM:StopPointInJourneyPattern:214x9:LOC" version="any" order="10">
                           <ScheduledStopPointRef ref="CHM:ScheduledStopPoint:1153:LOC" versionRef="1"/>
                           <ForAlighting>true</ForAlighting>
                           <ForBoarding>false</ForBoarding>
                           <RequestStop>false</RequestStop>
                        </StopPointInJourneyPattern>
                     </pointsInSequence>
                     <ServiceJourneyPatternType>passenger</ServiceJourneyPatternType>
                  </ServiceJourneyPattern>
                  <ServiceJourneyPattern id="CHM:ServiceJourneyPattern:215:LOC" version="1">
                     <Name>Thelonne Centre - Thelonne</Name>
                     <PrivateCode>14912574</PrivateCode>
                     <RouteRef ref="CHM:Route:N-R:LOC" versionRef="1"/>
                     <DestinationDisplayRef ref="CHM:DestinationDisplay:215:LOC" versionRef="1"/>
                     <pointsInSequence>
                        <StopPointInJourneyPattern id="CHM:StopPointInJourneyPattern:215x1:LOC" version="any" order="3">
                           <ScheduledStopPointRef ref="CHM:ScheduledStopPoint:1146:LOC" versionRef="1"/>
                           <ForAlighting>false</ForAlighting>
                           <ForBoarding>true</ForBoarding>
                           <RequestStop>false</RequestStop>
                        </StopPointInJourneyPattern>
                        <StopPointInJourneyPattern id="CHM:StopPointInJourneyPattern:215x2:LOC" version="any" order="5">
                           <ScheduledStopPointRef ref="CHM:ScheduledStopPoint:1148:LOC" versionRef="1"/>
                           <ForAlighting>true</ForAlighting>
                           <ForBoarding>true</ForBoarding>
                           <RequestStop>false</RequestStop>
                        </StopPointInJourneyPattern>
                        <StopPointInJourneyPattern id="CHM:StopPointInJourneyPattern:215x3:LOC" version="any" order="6">
                           <ScheduledStopPointRef ref="CHM:ScheduledStopPoint:1149:LOC" versionRef="1"/>
                           <ForAlighting>true</ForAlighting>
                           <ForBoarding>true</ForBoarding>
                           <RequestStop>false</RequestStop>
                        </StopPointInJourneyPattern>
                        <StopPointInJourneyPattern id="CHM:StopPointInJourneyPattern:215x4:LOC" version="any" order="7">
                           <ScheduledStopPointRef ref="CHM:ScheduledStopPoint:1150:LOC" versionRef="1"/>
                           <ForAlighting>true</ForAlighting>
                           <ForBoarding>true</ForBoarding>
                           <RequestStop>false</RequestStop>
                        </StopPointInJourneyPattern>
                        <StopPointInJourneyPattern id="CHM:StopPointInJourneyPattern:215x5:LOC" version="any" order="8">
                           <ScheduledStopPointRef ref="CHM:ScheduledStopPoint:1151:LOC" versionRef="1"/>
                           <ForAlighting>true</ForAlighting>
                           <ForBoarding>true</ForBoarding>
                           <RequestStop>false</RequestStop>
                        </StopPointInJourneyPattern>
                        <StopPointInJourneyPattern id="CHM:StopPointInJourneyPattern:215x6:LOC" version="any" order="9">
                           <ScheduledStopPointRef ref="CHM:ScheduledStopPoint:1152:LOC" versionRef="1"/>
                           <ForAlighting>true</ForAlighting>
                           <ForBoarding>true</ForBoarding>
                           <RequestStop>false</RequestStop>
                        </StopPointInJourneyPattern>
                        <StopPointInJourneyPattern id="CHM:StopPointInJourneyPattern:215x7:LOC" version="any" order="10">
                           <ScheduledStopPointRef ref="CHM:ScheduledStopPoint:1153:LOC" versionRef="1"/>
                           <ForAlighting>true</ForAlighting>
                           <ForBoarding>false</ForBoarding>
                           <RequestStop>false</RequestStop>
                        </StopPointInJourneyPattern>
                     </pointsInSequence>
                     <ServiceJourneyPatternType>passenger</ServiceJourneyPatternType>
                  </ServiceJourneyPattern>
                  <DestinationDisplay id="CHM:DestinationDisplay:111:LOC" version="1">
                     <FrontText>Jardin Botanique</FrontText>
                  </DestinationDisplay>
                  <DestinationDisplay id="CHM:DestinationDisplay:112:LOC" version="1">
                     <FrontText>Givonne Ecole</FrontText>
                  </DestinationDisplay>
                  <DestinationDisplay id="CHM:DestinationDisplay:214:LOC" version="1">
                     <FrontText>Thelonne Centre</FrontText>
                  </DestinationDisplay>
                  <DestinationDisplay id="CHM:DestinationDisplay:215:LOC" version="1">
                     <FrontText>Thelonne Centre</FrontText>
                  </DestinationDisplay>
                  <ScheduledStopPoint id="CHM:ScheduledStopPoint:1135:LOC" version="1">
                     <Name>Thelonne Centre</Name>
                     <Location id="CHM:Location:6a456acba08f48c3ab77d718d2299b53:LOC">
                        <Longitude>4.9412671</Longitude>
                        <Latitude>49.6500773</Latitude>
                        <gml:pos srsName="EPSG:27572">788283.4193111 2520132.72931072</gml:pos>
                     </Location>
                  </ScheduledStopPoint>
                  <ScheduledStopPoint id="CHM:ScheduledStopPoint:1136:LOC" version="1">
                     <Name>Thelonne Grande Rue</Name>
                     <Location id="CHM:Location:919115ce79684772ae1323da94cb98d7:LOC">
                        <Longitude>4.9466061</Longitude>
                        <Latitude>49.6539013</Latitude>
                        <gml:pos srsName="EPSG:27572">788655.068524876 2520571.09396327</gml:pos>
                     </Location>
                  </ScheduledStopPoint>
                  <ScheduledStopPoint id="CHM:ScheduledStopPoint:1137:LOC" version="1">
                     <Name>Noyers</Name>
                     <Location id="CHM:Location:88ed563e34614acb8096db7b43b38b9b:LOC">
                        <Longitude>4.9380861</Longitude>
                        <Latitude>49.6608833</Latitude>
                        <gml:pos srsName="EPSG:27572">788013.759671722 2521327.70400172</gml:pos>
                     </Location>
                  </ScheduledStopPoint>
                  <ScheduledStopPoint id="CHM:ScheduledStopPoint:1138:LOC" version="1">
                     <Name>Pont Maugis</Name>
                     <Location id="CHM:Location:7707842c1ff94b2fbe7474b4f40868b0:LOC">
                        <Longitude>4.9552531</Longitude>
                        <Latitude>49.6690773</Latitude>
                        <gml:pos srsName="EPSG:27572">789223.553883925 2522280.7961545</gml:pos>
                     </Location>
                  </ScheduledStopPoint>
                  <ScheduledStopPoint id="CHM:ScheduledStopPoint:1139:LOC" version="1">
                     <Name>Wadelincourt</Name>
                     <Location id="CHM:Location:8162fecc6939443ea64d439bc9c666eb:LOC">
                        <Longitude>4.9409161</Longitude>
                        <Latitude>49.6850253</Latitude>
                        <gml:pos srsName="EPSG:27572">788129.170137353 2524021.25906204</gml:pos>
                     </Location>
                  </ScheduledStopPoint>
                  <ScheduledStopPoint id="CHM:ScheduledStopPoint:1140:LOC" version="1">
                     <Name>Sedan Gare SNCF</Name>
                     <Location id="CHM:Location:b2812df301ec452b8092cd3f0c8ff204:LOC">
                        <Longitude>4.9306041</Longitude>
                        <Latitude>49.6952073</Latitude>
                        <gml:pos srsName="EPSG:27572">787347.155967628 2525129.82215515</gml:pos>
                     </Location>
                  </ScheduledStopPoint>
                  <ScheduledStopPoint id="CHM:ScheduledStopPoint:1141:LOC" version="1">
                     <Name>Jardin Botanique</Name>
                     <Location id="CHM:Location:685aef10c1c64feea0a4bf6cd907f557:LOC">
                        <Longitude>4.9469521</Longitude>
                        <Latitude>49.6981683</Latitude>
                        <gml:pos srsName="EPSG:27572">788516.433021806 2525498.44026967</gml:pos>
                     </Location>
                  </ScheduledStopPoint>
                  <ScheduledStopPoint id="CHM:ScheduledStopPoint:1142:LOC" version="1">
                     <Name>Fond de Givonne</Name>
                     <Location id="CHM:Location:53890194991a477380a09e5aba48a206:LOC">
                        <Longitude>4.9587661</Longitude>
                        <Latitude>49.7007093</Latitude>
                        <gml:pos srsName="EPSG:27572">789359.839241638 2525809.6276319</gml:pos>
                     </Location>
                  </ScheduledStopPoint>
                  <ScheduledStopPoint id="CHM:ScheduledStopPoint:1143:LOC" version="1">
                     <Name>Givonne Ecole</Name>
                     <Location id="CHM:Location:fc9c75c2569146a6941daf5a47d93d5c:LOC">
                        <Longitude>4.9890661</Longitude>
                        <Latitude>49.7218463</Latitude>
                        <gml:pos srsName="EPSG:27572">791467.64278393 2528235.43059946</gml:pos>
                     </Location>
                  </ScheduledStopPoint>
                  <ScheduledStopPoint id="CHM:ScheduledStopPoint:1144:LOC" version="1">
                     <Name>Givonne Ecole</Name>
                     <Location id="CHM:Location:b1679d1d7ba84ce7b7ce763ecd49776b:LOC">
                        <Longitude>4.9887711</Longitude>
                        <Latitude>49.7213223</Latitude>
                        <gml:pos srsName="EPSG:27572">791448.325331822 2528176.39393941</gml:pos>
                     </Location>
                  </ScheduledStopPoint>
                  <ScheduledStopPoint id="CHM:ScheduledStopPoint:1145:LOC" version="1">
                     <Name>Fond de Givonne</Name>
                     <Location id="CHM:Location:90eb1c447aa545f6945b855ab9a03b3e:LOC">
                        <Longitude>4.9585881</Longitude>
                        <Latitude>49.7009273</Latitude>
                        <gml:pos srsName="EPSG:27572">789346.18079771 2525833.46088476</gml:pos>
                     </Location>
                  </ScheduledStopPoint>
                  <ScheduledStopPoint id="CHM:ScheduledStopPoint:1146:LOC" version="1">
                     <Name>Jardin Botanique</Name>
                     <Location id="CHM:Location:59250ceda1aa4a49b6b176431bcea220:LOC">
                        <Longitude>4.9468881</Longitude>
                        <Latitude>49.6982833</Latitude>
                        <gml:pos srsName="EPSG:27572">788511.387807028 2525511.08557779</gml:pos>
                     </Location>
                  </ScheduledStopPoint>
                  <ScheduledStopPoint id="CHM:ScheduledStopPoint:1147:LOC" version="1">
                     <Name>Sedan Gare SNCF</Name>
                     <Location id="CHM:Location:0982253787894d478414f8427d1e4a35:LOC">
                        <Longitude>4.9306041</Longitude>
                        <Latitude>49.6952073</Latitude>
                        <gml:pos srsName="EPSG:27572">787347.155967628 2525129.82215515</gml:pos>
                     </Location>
                  </ScheduledStopPoint>
                  <ScheduledStopPoint id="CHM:ScheduledStopPoint:1148:LOC" version="1">
                     <Name>Sedan Gare SNCF</Name>
                     <Location id="CHM:Location:c5ba27a4c71b405f8bd97b92941f2f52:LOC">
                        <Longitude>4.9306041</Longitude>
                        <Latitude>49.6952073</Latitude>
                        <gml:pos srsName="EPSG:27572">787347.155967628 2525129.82215515</gml:pos>
                     </Location>
                  </ScheduledStopPoint>
                  <ScheduledStopPoint id="CHM:ScheduledStopPoint:1149:LOC" version="1">
                     <Name>Wadelincourt</Name>
                     <Location id="CHM:Location:00f5a8eeacad41ae8cedcedc03bbec5c:LOC">
                        <Longitude>4.9407621</Longitude>
                        <Latitude>49.6849113</Latitude>
                        <gml:pos srsName="EPSG:27572">788118.470505834 2524008.20325302</gml:pos>
                     </Location>
                  </ScheduledStopPoint>
                  <ScheduledStopPoint id="CHM:ScheduledStopPoint:1150:LOC" version="1">
                     <Name>Pont Maugis</Name>
                     <Location id="CHM:Location:34b14014aaeb437f87af2f85359d5025:LOC">
                        <Longitude>4.9547661</Longitude>
                        <Latitude>49.6687723</Latitude>
                        <gml:pos srsName="EPSG:27572">789189.508580859 2522245.68080185</gml:pos>
                     </Location>
                  </ScheduledStopPoint>
                  <ScheduledStopPoint id="CHM:ScheduledStopPoint:1151:LOC" version="1">
                     <Name>Noyers</Name>
                     <Location id="CHM:Location:0e2c27f031e0487aabd8a1cb112bb40b:LOC">
                        <Longitude>4.9379201</Longitude>
                        <Latitude>49.6608503</Latitude>
                        <gml:pos srsName="EPSG:27572">788001.889006141 2521323.63449039</gml:pos>
                     </Location>
                  </ScheduledStopPoint>
                  <ScheduledStopPoint id="CHM:ScheduledStopPoint:1152:LOC" version="1">
                     <Name>Thelonne Grande Rue</Name>
                     <Location id="CHM:Location:78f6cd69181a4f58a9ac2eeddcb3f3df:LOC">
                        <Longitude>4.9459131</Longitude>
                        <Latitude>49.6539963</Latitude>
                        <gml:pos srsName="EPSG:27572">788604.646888067 2520580.0036987</gml:pos>
                     </Location>
                  </ScheduledStopPoint>
                  <ScheduledStopPoint id="CHM:ScheduledStopPoint:1153:LOC" version="1">
                     <Name>Thelonne Centre</Name>
                     <Location id="CHM:Location:ed31b9abe1364c86a22f33bbccd84115:LOC">
                        <Longitude>4.9411541</Longitude>
                        <Latitude>49.6505463</Latitude>
                        <gml:pos srsName="EPSG:27572">788273.524430606 2520184.65284553</gml:pos>
                     </Location>
                  </ScheduledStopPoint>
                  <PassengerStopAssignment id="CHM:PassengerStopAssignment:1135:LOC" version="1" order="0">
                     <ScheduledStopPointRef ref="CHM:ScheduledStopPoint:1135:LOC" versionRef="1"/>
                     <StopPlaceRef ref="FR:08445:StopPlace:genAUTO$2106716674:CHM" versionRef="1"/>
                     <QuayRef ref="FR:08445:Quay:sedthc1:CHM" versionRef="1"/>
                  </PassengerStopAssignment>
                  <PassengerStopAssignment id="CHM:PassengerStopAssignment:1136:LOC" version="1" order="0">
                     <ScheduledStopPointRef ref="CHM:ScheduledStopPoint:1136:LOC" versionRef="1"/>
                     <StopPlaceRef ref="FR:08445:StopPlace:genAUTO$218882154:CHM" versionRef="1"/>
                     <QuayRef ref="FR:08445:Quay:sedthg1:CHM" versionRef="1"/>
                  </PassengerStopAssignment>
                  <PassengerStopAssignment id="CHM:PassengerStopAssignment:1137:LOC" version="1" order="0">
                     <ScheduledStopPointRef ref="CHM:ScheduledStopPoint:1137:LOC" versionRef="1"/>
                     <StopPlaceRef ref="FR:08331:StopPlace:genAUTO$742404129:CHM" versionRef="1"/>
                     <QuayRef ref="FR:08331:Quay:sednoy1:CHM" versionRef="1"/>
                  </PassengerStopAssignment>
                  <PassengerStopAssignment id="CHM:PassengerStopAssignment:1138:LOC" version="1" order="0">
                     <ScheduledStopPointRef ref="CHM:ScheduledStopPoint:1138:LOC" versionRef="1"/>
                     <StopPlaceRef ref="FR:08331:StopPlace:genAUTO$601241958:CHM" versionRef="1"/>
                     <QuayRef ref="FR:08331:Quay:sedmau1:CHM" versionRef="1"/>
                  </PassengerStopAssignment>
                  <PassengerStopAssignment id="CHM:PassengerStopAssignment:1139:LOC" version="1" order="0">
                     <ScheduledStopPointRef ref="CHM:ScheduledStopPoint:1139:LOC" versionRef="1"/>
                     <StopPlaceRef ref="FR:08494:StopPlace:genAUTO$1684209249:CHM" versionRef="1"/>
                     <QuayRef ref="FR:08494:Quay:sedwad1:CHM" versionRef="1"/>
                  </PassengerStopAssignment>
                  <PassengerStopAssignment id="CHM:PassengerStopAssignment:1140:LOC" version="1" order="0">
                     <ScheduledStopPointRef ref="CHM:ScheduledStopPoint:1140:LOC" versionRef="1"/>
                     <StopPlaceRef ref="FR:08409:StopPlace:genAUTO$380087178:CHM" versionRef="1"/>
                     <QuayRef ref="FR:08409:Quay:sedgare1:CHM" versionRef="1"/>
                  </PassengerStopAssignment>
                  <PassengerStopAssignment id="CHM:PassengerStopAssignment:1141:LOC" version="1" order="0">
                     <ScheduledStopPointRef ref="CHM:ScheduledStopPoint:1141:LOC" versionRef="1"/>
                     <StopPlaceRef ref="FR:08409:StopPlace:genAUTO$540161001:CHM" versionRef="1"/>
                     <QuayRef ref="FR:08409:Quay:sedjard2:CHM" versionRef="1"/>
                  </PassengerStopAssignment>
                  <PassengerStopAssignment id="CHM:PassengerStopAssignment:1142:LOC" version="1" order="0">
                     <ScheduledStopPointRef ref="CHM:ScheduledStopPoint:1142:LOC" versionRef="1"/>
                     <StopPlaceRef ref="FR:08409:StopPlace:genAUTO$50610164:CHM" versionRef="1"/>
                     <QuayRef ref="FR:08409:Quay:sedfon1:CHM" versionRef="1"/>
                  </PassengerStopAssignment>
                  <PassengerStopAssignment id="CHM:PassengerStopAssignment:1143:LOC" version="1" order="0">
                     <ScheduledStopPointRef ref="CHM:ScheduledStopPoint:1143:LOC" versionRef="1"/>
                     <StopPlaceRef ref="FR:08191:StopPlace:genAUTO$124051809:CHM" versionRef="1"/>
                     <QuayRef ref="FR:08191:Quay:sedgiv1:CHM" versionRef="1"/>
                  </PassengerStopAssignment>
                  <PassengerStopAssignment id="CHM:PassengerStopAssignment:1144:LOC" version="1" order="0">
                     <ScheduledStopPointRef ref="CHM:ScheduledStopPoint:1144:LOC" versionRef="1"/>
                     <StopPlaceRef ref="FR:08191:StopPlace:genAUTO$124051810:CHM" versionRef="1"/>
                     <QuayRef ref="FR:08191:Quay:sedgiv2:CHM" versionRef="1"/>
                  </PassengerStopAssignment>
                  <PassengerStopAssignment id="CHM:PassengerStopAssignment:1145:LOC" version="1" order="0">
                     <ScheduledStopPointRef ref="CHM:ScheduledStopPoint:1145:LOC" versionRef="1"/>
                     <StopPlaceRef ref="FR:08409:StopPlace:genAUTO$50610167:CHM" versionRef="1"/>
                     <QuayRef ref="FR:08409:Quay:sedfon2:CHM" versionRef="1"/>
                  </PassengerStopAssignment>
                  <PassengerStopAssignment id="CHM:PassengerStopAssignment:1146:LOC" version="1" order="0">
                     <ScheduledStopPointRef ref="CHM:ScheduledStopPoint:1146:LOC" versionRef="1"/>
                     <StopPlaceRef ref="FR:08409:StopPlace:genAUTO$1025922940:CHM" versionRef="1"/>
                     <QuayRef ref="FR:08409:Quay:sedjard1:CHM" versionRef="1"/>
                  </PassengerStopAssignment>
                  <PassengerStopAssignment id="CHM:PassengerStopAssignment:1147:LOC" version="1" order="0">
                     <ScheduledStopPointRef ref="CHM:ScheduledStopPoint:1147:LOC" versionRef="1"/>
                     <StopPlaceRef ref="FR:08409:StopPlace:genAUTO$783371705:CHM" versionRef="1"/>
                     <QuayRef ref="FR:08409:Quay:sedgare2:CHM" versionRef="1"/>
                  </PassengerStopAssignment>
                  <PassengerStopAssignment id="CHM:PassengerStopAssignment:1148:LOC" version="1" order="0">
                     <ScheduledStopPointRef ref="CHM:ScheduledStopPoint:1148:LOC" versionRef="1"/>
                     <StopPlaceRef ref="FR:08409:StopPlace:genAUTO$380087178:CHM" versionRef="1"/>
                     <QuayRef ref="FR:08409:Quay:sedgare1:CHM" versionRef="1"/>
                  </PassengerStopAssignment>
                  <PassengerStopAssignment id="CHM:PassengerStopAssignment:1149:LOC" version="1" order="0">
                     <ScheduledStopPointRef ref="CHM:ScheduledStopPoint:1149:LOC" versionRef="1"/>
                     <StopPlaceRef ref="FR:08494:StopPlace:genAUTO$1684209248:CHM" versionRef="1"/>
                     <QuayRef ref="FR:08494:Quay:sedwad2:CHM" versionRef="1"/>
                  </PassengerStopAssignment>
                  <PassengerStopAssignment id="CHM:PassengerStopAssignment:1150:LOC" version="1" order="0">
                     <ScheduledStopPointRef ref="CHM:ScheduledStopPoint:1150:LOC" versionRef="1"/>
                     <StopPlaceRef ref="FR:08331:StopPlace:genAUTO$601241959:CHM" versionRef="1"/>
                     <QuayRef ref="FR:08331:Quay:sedmau2:CHM" versionRef="1"/>
                  </PassengerStopAssignment>
                  <PassengerStopAssignment id="CHM:PassengerStopAssignment:1151:LOC" version="1" order="0">
                     <ScheduledStopPointRef ref="CHM:ScheduledStopPoint:1151:LOC" versionRef="1"/>
                     <StopPlaceRef ref="FR:08331:StopPlace:genAUTO$742404126:CHM" versionRef="1"/>
                     <QuayRef ref="FR:08331:Quay:sednoy2:CHM" versionRef="1"/>
                  </PassengerStopAssignment>
                  <PassengerStopAssignment id="CHM:PassengerStopAssignment:1152:LOC" version="1" order="0">
                     <ScheduledStopPointRef ref="CHM:ScheduledStopPoint:1152:LOC" versionRef="1"/>
                     <StopPlaceRef ref="FR:08445:StopPlace:genAUTO$218882151:CHM" versionRef="1"/>
                     <QuayRef ref="FR:08445:Quay:sedthg2:CHM" versionRef="1"/>
                  </PassengerStopAssignment>
                  <PassengerStopAssignment id="CHM:PassengerStopAssignment:1153:LOC" version="1" order="0">
                     <ScheduledStopPointRef ref="CHM:ScheduledStopPoint:1153:LOC" versionRef="1"/>
                     <StopPlaceRef ref="FR:08445:StopPlace:genAUTO$2106716677:CHM" versionRef="1"/>
                     <QuayRef ref="FR:08445:Quay:sedthc2:CHM" versionRef="1"/>
                  </PassengerStopAssignment>
               </members>
            </GeneralFrame>
            <GeneralFrame id="FR:GeneralFrame:NETEX_HORAIRE-20250820T232914:LOC" version="1.0" dataSourceRef="CHM">
               <TypeOfFrameRef ref="FR:TypeOfFrame:NETEX_HORAIRE"/>
               <members>
                  <ServiceJourney id="CHM:ServiceJourney:19896111:LOC" version="1">
                     <TransportMode>bus</TransportMode>
                     <dayTypes>
                        <DayTypeRef ref="CHM:Timetable:DayType:13636:LOC" versionRef="1"/>
                     </dayTypes>
                     <JourneyPatternRef ref="CHM:ServiceJourneyPattern:111:LOC" versionRef="1"/>
                     <passingTimes>
                        <TimetabledPassingTime version="any">
                           <ArrivalTime>08:35:00</ArrivalTime>
                           <ArrivalDayOffset>0</ArrivalDayOffset>
                           <DepartureTime>08:35:00</DepartureTime>
                           <DepartureDayOffset>0</DepartureDayOffset>
                        </TimetabledPassingTime>
                        <TimetabledPassingTime version="any">
                           <ArrivalTime>08:38:00</ArrivalTime>
                           <ArrivalDayOffset>0</ArrivalDayOffset>
                           <DepartureTime>08:38:00</DepartureTime>
                           <DepartureDayOffset>0</DepartureDayOffset>
                        </TimetabledPassingTime>
                        <TimetabledPassingTime version="any">
                           <ArrivalTime>08:42:00</ArrivalTime>
                           <ArrivalDayOffset>0</ArrivalDayOffset>
                           <DepartureTime>08:42:00</DepartureTime>
                           <DepartureDayOffset>0</DepartureDayOffset>
                        </TimetabledPassingTime>
                        <TimetabledPassingTime version="any">
                           <ArrivalTime>08:45:00</ArrivalTime>
                           <ArrivalDayOffset>0</ArrivalDayOffset>
                           <DepartureTime>08:45:00</DepartureTime>
                           <DepartureDayOffset>0</DepartureDayOffset>
                        </TimetabledPassingTime>
                        <TimetabledPassingTime version="any">
                           <ArrivalTime>08:49:00</ArrivalTime>
                           <ArrivalDayOffset>0</ArrivalDayOffset>
                           <DepartureTime>08:49:00</DepartureTime>
                           <DepartureDayOffset>0</DepartureDayOffset>
                        </TimetabledPassingTime>
                        <TimetabledPassingTime version="any">
                           <ArrivalTime>08:53:00</ArrivalTime>
                           <ArrivalDayOffset>0</ArrivalDayOffset>
                           <DepartureTime>08:53:00</DepartureTime>
                           <DepartureDayOffset>0</DepartureDayOffset>
                        </TimetabledPassingTime>
                        <TimetabledPassingTime version="any">
                           <ArrivalTime>09:00:00</ArrivalTime>
                           <ArrivalDayOffset>0</ArrivalDayOffset>
                           <DepartureTime>09:00:00</DepartureTime>
                           <DepartureDayOffset>0</DepartureDayOffset>
                        </TimetabledPassingTime>
                     </passingTimes>
                  </ServiceJourney>
                  <ServiceJourney id="CHM:ServiceJourney:19896112:LOC" version="1">
                     <TransportMode>bus</TransportMode>
                     <dayTypes>
                        <DayTypeRef ref="CHM:Timetable:DayType:13636:LOC" versionRef="1"/>
                     </dayTypes>
                     <JourneyPatternRef ref="CHM:ServiceJourneyPattern:111:LOC" versionRef="1"/>
                     <passingTimes>
                        <TimetabledPassingTime version="any">
                           <ArrivalTime>10:15:00</ArrivalTime>
                           <ArrivalDayOffset>0</ArrivalDayOffset>
                           <DepartureTime>10:15:00</DepartureTime>
                           <DepartureDayOffset>0</DepartureDayOffset>
                        </TimetabledPassingTime>
                        <TimetabledPassingTime version="any">
                           <ArrivalTime>10:18:00</ArrivalTime>
                           <ArrivalDayOffset>0</ArrivalDayOffset>
                           <DepartureTime>10:18:00</DepartureTime>
                           <DepartureDayOffset>0</DepartureDayOffset>
                        </TimetabledPassingTime>
                        <TimetabledPassingTime version="any">
                           <ArrivalTime>10:22:00</ArrivalTime>
                           <ArrivalDayOffset>0</ArrivalDayOffset>
                           <DepartureTime>10:22:00</DepartureTime>
                           <DepartureDayOffset>0</DepartureDayOffset>
                        </TimetabledPassingTime>
                        <TimetabledPassingTime version="any">
                           <ArrivalTime>10:25:00</ArrivalTime>
                           <ArrivalDayOffset>0</ArrivalDayOffset>
                           <DepartureTime>10:25:00</DepartureTime>
                           <DepartureDayOffset>0</DepartureDayOffset>
                        </TimetabledPassingTime>
                        <TimetabledPassingTime version="any">
                           <ArrivalTime>10:29:00</ArrivalTime>
                           <ArrivalDayOffset>0</ArrivalDayOffset>
                           <DepartureTime>10:29:00</DepartureTime>
                           <DepartureDayOffset>0</DepartureDayOffset>
                        </TimetabledPassingTime>
                        <TimetabledPassingTime version="any">
                           <ArrivalTime>10:35:00</ArrivalTime>
                           <ArrivalDayOffset>0</ArrivalDayOffset>
                           <DepartureTime>10:35:00</DepartureTime>
                           <DepartureDayOffset>0</DepartureDayOffset>
                        </TimetabledPassingTime>
                        <TimetabledPassingTime version="any">
                           <ArrivalTime>10:40:00</ArrivalTime>
                           <ArrivalDayOffset>0</ArrivalDayOffset>
                           <DepartureTime>10:40:00</DepartureTime>
                           <DepartureDayOffset>0</DepartureDayOffset>
                        </TimetabledPassingTime>
                     </passingTimes>
                  </ServiceJourney>
                  <ServiceJourney id="CHM:ServiceJourney:19896113:LOC" version="1">
                     <TransportMode>bus</TransportMode>
                     <dayTypes>
                        <DayTypeRef ref="CHM:Timetable:DayType:13636:LOC" versionRef="1"/>
                     </dayTypes>
                     <JourneyPatternRef ref="CHM:ServiceJourneyPattern:112:LOC" versionRef="1"/>
                     <passingTimes>
                        <TimetabledPassingTime version="any">
                           <ArrivalTime>10:45:00</ArrivalTime>
                           <ArrivalDayOffset>0</ArrivalDayOffset>
                           <DepartureTime>10:45:00</DepartureTime>
                           <DepartureDayOffset>0</DepartureDayOffset>
                        </TimetabledPassingTime>
                        <TimetabledPassingTime version="any">
                           <ArrivalTime>10:50:00</ArrivalTime>
                           <ArrivalDayOffset>0</ArrivalDayOffset>
                           <DepartureTime>10:50:00</DepartureTime>
                           <DepartureDayOffset>0</DepartureDayOffset>
                        </TimetabledPassingTime>
                        <TimetabledPassingTime version="any">
                           <ArrivalTime>11:00:00</ArrivalTime>
                           <ArrivalDayOffset>0</ArrivalDayOffset>
                           <DepartureTime>11:00:00</DepartureTime>
                           <DepartureDayOffset>0</DepartureDayOffset>
                        </TimetabledPassingTime>
                     </passingTimes>
                  </ServiceJourney>
                  <ServiceJourney id="CHM:ServiceJourney:19896115:LOC" version="1">
                     <TransportMode>bus</TransportMode>
                     <dayTypes>
                        <DayTypeRef ref="CHM:Timetable:DayType:13636:LOC" versionRef="1"/>
                     </dayTypes>
                     <JourneyPatternRef ref="CHM:ServiceJourneyPattern:214:LOC" versionRef="1"/>
                     <passingTimes>
                        <TimetabledPassingTime version="any">
                           <ArrivalTime>09:30:00</ArrivalTime>
                           <ArrivalDayOffset>0</ArrivalDayOffset>
                           <DepartureTime>09:30:00</DepartureTime>
                           <DepartureDayOffset>0</DepartureDayOffset>
                        </TimetabledPassingTime>
                        <TimetabledPassingTime version="any">
                           <ArrivalTime>09:40:00</ArrivalTime>
                           <ArrivalDayOffset>0</ArrivalDayOffset>
                           <DepartureTime>09:40:00</DepartureTime>
                           <DepartureDayOffset>0</DepartureDayOffset>
                        </TimetabledPassingTime>
                        <TimetabledPassingTime version="any">
                           <ArrivalTime>09:45:00</ArrivalTime>
                           <ArrivalDayOffset>0</ArrivalDayOffset>
                           <DepartureTime>09:45:00</DepartureTime>
                           <DepartureDayOffset>0</DepartureDayOffset>
                        </TimetabledPassingTime>
                        <TimetabledPassingTime version="any">
                           <ArrivalTime>09:50:00</ArrivalTime>
                           <ArrivalDayOffset>0</ArrivalDayOffset>
                           <DepartureTime>09:50:00</DepartureTime>
                           <DepartureDayOffset>0</DepartureDayOffset>
                        </TimetabledPassingTime>
                        <TimetabledPassingTime version="any">
                           <ArrivalTime>09:56:00</ArrivalTime>
                           <ArrivalDayOffset>0</ArrivalDayOffset>
                           <DepartureTime>09:56:00</DepartureTime>
                           <DepartureDayOffset>0</DepartureDayOffset>
                        </TimetabledPassingTime>
                        <TimetabledPassingTime version="any">
                           <ArrivalTime>10:00:00</ArrivalTime>
                           <ArrivalDayOffset>0</ArrivalDayOffset>
                           <DepartureTime>10:00:00</DepartureTime>
                           <DepartureDayOffset>0</DepartureDayOffset>
                        </TimetabledPassingTime>
                        <TimetabledPassingTime version="any">
                           <ArrivalTime>10:03:00</ArrivalTime>
                           <ArrivalDayOffset>0</ArrivalDayOffset>
                           <DepartureTime>10:03:00</DepartureTime>
                           <DepartureDayOffset>0</DepartureDayOffset>
                        </TimetabledPassingTime>
                        <TimetabledPassingTime version="any">
                           <ArrivalTime>10:07:00</ArrivalTime>
                           <ArrivalDayOffset>0</ArrivalDayOffset>
                           <DepartureTime>10:07:00</DepartureTime>
                           <DepartureDayOffset>0</DepartureDayOffset>
                        </TimetabledPassingTime>
                        <TimetabledPassingTime version="any">
                           <ArrivalTime>10:10:00</ArrivalTime>
                           <ArrivalDayOffset>0</ArrivalDayOffset>
                           <DepartureTime>10:10:00</DepartureTime>
                           <DepartureDayOffset>0</DepartureDayOffset>
                        </TimetabledPassingTime>
                     </passingTimes>
                  </ServiceJourney>
                  <ServiceJourney id="CHM:ServiceJourney:19896114:LOC" version="1">
                     <TransportMode>bus</TransportMode>
                     <dayTypes>
                        <DayTypeRef ref="CHM:Timetable:DayType:13432:LOC" versionRef="1"/>
                     </dayTypes>
                     <JourneyPatternRef ref="CHM:ServiceJourneyPattern:112:LOC" versionRef="1"/>
                     <passingTimes>
                        <TimetabledPassingTime version="any">
                           <ArrivalTime>11:15:00</ArrivalTime>
                           <ArrivalDayOffset>0</ArrivalDayOffset>
                           <DepartureTime>11:15:00</DepartureTime>
                           <DepartureDayOffset>0</DepartureDayOffset>
                        </TimetabledPassingTime>
                        <TimetabledPassingTime version="any">
                           <ArrivalTime>11:20:00</ArrivalTime>
                           <ArrivalDayOffset>0</ArrivalDayOffset>
                           <DepartureTime>11:20:00</DepartureTime>
                           <DepartureDayOffset>0</DepartureDayOffset>
                        </TimetabledPassingTime>
                        <TimetabledPassingTime version="any">
                           <ArrivalTime>11:30:00</ArrivalTime>
                           <ArrivalDayOffset>0</ArrivalDayOffset>
                           <DepartureTime>11:30:00</DepartureTime>
                           <DepartureDayOffset>0</DepartureDayOffset>
                        </TimetabledPassingTime>
                     </passingTimes>
                  </ServiceJourney>
                  <ServiceJourney id="CHM:ServiceJourney:19896117:LOC" version="1">
                     <TransportMode>bus</TransportMode>
                     <dayTypes>
                        <DayTypeRef ref="CHM:Timetable:DayType:13432:LOC" versionRef="1"/>
                     </dayTypes>
                     <JourneyPatternRef ref="CHM:ServiceJourneyPattern:215:LOC" versionRef="1"/>
                     <passingTimes>
                        <TimetabledPassingTime version="any">
                           <ArrivalTime>11:45:00</ArrivalTime>
                           <ArrivalDayOffset>0</ArrivalDayOffset>
                           <DepartureTime>11:45:00</DepartureTime>
                           <DepartureDayOffset>0</DepartureDayOffset>
                        </TimetabledPassingTime>
                        <TimetabledPassingTime version="any">
                           <ArrivalTime>11:50:00</ArrivalTime>
                           <ArrivalDayOffset>0</ArrivalDayOffset>
                           <DepartureTime>11:50:00</DepartureTime>
                           <DepartureDayOffset>0</DepartureDayOffset>
                        </TimetabledPassingTime>
                        <TimetabledPassingTime version="any">
                           <ArrivalTime>11:56:00</ArrivalTime>
                           <ArrivalDayOffset>0</ArrivalDayOffset>
                           <DepartureTime>11:56:00</DepartureTime>
                           <DepartureDayOffset>0</DepartureDayOffset>
                        </TimetabledPassingTime>
                        <TimetabledPassingTime version="any">
                           <ArrivalTime>12:00:00</ArrivalTime>
                           <ArrivalDayOffset>0</ArrivalDayOffset>
                           <DepartureTime>12:00:00</DepartureTime>
                           <DepartureDayOffset>0</DepartureDayOffset>
                        </TimetabledPassingTime>
                        <TimetabledPassingTime version="any">
                           <ArrivalTime>12:03:00</ArrivalTime>
                           <ArrivalDayOffset>0</ArrivalDayOffset>
                           <DepartureTime>12:03:00</DepartureTime>
                           <DepartureDayOffset>0</DepartureDayOffset>
                        </TimetabledPassingTime>
                        <TimetabledPassingTime version="any">
                           <ArrivalTime>12:07:00</ArrivalTime>
                           <ArrivalDayOffset>0</ArrivalDayOffset>
                           <DepartureTime>12:07:00</DepartureTime>
                           <DepartureDayOffset>0</DepartureDayOffset>
                        </TimetabledPassingTime>
                        <TimetabledPassingTime version="any">
                           <ArrivalTime>12:10:00</ArrivalTime>
                           <ArrivalDayOffset>0</ArrivalDayOffset>
                           <DepartureTime>12:10:00</DepartureTime>
                           <DepartureDayOffset>0</DepartureDayOffset>
                        </TimetabledPassingTime>
                     </passingTimes>
                  </ServiceJourney>
                  <ServiceJourney id="CHM:ServiceJourney:19896116:LOC" version="1">
                     <TransportMode>bus</TransportMode>
                     <dayTypes>
                        <DayTypeRef ref="CHM:Timetable:DayType:1354:LOC" versionRef="1"/>
                     </dayTypes>
                     <JourneyPatternRef ref="CHM:ServiceJourneyPattern:215:LOC" versionRef="1"/>
                     <passingTimes>
                        <TimetabledPassingTime version="any">
                           <ArrivalTime>11:15:00</ArrivalTime>
                           <ArrivalDayOffset>0</ArrivalDayOffset>
                           <DepartureTime>11:15:00</DepartureTime>
                           <DepartureDayOffset>0</DepartureDayOffset>
                        </TimetabledPassingTime>
                        <TimetabledPassingTime version="any">
                           <ArrivalTime>11:20:00</ArrivalTime>
                           <ArrivalDayOffset>0</ArrivalDayOffset>
                           <DepartureTime>11:20:00</DepartureTime>
                           <DepartureDayOffset>0</DepartureDayOffset>
                        </TimetabledPassingTime>
                        <TimetabledPassingTime version="any">
                           <ArrivalTime>11:26:00</ArrivalTime>
                           <ArrivalDayOffset>0</ArrivalDayOffset>
                           <DepartureTime>11:26:00</DepartureTime>
                           <DepartureDayOffset>0</DepartureDayOffset>
                        </TimetabledPassingTime>
                        <TimetabledPassingTime version="any">
                           <ArrivalTime>11:30:00</ArrivalTime>
                           <ArrivalDayOffset>0</ArrivalDayOffset>
                           <DepartureTime>11:30:00</DepartureTime>
                           <DepartureDayOffset>0</DepartureDayOffset>
                        </TimetabledPassingTime>
                        <TimetabledPassingTime version="any">
                           <ArrivalTime>11:33:00</ArrivalTime>
                           <ArrivalDayOffset>0</ArrivalDayOffset>
                           <DepartureTime>11:33:00</DepartureTime>
                           <DepartureDayOffset>0</DepartureDayOffset>
                        </TimetabledPassingTime>
                        <TimetabledPassingTime version="any">
                           <ArrivalTime>11:37:00</ArrivalTime>
                           <ArrivalDayOffset>0</ArrivalDayOffset>
                           <DepartureTime>11:37:00</DepartureTime>
                           <DepartureDayOffset>0</DepartureDayOffset>
                        </TimetabledPassingTime>
                        <TimetabledPassingTime version="any">
                           <ArrivalTime>11:40:00</ArrivalTime>
                           <ArrivalDayOffset>0</ArrivalDayOffset>
                           <DepartureTime>11:40:00</DepartureTime>
                           <DepartureDayOffset>0</DepartureDayOffset>
                        </TimetabledPassingTime>
                     </passingTimes>
                  </ServiceJourney>
               </members>
            </GeneralFrame>
         </frames>
      </CompositeFrame>
   </dataObjects>
</PublicationDelivery>
